:020000040800F2
:10000000780800203D02000863440008CF1700086C
:1000100061440008BD0600084D4B000800000000C8
:10002000000000000000000000000000674400081D
:10003000BF0600080000000065440008FD440008F9
:10004000570200085702000857020008570200082C
:10005000570200085702000857020008570200081C
:10006000570200085702000857020008570200080C
:1000700057020008570200085702000857020008FC
:1000800057020008570200085702000857020008EC
:1000900057020008570200085702000857020008DC
:1000A00057020008570200085702000857020008CC
:1000B000570200085545000857020008570200087B
:1000C00057020008570200085702000857020008AC
:1000D00057020008214B0008570200085702000889
:1000E000570200085702000857020008570200088C
:1000F000570200085702000857020008570200087C
:100100005702000857020008A945000857020008D6
:10011000570200085702000857020008570200085B
:10012000570200085702000857020008570200084B
:10013000570200085702000857020008570200083B
:10014000570200085702000857020008570200082B
:10015000570200085702000857020008570200081B
:10016000570200085702000857020008570200080B
:10017000570200085702000857020008000000005C
:10018000570200085702000800F002F800F046F895
:100190000AA090E8000C82448344AAF10107DA45E2
:1001A00001D100F03BF8AFF2090EBAE80F0013F0EE
:1001B000010F18BFFB1A43F0010318478C9500008C
:1001C000AC950000103A24BF78C878C1FAD852071D
:1001D00024BF30C830C144BF04680C6070470000C1
:1001E0000023002400250026103A28BF78C1FBD840
:1001F000520728BF30C148BF0B60704703681B0A15
:1002000028BF41F08001E42900F0BC800020704745
:100210001FB504F0E7FE1FBD10B510BD00F01CFABD
:100220001146FFF7F5FF04F0DFFC00F03AFA03B4E3
:10023000FFF7F2FF03BC04F09AFC00000948804776
:1002400009480047FEE7FEE7FEE7FEE7FEE7FEE7B8
:10025000FEE7FEE7FEE7FEE704480549054A064BD0
:10026000704700000145000889010008780200205D
:10027000780800207804002078040020704753EAB2
:10028000020C00F069802DE9F04B4FF00006002BC6
:100290001FBFB3FA83F503FA05F424FA05F65E40AE
:1002A00012BF1643B2FA82F502FA05F4C5F1200531
:1002B0001EBF22FA05FC44EA0C04203556EA044C21
:1002C0004FEA144418BF641C4FF000084FF00009B7
:1002D000904271EB030C39D3002919BFB1FA81F7B1
:1002E00001FA07F6B0FA80F700FA07F6C7F120071F
:1002F0001EBF20FA07FC46EA0C062037B6FBF4FCCA
:10030000A7EB0507103F07F01F0BCBF120060CFAF7
:100310000BFB2CFA06F644BFB3460026202FA4BFE1
:100320005E464FF0000B5BEA060C08BF4FF0010B76
:1003300019EB0B09ABFB027C48EB0608C01B06FB64
:1003400002CC0BFB03CC71EB0C01C1E70B46024660
:1003500041464846BDE8F08B13B54FF000004FF022
:100360000001AFF30080BDE81C4070470FB40449A2
:1003700010B503AA029800F041F910BC5DF814FB17
:10038000180000202DE9F0418046D21D22F007021E
:100390000025D2E90002F52915A614D0011E72F13C
:1003A000000106DA0023D0EB030063EB020211A682
:1003B00008E0D8F800108B0701D50FA602E0490726
:1003C00001D50EA601251146002408F1240704E0FA
:1003D00000F076F830323A55641C50EA0102F7D149
:1003E0002B46324621464046BDE8F04100F0ADB80C
:1003F000000000002D0000002B0000002000000085
:100400002DE9F0410F460546002028622846E9689C
:10041000884770B3252805D0D5E901219047286A7F
:10042000401CF2E7E9682846002688476C28044605
:100430000AD0682C08D04C2C35D06A2C31D0742CC2
:1004400031D07A2C2FD016E0E96806462846884736
:10045000B042044608D16C2E23D04FF48066284663
:10046000E9688847044606E06C2E03D04FF4807696
:1004700001E01EE04026E4B1A4F14100192802D8B1
:10048000203446F400663A46214628462E60FFF79F
:10049000B5FE60B1012808D0FF1D27F00707083717
:1004A000B4E78026DBE70026D9E73F1DAEE720460C
:1004B000B2E7286ABDE8F08170477047704770471F
:1004C00030B5B0F10A024FEA900E71F100034EEA26
:1004D000817EB0EB0E0061EB91014FEA101E4EEAF7
:1004E000017E10EB0E0041EB11114FEA102E4EEA87
:1004F000016E10EB0E0041EB11214FEA104E4EEA57
:10050000014E10EB0E0041EB1141401841F100018A
:100510004FEAD00040EA41704FEAD10110EB80056C
:100520004FEA810444EA907444EB01046D1944EBF2
:100530000404521BA3414FF0000348BF0A3200D508
:1005400030BD401C41F1000130BD2DE9F0470D46A2
:1005500099469246044600F124080168880604D5AD
:10056000E06921F01001216000E00120A84201DDD6
:10057000471B00E00027A1697A1902EB0900081A5D
:10058000A0612078C00602D42046AFF30080002688
:1005900008E0D4E901211AF806009047206A401CBF
:1005A000761C20624E45F4DB2078C0060AD5204632
:1005B000AFF3008006E0D4E9012130209047206AA3
:1005C000401C2062381EA7F10107F4DC07E0D4E9E3
:1005D000012118F805009047206A401C2062281E5F
:1005E000A5F10105F3DC2046AFF30080207800067A
:1005F00002D50220BDE8F0870120FBE7074B70B56C
:100600000D467B4400F011F80446284600F020F81F
:1006100010B14FF0FF3070BD204670BDCF450000D7
:1006200001694A1C02610878704700B58FB0CDE9B6
:1006300001310021059105497944CDE903101146A6
:100640006846FFF7DDFE0FB000BD0000E5FFFFFFCD
:10065000007B00F080007047754600F02BF8AE4636
:1006600005006946534620F00700854618B020B5BE
:10067000FFF7F2FDBDE820404FF000064FF0000705
:100680004FF000084FF0000B21F00701AC46ACE83A
:10069000C009ACE8C009ACE8C009ACE8C0098D46A7
:1006A000704710B50446AFF300802046BDE8104007
:1006B000FFF7BDBD0048704714020020FEE77047F9
:1006C00070B5B3F5804F05D06FF0704140F822103F
:1006D000002070BD50F82230084C2340D1E900457D
:1006E00044EA05148D688E892D0245EA064589691C
:1006F0002C430C431C4340F82240E9E70000F0CFB4
:10070000F0B50C6850F82450114A1540D1E9012386
:10071000D1E903671A433E4332434E6932438E693F
:100720003243CE6932430E6A32434E6A32438E6A96
:100730003243CE6A3243CE6B096B32430A432A43BB
:10074000082B01D142F0400240F824200020F0BDE7
:100750008000F0FF30B500EB82004268D1E9003440
:1007600043EA04138C688D89240244EA0544234338
:100770000C8A084D02F0404205EB045423430C7DE3
:100780006D0105EB0464896923430B431343436004
:10079000002030BD0000F0FF90F83510022903D092
:1007A0008021416501207047052180F835100068DF
:1007B000016821F001010160002070472DE9F84F28
:1007C000DFF88C91002209F1040A0AF1040B4FF0C2
:1007D0000F080BF1040E01260B6896403340B3421C
:1007E00071D14C68022C01D0122C11D1D40800EB2D
:1007F00084073D6A5407E40E08FA04FC25EA0C0558
:10080000D1F810C00CFA04FC4CEA050CC7F820C063
:1008100007685400032591F804C0A5400CF0030CB0
:10082000AF430CFA04FC4CEA070CC0F800C04F6858
:10083000012F05D0022F03D0112F01D0122F11D17B
:100840008768D1F80CC0AF430CFA04FC4CEA070CE3
:10085000C0F808C04768B7430E79C6F30016964043
:100860003E434660C668AE438D68A5403543C560CB
:100870004C68E40065D5374C256845F48045256013
:10088000246822F0030504F480440094324C2E19AD
:10089000D6F808789407250F08FA05F4A7432F4CDB
:1008A000A04201D1002424E02D4CA04201D101241A
:1008B0001FE02C4CA04201D102241AE02A4CA04295
:1008C00002D1032415E03CE0284CA04201D10424CD
:1008D0000FE0274CA04201D105240AE0254CA0429C
:1008E00001D1062405E0244CA04201D1072400E0F8
:1008F0000824AC403C43C6F80848D9F800404D46AF
:100900004E689C43F60300D51C432C60DAF8004087
:1009100055464E689C43B60300D51C432C60DBF85B
:1009200000405D464E689C43F60200D51C432C6097
:10093000DEF8004075464E689C43B60200D51C4365
:100940002C60521C102AFFF446AFBDE8F88F00005F
:10095000003C0140443802400030014000000240A9
:100960000004024000080240000C02400010024057
:100970000014024000180240001C02400AB18161CC
:1009800070470904FBE7000001480068000C70474D
:10099000002004E001488068704700000400002047
:1009A0000248816802781144816070470400002089
:1009B000094810B5016841F400710160016841F413
:1009C00080610160052000F057F80F2000F006F864
:1009D00000F024F8002010BD003C024070B50D4D21
:1009E00004464FF47A712878B1FBF0F00A4909689F
:1009F000B1FBF0F000F058FB48B9102C07D20022F0
:100A00002146501E00F018F800206C6070BD0120D7
:100A100070BD000004000020000000207047002886
:100A200009DB00F01F02012191404009800000F124
:100A3000E020C0F800117047F0B40E4B1B68C3F300
:100A40000223C3F10704042C00D904241D1D072D23
:100A500001D2002300E0DB1E012606FA04F56D1E1C
:100A60000D409D409E40761E164045EA0601F0BCB2
:100A700004F06DB80CED00E0064A00F007011068C4
:100A80004FF6FF03184040EA012003490843106075
:100A9000704700000CED00E00000FA052DE9F0477A
:100AA0000D46040065D0DFF81491D9F80000EFB2CC
:100AB00000F00F00A84207D289F80070D9F80000B2
:100AC00000F00F00A84254D120683D4E810712D596
:100AD000400703D5306840F4E050306020780007CC
:100AE00003D5306840F4604030603068A16820F081
:100AF000F000084330602078C0072DD0304960688E
:100B00000839012812D0022813D0032811D009680F
:100B1000890700292DDA316821F003010143316092
:100B2000FFF738FF804641F2883A0EE009688903F2
:100B3000EFE709688901ECE7FFF72CFFA0EB08015C
:100B4000514502D90320BDE8F0873068616800F0A4
:100B50000C00B0EB810FEFD1D9F80010484601F03E
:100B60000F01A94207D90770006800F00F00A842E2
:100B700001D00120E7E72078400705D53068E1681B
:100B800020F4E050084330602078000706D5306834
:100B9000216920F4604040EAC100306000F036F87E
:100BA0003168084AC1F30311515CC8400649086026
:100BB0000F20FFF713FF0020C5E70000003C0240B4
:100BC00008380240EE4F00080000002004480549A4
:100BD00000680968044AC1F38221515CC84070472B
:100BE0000000002008380240FE4F00080448054974
:100BF00000680968044AC1F34231515CC84070473B
:100C00000000002008380240FE4F0008154810B5CB
:100C1000006810F00C01144813D0431004290FD0C1
:100C200008290ED10F4C241F216801F03F022168D2
:100C3000490207D52068C0F38810A0FB030106E035
:100C4000184610BD2168C1F38811A1FB00010023E3
:100C5000FFF715FB2168C1F30141491C4900B0FBB6
:100C6000F1F010BD083802400024F4002DE9F84FDF
:100C7000040073D02078BD4DC00748D0BB48083071
:100C80000168C1F38101012908D00068C0F3810027
:100C900002280AD1281D0068400206D52868800372
:100CA00035D560680028E4D031E06068B0F5803F59
:100CB00010D0B0F5A02F286810D020F48030286024
:100CC000286820F4802028606068A0B1FFF762FEE9
:100CD00006460CE0286840F48030F4E740F48020B9
:100CE0002860F7E7FFF756FE801B642872D8286853
:100CF0008003F7D50BE0FFF74DFE064604E0FFF753
:100D000049FE801B6428F1D828688003F7D4207836
:100D1000DFF85C9280074FF0000A3ED59348083018
:100D2000016811F00C0F09D00068C0F3810002289F
:100D30000BD18E48001D0068400206D42868800749
:100D400015D5E068012809D111E0E068B8B10120AB
:100D5000C9F80000FFF71EFE064605E003E1FFF7B5
:100D600019FE801B0228C1D828688007F7D528689B
:100D7000216920F0F80040EAC10028600DE0C9F8C0
:100D800000A0FFF707FE064604E0FFF703FE801B06
:100D900002281FD828688007F7D42078000722D5BA
:100DA000724F74496069743770B101200860FFF7B1
:100DB000F1FD064604E0FFF7EDFD801B022809D88F
:100DC00038688007F7D50EE0C1F800A0FFF7E2FD14
:100DD000064605E081E0FFF7DDFD801B02287CD898
:100DE00038688007F7D42078400769D5DFF87CB1F0
:100DF0004FF000080BF1400BDBF80000C0000CD4F2
:100E0000DBF8001041F08051CBF80010DBF8000057
:100E10004FF0010800F080500090574F3868C0052F
:100E20000FD4386840F480703860FFF7B3FD064691
:100E300004E0FFF7AFFD801B02284ED83868C005DC
:100E4000F7D54A4FA068703701280FD005283868B9
:100E500010D020F001003860386820F004003860BD
:100E6000A068B0B1FFF796FD06460EE0386840F086
:100E70000100F4E740F004003860F7E7FFF78AFD6F
:100E8000811B41F28830814265D838688007F5D5EA
:100E90000DE0FFF77FFD064606E0FFF77BFD811BB7
:100EA00041F28830814256D838688007F5D4B8F1CD
:100EB000000F05D0DBF8001021F08051CBF80010B6
:100EC000A069C8B3294908310968C1F38101022921
:100ED00049D00228504607D000E03CE0C9F8600045
:100EE000FFF758FD044639E04F46C9F86000FFF7A8
:100EF00051FD064604E0FFF74DFD801B02282AD86D
:100F000028688001F7D4D4E907010843A16A1B4A85
:100F1000490802EB0141626A41EA8211084394F8F0
:100F20002C1040EA01611148001D01600120386663
:100F3000FFF730FD044605E013E0FFF72BFD001B33
:100F4000022808D828688001F7D50AE0FFF722FDBB
:100F5000001B022802D90320BDE8F88F2868800111
:100F6000F4D40020F8E70120F6E700000038024042
:100F700000004742800E4742007000400000FFFF23
:100F800070B515460E46040003D094F8490010B120
:100F900007E0012070BD002084F84800204600F0E2
:100FA0001BF804F108012068FFF7AAFB3146A2688C
:100FB0002068FFF7CFFBD4E901022946236BFFF736
:100FC0007FFBA168206850F8212042F0010240F820
:100FD0002120002070BD0000284810B5016886B0AF
:100FE00041F001010160006800F001000590234814
:100FF0000838016841F008010160016801F008014A
:101000000591016841F010010160016801F01001D3
:101010000591016841F020010160016801F02001A3
:101020000591016841F0400101600068694600F0E7
:10103000400005904CF23370009002200190012096
:101040000290032003900C2004900D48FFF7B6FB9C
:101050004FF68070009069460A48FFF7AFFB4FF4E7
:101060008054694608480094FFF7A8FB6946074882
:101070000094FFF7A3FB06B010BD00003838024013
:10108000000C024000100240001402400018024010
:101090004FF0E0210428086903D020F00400086123
:1010A000704740F00400FAE710B5401EB0F1807FB1
:1010B00001D3012010BD4FF0E02460610F216017C3
:1010C00003F045FD0020A06107202061002010BD35
:1010D0007047704770B51E4E3078010613D41D4C12
:1010E00041064FF6F5750FD540F0800030700021B5
:1010F000204600F001FA70602068016A2940016210
:101100002068016A016270BD00214020716030706A
:101110002068026A41F211131A4207D1026A9B1039
:101120001A4203D1026822F0010202602068416283
:101130002068016A294001622068016A41F00201C9
:1011400001622068016841F00101016070BD00008A
:1011500024000020D40100202DE9F041044690F83D
:101160003C000D4601283CD0012684F83C6002205A
:1011700084F83D00A2B3042A45D02068082A54D040
:10118000D5E90027E968036A23F480530362D0F8A5
:101190001CC0036A2CF4407C4CEA07274FF6FF7C06
:1011A00027F470470CEA013139434FF4204723F408
:1011B000204307EA02321A43C16102622068C16912
:1011C00021F44061C1612068C169AA6841EA022135
:1011D000C16184F83D60002084F83C00BDE8F081E6
:1011E00001E00220FAE7D5E90012EB68206803F07D
:1011F00053FA2068816921F00C01816120688169BE
:10120000AA6811430FE0D5E90012EB68206803F0EB
:1012100083FA2068816921F44061816120688169D5
:10122000AA6841EA02218161D3E7D5E9002C2F7B2E
:10123000016A21F480710162C169036A21F003012E
:1012400041EA0C0121F0F00C39074FF420674CEA19
:10125000116123F4206307EA02221A43C16102628A
:101260002068C16921F00C01C1612068C169AA68C8
:101270001143ADE710B5040003D094F83D0010B160
:1012800007E0012010BD002084F83C00204600F05B
:101290000DF8022084F83D00211D206803F08AF932
:1012A000012084F83D00002010BD0000154800B565
:1012B000016887B041F008010160006800F0080093
:1012C000059010481038016841F001010160006884
:1012D000032100F001000590012000900220CDE9DB
:1012E00002010190049069460748FFF767FA00225F
:1012F00002213220FFF7A0FB3220FFF790FB07B05E
:1013000000BD0000403802400000024010B50268F5
:10131000044631B1042908D008291AD00C2908D173
:101320001BE0D06840F0020002E0D06840F004000A
:10133000D0600122206803F0A1F92068816801F0E3
:101340000701062903D0016841F001010160002076
:1013500010BDD06840F00800EAE7D06840F0100007
:10136000E6E770B50446006801694FF00005C9431F
:10137000890715D4C168C943890711D4E91E0161E1
:1013800001202077206880698007204602D0FFF77F
:10139000A1FE04E000F098F8204600F096F82577CA
:1013A00020680169C943490717D4C168C94349077F
:1013B00013D46FF004010161022020772068806956
:1013C00010F4407F204602D0FFF784FE04E000F0D6
:1013D0007BF8204600F079F8257720680169C94339
:1013E000090716D4C168C943090712D46FF0080170
:1013F0000161042020772068C0698007204602D060
:10140000FFF768FE04E000F05FF8204600F05DF8AA
:10141000257720680169C943C90617D4C168C94343
:10142000C90613D46FF010010161082020772068ED
:10143000C06910F4407F204602D0FFF74BFE04E065
:1014400000F042F8204600F040F825772068016956
:10145000C943C90708D1C168C943C90704D1891E56
:101460000161204600F032F820680169C94309068D
:1014700009D4C168C943090605D46FF08001016130
:101480002046FFF725FE20680169C943490609D4B3
:10149000C168C943490605D46FF040010161204687
:1014A00000F03FF820680169C94389060BD4C16880
:1014B000C943890607D46FF0200101612046BDE8C9
:1014C0007040FFF706BE70BD704770470949087845
:1014D000020606D4420604D5C243920602D0401C3E
:1014E0000870704740F0800008704FF0FF3048608F
:1014F00070470000240000200246002041B104296A
:1015000009D008290AD00C2901D11068006C704755
:101510001068406B70471068806B70471068C06B34
:1015200070477047704710F8391F4078084370477C
:1015300070B5026804461068D168536910F00F0F47
:1015400050D003F0010501F4907635435DD0C20719
:1015500005D0CA0503D5E26B42F00102E2634207FF
:1015600005D5DA0703D0E26B42F00202E26382079C
:1015700005D5DA0703D0E26B42F00402E26302070A
:1015800005D5DA0703D0E26B42F00802E263E26BB2
:10159000002A33D0800604D5880602D5204603F001
:1015A000ECF820684069E16BC0F38010090700D4B3
:1015B00028B3204603F0D3F82068416949061AD5BC
:1015C000416921F040014161606BA0B11B49016597
:1015D000606BFFF7E1F8002810D0606B016DBDE88B
:1015E00070400847830610D58B060ED52046BDE80F
:1015F000704003F0C2B82046FFF794FF70BD20464C
:10160000FFF790FF0020E06370BD030606D50B06D0
:1016100004D52046BDE8704003F050BA4006F3D52B
:101620004806F1D5D168204621F04001D160202143
:1016300084F8391000F0CAF870BD00004F47000868
:1016400070B5040004D094F83900002510B106E00C
:10165000012070BD84F83850204600F023F8242083
:1016600084F839002068C16821F40051C160204627
:1016700003F0CEF82068016921F4904101612068EF
:10168000416921F02A0141612068C16841F400519B
:10169000C160E563202084F8390084F83A00002016
:1016A00070BD000010B500681A4986B088422FD17D
:1016B0001948016841F001010160006800F0010073
:1016C000059015481430016841F010010160006870
:1016D000012100F0100005904FF4007000900220EE
:1016E000CDE90101039007200C4C04906946204687
:1016F000FFF764F82115009169462046FFF75EF870
:101700002520FFF78CF9032211462520FFF794F9D5
:1017100006B010BD00100140303802400000024009
:1017200090F83A30202B22D1F9B1F2B190F838304C
:10173000012B1CD081628285C2850021C1632222D7
:1017400080F83A2080F838100168CA6842F4807244
:10175000CA6001684A6942F001024A610068C168D2
:1017600041F02001C1600020704701207047022035
:101770007047000030B50068114988420CD1114A09
:101780005088010408D41146440409784FF000033E
:1017900006D50A2901D0538030BD40F400400DE049
:1017A0000D2909D0C0F30D04074D401C80B2295506
:1017B0005080C728EFD830BD40F48040508030BD05
:1017C00000100140140000202C0000207047FEE7AC
:1017D00070B5144886B00025016841F00101016030
:1017E000016801F001010591016841F010010160FB
:1017F0000068032400F01000059002200126CDE9C6
:101800000204CDE9006569460748FEF7D7FF1C20B2
:1018100003948DE8610069460448FEF7CFFF06B0E7
:1018200070BD00003038024000000240001002404D
:1018300070B506460A4800240188458820464D4375
:10184000214602F0ADFC02F0D3FDB1B24FF0D8401A
:1018500002E0A0F88010641CAC42FAD370BD000016
:10186000840100202DE9F04F2B4B2C27194698714D
:101870002B2589884FF4305A4FF4285B4FF4487475
:1018800041F6631E2A264FF0F00845F210594FF436
:10189000A07C4FF4F072C8B1A3F800C0A3F8028096
:1018A000494533D1A3F808A0A3F80AB028029881CB
:1018B0001C805A80A1F5A640103802D11A80A3F8E6
:1018C00002C0BDE8F04F002002F09ABBA3F80080F0
:1018D000A3F802C0494507D1A3F808A0A3F80AB0AD
:1018E0004FF42C50988104E071451F8104D15D8133
:1018F0009E811A805C8001E05E819D81A1F5A640F9
:101900001038DED1A3F800C05A80DAE71F815E816B
:1019100071459D81CCD0CDE7840100202DE9F041B7
:10192000314D90460C460246060AA9882846270AE9
:101930004089A1F5AA43103B0FD0A1F5C853633BE2
:1019400024D002F049FD304602F03AFDD0B202F058
:1019500037FDA88902F040FD36E002F03DFD30463B
:1019600002F02EFD6889401C80B202F035FDD0B235
:1019700002F026FDA88902F02FFD384602F020FD76
:10198000A889401C80B202F027FD20E0A97919B98E
:101990002988891A491E8AB202F01EFD160A3046AD
:1019A00002F00EFDD0B202F00BFD304602F008FD51
:1019B000D0B202F005FDA88902F00EFD384602F013
:1019C000FFFCE0B202F0FCFC384602F0F9FCE0B2A9
:1019D00002F0F6FC4FF0D841288921F87E0FA1F8DB
:1019E0000280BDE8F0810000840100202DE9F04F65
:1019F000FD4895B00024016841F0020101600068D3
:101A00000EA900F0020013904FF400400E90012048
:101A10000F90109003201190F448FEF7CFFEF44889
:101A2000F4494FF0204AC0E900A10621C0E90214A0
:101A30001021C0E9044184610902C461C0E909417F
:101A40008900C0E90B4189014463C0E90E410F20C0
:101A5000CDE907043C2009900920CDE900040820C5
:101A60000D94029003946A4607A90694E048FFF794
:101A700087FA322003F086F8D32002F0ADFC02F0A2
:101A80008DFADB4F5037B88002F088FA39468880EB
:101A900002F084FA4FF6FF7B39460BEA002088807B
:101AA00002F07CFA394649F24136898845F210380D
:101AB0000843394645F21055888041F6631947F2CC
:101AC0008974B04275D0042002F086FC02F066FAF8
:101AD000B88002F063FAB88002F060FA0BEA0020E6
:101AE000B88002F05BFAB9880843A0F50541B880D8
:101AF00052397DD0A0425CD0D42002F06DFC02F0BF
:101B00004DFAB88002F04AFAB88002F047FA0BEAC0
:101B10000020B88002F042FAB9880843B8804045F6
:101B200047D055214FF4704002F06CFCAA214FF2CF
:101B3000010002F067FC52214FF2020002F062FC49
:101B400008214FF2030002F05DFC01214FF2040076
:101B500002F058FC4FF4454002F03EFC02F01EFA41
:101B60000BEA0020B8804CF2015002F035FC02F084
:101B700015FAB9880843B880052003F003F8B8883F
:101B8000B0F5004F7ED0A84213D0A12002F024FC73
:101B900002F004FAB88002F001FA0BEA0020B880E3
:101BA00002F0FCF9B9880843A0F5AE41B88061396C
:101BB00069D0B888B04267D1CF2002F00DFC002078
:101BC00002F0FEFBC12002F0FBFB302002F0F8FB2C
:101BD000ED2002F001FC642002F0F2FB032002F091
:101BE000EFFB122002F0ECFB812002F0E9FB00E0A9
:101BF00002E1E82002F0F0FB852002F0E1FB10207A
:101C000002F0DEFB7A2002F0DBFBCB2002F0E4FBEB
:101C1000392002F0D5FB2C2002F0D2FB002002F08C
:101C2000CFFB342002F0CCFB022002F0C9FBF720EE
:101C300002F0D2FB202002F0C3FBEA2002F0CCFB32
:101C4000002002F0BDFB002002F0BAFBC02002F031
:101C5000C3FB1B2002F0B4FBC12002F0BDFB01203E
:101C600002F0AEFBC52002F0B7FB302002F0A8FB6B
:101C7000302002F0A5FBC72002F0AEFBB72002F037
:101C80009FFB02E0BEE0B9E0BFE0362002F0A4FB1B
:101C9000482002F095FB3A2002F09EFB552002F00E
:101CA0008FFBB12002F098FB002002F089FB1A2084
:101CB00002F086FBB62002F08FFB0A2002F080FBC8
:101CC000A22002F07DFBF22002F086FB002002F051
:101CD00077FB262002F080FB012002F071FBE02060
:101CE00002F07AFB0F2002F06BFB2A2002F068FB67
:101CF000282002F065FB082002F062FB0E2002F0B3
:101D00005FFB082002F05CFB542002F059FBA92085
:101D100002F056FB432002F053FB0A2002F050FB76
:101D20000F2002F04DFB002002F04AFB002002F0E1
:101D300047FB002002F044FB002002F041FBE120C1
:101D400002F04AFB002002F03BFB152002F038FBBA
:101D5000172002F035FB072002F032FB112002F0C1
:101D60002FFB062002F02CFB2B2002F029FB562033
:101D700002F026FB3C2002F023FB052002F020FBB2
:101D8000102002F01DFB0F2002F01AFB3F2002F092
:101D900017FB3F2002F014FB0F2002F011FB2B2059
:101DA00002F01AFB002002F00BFB002002F008FBFF
:101DB000012002F005FB3F2002F002FB2A2002F086
:101DC0000BFB002002F0FCFA002002F0F9FA0020E0
:101DD00002F0F6FAEF2002F0F3FA112002F0FCFA1A
:101DE000782002F0CFFEE3E03038024000040240E9
:101DF00034010020040100A0BC8008E0A7F8049092
:101E000001F0DCBFBD8001F054B8A0427ED11120AA
:101E100002F0E2FA782002F0B5FE362002F0DCFA99
:101E2000002002F0CDFA3A2002F0D6FA052002F0A6
:101E3000C7FAB22002F0D0FA0C2002F0C1FA0C204E
:101E400002F0BEFA002002F0BBFA332002F0B8FA2A
:101E5000332002F0B5FAB72002F0BEFA352002F0C6
:101E6000AFFABB2002F0B8FA322002F0A9FAC02083
:101E700002F0B2FA0C2002F0A3FAC22002F0ACFA8F
:101E8000012002F09DFAC32002F0A6FA102002F011
:101E900097FAC42002F0A0FA202002F091FAC6209E
:101EA00002F09AFA0F2002F08BFAD02002F094FA96
:101EB000A42002F085FAA12002F082FAE02002F0CC
:101EC0008BFAD02002F07CFA002002F079FA02208E
:101ED00002F076FA072002F073FA0A2002F070FA94
:101EE000282002F06DFA322002F06AFA442002F053
:101EF00067FA422002F064FA062002F061FA0E202E
:101F000002F05EFA122002F05BFA00E053E01420C7
:101F100002F056FA172002F053FAE12002F05CFAC0
:101F2000D02002F04DFA002002F04AFA022002F01E
:101F300047FA072002F044FA0A2002F041FA28206A
:101F400002F03EFA312002F03BFA542002F038FA57
:101F5000472002F035FA0E2002F032FA1C2002F07F
:101F60002FFA172002F02CFA1B2002F029FA1E206B
:101F700002F026FA2A2002F02FFA002002F020FABE
:101F8000002002F01DFA002002F01AFAEF2002F001
:101F900017FA2B2002F020FA002002F011FA00209C
:101FA00002F00EFA012002F00BFA3F2002F008FACC
:101FB000292001F0FEBE40457ED1ED2002F00CFA52
:101FC000012002F0FDF9FE2002F0FAF9EE2002F005
:101FD00003FADE2002F0F4F9212002F0F1F9F120F9
:101FE00002F0FAF9012002F0EBF9DF2002F0F4F937
:101FF000102002F0E5F9C42002F0EEF98F2002F083
:10200000DFF9C62002F0E8F9002002F0D9F9E22059
:1020100002F0D6F9E22002F0D3F9E22002F0D0F982
:10202000BF2002F0D9F9AA2002F0CAF9B02002F0CC
:10203000D3F90D2002F0C4F9002002F0C1F90D20FF
:1020400002F0BEF9002002F0BBF9112002F0B8F94D
:10205000002002F0B5F9192002F0B2F9002002F0D8
:10206000AFF9212002F0ACF9002002F0A9F92D20EF
:1020700002F0A6F9002002F0A3F93D2002F0A0F939
:10208000002002F09DF95D2002F09AF9002002F094
:1020900097F95D2002F094F9002002F091F9B12047
:1020A00002F09AF9802002F08BF9002002F088F902
:1020B0008B2002F085F900E0FDE3002002F080F9BA
:1020C000962002F07DF9002002F07AF9B22002F0A9
:1020D00083F9002002F074F9002002F071F9022067
:1020E00002F06EF9002002F06BF9032002F068F9AB
:1020F000002002F065F9B32002F06EF9002002F032
:102100005FF9002002F05CF9002002F059F900208C
:1021100002F056F9002002F053F9002002F050F9C5
:10212000002002F04DF9002002F04AF9002002F0F0
:1021300047F9002002F044F9002002F041F90020A4
:1021400002F03EF9002002F03BF9002002F038F9DD
:10215000002002F035F9002002F032F9002002F0F0
:102160002FF9002002F02CF9002002F029F90020BC
:1021700002F026F9002002F023F9002002F020F9F5
:10218000002002F01DF9002002F01AF9B42002F03C
:1021900023F98B2002F014F9002002F011F99620A7
:1021A00002F00EF9002002F00BF9A12002F008F96C
:1021B000002002F005F9B52002F00EF9022002F02D
:1021C000FFF8002002F0FCF8032002F0F9F80020EC
:1021D00002F0F6F8042002F0F3F8002002F0F0F824
:1021E000B62002F0F9F8002002F0EAF8002002F030
:1021F000E7F8B72002F0F0F8002002F0E1F8002044
:1022000002F0DEF83F2002F0DBF8002002F0D8F800
:102210005E2002F0D5F8002002F0D2F8642002F02F
:10222000CFF8002002F0CCF88C2002F0C9F8002092
:1022300002F0C6F8AC2002F0C3F8002002F0C0F8AB
:10224000DC2002F0BDF8002002F0BAF8702002F0A5
:10225000B7F8002002F0B4F8902002F0B1F80020A6
:1022600002F0AEF8EB2002F0ABF8002002F0A8F884
:10227000DC2002F0A5F8002002F0A2F8B82002F05D
:10228000ABF8002002F09CF8002002F099F8002042
:1022900002F096F8002002F093F8002002F090F887
:1022A000002002F08DF8002002F08AF8002002F0F1
:1022B00087F8BA2002F090F8242002F081F800207C
:1022C00002F07EF8002002F07BF8002002F078F89F
:1022D000C12002F081F8202002F072F8002002F004
:1022E0006FF8542002F06CF8002002F069F8FF202B
:1022F00002F066F8002002F063F8C22002F06CF8E9
:102300000A2002F05DF8002002F05AF8042002F0E2
:1023100057F8002002F054F8C32002F05DF83C208A
:1023200002F04EF8002002F04BF83A2002F048F894
:10233000002002F045F8392002F042F8002002F0B7
:102340003FF8372002F03CF8002002F039F83C203A
:1023500002F036F8002002F033F8362002F030F8B0
:10236000002002F02DF8322002F02AF8002002F0BE
:1023700027F82F2002F024F8002002F021F82C206A
:1023800002F01EF8002002F01BF8292002F018F8D5
:10239000002002F015F8262002F012F8002002F0CA
:1023A0000FF8242002F00CF8002002F009F8242095
:1023B00002F006F8002002F003F8232002F000F8F3
:1023C000002001F0FDFF3C2001F0FAFF002001F0A9
:1023D000F7FF362001F0F4FF002001F0F1FF32207A
:1023E00001F0EEFF002001F0EBFF2F2001F0E8FFED
:1023F000002001F0E5FF2C2001F0E2FF002001F0B9
:10240000DFFF292001F0DCFF002001F0D9FF2620AA
:1024100001F0D6FF002001F0D3FF242001F0D0FF0F
:10242000002001F0CDFF242001F0CAFF002001F0C0
:10243000C7FF232001F0C4FF002001F0C1FFC4202A
:1024400001F0CAFF622001F0BBFF002001F0B8FFDD
:10245000052001F0B5FF002001F0B2FF842001F05B
:10246000AFFF002001F0ACFFF02001F0A9FF002039
:1024700001F0A6FF182001F0A3FF002001F0A0FF4B
:10248000A42001F09DFF002001F09AFF182001F028
:1024900097FF002001F094FF502001F091FF0020F1
:1024A00001F08EFF0C2001F08BFF002001F088FF6F
:1024B000172001F085FF002001F082FF952001F038
:1024C0007FFF002001F07CFFF32001F079FF002066
:1024D00001F076FFE62001F073FF002001F070FFAD
:1024E000C52001F079FF322001F06AFF002001F0E1
:1024F00067FF442001F064FF002001F061FF6520C8
:1025000001F05EFF002001F05BFF762001F058FF34
:10251000002001F055FF882001F052FF002001F05B
:102520004FFFC62001F058FF202001F049FF002096
:1025300001F046FF172001F043FF002001F040FFAB
:10254000012001F03DFF002001F03AFFC72001F01B
:1025500043FF002001F034FF002001F031FF002094
:1025600001F02EFF002001F02BFFC82001F034FF06
:10257000002001F025FF002001F022FF002001F0E3
:102580001FFF002001F01CFFC92001F025FF0020E3
:1025900001F016FF002001F013FF002001F010FFF2
:1025A000002001F00DFF002001F00AFF002001F0E3
:1025B00007FF002001F004FF002001F001FF0020D0
:1025C00001F0FEFE002001F0FBFE002001F0F8FE0D
:1025D000002001F0F5FE002001F0F2FE002001F0E5
:1025E000EFFE002001F0ECFE002001F0E9FEE0200B
:1025F00001F0F2FE162001F0E3FE002001F0E0FE03
:102600001C2001F0DDFE002001F0DAFE212001F0A7
:10261000D7FE002001F0D4FE362001F0D1FE0020CC
:1026200001F0CEFE462001F0CBFE002001F0C8FEF6
:10263000522001F0C5FE002001F0C2FE642001F02E
:10264000BFFE002001F0BCFE7A2001F0B9FE0020A0
:1026500001F0B6FE8B2001F0B3FE002001F0B0FEC9
:10266000992001F0ADFE002001F0AAFEA82001F0A3
:10267000A7FE002001F0A4FEB92001F0A1FE002079
:1026800001F09EFEC42001F09BFE002001F098FEA8
:10269000CA2001F095FE002001F092FED22001F048
:1026A0008FFE002001F08CFED92001F089FE002071
:1026B00001F086FEE02001F083FE002001F080FEA4
:1026C000F32001F07DFE002001F07AFEE12001F010
:1026D00083FE162001F074FE002001F071FE1C2024
:1026E00001F06EFE002001F06BFE222001F068FE7A
:1026F000002001F065FE362001F062FE002001F0AE
:102700005FFE452001F05CFE002001F059FE5220E2
:1027100001F056FE002001F053FE642001F050FE4F
:10272000002001F04DFE7A2001F04AFE002001F069
:1027300047FE8B2001F044FE002001F041FE99206D
:1027400001F03EFE002001F03BFEA82001F038FE23
:10275000002001F035FEB92001F032FE002001F02A
:102760002FFEC42001F02CFE002001F029FECA201B
:1027700001F026FE002001F023FED22001F020FE11
:10278000002001F01DFED82001F01AFE002001F00B
:1027900017FEE02001F014FE002001F011FEF320EE
:1027A00001F00EFE002001F00BFEE22001F014FE0D
:1027B000052001F005FE002001F002FE0B2001F0D3
:1027C000FFFD002001F0FCFD1B2001F0F9FD0020C1
:1027D00001F0F6FD342001F0F3FD002001F0F0FDE2
:1027E000442001F0EDFD002001F0EAFD4F2001F052
:1027F000E7FD002001F0E4FD612001F0E1FD002093
:1028000001F0DEFD792001F0DBFD002001F0D8FDB4
:10281000882001F0D5FD002001F0D2FD972001F0C5
:10282000CFFD002001F0CCFDA62001F0C9FD002065
:1028300001F0C6FDB72001F0C3FD002001F0C0FD8E
:10284000C22001F0BDFD002001F0BAFDC72001F05B
:10285000B7FD002001F0B4FDD12001F0B1FD002052
:1028600001F0AEFDD62001F0ABFD002001F0A8FD87
:10287000DD2001F0A5FD002001F0A2FDF32001F014
:102880009FFD002001F09CFDE32001F0A5FD052047
:1028900001F096FD002001F093FD0A2001F090FD6B
:1028A000002001F08DFD1C2001F08AFD002001F0C8
:1028B00087FD332000E0FAE201F082FD002001F004
:1028C0007FFD442001F07CFD002001F079FD5020C7
:1028D00001F076FD002001F073FD622001F070FD33
:1028E000002001F06DFD782001F06AFD002001F06C
:1028F00067FD882001F064FD002001F061FD972054
:1029000001F05EFD002001F05BFDA62001F058FD06
:10291000002001F055FDB72001F052FD002001F02C
:102920004FFDC22001F04CFD002001F049FDC72001
:1029300001F046FD002001F043FDD12001F040FDF3
:10294000002001F03DFDD52001F03AFD002001F00E
:1029500037FDDD2001F034FD002001F031FDF320D2
:1029600001F02EFD002001F02BFDE42001F034FDEC
:10297000012001F025FD002001F022FD012001F0E1
:102980001FFD002001F01CFD022001F019FD0020B8
:1029900001F016FD2A2001F013FD002001F010FDCA
:1029A0003C2001F00DFD002001F00AFD4B2001F05C
:1029B00007FD002001F004FD5D2001F001FD002075
:1029C00001F0FEFC742001F0FBFC002001F0F8FC9B
:1029D000842001F0F5FC002001F0F2FC932001F0CE
:1029E000EFFC002001F0ECFCA22001F0E9FC00204B
:1029F00001F0E6FCB32001F0E3FC002001F0E0FC74
:102A0000BE2001F0DDFC002001F0DAFCC42001F062
:102A1000D7FC002001F0D4FCCD2001F0D1FC002037
:102A200001F0CEFCD32001F0CBFC002001F0C8FC6B
:102A3000DD2001F0C5FC002001F0C2FCF32001F014
:102A4000BFFC002001F0BCFCE52001F0C5FC00202B
:102A500001F0B6FC002001F0B3FC002001F0B0FC56
:102A6000002001F0ADFC022001F0AAFC002001F0E2
:102A7000A7FC292001F0A4FC002001F0A1FC3C20CF
:102A800001F09EFC002001F09BFC4B2001F098FC23
:102A9000002001F095FC5D2001F092FC002001F087
:102AA0008FFC742001F08CFC002001F089FC842054
:102AB00001F086FC002001F083FC932001F080FCF3
:102AC000002001F07DFCA22001F07AFC002001F042
:102AD00077FCB32001F074FC002001F071FCBE20F3
:102AE00001F06EFC002001F06BFCC42001F068FCDA
:102AF000002001F065FCCD2001F062FC002001F017
:102B00005FFCD32001F05CFC002001F059FCDC20CC
:102B100001F056FC002001F053FCF32001F050FCC2
:102B2000002001F04DFCE62001F056FC112001F0E0
:102B300047FC002001F044FC342001F041FC00205F
:102B400001F03EFC562001F03BFC002001F038FC77
:102B5000762001F035FC002001F032FC772001F0F6
:102B60002FFC002001F02CFC662001F029FC002045
:102B700001F026FC882001F023FC002001F020FC5D
:102B8000992001F01DFC002001F01AFCBB2001F08F
:102B900017FC002001F014FC992001F011FC00202A
:102BA00001F00EFC662001F00BFC002001F008FC97
:102BB000552001F005FC002001F002FC552001F039
:102BC000FFFB002001F0FCFB452001F0F9FB002099
:102BD00001F0F6FB432001F0F3FB002001F0F0FBD5
:102BE000442001F0EDFB002001F0EAFBE72001F0BA
:102BF000F3FB322001F0E4FB002001F0E1FB552063
:102C000001F0DEFB002001F0DBFB762001F0D8FBB9
:102C1000002001F0D5FB662001F0D2FB002001F07E
:102C2000CFFB672001F0CCFB002001F0C9FB67203F
:102C300001F0C6FB002001F0C3FB872001F0C0FBC0
:102C4000002001F0BDFB992001F0BAFB002001F04B
:102C5000B7FBBB2001F0B4FB002001F0B1FB9920D1
:102C600001F0AEFB002001F0ABFB772001F0A8FBE8
:102C7000002001F0A5FB442001F0A2FB002001F0A0
:102C80009FFB562001F09CFB002001F099FB2320C4
:102C900001F096FB002001F093FB332001F090FB44
:102CA000002001F08DFB452001F08AFB002001F09F
:102CB00087FBE82001F090FB002001F081FB002061
:102CC00001F07EFB992001F07BFB002001F078FBF6
:102CD000872001F075FB002001F072FB882001F0D5
:102CE0006FFB002001F06CFB772001F069FB0020F6
:102CF00001F066FB662001F063FB002001F060FB41
:102D0000882001F05DFB002001F05AFBAA2001F0B1
:102D100057FB002001F054FBBB2001F051FB0020C9
:102D200001F04EFB992001F04BFB002001F048FB25
:102D3000662001F045FB002001F042FB552001F028
:102D40003FFB002001F03CFB552001F039FB002047
:102D500001F036FB442001F033FB002001F030FB92
:102D6000442001F02DFB002001F02AFB552001F04A
:102D700027FB002001F024FBE92001F02DFBAA2015
:102D800001F01EFB002001F01BFB002001F018FBEE
:102D9000002001F015FB002001F01EFBAA2001F02D
:102DA0000FFBCF2001F018FB002001F009FB0020F1
:102DB00001F006FB002001F003FB002001F000FB06
:102DC000002001F0FDFA002001F0FAFA002001F0E5
:102DD000F7FA002001F0F4FA002001F0F1FA0020E7
:102DE00001F0EEFA002001F0EBFA002001F0E8FA21
:102DF000002001F0E5FA002001F0E2FA002001F0E5
:102E0000DFFA002001F0DCFA002001F0D9FAF0200E
:102E100001F0E2FA002001F0D3FA502001F0D0FADC
:102E2000002001F0CDFA002001F0CAFA002001F0E4
:102E3000C7FAF32001F0D0FA002001F0C1FAF9201E
:102E400001F0CAFA062001F0BBFA102001F0B8FA2E
:102E5000292001F0B5FA002001F0B2FA3A2001F081
:102E6000BBFA552001F0ACFA112001F0B5FA64204C
:102E700001F088FE292001F0AFFA352001F0ACFA0C
:102E8000002001F09DFA512001F0A6FAFF2001F088
:102E900097FA532001F0A0FA2C2001F091FA552066
:102EA00001F09AFA822001F08BFA2C20FDE3A8426F
:102EB0007ED155214FF4704001F0A4FAAA214FF2BF
:102EC000010001F09FFA52214FF2020001F09AFA3C
:102ED00008214FF2030001F095FA4FF2040301219B
:102EE000184601F08FFA0D214FF4304001F08AFAB4
:102EF0000D214BF2010001F085FA0D214BF2020089
:102F000001F080FA34214FF4364001F07BFA34218D
:102F10004BF2016001F076FA34214BF2026001F0CD
:102F200071FA0D214FF4314001F06CFA0D214BF292
:102F3000011001F067FA0D214BF2021001F062FA64
:102F400034214FF4374001F05DFA34214BF2017027
:102F500001F058FA34214BF2027001F053FA0021CB
:102F60004FF4324001F04EFA00214BF2012001F003
:102F700049FA00214BF2022001F044FA24214FF4D7
:102F8000384001F03FFA24214BF6010001F03AFAF3
:102F900024214BF6020001F035FA01214FF43F40A5
:102FA00001F030FA0F214FF4334001F02BFA00E02A
:102FB000FEE30F214BF2013001F024FA0F214BF216
:102FC000023001F01FFA34214FF4394001F01AFAAF
:102FD00034214BF6011001F015FA34214BF60210A2
:102FE00001F010FA08214FF4354001F00BFA0821E6
:102FF0004BF2015001F006FA08214BF2025001F0A9
:1030000001FA03214FF4424001F0FCF924214FF46E
:103010003A4001F0F7F924214BF6012001F0F2F9D2
:1030200024214BF6022001F0EDF900214FF43C4041
:1030300001F0E8F978214BF6014001F0E3F90021B5
:103040004BF6024001F0DEF900214FF43D4001F063
:10305000D9F978214BF6015001F0D4F900214BF653
:10306000025001F0CFF900214FF43E4001F0CAF9BF
:1030700064214BF6016001F0C5F900214FF4514085
:1030800001F0C0F933214DF2011001F0BBF900212C
:103090004DF2021001F0B6F934214DF2031001F0A7
:1030A000B1F900214DF2041001F0ACF93A214DF2D2
:1030B000051001F0A7F900214DF2061001F0A2F968
:1030C0004A214DF2071001F09DF900214DF2081040
:1030D00001F098F95C214DF2091001F093F90021FB
:1030E0004DF20A1001F08EF981214DF20B1001F022
:1030F00089F900214DF20C1001F084F9A6214DF25E
:103100000D1001F07FF900214DF20E1001F07AF957
:10311000E5214DF20F1001F075F901214DF210106B
:1031200001F070F913214DF2111001F06BF901213A
:103130004DF2121001F066F954214DF2131001F016
:1031400061F901214DF2141001F05CF982214DF278
:10315000151001F057F901214DF2161001F052F946
:10316000CA214DF2171001F04DF902214DF218104D
:1031700001F048F900214DF2191001F043F9022144
:103180004DF21A1001F03EF901214DF21B1001F031
:1031900039F902214DF21C1001F034F934214DF2BD
:1031A0001D1001F02FF902214DF21E1001F02AF935
:1031B00067214DF21F1001F025F902214DF2201078
:1031C00001F020F984214DF2211001F01BF90221B8
:1031D0004DF2221001F016F9A4214DF2231001F056
:1031E00011F902214DF2241001F00CF9B7214DF232
:1031F000251001F007F902214DF2261001F002F925
:10320000CF214DF2271001F0FDF802214DF22810D8
:1032100001F0F8F8DE214DF2291001F0F3F8022157
:103220004DF22A1001F0EEF8F2214DF22B1001F0D0
:10323000E9F802214DF22C1001F0E4F8FE214DF2E4
:103240002D1001F0DFF803214DF22E1001F0DAF815
:1032500010214DF22F1001F0D5F803214DF230105E
:1032600001F0D0F833214DF2311001F0CBF80321F9
:103270004DF2321001F0C6F86D214DF2331001F01D
:10328000C1F800214FF4524001F0BCF833214DF257
:10329000012001F0B7F800214DF2022001F0B2F850
:1032A00034214DF2032001F0ADF800214DF204204D
:1032B00001F0A8F83A214DF2052001F0A3F8002111
:1032C0004DF2062001F09EF84A214DF2072001F050
:1032D00099F800214DF2082001F094F85C214DF29C
:1032E000092001F08FF800214DF20A2001F08AF840
:1032F00081214DF20B2001F085F800214DF20C20C8
:1033000001F080F8A6214DF20D2001F07BF800219C
:103310004DF20E2001F076F8E5214DF20F2001F07C
:1033200071F801214DF2102001F06CF813214DF2DB
:10333000112001F067F801214DF2122001F062F82E
:1033400054214DF2132001F05DF801214DF21420BB
:1033500001F058F882214DF2152001F053F80121B7
:103360004DF2162001F04EF8CA214DF2172001F05F
:1033700049F802214DF2182001F044F800214DF2E5
:10338000192001F03FF802214DF21A2001F03AF81D
:1033900001214DF21B2001F035F802214DF21C20D5
:1033A00001F030F834214DF21D2001F02BF80221FC
:1033B0004DF21E2001F026F867214DF21F2001F08A
:1033C00021F802214DF2202001F01CF884214DF259
:1033D000212001F017F802214DF2222001F012F80D
:1033E000A4214DF2232001F00DF802214DF22420FA
:1033F00001F008F8B7214DF2252001F003F8022171
:103400004DF2262000F0FEFFCF214DF2272000F0E4
:10341000F9FF02214DF2282000F0F4FFDE214DF2E9
:10342000292000F0EFFF02214DF22A2000F0EAFFF0
:10343000F2214DF22B2000F0E5FF02214DF22C206D
:1034400000F0E0FFFE214DF22D2000F0DBFF032114
:103450004DF22E2000F0D6FF10214DF22F2000F06B
:10346000D1FF03214DF2302000F0CCFF33214DF28B
:10347000312000F0C7FF03214DF2322000F0C2FFDF
:103480006D214DF2332000F0BDFF00214FF4534079
:1034900000F0B8FF33214DF2013000F0B3FF0021FE
:1034A0004DF2023000F0AEFF34214DF2033000F057
:1034B000A9FF00214DF2043000F0A4FF3A214DF2A3
:1034C000053000F09FFF00214DF2063000F09AFF1A
:1034D0004A214DF2073000F095FF00214DF20830EF
:1034E00000F090FF5C214DF2093000F08BFF0021CD
:1034F0004DF20A3000F086FF81214DF20B3000F0D2
:1035000081FF00214DF20C3000F07CFFA6214DF22E
:103510000D3000F077FF00214DF20E3000F072FF09
:10352000E5214DF20F3000F06DFF01214DF210301A
:1035300000F068FF13214DF2113000F063FF01210C
:103540004DF2123000F05EFF54214DF2133000F0C6
:1035500059FF01214DF2143000F054FF82214DF249
:10356000153000F04FFF01214DF2163000F04AFFF8
:10357000CA214DF2173000F045FF02214DF21830FC
:1035800000F040FF00214DF2193000F03BFF022116
:103590004DF21A3000F036FF01214DF21B3000F0E1
:1035A00031FF02214DF21C3000F02CFF34214DF28E
:1035B0001D3000F027FF02214DF21E3000F022FFE7
:1035C00067214DF21F3000F01DFF02214DF2203027
:1035D00000F018FF84214DF2213000F013FF02218A
:1035E0004DF2223000F00EFFA4214DF2233000F006
:1035F00009FF02214DF2243000F004FFB7214DF203
:10360000253000F0FFFE02214DF2263000F0FAFED8
:10361000CF214DF2273000F0F5FE02214DF2283087
:1036200000F0F0FEDE214DF2293000F0EBFE022129
:103630004DF22A3000F0E6FEF2214DF22B3000F080
:10364000E1FE02214DF22C3000F0DCFEFE214DF2B5
:103650002D3000F0D7FE03214DF22E3000F0D2FEC7
:1036600010214DF22F3000F0CDFE03214DF230300D
:1036700000F0C8FE33214DF2313000F0C3FE0321CB
:103680004DF2323000F0BEFE6D214DF2333000F0CD
:10369000B9FE00214FF4544000F0B4FE33214DF246
:1036A000014000F0AFFE002100E082E34DF2024055
:1036B00000F0A8FE34214DF2034000F0A3FE0021EB
:1036C0004DF2044000F09EFE3A214DF2054000F01C
:1036D00099FE00214DF2064000F094FE4A214DF281
:1036E000074000F08FFE00214DF2084000F08AFEF6
:1036F0005C214DF2094000F085FE00214DF20A40A8
:1037000000F080FE81214DF20B4000F07BFE002195
:103710004DF20C4000F076FEA6214DF20D4000F077
:1037200071FE00214DF20E4000F06CFEE5214DF2DD
:103730000F4000F067FE01214DF2104000F062FEE4
:1037400013214DF2114000F05DFE01214DF21240B7
:1037500000F058FE54214DF2134000F053FE0121B9
:103760004DF2144000F04EFE82214DF2154000F063
:1037700049FE01214DF2164000F044FECA214DF2EF
:10378000174000F03FFE02214DF2184000F03AFED3
:1037900000214DF2194000F035FE02214DF21A4091
:1037A00000F030FE01214DF21B4000F02BFE00E046
:1037B00002E302214DF21C4000F024FE34214DF2C0
:1037C0001D4000F01FFE02214DF21E4000F01AFEC7
:1037D00067214DF21F4000F015FE02214DF22040FE
:1037E00000F010FE84214DF2214000F00BFE02217A
:1037F0004DF2224000F006FEA4214DF2234000F0DD
:1038000001FE02214DF2244000F0FCFDB7214DF2F3
:10381000254000F0F7FD02214DF2264000F0F2FDB8
:10382000CF214DF2274000F0EDFD02214DF228405E
:1038300000F0E8FDDE214DF2294000F0E3FD022119
:103840004DF22A4000F0DEFDF2214DF22B4000F057
:10385000D9FD02214DF22C4000F0D4FDFE214DF2A5
:103860002D4000F0CFFD03214DF22E4000F0CAFDA7
:1038700010214DF22F4000F0C5FD03214DF23040E4
:1038800000F0C0FD33214DF2314000F0BBFD0321BB
:103890004DF2324000F0B6FD6D214DF2334000F0A4
:1038A000B1FD00214FF4554000F0ACFD33214DF245
:1038B000015000F0A7FD00214DF2025000F0A2FDE2
:1038C00034214DF2035000F09DFD00214DF20450D3
:1038D00000F098FD3A214DF2055000F093FD0021D3
:1038E0004DF2065000F08EFD4A214DF2075000F0D7
:1038F00089FD00214DF2085000F084FD5C214DF25D
:10390000095000F07FFD00214DF20A5000F07AFDD1
:1039100081214DF20B5000F075FD00214DF20C504D
:1039200000F070FDA6214DF20D5000F06BFD00215E
:103930004DF20E5000F066FDE5214DF20F5000F003
:1039400061FD01214DF2105000F05CFD13214DF29C
:10395000115000F057FD01214DF2125000F052FDC0
:1039600054214DF2135000F04DFD01214DF2145041
:1039700000F048FD82214DF2155000F043FD012179
:103980004DF2165000F03EFDCA214DF2175000F0E6
:1039900039FD02214DF2185000F034FD00214DF2A6
:1039A000195000F02FFD02214DF21A5000F02AFDAF
:1039B00001214DF21B5000F025FD02214DF21C505B
:1039C00000F020FD34214DF21D5000F01BFD0221BE
:1039D0004DF21E5000F016FD67214DF21F5000F011
:1039E00011FD02214DF2205000F00CFD84214DF21A
:1039F000215000F007FD02214DF2225000F002FD9F
:103A0000A4214DF2235000F0FDFC02214DF2245080
:103A100000F0F8FCB7214DF2255000F0F3FC022134
:103A20004DF2265000F0EEFCCF214DF2275000F071
:103A3000E9FC02214DF2285000F0E4FCDE214DF2B9
:103A4000295000F0DFFC02214DF22A5000F0DAFC90
:103A5000F2214DF22B5000F0D5FC02214DF22C50FA
:103A600000F0D0FCFE214DF22D5000F0CBFC0321E4
:103A70004DF22E5000F0C6FC10214DF22F5000F0F8
:103A8000C1FC03214DF2305000F0BCFC33214DF25B
:103A9000315000F0B7FC03214DF2325000F0B2FC7F
:103AA0006D214DF2335000F0ADFC00214FF4564033
:103AB00000F0A8FC33214DF2016000F0A3FC0021CE
:103AC0004DF2026000F09EFC34214DF2036000F0E4
:103AD00099FC00214DF2046000F094FC3A214DF273
:103AE000056000F08FFC00214DF2066000F08AFCBA
:103AF0004A214DF2076000F085FC00214DF208607C
:103B000000F080FC5C214DF2096000F07BFC00219C
:103B10004DF20A6000F076FC81214DF20B6000F05E
:103B200071FC00214DF20C6000F06CFCA6214DF2FE
:103B30000D6000F067FC00214DF20E6000F062FCA9
:103B4000E5214DF20F6000F05DFC01214DF21060A7
:103B500000F058FC13214DF2116000F053FC0121DC
:103B60004DF2126000F04EFC54214DF2136000F053
:103B700049FC01214DF2146000F044FC82214DF219
:103B8000156000F03FFC01214DF2166000F03AFC98
:103B9000CA214DF2176000F035FC02214DF2186089
:103BA00000F030FC00214DF2196000F02BFC0221E6
:103BB0004DF21A6000F026FC01214DF21B6000F06E
:103BC00021FC02214DF21C6000F01CFC34214DF25E
:103BD0001D6000F017FC02214DF21E6000F012FC87
:103BE00067214DF21F6000F00DFC02214DF22060B4
:103BF00000F008FC84214DF2216000F003FC02215A
:103C00004DF2226000F0FEFBA4214DF2236000F093
:103C1000F9FB02214DF2246000F0F4FBB7214DF2D4
:103C2000256000F0EFFB02214DF2266000F0EAFB78
:103C3000CF214DF2276000F0E5FB02214DF2286014
:103C400000F0E0FBDE214DF2296000F0DBFB0221F9
:103C50004DF22A6000F0D6FBF2214DF22B6000F00D
:103C6000D1FB02214DF22C6000F0CCFBFE214DF285
:103C70002D6000F0C7FB03214DF22E6000F0C2FB67
:103C800010214DF22F6000F0BDFB03214DF230609A
:103C900000F0B8FB33214DF2316000F0B3FB03219B
:103CA0004DF2326000F0AEFB6D214DF2336000F05A
:103CB000A9FB55214FF4704000F0A4FBAA214FF25C
:103CC000010000F09FFB52214FF2020000F09AFB2E
:103CD00008214FF2030000F095FB0021184600F088
:103CE00091FBCC214FF4314000F08CFB00214BF2D2
:103CF000011000F087FB05214FF4364000F082FBF5
:103D000070214FF4374000F07DFB70214BF20170C1
:103D100000F078FB01214FF4384000F073FB0321E1
:103D20004BF6010000F06EFB03214BF6020000F0A1
:103D300069FB03214BF6030000F064FB02214FF402
:103D40003C4000F05FFB00214BF6014000F05AFBC5
:103D500000214BF6024000F055FBD0214FF44940C2
:103D600000F050FB02214CF6011000F04BFB5021FB
:103D70004CF6021000F046FB50214CF6031000F008
:103D800041FB50214CF6041000F03CFB00214FF4A5
:103D9000545000F037FB55214FF4685000F032FBCF
:103DA0004FF4885000F018FB782000F0F9FE4FF433
:103DB000245000F011FBB9E04845FCD1E22000F0AE
:103DC0000BFB1D2000F0FCFA022000F0F9FA0420A1
:103DD00000F0F6FA642000F0E3FEE02000F0FCFAC8
:103DE000012000F0EDFA0A2000F0CCFEE02000F007
:103DF000F3FA032000F0E4FA0C2000F0C3FE0120E7
:103E000000F0EAFA0A2000F0BDFEE62000F0E4FA35
:103E10002F2000F0D5FAFF2000F0D2FAFF2000F0AA
:103E2000CFFAB02000F0D8FA202000F0C9FA002024
:103E300000F0C6FA032000F0C3FA40F21F3000F091
:103E4000BFFA012000F0BCFA40F2DF1000F0B8FA2F
:103E5000002000F0B5FAB42000F0BEFA042000F013
:103E6000AFFA40F21F4000F0ABFA002000F0A8FAD1
:103E70002E2000F0A5FA002000F0A2FA002000F0A9
:103E80009FFA002000F09CFA002000F099FAB6207A
:103E900000F0A2FA022000F093FA4FF4037000F051
:103EA0008FFA002000F08CFA172000F089FA152014
:103EB00000F086FA002000F083FA002000F080FA7B
:103EC000F02000F089FA032000F07AFA292000F0AF
:103ED00083FAD02000F080FA002000F071FABE20B2
:103EE00000F07AFA052000F06BFAFE2000F068FA84
:103EF000012000F065FA002000F062FA002000F0D6
:103F00005FFA002000F05CFAB82000F065FA0320A8
:103F100000F056FA012000F053FABA2000F05CFAE3
:103F2000012000F04DFA642000F042F8B888B04259
:103F300007D0A04205D0404503D0A84201D0484553
:103F40001DD1DAF81C21514622F00F02CAF81C21BB
:103F5000DAF81C2122F47062CAF81C21DAF81C215C
:103F600042F00302CAF81C21A042DAF81C0102D177
:103F700040F4407001E040F40070C1F81C010020E2
:103F8000FDF770FC04480121C0F8BC125846FDF74B
:103F90004FFC15B0BDE8F08F0080404208B54FF0EF
:103FA000D840B0F88000ADF80000BDF8000008BDB2
:103FB00010B50246BE2000F00FFA052000F000FA0E
:103FC000104600F0FEFE9FED0C1B53EC112B00F091
:103FD0000BFF00F0C9FE80B200F0F2F9012000F002
:103FE000EFF9FF2000F0ECF9002000F0E9F9BDE85E
:103FF0001040002000F0E4B966666666666604401C
:1040000070B5664C00232146A279898841F6631574
:10401000012A01D01AB11BE0A94202D118E0A9423D
:1040200016D1082814D2DFE800F00406080A0C0EA6
:10403000101206200CE007200AE0042008E005200A
:1040400006E0012004E0002002E0032000E002205E
:10405000082812D2DFE800F0110406080A0C0E103E
:1040600080230AE0402308E0C02306E0202304E088
:10407000602302E0A02300E0E02345F21056B142A5
:1040800002D14FF4585000E03620A1F51342413AD6
:1040900003D0A1F5EE42893A01D143F00803194655
:1040A00000F0B0F9A288AA420AD098062088618858
:1040B00002D5884202D303E0884201D92180608082
:1040C0006089B24240D100F087F9002000F078F911
:1040D0006089401C80B200F07FF9002000F070F988
:1040E0006089801C80B200F077F92088401EC0F300
:1040F0000F2000F065F96089C01C80B200F06CF9F7
:104100002078401EC0B200F05BF9A08900F064F98D
:10411000002000F055F9A089401C80B200F05CF945
:10412000002000F04DF9A089801C80B200F054F905
:104130006088401EC0F30F2000F042F9A089C01C27
:1041400080B200F049F921E000F046F9002000F0CB
:1041500037F9002000F034F92088401EC0F30F200A
:1041600000F02EF92078401EC0B200F029F9A08995
:1041700000F032F9002000F023F9002000F020F9CF
:104180006088401EC0F30F2000F01AF9A078BDE847
:104190007040401EC0B200F013B90000840100203E
:1041A000F0B53A4D0C460246060AA9882846270A69
:1041B0004089A1F5C853633B16D0A1F5AA43103B33
:1041C0004BD000F009F9304600F0FAF8D0B200F018
:1041D000F7F8A88900F000F9384600F0F1F8E0B2ED
:1041E000BDE8F04000F0ECB8A97929B300F0F4F88C
:1041F000304600F0E5F8D0B200F0E2F82888401E22
:10420000C0F30F2000F0DCF82878401EC0B200F0A8
:10421000D7F8A88900F0E0F8384600F0D1F8E0B20D
:1042200000F0CEF86888401EC0F30F2000F0C8F8F8
:10423000A878401EC0B2D3E72988891A491E8AB2DD
:1042400000F0CAF8002000F0BBF8002000F0B8F839
:10425000100A00F0B5F8D0B2D9E700F0BDF830464A
:1042600000F0AEF86889401C80B200F0B5F8D0B21A
:1042700000F0A6F8A88900F0AFF8384600F0A0F8E2
:10428000A889401C80B200F0A7F8A8E784010020AC
:104290002DE9F84F82461F460E468B46580700D040
:1042A000012000EBD700790810FB01F0203AC0B2E2
:1042B00002F0FF090025009047E00C2F10D0102FCE
:1042C00012D0182F14D0202F42D1224901EBC9104F
:1042D0004FF00008445D200610D51F48026811E029
:1042E00009EB49001D4906E01D4901EB0910EFE704
:1042F0001C4909EBC90001EB8000E9E70A9828B9DD
:104300001548426831465046FDF708FB6006040E2A
:104310001548761CB6B24088B04219D9A6EB0B00FE
:10432000B84209D10AF101001FFA80FA0E485E4630
:10433000018851450CD906E008F1010000F0FF08A2
:10434000B8F1080FC7D36D1CEDB200988542B4D305
:10435000BDE8F88FC66700081C0000200650000862
:104360007A5400086A5A0008840100202DE9F84FA9
:10437000044600F0FF0810190D46DDE90A761FFA21
:1043800080FA58191FFA80F94FF0000B11E05445DC
:1043900002D3E819444685B24D450FD23B46294623
:1043A0002046CDF800B0FFF773FF04EB570084B24E
:1043B000761C3278A2F120005E28E8D9BDE8F88F9B
:1043C00001B5BDF80000ADF80000BDF800004FF0E9
:1043D000D841A1F8800008BD01B5BDF80000ADF8D6
:1043E0000000BDF800004FF0D841A1F87E0008BDE4
:1043F00003484FF0D8410089A1F87E0070470000C3
:10440000840100204FF0D84222F87E0F518070477F
:10441000114810B5016886B041F0200101600068C4
:104420000E4C00F0200005904FF4C0600090012079
:10443000019002900320039069462046FCF7BEF9E4
:10444000012251022046FCF799FA012291022046EE
:10445000FCF794FA06B010BD303802400014024058
:10446000FEE770477047704770B5214C92B0002549
:10447000266846F080562660246804F08054119423
:104480001C4C266846F48046266024680DF1240CF6
:1044900004F480441194012400942404019402241F
:1044A00006948CE80D006605CDE907616846FCF7C7
:1044B000DDFB00B1FEE70CA90F2081E831004FF4CD
:1044C000A0500F904FF48050109005210CA8FCF7DD
:1044D000E5FA00B1FEE7FCF757FA41F20101884224
:1044E00004D10548016841F48071016012B070BDCB
:1044F0004038024000700040003C0240FCF750BAD7
:104500001048016841F4700101600F48016841F0F2
:10451000010101600C4A00210832116002680B4B56
:104520001A400260031D0A4A1A60026822F48022BF
:10453000026005480C300160024958068039086065
:104540007047000088ED00E000380240FFFFF6FEF3
:10455000103000240148FCF704BF00009401002043
:104560007FB5104C00250E4A2561C4E90250C4E90C
:1045700000212046FCF77EFE01200095CDE90105D3
:104580000022694620460395FCF7E6FD00212046FF
:10459000FCF7BCFE2068C16841F00101C1607FBD2D
:1045A000000C0040D40100200148FCF7DABE0000F6
:1045B000D4010020F0B50268254D264E264FDFF8C5
:1045C0009CC0274B4FF0804EA84209D0704507D0C1
:1045D000B04205D0B84203D0604501D0984203D123
:1045E00022F070044A682243A8421BD0704519D0BB
:1045F000B04217D0B84215D0604513D0984211D0C0
:10460000184CA0420ED0184CA0420BD0174CA04220
:1046100008D0174CA04205D0164CA04202D0164C30
:10462000A04203D122F44074CA6822434C6922F0AC
:104630008002224302608A68C2620A688262A842DB
:1046400001D0984201D10969016301214161F0BDA6
:10465000000001400004004000080040000C004041
:104660000004014000400140004401400048014076
:1046700000180040001C00400020004010B501F070
:104680001F010123046A8B409C430462036A8A4031
:104690001343036210BD000070B5046A24F00104E6
:1046A00004628469056A154EB04214D0B0F1804F9F
:1046B00011D0134EB0420ED0124EB0420BD0124E5B
:1046C000B04208D0114EB04205D0114EB04202D0D7
:1046D000104EB04203D124F00304144301E044F02F
:1046E00001041A0724F0F00444EA126225F00A03D8
:1046F00001F00A0119438261016270BD00000140AE
:104700000004004000080040000C0040000401408C
:10471000004001400018004030B5046A24F0100445
:1047200004628569046A25F4407545EA022222F490
:1047300070454FF6FF7202EA033224F0A0032A43C9
:10474000A02404EA011119438261016230BD10B551
:10475000806B0021C185C184FCF7E4FE10BD0168B7
:10476000CA6822F49072CA6001684A6922F00102A4
:104770004A61202180F83A10704710B590F83A103D
:10478000222901D0022010BD8168B1F5805F11D0CF
:104790000169002901681FD0496801F07F03816A1F
:1047A0004A1C82620B70C18D491E0904090CC18527
:1047B00018D02BE00269816A002A0268526805D08D
:1047C000D2B20A80816A491C8162ECE7C2F3080216
:1047D0000A80816A891CF7E74A68816A4B1C8362F8
:1047E0000A70E0E70168CA6822F02002CA60016826
:1047F000CA6822F48072CA6001684A6922F0010224
:104800004A61202180F83A10FCF7B4FF002010BD67
:104810002DE9F041044600680169E26821F4405145
:1048200011430161A1682069E26901436069104395
:1048300001432068C26849F20C639A430A43C2608C
:1048400020684169A26921F4407111434161E06926
:104850006425B0F5004F974A974920684FF0320819
:104860003FD0884201D090427CD1FCF7BFF900EBE9
:10487000C00101EB001061688900B0FBF1F6FCF7A4
:10488000B5F900EBC00101EB001061688900B0FBD5
:10489000F1F0B0FBF5F06FF01801484306EB800132
:1048A00008EB0110B0FBF5F000F0F006FCF79EF904
:1048B00000EBC00101EB001061688900B0FBF1F072
:1048C000B0FBF5F006EB0016FCF790F900EBC00129
:1048D00001EB001061688900B0FBF1F7FCF786F985
:1048E000D2E0884201D090423DD1FCF77FF900EB45
:1048F000C00101EB001061684900B0FBF1F0B0FBB2
:10490000F5F00601FCF772F900EBC00101EB0010B5
:1049100061684900B0FBF1F7FCF768F900EBC001F2
:1049200001EB001061684900B0FBF1F0B0FBF5F05D
:104930006FF01801484307EB800108EBC100B0FBA2
:10494000F5F000F0F80006EB4006FCF74FF900EB3D
:10495000C00101EB001061684900B0FBF1F7FCF702
:1049600045F93CE055E0FCF731F900EBC00101EB03
:10497000001061684900B0FBF1F0B0FBF5F00601F2
:10498000FCF724F900EBC00101EB0010616849005D
:10499000B0FBF1F7FCF71AF900EBC00101EB0010D6
:1049A00061684900B0FBF1F0B0FBF5F06FF0180161
:1049B000484307EB800108EBC100B0FBF5F000F0C5
:1049C000F80006EB4006FCF701F900EBC00101EB33
:1049D000001061684900B0FBF1F7FCF7F7F800EB55
:1049E000C00101EB001061684900B0FBF1F0B0FBC1
:1049F000F5F06FF01801484307EB800108EBC100A8
:104A0000B0FBF5F000F00700216830448860BDE895
:104A1000F081FCF7DBF800EBC00101EB00106168EE
:104A20008900B0FBF1F6FCF7D1F800EBC00101EB17
:104A3000001061688900B0FBF1F0B0FBF5F06FF099
:104A40001801484306EB800108EB0110B0FBF5F0BC
:104A500000F0F006FCF7BAF800EBC00101EB001023
:104A600061688900B0FBF1F0B0FBF5F006EB0016D1
:104A7000FCF7ACF800EBC00101EB001061688900A5
:104A8000B0FBF1F7FCF7A2F800EBC00101EB00105E
:104A900061688900B0FBF1F0B0FBF5F06FF0180130
:104AA000484307EB800108EB0110B0FBF5F000F084
:104AB0000F00A9E7001401400010014090F83910E0
:104AC000212901D0022070478168B1F5805F016A19
:104AD0000BD04A1C0262026809785160C18C491EE1
:104AE0000904090CC1840ED017E009880268C1F3DB
:104AF0000801516001690029016A02D0491C016264
:104B0000ECE7891CFBE70168CA6822F08002CA60F2
:104B10000068C16841F04001C1600020704700009A
:104B200010B50848FCF704FD0648FCF7FCFC2028FB
:104B3000FAD1012204490348FCF7F2FD0028F8D11C
:104B400010BD0000F400002014000020FEE709075B
:104B5000090E002804DB00F1E02080F80014704703
:104B600000F00F0000F1E02080F8141D704770473E
:104B700010B504460420FCF78BFA0148046010BD10
:104B80001000002070B5054600244FF47A7603E04B
:104B9000304600F005F8641CAC42F9D370BD00004B
:104BA00070B54FF0E02500216C69094AAB691268C5
:104BB0005043AA699A42FCD002D2A3EB020302E05E
:104BC000A4EB02063344194413468142F1D370BD6D
:104BD0001000002003490A685206FCD5C2B24A60A0
:104BE00070470000001001401CB5FBF7E1FE0723F1
:104BF000022208214FF4A870FFF736FCA820FFF727
:104C0000B7FF4FF4E13000F093F8FFF701FCFCF739
:104C1000DFFDFCF7EBFE53214FF0FF30FFF7A0FC68
:104C2000284D4FF478402024286027A0CDE900408B
:104C30001023C8220A211E20FFF798FB27A0CDE9E8
:104C4000004010234FF4967232211E20FFF78EFB96
:104C500026A0CDE900401023C8225A211E20FFF7CC
:104C600085FB26A0CDE900401023C82282211E200A
:104C7000FFF77CFB24A0CDE900401023C822AA2125
:104C80001E20FFF773FB1F202860234D234E0024B6
:104C90000A20FFF777FF28780106F9D500F03F01D9
:104CA0004FF0FF32A1FB020CCB0F03FB02C2002727
:104CB00001FB072331684218634119A0FBF756FB3B
:104CC0002C70E5E71C00002041706F6C6C6F205366
:104CD000544D333246342F4637000000494E50556C
:104CE00054204341505455524500000041544F4D0B
:104CF00040414C49454E54454B000000323032365D
:104D00002F362F3135000000617574686F723A20BC
:104D1000636875616E0000002400002028000020F8
:104D2000484947483A256C6C642075730D0A0000A9
:104D30000B4910B5094AC1E9002000208860C8600D
:104D4000086188610C2048610846FCF779FCBDE8E1
:104D50001040012203490248FCF7E2BC0010014068
:104D6000F4000020140000204FEA1153A3F58063E3
:104D7000D3F11E03A8BFD3F1200C08DB4FF0004293
:104D800042EAC12252EA505232FA03F07047094215
:104D90000BD4102BC4BF0020704703F5787CBCF106
:104DA000FF3F05D04FF0FF3070474FF000007047D5
:104DB00070B500F0C3F800BF49922480002070470E
:104DC000F0E7B0FA80F310FA03F10AD0C3F11D0343
:104DD00003F580634FEA41504FEA035202EBD121C1
:104DE00070474FF000007047DFF848C170B51CEA0B
:104DF000111E1EBF1CEA13159EEA0C0F95EA0C0F3C
:104E000000F06F8081EA030423EA4C134EEAD47E5B
:104E100021EA4C1141F4801143F48013AE44A1FB0C
:104E2000024CA0FB0365AEF17F7E361955EB0C05F5
:104E3000A1FB034C4CF10003A0FB021C16EB0C067B
:104E4000654153F10003094218BF46F0010613F40F
:104E5000007F0BD14FEA03314FEA0530340341EABA
:104E6000155140EA16506FF003020AE04FEAC321E1
:104E70004FEAC520F40241EA555140EA56506FF01E
:104E8000020202EB2E4201EB025585EACE710AD0F6
:104E90005FEA440C18BF24F0004450F1000041F1D7
:104EA000000120EAD47040F2FE7C624500D270BD61
:104EB000A84214BF4FF080444FF04044002E08BF7A
:104EC0000024BEF1806FA8BFA1F1C041BDE87040D1
:104ED00080F282804FF0000001F1C04101F00041FA
:104EE00070479EEA0C0F0CEA131518BF95EA0C0FD9
:104EF00006D04FF0000081EA030E0EF0004170BDB5
:104F000000F01CF88900013E00F007B800F009B875
:104F10004FEA430C5FEA5C5C08D081EA030100F0D1
:104F20005BB84FEA410C5FEA5C5CF6D14FF00000E1
:104F3000014970470000FF070000F87F0EF1020EE4
:104F40002EF0030E5EF8046B364205D4012A43EBC3
:104F5000030515F5001F12D8012841EB010C1CF5C3
:104F6000001F0CD80ED14FEAD17C15F5001F0CEBB9
:104F70004C0C0CF1020C08BF4CEBD37C04E04FF05E
:104F8000080C01E04FEAD37C0CEB4C0526FA05F641
:104F900006F00706B6F1040C06D20EEB860CBDE84F
:104FA00070404CF0010C6047DFE80CF0090B020286
:104FB0004FF000414FF00000A1F5002170BD1946EF
:104FC0001046012851EB010418BFD4F5001484BF2A
:104FD000002001F0004170BD0808A0F500114FEA63
:104FE000310170474FF04070E1EE100A7047000049
:104FF0000000000000000102030406070809000089
:105000000000010203040000000000000000000096
:105010000000000000003F40000000000000000011
:105020003000400030004000000009000BC03D008F
:105030000BC03D00090018C024407FE022403180B1
:105040000000180024C01B000D8032400180038046
:105050001C4027401C8007400040100060000000FA
:105060000000000000000000000000001F80204041
:1050700040200000402020401F8000000000090068
:1050800006001F80060009000000040004003F80A5
:105090000400040000000010006000000000000098
:1050A00000000400040004000400040000000000EC
:1050B00000400000000000000000002001C00600C9
:1050C0003800400000001F802040204020401F800A
:1050D0000000000010403FC000400000000018C069
:1050E00021402240244018400000108020402440ED
:1050F00024401B80000002000D0011003FC0014051
:1051000000003C80244024402440238000001F8075
:10511000244024403440038000003000200027C099
:105120003800200000001B802440244024401B80C5
:1051300000001C0022C0224022401F80000000000E
:1051400000000840000000000000000000000460B3
:10515000000000000000000004000A001100208090
:105160004040090009000900090009000000000092
:105170004040208011000A00040018002000234055
:105180002400180000001F802040274029401F40B5
:105190000000004007C039000F0001C0004020405F
:1051A0003FC0244024401B8000001F80204020403E
:1051B00020403080000020403FC0204020401F8021
:1051C000000020403FC024402E4030C0000020405E
:1051D0003FC024402E00300000000F00108020400F
:1051E00022403380020020403FC0040004003FC042
:1051F0002040204020403FC0204020400000006070
:10520000202020203FC02000200020403FC024401C
:105210000B0030C0204020403FC0204000400040F4
:1052200000C03FC03C0003C03C003FC00000204025
:105230003FC00C4023003FC020001F802040204082
:1052400020401F80000020403FC024402400180060
:1052500000001F802140214020E01FA000002040CE
:105260003FC02440260019C0004018C024402440FC
:10527000224031800000300020403FC020403000FC
:10528000000020003F80004000403F8020002000C0
:105290003E0001C0070038002000380007C03C0075
:1052A00007C038000000204039C0060039C0204047
:1052B00000002000384007C0384020000000304087
:1052C00021C02640384020C00000000000007FE0E0
:1052D000402040200000000070000C0003800040CF
:1052E00000000000402040207FE00000000000009F
:1052F00020004000200000000000001000100010FE
:10530000001000100010000000004000000000002D
:105310000000000002800540054003C0004020005E
:105320003FC00440044003800000000003800440AC
:1053300004400640000000000380044024403FC0B9
:1053400000400000038005400540034000000000CD
:1053500004401FC0244024402000000002E005500B
:1053600005500650042020403FC00440040003C004
:1053700000400000044027C0004000000000001072
:105380000010041027E00000000020403FC0014052
:10539000070004C00440204020403FC000400040BF
:1053A000000007C0040007C0040003C00000044060
:1053B00007C00440040003C0004000000380044014
:1053C000044003800000041007F0045004400380F0
:1053D0000000000003800440045007F00010044067
:1053E00007C0024004000400000000000640054021
:1053F000054004C00000000004001F80044000407D
:105400000000040007800040044007C00040040082
:10541000070004C0018006000400060001C0070068
:1054200001C006000000044006C0010006C00440A0
:1054300000000410071004E00180060004000000D2
:10544000044005C0064004400000000000000400C5
:105450007BE040200000000000000000FFF00000A2
:105460000000000040207BE004000000000040003D
:1054700080004000200020004000000000000000EC
:10548000000000000000000000000000000000001C
:105490001FCC000C000000000000000008003000DD
:1054A00060000800300060000000022003FC1E20A5
:1054B000022003FC1E200220000000000E18110430
:1054C0003FFF10840C78000000000F0010840F389C
:1054D00000C0077818840078000000780F8410C49A
:1054E00011240E9800E40084000808006800700091
:1054F00000000000000000000000000000000000AC
:1055000007E01818200440020000000040022004B8
:10551000181807E00000000000000240024001806F
:105520000FF00180024002400000008000800080F7
:105530000FF800800080008000000001000D000EC8
:10554000000000000000000000000000008000805B
:10555000008000800080008000800000000C000CB3
:10556000000000000000000000000000000600181D
:1055700000600180060018002000000007F0080805
:1055800010041004080807F00000000008040804D4
:105590001FFC000400040000000000000E0C1014AA
:1055A0001024104411840E0C000000000C1810048C
:1055B0001104110412880C700000000000E00320A8
:1055C000042408241FFC0024000000001F981084FD
:1055D00011041104108810700000000007F0088802
:1055E0001104110418880070000000001C00100055
:1055F00010FC13001C001000000000000E381144C5
:105600001084108411440E38000000000700088C3C
:1056100010441044088807F000000000000000005B
:10562000030C030C0000000000000000000000015B
:1056300001060000000000000000000000800140A2
:10564000022004100808100400000220022002209A
:10565000022002200220022000000000100408089E
:105660000410022001400080000000000E00120023
:10567000100C106C10800F00000003E00C1813E4F5
:10568000142417C4082807D000000004003C03C4F9
:105690001C40074000E4001C000410041FFC11041F
:1056A000110411040E880070000003E00C181004AF
:1056B0001004100410081C10000010041FFC10043B
:1056C00010041004080807F0000010041FFC110467
:1056D000110417C410040818000010041FFC110462
:1056E000110017C010000800000003E00C1810049F
:1056F000100410441C780040000010041FFC1084AB
:105700000080008010841FFC1004000010041004AE
:105710001FFC100410040000000000030001100131
:1057200010011FFE10001000000010041FFC1104E7
:1057300003801464181C1004000010041FFC1004E3
:10574000000400040004000C000010041FFC1F00F3
:1057500000FC1F001FFC1004000010041FFC0C04C0
:10576000030000E010181FFC100007F008081004E8
:1057700010041004080807F0000010041FFC108437
:105780001080108010800F00000007F0081810240F
:105790001024101C080A07F2000010041FFC11045A
:1057A000110011C011300E0C000400000E1C110479
:1057B0001084108410441C380000180010001004DD
:1057C0001FFC100410001800000010001FF8100447
:1057D0000004000410041FF8100010001E0011E067
:1057E000001C007013801C0010001FC0103C00E063
:1057F0001F0000E0103C1FC000001004180C1634FD
:1058000001C001C01634180C100410001C00130451
:1058100000FC13041C00100000000804101C10649D
:10582000108413041C041018000000000000000085
:105830007FFE4002400240020000000030000C00E9
:1058400003800060001C00030000000040024002D2
:1058500040027FFE00000000000000000000200069
:105860004000400040002000000000010001000155
:1058700000010001000100010001000040004000A3
:10588000200000000000000000000000009801243B
:1058900001440144014400FC000410001FFC008886
:1058A00001040104008800700000000000700088FE
:1058B0000104010401040088000000000070008859
:1058C0000104010411081FFC0004000000F8014459
:1058D00001440144014400C8000000000104010427
:1058E0000FFC1104110411001800000000D601295A
:1058F0000129012901C90106000010041FFC0084D0
:1059000001000100010400FC00040000010419046E
:1059100019FC000400040000000000000003000166
:105920000101190119FE0000000010041FFC0024F1
:10593000004001B4010C0104000000001004100438
:105940001FFC0004000400000000010401FC01042D
:10595000010001FC0104010000FC010401FC0084C1
:1059600001000100010400FC0004000000F8010433
:1059700001040104010400F80000010101FF008599
:10598000010401040088007000000000007000881D
:1059900001040104010501FF00010104010401FCEF
:1059A00000840104010001800000000000CC0124FB
:1059B00001240124012401980000000001000100DD
:1059C00007F80104010400000000010001F80004D0
:1059D00000040004010801FC0004010001800170C2
:1059E000000C001001600180010001F0010C00308A
:1059F00001C00030010C01F0010000000104018C25
:105A000000740170018C0104000001010181017129
:105A1000000E001801600180010000000184010CEB
:105A2000013401440184010C00000000000000006A
:105A3000000001003EFC40024002000000000000A7
:105A40000000FFFF000000000000000040024002D4
:105A50003EFC01000000000000000000600080002B
:105A600080004000400020002000000000000000F6
:105A70000000000000000000000000000000000026
:105A80000000000000000000000000000000000016
:105A9000000000000000000000000000000F80383F
:105AA0000FFE380F803800000000000000000000EA
:105AB00000000000000000000100000600000C00D3
:105AC000003800003100000600000C000038000023
:105AD0003000000000000000000061800067F8074F
:105AE000F980006180006180006180006180006752
:105AF000F807F9800061800000000000000000004D
:105B000001C0E003E0F00630080418081FFFFE049F
:105B10000E080787F00381E000000000000001F09C
:105B200000060C00040408060C7001F9C0000E0009
:105B3000003BE000EC18070808040C180003E00024
:105B400000000001E00007F003F818041C08041727
:105B50000807E1D003C0E00023B0003C08002008A3
:105B600000001000000000000001000031000032C1
:105B700000001C0000000000000000000000000009
:105B80000000000000000000000000000000000015
:105B9000000000000000000000007F0001FFC007BF
:105BA00080F00C001810000420000200000000002B
:105BB000002000021000040C00180780F001FFC054
:105BC000007F000000000000000000000000000056
:105BD0000000000000004200006600006600003C7B
:105BE0000000180003FFC0001800003C0000660021
:105BF00000660000420000000000080000080000ED
:105C0000080000080000080001FFC00008000008AC
:105C1000000008000008000008000000000000016B
:105C200000003100003200001C00000000000000F5
:105C30000000000000000000000000000000000064
:105C4000000008000008000008000008000008002C
:105C5000000800000800000800000800000800001C
:105C600000000000000000000000380000380000C4
:105C700038000000000000000000000000000000EC
:105C800000000000000000000000000600001C00F2
:105C90000070000180000E0000380000C000070006
:105CA000001C0000300000000000000000007F80A9
:105CB00001FFE003807006001804000804000806D5
:105CC000001803807001FFE0007F800000000000EA
:105CD0000000000001000801000801000803FFF8AF
:105CE00007FFF8000008000008000008000000009E
:105CF000000000000001C03802C0580400980401F0
:105D000018040218040418061C1803F81801E0F817
:105D100000000000000000000001C0E003C0F0042B
:105D2000000804080804080806180803F41801E726
:105D3000F00001E00000000000000000000003008F
:105D4000000D000011000061000081080301080738
:105D5000FFF80FFFF8000108000108000000000034
:105D6000000000E007FCD00608080610080610082E
:105D7000061008061838060FF00607C000000000DD
:105D80000000000000003F8001FFE00384300208B3
:105D900018041008041008041008071810030FF066
:105DA0000007C000000000000000000003C0000762
:105DB00000000600000600F80607F806180006E0D6
:105DC0000007000006000000000000000001E1E004
:105DD00003F7F0063410041808041808040C08042B
:105DE0000C0806161803F3F001C1E00000000000E3
:105DF0000000F80003FC300306380402080402081F
:105E00000402080404100308F001FFC0007F000032
:105E10000000000000000000000000000000000082
:105E2000000070380070380070380000000000007A
:105E30000000000000000000000000000000000062
:105E4000000000000000301A00301C0000000000BC
:105E50000000000000000000000000000000000042
:105E600000080000140000220000410000808001B2
:105E7000004002002004001008000800000000009C
:105E8000000021000021000021000021000021006D
:105E9000002100002100002100002100002100005D
:105EA00000000000000000000800080400100200CC
:105EB000200100400080800041000022000014000A
:105EC00000080000000000000003C00004C000043F
:105ED0000000080038080F380808380810000C3097
:105EE0000007E00003C000000000000000003F8049
:105EF00000FFE0038070020F1006708804C0880461
:105F00008308047F8802C09003012000FE40000047
:105F1000080000180001F8003E0801C20007020056
:105F200007E20000FE00001FC80001F80000380072
:105F3000000804000807FFF807FFF8040808040831
:105F40000804080804080806180803F41801E7F014
:105F50000001E0000000000000003F8001FFE003BE
:105F600080700200180400080400080400080400FF
:105F7000100600200780C000000004000807FFF89A
:105F800007FFF804000804000804000804001802D1
:105F9000001003807001FFE0007F8000000004001B
:105FA0000807FFF807FFF8040808040808040808B1
:105FB000040808043E0804000806001801006000F8
:105FC000000004000807FFF807FFF80408080408A9
:105FD00000040800040800043E000600000600005B
:105FE000018000000000000000003F8001FFE0038E
:105FF0008070060018040008040208040208020366
:10600000F00783F000020000020004000807FFF818
:1060100007FFF80408080008000008000008000056
:10602000080004080807FFF807FFF804000800004C
:106030000000000004000804000804000807FFF83E
:1060400007FFF8040008040008040008000000002E
:10605000000000000000000600000700000104002E
:106060000104000104000307FFFE07FFFC04000019
:1060700004000004000004000807FFF807FFF8040C
:106080000C08001800003E0004C7800503C8060085
:10609000F804003804001800000804000807FFF89E
:1060A00007FFF804000800000800000800000800CE
:1060B0000008000008000018000060000000040054
:1060C0000807FFF807800807FC00007FC00003F8FE
:1060D0000007C000780007800807FFF807FFF804F2
:1060E000000804000807FFF807000803C00000E0EC
:1060F00000003800001E000007000001C00400F08E
:1061000007FFF8040000000000007F8001FFE003AB
:106110008070060018040008040008060018030038
:106120003001FFE0007F8000000004000807FFF856
:1061300007FFF80404080404000404000404000435
:106140000400060C0003F80001F00000000000004D
:1061500000007F8001FFE003807006008804008853
:106160000400C806003C03003E01FFE6007F8400F7
:10617000000004000807FFF807FFF80408080408F7
:1061800000040C00040F00040BC00610F003F038EC
:1061900001E00800000800000001E0F803F030060C
:1061A0003010041808041808040C08040C0802062F
:1061B000180207F00781E0000000018000060000DF
:1061C00004000004000004000807FFF807FFF804BB
:1061D0000008040000040000060000018000040024
:1061E0000007FFE007FFF0040018000008000008A7
:1061F00000000800000800000804001007FFE00489
:10620000000004000006000007E00007FE00041F75
:10621000E00001F80000380001E0043E0007C00083
:1062200006000004000004000007E00007FFC004AF
:106230001FF80007C007F80007FF80043FF80007B9
:10624000C004F8000700000400000000000400087B
:1062500006001807C07805F1C8003E00001F800442
:1062600063E80780F8060018040008000000040036
:106270000006000007800007E008047C08001FF803
:106280000007F800180804E00807000006000004F2
:1062900000000000000100080600380400F80403B4
:1062A000E8040F08047C0805F00807C00807001878
:1062B000040060000000000000000000000000007A
:1062C00000000000003FFFFE20000220000220002E
:1062D0000220000220000200000000000000000078
:1062E00008000007000000C00000380000060000A1
:1062F00001C000003000000E00000100000000009E
:106300000000000020000220000220000220000205
:106310002000023FFFFE000000000000000000001F
:106320000000000000000000000000080000100055
:1063300000300000200000300000100000080000C5
:10634000000000000000000001000001000001004A
:106350000001000001000001000001000001000038
:106360000100000100000100000100000000000029
:1063700000000020000020000010000010000000BD
:10638000000000000000000000000000000000000D
:10639000000000F00019F8001B1800220800260871
:1063A000002408002410003FF8001FF80000080037
:1063B000001800000004000007FFF80FFFF00018AD
:1063C00018001008002008002008003018001FF0F6
:1063D000000FC00000000000000007C0001FF00018
:1063E0001830002008002008002008003C08001C8D
:1063F000100000600000000000000000000007C066
:10640000001FF000381800200800200800200804B1
:10641000101007FFF80FFFF0000010000000000050
:10642000000000000007C0001FF00012300022181A
:10643000002208002208003208001E10000E200072
:10644000000000000000200000200800200801FFDC
:10645000F803FFF80620080420080420080720009D
:1064600003000000000000000000000E000E6E009F
:106470001FF30031B10020B10020B1003191001FA5
:1064800013002E1E00200E00300000000004000843
:1064900007FFF80FFFF800100800200000200000A0
:1064A0002008003FF8001FF800000800000000006E
:1064B00000000000002008002008002008063FF827
:1064C000063FF80000080000080000080000000077
:1064D0000000000000000000000003000003002096
:1064E00001002001002003063FFE063FFC000000E3
:1064F00000000000000000000004000807FFF80F83
:10650000FFF8000188000300002FC00038F80020C9
:106510003800200800000800000000000000000013
:1065200004000804000804000807FFF80FFFF80043
:106530000008000008000008000000000000002023
:1065400008003FF8003FF8001008002000003FF866
:10655000003FF8001008002000003FF8003FF8005E
:106560000008000000002008003FF8003FF800107D
:1065700008001000002000002008003FF8001FF86D
:106580000000080000000000000007C0000FF0003D
:1065900018300030080020080020080030080018DB
:1065A00030000FF00007C0000000000000002001D4
:1065B000003FFF003FFF00101100200900200800ED
:1065C0002008003038001FF0000FC000000000005D
:1065D000000007C0001FF000381800200800200845
:1065E000002009001011001FFF003FFF0000010004
:1065F0000000002008002008002008003FF8003FAD
:10660000F8000808001008002008002000003000F2
:10661000003000000000000000000000000C7800C6
:106620001E180033080023080021080021880021DB
:10663000980030F0003860000000000000002000EA
:1066400000200000200000FFF003FFF800200800F9
:1066500020080020080000300000000000000000BA
:1066600000002000003FF0007FF800001800000844
:10667000000008002010003FF8007FF0000010002C
:106680000000000000002000003000003C00003F3F
:10669000800023F0000078000070002380003C00A0
:1066A000003000002000002000003C00003FE0001F
:1066B00023F80000E0002700003E00003FE000213A
:1066C000F80001E0003E000020000000000020086B
:1066D000002008003838003E680027800003C8000A
:1066E0002CF80038380020180020080000000000B6
:1066F00000002000003003003C01003F830023EC39
:10670000000070002380003C0000200000200000FA
:1067100000000000000000000038080020380020C1
:10672000F80023E8002F88003E08003808002018F1
:1067300000007000000000000000000000000000E9
:1067400000000000000008000014001FF7FC3000EB
:106750000620000200000000000000000000000011
:10676000000000000000000000000000FFFFFF002C
:106770000000000000000000000000000000000019
:10678000000000002000023000061FF7FC0014008B
:1067900000080000000000000000000000000000F1
:1067A00000000000001800006000004000004000F1
:1067B0000020000010000008000004000004000099
:1067C0000C000010000000000000000000000000AD
:1067D00000000000000000000000000000000000B9
:1067E00000000000000000000000000000000000A9
:1067F0000000000000000000000000000000000099
:106800000000000000000000000000000000000088
:106810000000000000000000000000000000000078
:106820000000000000000000000000000000000068
:106830000000000000000000000000000000000058
:106840000000000000000000000000000000000048
:10685000000000000000000000000000000007F041
:1068600000C007FFE1E007F001E0000000C0000009
:106870000000000000000000000000000000000018
:106880000000000000000000000000000000000008
:1068900000000000000000000000000000000000F8
:1068A00000000000000000000000000000000000E8
:1068B00000000000000000000000000000000000D8
:1068C00000000000000000000000000000000020A8
:1068D000000001C00000078000001F0000001E0033
:1068E00000001C20000001C00000078000001F0005
:1068F00000001E0000001C0000000000000000005E
:106900000000000000000000000000000000000087
:106910000000000000000000000000000000000077
:106920000000000000000000000000000000000067
:106930000000000000000000000000000000000057
:106940000000000000000000000000180C0000180B
:106950000C0000180FE0001FFC0003F80C000018EA
:106960000C0000180C0000180C0000180C00001897
:106970000FE0001FFC0003F80C0000180C000018CA
:106980000C000000000000000000000000000000FB
:1069900000000000000000000000000000000000F7
:1069A00000000000000000000000000000000000E7
:1069B00000000000000000000000000000000000D7
:1069C00000000000000000000000000000000000C7
:1069D0000780007807C000FC0640010E0020030776
:1069E0000020020380200FFFFFFC0201C0200200F4
:1069F000E0600130704001F03F8000F01F000000B7
:106A00000000000000000000000000000000000086
:106A10000000000000000000000000000000000076
:106A20000000000000000000000000000000000066
:106A30000000000000000000000000000000000056
:106A400000000000000000FE000001FF0000030144
:106A5000800002008060030181C001FF070000FE8A
:106A600018000000E0000003BF00000CFFC0007130
:106A7000806001C10020030180600000FFC00000B1
:106A80003F000000000000000000000000000000C7
:106A900000000000000000000000000000000000F6
:106AA00000000000000000000000000000000000E6
:106AB00000000000000000000000000000000000D6
:106AC00000000000000000001F0000007FC000FC6C
:106AD000C0C001FF80600303E020020278200206AC
:106AE0001E2003FC074001F00380000103C00001E9
:106AF0001C600001E02000010020000100400000B7
:106B00000180000000000000000000000000000004
:106B10000000000000000000000000000000000075
:106B20000000000000000000000000000000000065
:106B30000000000000000000000000000000000055
:106B400000000000000000000000002000001C60A9
:106B500000001C4000001F8000000F00000000002B
:106B60000000000000000000000000000000000025
:106B70000000000000000000000000000000000015
:106B80000000000000000000000000000000000005
:106B900000000000000000000000000000000000F5
:106BA00000000000000000000000000000000000E5
:106BB00000000000000000000000000000000000D5
:106BC00000000000000000000000000000000000C5
:106BD00000000000000000000000000000000000B5
:106BE00000000007F800003FFF00007807C001C068
:106BF00000E003000030040000080800000410005A
:106C00000002000000000000000000000000000082
:106C10000000000000000000000000000000000074
:106C20000000000000000000000000000000000064
:106C30000000000000000000000000000000000054
:106C4000000000000000000000001000000208002A
:106C50000004040000080300003001C000E00078D8
:106C600007C0003FFF000007F80000000000000020
:106C70000000000000000000000000000000000014
:106C80000000000000000000000000000000000004
:106C900000000000000000000000000000000000F4
:106CA00000000000000000000000000000000000E4
:106CB00000000000000000000000000000000000D4
:106CC0000000000000000000000000000000000CB8
:106CD0001800000E3800000E3800000630000003D7
:106CE00060000061438000FFFF80006143000003FB
:106CF000600000063000000E3800000E3800000C66
:106D0000180000000000000000000000000000006B
:106D10000000000000000000000000000000000073
:106D20000000000000000000000000000000000063
:106D30000000000000000000000000000000000053
:106D40000000000000000000000000000000000043
:106D50008000000080000000800000008000000033
:106D6000800000008000007FFF0000008000000025
:106D70008000000080000000800000008000000013
:106D80008000000000000000000000000000000083
:106D900000000000000000000000000000000000F3
:106DA00000000000000000000000000000000000E3
:106DB00000000000000000000000000000000000D3
:106DC00000000000000000000000000000010000C2
:106DD00000E3000000E2000000FC0000007800007A
:106DE00000000000000000000000000000000000A3
:106DF0000000000000000000000000000000000093
:106E00000000000000000000000000000000000082
:106E10000000000000000000000000000000000072
:106E20000000000000000000000000000000000062
:106E30000000000000000000000000000000000052
:106E400000000000000000000000000080000000C2
:106E50008000000080000000800000008000000032
:106E60008000000080000000800000008000000022
:106E70008000000080000000800000008000000012
:106E80008000000000000000000000000000000082
:106E900000000000000000000000000000000000F2
:106EA00000000000000000000000000000000000E2
:106EB00000000000000000000000000000000000D2
:106EC00000000000000000000000000000000000C2
:106ED00000C0000001E0000001E0000000C0000070
:106EE00000000000000000000000000000000000A2
:106EF0000000000000000000000000000000000092
:106F00000000000000000000000000000000000081
:106F10000000000000000000000000000000000071
:106F20000000000000000000000000000000000061
:106F30000000000000000000000000000000000051
:106F4000000000000000000000000000000C000035
:106F50000038000000E00000038000000E00000088
:106F600038000000E00000038000000E0000003840
:106F7000000000E00000038000000E000000180088
:106F80000000000000000000000000000000000001
:106F900000000000000000000000000000000000F1
:106FA00000000000000000000000000000000000E1
:106FB00000000000000000000000000000000000D1
:106FC0000000000000000000000000000000000FB2
:106FD000F800007FFF0000F00780018000C0030080
:106FE00000600200002002000020020000200300D8
:106FF0000060018000C000E00380007FFF00000F00
:10700000F800000000000000000000000000000088
:107010000000000000000000000000000000000070
:107020000000000000000000000000000000000060
:107030000000000000000000000000000000000050
:107040000000000000000000000000000000000040
:1070500000000080002000800020008000200080D0
:10706000006001FFFFE003FFFFE0000000600000A0
:1070700000200000002000000020000000000000B0
:107080000000000000000000000000000000000000
:1070900000000000000000000000000000000000F0
:1070A00000000000000000000000000000000000E0
:1070B00000000000000000000000000000000000D0
:1070C0000000000000000000000000000000007848
:1070D00000E000980160010002600200046002000C
:1070E000086002001060020020600200406003009F
:1070F00080600183006001FE00E0007C07800000EA
:10710000000000000000000000000000000000007F
:10711000000000000000000000000000000000006F
:10712000000000000000000000000000000000005F
:10713000000000000000000000000000000000004F
:10714000000000000000000000000000000000F04F
:10715000078001F007C0010000400200002002018A
:10716000002002010020020100200303802001868C
:10717000804001FCC0C000787F8000001E0000003D
:1071800000000000000000000000000000000000FF
:1071900000000000000000000000000000000000EF
:1071A00000000000000000000000000000000000DF
:1071B00000000000000000000000000000000000CF
:1071C00000000000000000000000000008000000B7
:1071D0003800000048000001880000060800000C8C
:1071E0000810003008100040081001FFFFF003FFF6
:1071F000FFF003FFFFF0000008100000081000007F
:107200000810000000000000000000000000000066
:10721000000000000000000000000000000000006E
:10722000000000000000000000000000000000005E
:10723000000000000000000000000000000000004E
:10724000000000000000000000000000000000003E
:107250000780001F864003E1002003020020030492
:107260000020030400200304002003040020030680
:107270000040030301C00301FF8003007E00000003
:1072800000000000000000000000000000000000FE
:1072900000000000000000000000000000000000EE
:1072A00000000000000000000000000000000000DE
:1072B00000000000000000000000000000000000CE
:1072C00000000000000000000000000000000007B7
:1072D000FC00003FFF000070C380008180C00101FE
:1072E00000600302002002020020020200200202CD
:1072F00000200203004001C180C000C0FF800000E8
:107300007E000000000000000000000000000000FF
:10731000000000000000000000000000000000006D
:10732000000000000000000000000000000000005D
:10733000000000000000000000000000000000004D
:10734000000000000000000000000000000000F04D
:10735000000003C0000003800000030000000300E1
:1073600007E003003FE00301C0000306000003182C
:107370000000036000000380000003000000000024
:1073800000000000000000000000000000000000FD
:1073900000000000000000000000000000000000ED
:1073A00000000000000000000000000000000000DD
:1073B00000000000000000000000000000000000CD
:1073C0000000000000000000000000001F00007826
:1073D0003F8000FC60C0018EC04003078020020394
:1073E000002002018020020180200201C020030150
:1073F000E040018670C000FC3F8000781F00000064
:10740000000000000000000000000000000000007C
:10741000000000000000000000000000000000006C
:10742000000000000000000000000000000000005C
:10743000000000000000000000000000000000004C
:1074400000000000000000000000003F000000FFFE
:1074500081C001C0C1C001006020020020200200E4
:1074600020200200202002002060020040C0010015
:10747000C18000C18F00007FFE00001FF0000000EF
:1074800000000000000000000000000000000000FC
:1074900000000000000000000000000000000000EC
:1074A00000000000000000000000000000000000DC
:1074B00000000000000000000000000000000000CC
:1074C00000000000000000000000000000000000BC
:1074D00000000000000000000000000000000003A9
:1074E00000C0000781E0000781E0000300C0000049
:1074F000000000000000000000000000000000008C
:10750000000000000000000000000000000000007B
:10751000000000000000000000000000000000006B
:10752000000000000000000000000000000000005B
:10753000000000000000000000000000000000004B
:10754000000000000000000000000000000000003B
:107550000000000000000000000000000000000625
:107560000066000600780000000000000000000037
:10757000000000000000000000000000000000000B
:1075800000000000000000000000000000000000FB
:1075900000000000000000000000000000000000EB
:1075A00000000000000000000000000000000000DB
:1075B00000000000000000000000000000000000CB
:1075C00000000000000000000000000000000000BB
:1075D00080000001C0000003600000063000000CC5
:1075E000180000180C00003006000060030000C006
:1075F0000180010000400200002004000010000093
:10760000000000000000000000000000000000007A
:10761000000000000000000000000000000000006A
:10762000000000000000000000000000000000005A
:10763000000000000000000000000000000000004A
:107640000000000000000000000000041000000422
:1076500010000004100000041000000410000004DA
:1076600010000004100000041000000410000004CA
:1076700010000004100000041000000410000004BA
:1076800010000000000000000000000000000000EA
:1076900000000000000000000000000000000000EA
:1076A00000000000000000000000000000000000DA
:1076B00000000000000000000000000000000000CA
:1076C00000000000000000000000000000000400B6
:1076D0000010020000200100004000C00180006096
:1076E00003000030060000180C00000C1800000613
:1076F0003000000360000001C000000080000000B6
:107700000000000000000000000000000000000079
:107710000000000000000000000000000000000069
:107720000000000000000000000000000000000059
:107730000000000000000000000000000000000049
:1077400000000000000000000000000000000078C1
:10775000000001F8000002380000020000000400F0
:1077600000C0040079E0040081E0040100C00403CB
:107770000000020200000306000001FC000000F807
:1077800000000000000000000000000000000000F9
:1077900000000000000000000000000000000000E9
:1077A00000000000000000000000000000000000D9
:1077B00000000000000000000000000000000000C9
:1077C00000000000000000000000000FF800003F73
:1077D000FE000070078000C000C00101F8400307F0
:1077E000FC20021E04200230082002203020023F2C
:1077F000FC20013F044001800CC000E03180001FEC
:10780000C2000000000000000000000000000000B6
:107810000000000000000000000000000000000068
:107820000000000000000000000000000000000058
:107830000000000000000000000000000000000048
:1078400000000000000000000020000000600000B8
:1078500003E000003E200003E020003E200003E0A3
:1078600020000380200007FC2000003FE000000310
:10787000FE2000003FE0000001E0000000200000CA
:1078800000200000000000000000000000000000D8
:1078900000000000000000000000000000000000E8
:1078A00000000000000000000000000000000000D8
:1078B00000000000000000000000000000000000C8
:1078C0000000000000000000000002000020020094
:1078D000002003FFFFE003FFFFE0020100200201A0
:1078E0000020020100200201002002010020030309
:1078F00000200186806001FCC0C000F87F8000008D
:107900001F00000000000000000000000000000058
:107910000000000000000000000000000000000067
:107920000000000000000000000000000000000057
:107930000000000000000000000000000000000047
:10794000000000000000000000000007F800003FF9
:10795000FF000070078000C000C00100004003006D
:10796000002002000020020000200200002002008F
:10797000002001000040018000C003C001800030F1
:1079800006000000000000000000000000000000F1
:1079900000000000000000000000000000000000E7
:1079A00000000000000000000000000000000000D7
:1079B00000000000000000000000000000000000C7
:1079C0000000000000000000000002000020020093
:1079D000002003FFFFE003FFFFE0020000200200A1
:1079E00000200200002002000020030000600100CF
:1079F0000040018000C000F00780007FFE00000F03
:107A0000F80000000000000000000000000000007E
:107A10000000000000000000000000000000000066
:107A20000000000000000000000000000000000056
:107A30000000000000000000000000000000000046
:107A40000000000000000000000002000020020012
:107A5000002003FFFFE003FFFFE00201002002011E
:107A60000020020100200201002002010020020388
:107A70008020020FE0200300006003C000E00060EF
:107A800003000000000000000000000000000000F3
:107A900000000000000000000000000000000000E6
:107AA00000000000000000000000000000000000D6
:107AB00000000000000000000000000000000000C6
:107AC0000000000000000000000002000020020092
:107AD000002003FFFFE003FFFFE00201002002019E
:107AE000002002010000020100000201000002016A
:107AF000000002038000030FE0000300000003C049
:107B00000000006000000000000000000000000015
:107B10000000000000000000000000000000000065
:107B20000000000000000000000000000000000055
:107B30000000000000000000000000000000000045
:107B4000000000000000000000000007F800003FF7
:107B5000FE000070078001C001C00100004003006A
:107B6000002002000020020000200200002001008E
:107B700020200100204003C03F8000303F800000F3
:107B800020000000200000000000000000000000B5
:107B900000000000000000000000000000000000E5
:107BA00000000000000000000000000000000000D5
:107BB00000000000000000000000000000000000C5
:107BC000000000000000020000200200002003FF6F
:107BD000FFE003FFFFE002008020020080200000A1
:107BE0008000000080000000800002008020020071
:107BF000802003FFFFE003FFFFE0020000200200FF
:107C00000020000000000000000000000000000054
:107C10000000000000000000000000000000000064
:107C20000000000000000000000000000000000054
:107C30000000000000000000000000000000000044
:107C40000000000000000000000000000000000034
:107C500000000200002002000020020000200200BC
:107C6000002003FFFFE003FFFFE00200002002000E
:107C700000200200002002000020000000000000A0
:107C800000000000000000000000000000000000F4
:107C900000000000000000000000000000000000E4
:107CA00000000000000000000000000000000000D4
:107CB00000000000000000000000000000000000C4
:107CC000000000000000000000000000000E0000A6
:107CD000000F0000000F0000000102000001020080
:107CE0000001020000030200000603FFFFFC03FF87
:107CF000FFF8020000000200000002000000020085
:107D00000000000000000000000000000000000073
:107D10000000000000000000000000000000000063
:107D20000000000000000000000000000000000053
:107D30000000000000000000000000000000000043
:107D4000000000000000000000000200002002000F
:107D5000002003FFFFE003FFFFE00200C02002015C
:107D6000002000078000000FE0000030F8000260F3
:107D70003E2003800F20030003E0020000E0020029
:107D800000200000002000000000000000000000B3
:107D900000000000000000000000000000000000E3
:107DA00000000000000000000000000000000000D3
:107DB00000000000000000000000000000000000C3
:107DC000000000000000000000000200002002008F
:107DD000002003FFFFE003FFFFE00200002002009D
:107DE0000020000000200000002000000020000013
:107DF00000200000002000000060000000E0000003
:107E0000030000000000000000000000000000006F
:107E10000000000000000000000000000000000062
:107E20000000000000000000000000000000000052
:107E30000000000000000000000000000000000042
:107E4000000000000000020000200200002003FFEC
:107E5000FFE003E0002003FF0020001FF00000010E
:107E6000FF8000000FE000001E000003E000003E65
:107E7000002003E0002003FFFFE003FFFFE002001B
:107E800000200200002000000000000000000000B0
:107E900000000000000000000000000000000000E2
:107EA00000000000000000000000000000000000D2
:107EB00000000000000000000000000000000000C2
:107EC000000000000000020000200200002003FF6C
:107ED000FFE00380002003F0002000FC0000001FF2
:107EE00000000007C0000001F00000007C0002005C
:107EF0001F80020007E003FFFFE002000000020015
:107F00000000000000000000000000000000000071
:107F10000000000000000000000000000000000061
:107F20000000000000000000000000000000000051
:107F30000000000000000000000000000000000041
:107F400000000000000000000000000FF800003FEB
:107F5000FE0000F00780018000C001000040020028
:107F6000002002000020020000200200002001008A
:107F70000040018000C000F00380003FFE00000FC1
:107F8000F8000000000000000000000000000000F9
:107F900000000000000000000000000000000000E1
:107FA00000000000000000000000000000000000D1
:107FB00000000000000000000000000000000000C1
:107FC000000000000000000000000200002002008D
:107FD000002003FFFFE003FFFFE00200802002001B
:107FE0008020020080000200800002008000020069
:107FF0008000030180000183000000FE0000007C7F
:108000000000000000000000000000000000000070
:108010000000000000000000000000000000000060
:108020000000000000000000000000000000000050
:108030000000000000000000000000000000000040
:1080400000000000000000000000000FF800007FAA
:10805000FF0000F00380018001C001000640020023
:1080600004200200042002000620020003E00100B8
:1080700000F80180005C00E0038C003FFF0C000F63
:10808000FC180000000000000000000000000000DC
:1080900000000000000000000000000000000000E0
:1080A00000000000000000000000000000000000D0
:1080B00000000000000000000000000000000000C0
:1080C000000000000000000000000200002002008C
:1080D000002003FFFFE003FFFFE002010020020198
:1080E0000020020180000201E0000201FC00030305
:1080F0003F80018607E001FC00E000F8002000005E
:10810000002000000000000000000000000000004F
:10811000000000000000000000000000000000005F
:10812000000000000000000000000000000000004F
:10813000000000000000000000000000000000003F
:1081400000000000000000000000000000000078B7
:10815000060000FE01E0018600C0030300400203A8
:10816000002002018020020180200201C0200200C4
:10817000C0200100E060018070C003E03F8000008B
:108180001F000000000000000000000000000000D0
:1081900000000000000000000000000000000000DF
:1081A00000000000000000000000000000000000CF
:1081B00000000000000000000000000000000000BF
:1081C00000000000000000000000006000000380CC
:1081D0000000030000000200000002000020020076
:1081E000002003FFFFE003FFFFE002000020020089
:1081F000002002000000020000000380000000E0F8
:10820000000000000000000000000000000000006E
:10821000000000000000000000000000000000005E
:10822000000000000000000000000000000000004E
:10823000000000000000000000000000000000003E
:10824000000000000000020000000200000003FF28
:10825000FF0003FFFFC002000040020000600000BA
:10826000002000000020000000200000002002008C
:1082700000400200008003FFFF0002000000020037
:1082800000000000000000000000000000000000EE
:1082900000000000000000000000000000000000DE
:1082A00000000000000000000000000000000000CE
:1082B00000000000000000000000000000000000BE
:1082C00000000000000000000000020000000200AA
:1082D000000003C0000003FC0000023FC0000003D8
:1082E000F80000007F80000007E000000780000029
:1082F00078000203C000023C000003C0000002003E
:10830000000002000000000000000000000000006B
:10831000000000000000000000000000000000005D
:10832000000000000000000000000000000000004D
:10833000000000000000000000000000000000003D
:108340000000000000000200000003C0000003FF66
:108350008000023FFE0002007FE000000F000200EC
:10836000F00003EF000003FF8000020FFE0000009A
:108370003FE000001F000207E00003F800000300D8
:1083800000000200000000000000000000000000EB
:1083900000000000000000000000000000000000DD
:1083A00000000000000000000000000000000000CD
:1083B00000000000000000000000000000000000BD
:1083C0000000000000000000000002000020020089
:1083D0000020038000E003F0032002FC0C20021FB9
:1083E00030000007C0000007F00002187C000260A7
:1083F0001F20038003E0020000E0020000200000D4
:10840000002000000000000000000000000000004C
:10841000000000000000000000000000000000005C
:10842000000000000000000000000000000000004C
:10843000000000000000000000000000000000003C
:108440000000000000000000000002000000030027
:10845000000003C0000003F80000023E0020020FED
:10846000C0200001FFE000007FE000038020021C2C
:1084700000200270000003800000020000000200E3
:1084800000000000000000000000000000000000EC
:1084900000000000000000000000000000000000DC
:1084A00000000000000000000000000000000000CC
:1084B00000000000000000000000000000000000BC
:1084C000000000000000000000000000002000602C
:1084D00000E0038003E003000FA002003E20020042
:1084E000F8200203E020020F8020023E00200278E4
:1084F000002003E00060038000E0020003000000B1
:10850000000000000000000000000000000000006B
:10851000000000000000000000000000000000005B
:10852000000000000000000000000000000000004B
:10853000000000000000000000000000000000003B
:10854000000000000000000000000000000000002B
:1085500000000000000000000000000000001FFFFD
:10856000FFFC1000000410000004100000041000C4
:1085700000041000000410000004100000040000BB
:1085800000000000000000000000000000000000EB
:1085900000000000000000000000000000000000DB
:1085A00000000000000000000000000000000000CB
:1085B00000000000000000000000000000000000BB
:1085C00000000000000000000000000000000000AB
:1085D00000000700000003C0000000780000001E3B
:1085E00000000003C0000000F00000001E000000BA
:1085F0000780000000F00000003C000000060000C2
:10860000000000000000000000000000000000006A
:10861000000000000000000000000000000000005A
:10862000000000000000000000000000000000004A
:10863000000000000000000000000000000000003A
:10864000000000000000000000000000000010001A
:1086500000041000000410000004100000041000CA
:10866000000410000004100000041FFFFFFC0000C5
:1086700000000000000000000000000000000000FA
:1086800000000000000000000000000000000000EA
:1086900000000000000000000000000000000000DA
:1086A00000000000000000000000000000000000CA
:1086B00000000000000000000000000000000000BA
:1086C00000000000000000000000000000000000AA
:1086D000000000000000020000000400000008008C
:1086E0000000180000001000000018000000180032
:1086F0000000040000000200000000000000000074
:108700000000000000000000000000000000000069
:108710000000000000000000000000000000000059
:108720000000000000000000000000000000000049
:108730000000000000000000000000000000000039
:108740000000000000000000000100000001000027
:108750000001000000010000000100000001000015
:108760000001000000010000000100000001000005
:1087700000010000000100000001000000010000F5
:1087800000010000000100000000000000000000E7
:1087900000000000000000000000000000000000D9
:1087A00000000000000000000000000000000000C9
:1087B00000000000000000000000000000000000B9
:1087C00000000000000000000000000000000000A9
:1087D0000000100000001000000010000000180051
:1087E000000008000000040000000000000000007D
:1087F0000000000000000000000000000000000079
:108800000000000000000000000000000000000068
:108810000000000000000000000000000000000058
:108820000000000000000000000000000000000048
:108830000000000000000000000000000000000038
:1088400000000000000000000000000003800001A4
:108850008FC000038C600006182000041020000464
:1088600010200004202000042040000620400003C7
:10887000FFC00001FFE00000002000000020000019
:1088800000C0000000000000000000000000000028
:1088900000000000000000000000000000000000D8
:1088A00000000000000000000000000000000000C8
:1088B00000000000000000000000000000000000B8
:1088C00000000000000000000000020000000200A4
:1088D000000003FFFFE007FFFFC0000180C00002AF
:1088E00000600002002000040020000400200004BA
:1088F000002000060040000300C00001FF800000CF
:10890000FE00000000000000000000000000000069
:108910000000000000000000000000000000000057
:108920000000000000000000000000000000000047
:108930000000000000000000000000000000000037
:108940000000000000000000000000000000000027
:108950007E000001FF80000381C00002004000068D
:108960000020000400200004002000040020000675
:1089700000200003C0400001C08000000300000090
:1089800000000000000000000000000000000000E7
:1089900000000000000000000000000000000000D7
:1089A00000000000000000000000000000000000C7
:1089B00000000000000000000000000000000000B7
:1089C00000000000000000000000000000000000A7
:1089D0007E000001FF80000380C0000600600004EC
:1089E00000200004002000040020020400400202D5
:1089F000008003FFFFE007FFFFC000000040000011
:108A00000040000000000000000000000000000026
:108A10000000000000000000000000000000000056
:108A20000000000000000000000000000000000046
:108A30000000000000000000000000000000000036
:108A40000000000000000000000000000000000026
:108A50007E000001FF80000311C0000210400004EE
:108A600010600004102000041020000410200006F4
:108A70001020000310400001F0C000007100000051
:108A800000000000000000000000000000000000E6
:108A900000000000000000000000000000000000D6
:108AA00000000000000000000000000000000000C6
:108AB00000000000000000000000000000000000B6
:108AC00000000000000000000000000000000004A2
:108AD0000000000400200004002000040020007FAB
:108AE000FFE001FFFFE00104002003040020020476
:108AF000002002040020020400000200000001C067
:108B0000000001C0000000000000000000000000A4
:108B10000000000000000000000000000000000055
:108B20000000000000000000000000000000000045
:108B30000000000000000000000000000000000035
:108B40000000000000000000000000000000000025
:108B5000001C0000E33E0003FFC200020CC300043F
:108B600004C1000404C1000404C1000404C10006DF
:108B70000CC10003F8C30005F0620006007E000689
:108B8000003C0000000000000000000000000000A9
:108B900000000000000000000000000000000000D5
:108BA00000000000000000000000000000000000C5
:108BB00000000000000000000000000000000000B5
:108BC0000000000000000000000002000020020081
:108BD000002003FFFFE007FFFFE00001002000028C
:108BE0000020000600000004000000040000000453
:108BF0000020000600200003FFE00001FFE000006D
:108C00000020000000200000000000000000000024
:108C10000000000000000000000000000000000054
:108C20000000000000000000000000000000000044
:108C30000000000000000000000000000000000034
:108C40000000000000000000000000000000000024
:108C500000000004002000040020000400200004A4
:108C600000200387FFE0038FFFE003800020000067
:108C70000020000000200000002000000000000094
:108C800000000000000000000000000000000000E4
:108C900000000000000000000000000000000000D4
:108CA00000000000000000000000000000000000C4
:108CB00000000000000000000000000000000000B4
:108CC00000000000000000000000000000000000A4
:108CD0000000000000060000000700000001000086
:108CE000000100040001000400010004000300046E
:108CF00000060387FFFC038FFFF8038000000000DD
:108D00000000000000000000000000000000000063
:108D10000000000000000000000000000000000053
:108D20000000000000000000000000000000000043
:108D30000000000000000000000000000000000033
:108D400000000000000000000000020000200200FF
:108D5000002003FFFFE007FFFFE000000820000005
:108D60001020000030000000FC0000058E0000070D
:108D700007A0000601E0000400E00004002000005D
:108D800000200000000000000000000000000000C3
:108D900000000000000000000000000000000000D3
:108DA00000000000000000000000000000000000C3
:108DB00000000000000000000000000000000000B3
:108DC00000000000000000000000000000000000A3
:108DD000000002000020020000200200002002002B
:108DE000002003FFFFE007FFFFE00000002000007D
:108DF0000020000000200000002000000000000013
:108E00000000000000000000000000000000000062
:108E10000000000000000000000000000000000052
:108E20000000000000000000000000000000000042
:108E30000000000000000000000000000000000032
:108E400000000000000000000000000400200007F7
:108E5000FFE0000FFFE0000200200004000000041B
:108E600000200007FFE00003FFE0000200200004F4
:108E70000000000400200007FFE00003FFE0000006
:108E800000200000000000000000000000000000C2
:108E900000000000000000000000000000000000D2
:108EA00000000000000000000000000000000000C2
:108EB00000000000000000000000000000000000B2
:108EC000000000000000000000000004002000047A
:108ED00000200007FFE0000FFFE00001002000027B
:108EE0000020000200000004000000040000000454
:108EF0000020000600200003FFE00001FFE000006A
:108F00000020000000200000000000000000000021
:108F10000000000000000000000000000000000051
:108F20000000000000000000000000000000000041
:108F30000000000000000000000000000000000031
:108F40000000000000000000000000000000000021
:108F50007E000000FF80000381C000020040000688
:108F6000002000040020000400200004002000066F
:108F7000002000020040000381C00001FF800000CB
:108F80007E00000000000000000000000000000063
:108F900000000000000000000000000000000000D1
:108FA00000000000000000000000000000000000C1
:108FB00000000000000000000000000000000000B1
:108FC0000000000000000000000000040001000498
:108FD00000010007FFFF000FFFFF000100C10002BA
:108FE00000410004002000040020000400200004D0
:108FF000002000060040000301C00001FF800000C7
:109000007E000000000000000000000000000000E2
:109010000000000000000000000000000000000050
:109020000000000000000000000000000000000040
:109030000000000000000000000000000000000030
:109040000000000000000000000000000000000020
:109050007E000001FF80000380C000020060000469
:109060000020000400200004002000040020000272
:109070000041000300C10003FFFF0007FFFF0000E5
:1090800000010000000100000000000000000000DE
:1090900000000000000000000000000000000000D0
:1090A00000000000000000000000000000000000C0
:1090B00000000000000000000000000000000000B0
:1090C0000000000000000000000000040020000478
:1090D00000200004002000040020000FFFE0000F2B
:1090E000FFE00000C0200001002000020020000678
:1090F000002000040000000400000007000000033E
:10910000000000000000000000000000000000005F
:10911000000000000000000000000000000000004F
:10912000000000000000000000000000000000003F
:10913000000000000000000000000000000000002F
:10914000000000000000000000000000000000001F
:1091500003E00001C0E00003E0400006302000040E
:1091600030200004182000041820000418200004F7
:109170000C2000020C60000307C000078380000081
:1091800000000000000000000000000000000000DF
:1091900000000000000000000000000000000000CF
:1091A00000000000000000000000000000000000BF
:1091B00000000000000000000000000000000000AF
:1091C000000000000000000000000000000000049B
:1091D00000000004000000040000000C0000001F5C
:1091E000FF8000FFFFC000040060000400200004B6
:1091F0000020000400200004004000000180000066
:10920000000000000000000000000000000000005E
:10921000000000000000000000000000000000004E
:10922000000000000000000000000000000000003E
:10923000000000000000000000000000000000002E
:109240000000000000000000000000040000000416
:1092500000000007FF80000FFFC00000006000005A
:10926000002000000020000000200000002000047A
:109270000040000400800007FFE0000FFFC0000076
:10928000004000000040000000000000000000005E
:1092900000000000000000000000000000000000CE
:1092A00000000000000000000000000000000000BE
:1092B00000000000000000000000000000000000AE
:1092C0000000000000000000000000040000000496
:1092D0000000000780000007F0000004FE0000040A
:1092E0001FC0000003E00000038000001C00000419
:1092F000600000078000000600000004000000007D
:10930000000000000000000000000000000000005D
:10931000000000000000000000000000000000004D
:10932000000000000000000000000000000000003D
:10933000000000000000000000000000000000002D
:10934000000000000000000400000006000000070C
:10935000C0000007FC0000043F80000003E00004A0
:109360000F800006F0000007F0000007FF800004F7
:109370000FE00000038000043C000007C00000066E
:1093800000000004000000000000000000000000D9
:1093900000000000000000000000000000000000CD
:1093A00000000000000000000000000000000000BD
:1093B00000000000000000000000000000000000AD
:1093C0000000000000000000000000000020000479
:1093D000002000040060000700E000078320000771
:1093E000E6000004F80000003C0000045E200005D8
:1093F00087A0000601E000040060000400200000D7
:10940000002000000000000000000000000000003C
:10941000000000000000000000000000000000004C
:10942000000000000000000000000000000000003C
:10943000000000000000000000000000000000002C
:109440000000000000000000000000040000000414
:109450000003000700030007E0010004F801000416
:109460001F02000007FC000000E0000007000004ED
:1094700038000007C00000060000000400000004DF
:1094800000000000000000000000000000000000DC
:1094900000000000000000000000000000000000CC
:1094A00000000000000000000000000000000000BC
:1094B00000000000000000000000000000000000AC
:1094C0000000000000000000000000000000000795
:1094D0008060000600E0000403E0000407A0000430
:1094E0000E2000043C20000470200005E02000074E
:1094F000802000070060000400E0000003800000FE
:10950000000000000000000000000000000000005B
:10951000000000000000000000000000000000004B
:10952000000000000000000000000000000000003B
:10953000000000000000000000000000000000002B
:10954000000000000000000000000000000000001B
:10955000000000000000000000000000000000000B
:10956000000000008000000080000001400007FEB5
:109570003FF8080000041000000210000002000084
:1095800000000000000000000000000000000000DB
:1095900000000000000000000000000000000000CB
:1095A00000000000000000000000000000000000BB
:1095B00000000000000000000000000000000000AB
:1095C000000000000000000000000000000000009B
:1095D000000000000000000000000000000000008B
:1095E000000000000000FFFFFFFF0000000000007F
:1095F000000000000000000000000000000000006B
:10960000000000000000000000000000000000005A
:10961000000000000000000000000000000000004A
:10962000000000000000000000000000000000003A
:10963000000000000000000000000000000000002A
:10964000000000000000000000000000000010000A
:109650000002100000020800000407FE3FF80001AD
:1096600040000000800000008000000000000000BA
:1096700000000000000000000000000000000000EA
:1096800000000000000000000000000000000000DA
:1096900000000000000000000000000000000000CA
:1096A00000000000000000000000000000000000BA
:1096B00000000000000000000000000000000000AA
:1096C0000000000000000000000018000000300052
:1096D00000004000000040000000400000002000AA
:1096E000000030000000080000000400000002003C
:1096F000000002000000020000000C000000180042
:109700000000000000000000000000000000000059
:109710000000000000000000000000000000000049
:109720000000000000000000000000000000000039
:109730000000000000000000000000000000000029
:1097400000000000000000006897000800000020F2
:109750002C000000C4010008949700082C00002091
:109760004C080000E00100080024F40001000000A3
:1097700010000000000000000000000000000000D9
:1097800000000000000000FFFFFFFFFF00000000DE
:0497900000000000D5
:040000050800018965
:00000001FF
