:020000040800F2
:1000000090B10120FD020008FB1E0008F31E00084D
:10001000F71E000815090008092500080000000067
:100020000000000000000000000000003D02000889
:10003000310900080000000099020008DB1F0008D9
:100040002103000821030008210300082103000800
:1000500021030008210300082103000821030008F0
:1000600021030008210300082103000821030008E0
:1000700021030008210300082103000821030008D0
:1000800021030008210300082103000821030008C0
:1000900021030008210300082103000821030008B0
:1000A00021030008210300082103000821030008A0
:1000B000210300080520000821030008210300088F
:1000C0002103000821030008210300082103000880
:1000D00021030008F9240008210300082103000877
:1000E0002103000821030008210300082103000860
:1000F0002103000821030008210300082103000850
:10010000210300082103000821030008210300083F
:10011000210300082103000821030008152000081E
:10012000210300082103000821030008210300081F
:10013000210300082103000821030008210300080F
:1001400021030008210300082103000821030008FF
:1001500021030008210300082103000821030008EF
:1001600021030008210300082103000821030008DF
:1001700021030008210300082103000800000000FB
:10018000210300082103000800F002F800F047F8FE
:100190000AA090E8000C82448344AAF10107DA45E2
:1001A00001D100F03CF8AFF2090EBAE80F0013F0ED
:1001B000010F18BFFB1A43F0010318477CC0000071
:1001C0009CC00000103A24BF78C878C1FAD8520702
:1001D00024BF30C830C144BF04680C6070470000C1
:1001E0000023002400250026103A28BF78C1FBD840
:1001F000520728BF30C148BF0B607047642900F028
:100200008581782900F0BE81732900F0E382002007
:1002100070471FB509F018F81FBD10B510BD00F0EC
:1002200047FB1146FFF7F5FF05F0A6FE00F065FB62
:1002300003B4FFF7F2FF03BC02F09CF92C4B1968E2
:100240000868B0E8F04F80F30988BFF36F8F4FF074
:10025000000080F311887047000000000848006823
:10026000006880F308884FF0000080F3148862B6BD
:1002700061B6BFF34F8FBFF36F8F00DF00BF00BFCA
:1002800008ED00E0DFF80C00016841F47001016046
:10029000704700BF88ED00E0EFF30980BFF36F8F78
:1002A000134B1A681EF0100F08BF20ED108A20E9CA
:1002B000F04F106009B44FF0500080F31188BFF385
:1002C0004F8FBFF36F8F07F05FFD4FF0000080F39B
:1002D000118809BC19680868B0E8F04F1EF0100FCB
:1002E00008BFB0EC108A80F30988BFF36F8F7047A6
:1002F00078000020EFF30580704700000C4801688B
:1003000041F4700101600B4880470B480047FEE74D
:10031000FEE7FEE7FEE7FEE7FEE7FEE7FEE7FEE7B5
:10032000FEE7000005480649044A064B70470000F6
:1003300088ED00E0F11F00088901000890AD012060
:1003400090B1012090AD0120704753EA020C00F0FB
:1003500069802DE9F04B4FF00006002B1FBFB3FA68
:1003600083F503FA05F424FA05F65E4012BF16433E
:10037000B2FA82F502FA05F4C5F120051EBF22FA91
:1003800005FC44EA0C04203556EA044C4FEA1444B8
:1003900018BF641C4FF000084FF00009904271EB49
:1003A000030C39D3002919BFB1FA81F701FA07F616
:1003B000B0FA80F700FA07F6C7F120071EBF20FA4F
:1003C00007FC46EA0C062037B6FBF4FCA7EB050752
:1003D000103F07F01F0BCBF120060CFA0BFB2CFA99
:1003E00006F644BFB3460026202FA4BF5E464FF05A
:1003F000000B5BEA060C08BF4FF0010B19EB0B0971
:10040000ABFB027C48EB0608C01B06FB02CC0BFBD7
:1004100003CC71EB0C01C1E70B460246414648464E
:10042000BDE8F08B13B54FF000004FF00001AFF3C3
:100430000080BDE81C4070470FB4044910B503AA02
:10044000029800F0CBF910BC5DF814FB30000020DE
:100450002DE9F0410E460446002020622046E16866
:10046000884730B3252805D0D4E901219047206A78
:10047000401CF2E7E168204600278847050018D0B5
:10048000A5F14100192802D820354FF40067324603
:10049000294620462760FFF7B1FE40B1012804D06D
:1004A000F61D26F007060836D8E7361DD6E728469B
:1004B000DAE7206ABDE8F08170B50C460546012AEE
:1004C00005D02878800600D5EA69002302E00123E0
:1004D00005E05B1C934202D2E05C0028F9D1A869D8
:1004E000E618C01AA861286A184428622846AFF3A3
:1004F000008004E0D5E9012114F8010B9047B442D3
:10050000F8D32846AFF3008070BD00002DE9F0411C
:100510000646002410687529314616A510D0AFF3A1
:100520000080002802DA404213A507E031688A07FC
:1005300001D512A502E0490704D511A5012401E067
:10054000AFF3008000210A2206F1240709E0B0FB86
:10055000F2FCB0FBF2F302FB1C003030785418467A
:10056000491C0028F3D123462A463046BDE8F04115
:1005700000F0ACB8000000002D0000002B000000CF
:100580002000000070B504460D4621461068AFF308
:1005900000802188090502D50F4A7A4402E00E4AFC
:1005A0007A440E32002104F1240305E000F00F0626
:1005B0000009965D5E54491C0028F7D1207800237D
:1005C000000704D5702D02D009B102231132204654
:1005D000BDE8704000F07AB872BC0000032A40F217
:1005E000308010F0030C00F0158011F8013BBCF1D5
:1005F000020F624498BF11F801CB00F8013B38BFED
:1006000011F8013BA2F1040298BF00F801CB38BFFA
:1006100000F8013B11F0030300F0F280083AC0F04B
:10062000088051F8043B083A51F804CBA0E80810C0
:10063000F5E7121D5CBF51F8043B40F8043BAFF3F3
:100640000080D20724BF11F8013B11F801CB48BF4D
:1006500011F8012B24BF00F8013B00F801CB48BF83
:1006600000F8012B704702F0FF0343EA032242EA3D
:10067000024200F0F9B84FF0000200B5134694466C
:100680009646203922BFA0E80C50A0E80C50B1F1EA
:100690002001BFF4F7AF090728BFA0E80C5048BFFE
:1006A0000CC05DF804EB890028BF40F8042B08BF9C
:1006B000704748BF20F8022B11F0804F18BF00F898
:1006C000012B704770477047704770472DE9F0471E
:1006D0000D4699469246044600F1240801688806B2
:1006E00004D5E06921F01001216000E00120A8425A
:1006F00001DD471B00E00027A1697A1902EB090020
:10070000081AA0612078C00602D42046AFF300800A
:10071000002608E0D4E901211AF806009047206A73
:10072000401C761C20624E45F4DB2078C0060AD5BA
:100730002046AFF3008006E0D4E901213020904745
:10074000206A401C2062381EA7F10107F4DC07E094
:10075000D4E9012118F805009047206A401C206266
:10076000281EA5F10105F3DC2046AFF300802078B8
:10077000000602D50220BDE8F0870120FBE700005B
:1007800001694A1C02610878704700B58FB0CDE955
:1007900001310021059105497944CDE90310114645
:1007A0006846FFF755FE0FB000BD0000E5FFFFFFF4
:1007B00010B5436913B1AFF3008001E0FFF77CFE91
:1007C000012010BD127800F124010A7000224A7045
:1007D0000122EDE711684FF0FF32E9E7074B70B5F2
:1007E0000D467B44FFF7D1FF0446284600F05CF835
:1007F00010B14FF0FF3070BD204670BD271F0000C4
:1008000010B5203AC0F00B80B1E81850203AA0E8AB
:100810001850B1E81850A0E81850BFF4F5AF5FEADF
:10082000027C24BFB1E81850A0E8185044BF18C992
:1008300018C0BDE810405FEA827C24BF51F8043B39
:1008400040F8043B08BF7047D20728BF31F8023B8D
:1008500048BF11F8012B28BF20F8023B48BF00F821
:10086000012B70474FF000020429C0F0128010F0F5
:10087000030C3FF402AFCCF1040CBCF1020F18BF23
:1008800000F8012BA8BF20F8022BA1EB0C01FFF709
:10089000F4BE5FEAC17C24BF00F8012B00F8012BF5
:1008A00048BF00F8012B7047007B00F080007047C4
:1008B000754600F02BF8AE4605006946534620F019
:1008C0000700854618B020B5FFF72CFDBDE8204095
:1008D0004FF000064FF000074FF000084FF0000BFC
:1008E00021F00701AC46ACE8C009ACE8C009ACE8AF
:1008F000C009ACE8C0098D46704710B50446AFF397
:1009000000802046BDE81040FFF792BC00487047C9
:100910002CAD012000BFFEE710B55321092001F0E6
:1009200067FE00200149086010BD00005000002053
:100930007047000070B504461D460023B5F5804F92
:1009400013D154F822300C480340D1E9000640EAA4
:1009500006108E6840EA06208E8940EA06408E69BD
:100960003043034344F8223003E06FF0704044F812
:100970002200002070BD00000000F0CF10B503463B
:100980000022086853F8202012480240D1E90104EF
:100990002043CC6820430C6920434C6920438C6978
:1009A0002043CC6920430C6A20434C6A20438C6A64
:1009B0002043CC6A2043CC6B20430C6B2043024382
:1009C0008868082801D142F04002086843F82020D6
:1009D000002010BD8000F0FF30B503460024501CFD
:1009E00053F8204004F04044D1E9000540EA0510E6
:1009F0008D6840EA05208D8940EA0545088A401E39
:100A000045EA0055087D801E45EA00608D6928434F
:100A10000443501C43F82040002030BD70B504460C
:100A2000A56D00F07BF9064694F83500022808D041
:100A30008020606500BF002084F8340000BF0120E2
:100A400070BD2068006820F01600216808602068EA
:100A5000406920F0800021684861206C08B9A06CD2
:100A600028B12068006820F008002168086020682C
:100A7000006820F00100216808600FE000F04EF9E6
:100A8000801B05280AD92020606500BF002084F85B
:100A9000340000BF032084F83500D1E720680068E7
:100AA00000F001000028E9D194F85C103F20884054
:100AB000A86000BF002084F8340000BF012084F843
:100AC00035000020BCE7014691F83500022803D02C
:100AD0008020486501207047052081F835000868AE
:100AE000006820F001000A6810600020F3E70000B1
:100AF000F8B502460B460025002400200021DEE068
:100B0000012606FA01F51E6806EA0504AC4275D115
:100B10001E7906F00306012E04D01E7906F00306A6
:100B2000022E13D190684F000326BE40B0434F0001
:100B3000DE68BE4030439060506801268E40B0436E
:100B40001E79C6F300168E40304350601E7906F0C1
:100B50000306032E09D0D0684F000326BE40B043E1
:100B60004F009E68BE403043D0601E7906F00306F9
:100B7000022E13D1CF0802F1200656F827004E07A7
:100B8000F70E0F26BE40B0434F07FF0E1E69BE4052
:100B90003043CF0802F1200646F8270010684F00C6
:100BA0000326BE40B0431E7906F003064F00BE4048
:100BB000304310605E6806F08056B6F1805F7DD1EC
:100BC00000BF00260096404E366846F480463E4FF1
:100BD0003E603E46366806F48046009600BF00BF81
:100BE0003A4E8F0856F827008E07370F0F26BE4063
:100BF000B043374EB24202D1002624E05EE0354ECB
:100C0000B24201D101261EE0334EB24201D102268A
:100C100019E0324EB24201D1032614E0304EB24206
:100C200001D104260FE02F4EB24201D105260AE081
:100C30002D4EB24201D1062605E02C4EB24201D122
:100C4000072600E008268F073F0FBE4030431F4EA7
:100C50008F0846F82700264E3068A0435E6806F4E9
:100C60008036B6F5803F00D12043214E3060361DDE
:100C70003068A0435E6806F40036B6F5003F00D148
:100C800020431B4E361D3060361D3068A0435E6821
:100C900006F48016B6F5801F00D12043144E0836A6
:100CA0003060361D3068A0435E6806F40016B6F565
:100CB000001F00D120430E4E0C363060491C102915
:100CC000FFF41EAFF8BD0000443802400838014070
:100CD000000002400004024000080240000C0240F4
:100CE000001002400014024000180240001C0240A4
:100CF000003C0140024613690B400BB1012000E0AB
:100D0000002070470AB1816101E00B0483617047E4
:100D100001480068000C7047002004E001480068AA
:100D20007047000038000020034800680349097834
:100D30000844014908607047380000204000002046
:100D400010B50A48006840F4007008490860084679
:100D5000006840F480600860032000F07FF80F20F6
:100D600000F006F800F02AF8002010BD003C024018
:100D700070B504460E4800784FF47A71B1FBF0F07C
:100D80000C490968B1FBF0F5284600F09BFC08B15E
:100D9000012070BD102C07D200222146501E00F009
:100DA0001EF80548046001E00120F2E70020F0E7AA
:100DB00040000020000000203C0000207047014659
:100DC0000846002809DB00F01F0301229A4043096E
:100DD0009B0003F1E023C3F8002100BF70472DE919
:100DE000F05F80460D461646002701F0A7FB074638
:100DF00039462A46334601F00700C0F1070ABAF126
:100E0000040F02D94FF0040A01E0C0F1070AD146ED
:100E100000F1040ABAF1070F02D24FF0000A01E014
:100E2000A0F1030AD4464FF0010A0AFA09FAAAF11E
:100E3000010A0AEA020A0AFA0CFA4FF0010B0BFA4D
:100E40000CFBABF1010B0BEA030B4AEA0B04214646
:100E5000404601F07BFBBDE8F09F000000BF00F0C2
:100E60000702064B19684FF6FF031940044B0B436A
:100E700043EA0221014B196000BF70470CED00E00E
:100E80000000FA0570B504460D460CB9012070BD8E
:100E90005848006800F00700A84209D255490D7073
:100EA0000846006800F00700A84201D00120EEE7E4
:100EB000207800F0020002281DD1207800F0040004
:100EC000042805D14C48006840F4E0504A490860C5
:100ED000207800F00800082805D14748006840F451
:100EE0006040454908604448006820F0F000A1686F
:100EF000084341490860207800F00100A8B3606809
:100F0000012807D13C4808380068C0F34040B8B910
:100F10000120BCE76068022802D06068032807D17E
:100F2000354808380068C0F3406048B90120AEE792
:100F3000314808380068C0F3400008B90120A6E72E
:100F40002D48006820F00300616808432A490860C2
:100F5000FFF7E4FE064609E0FFF7E0FE801B41F2E2
:100F60008831884202D9032091E707E022480068CF
:100F700000F00C006168B0EB810FEDD11D480068F6
:100F800000F00700A84209D91A490D700846006808
:100F900000F00700A84201D0012078E7207800F097
:100FA0000400042807D11448006820F4E050E168E8
:100FB000084311490860207800F00800082808D18B
:100FC0000D48006820F46040216940EAC1000A49E8
:100FD000086000F03FF808490968C1F30311074AA7
:100FE000515CC8400649086006480068FFF7C0FE2B
:100FF00000204CE7003C02400838024052920008B2
:10100000000000203C0000200148006870470000FC
:101010000000002000B5FFF7F7FF04490968C1F39D
:101020008221034A515CC84000BD000008380240DC
:101030006292000800B5FFF7E7FF04490968C1F3B1
:101040004231034A515CC84000BD000008380240EC
:10105000629200082DE9F047002400250026A146F1
:101060002548006800F00C0020B1042805D00828AD
:101070003AD105E0DFF8849039E0DFF8849036E07B
:101080001D48001F006800F03F041B48001F006857
:1010900000F4800078B11A481749091F0968C1F3A4
:1010A0008811A0FB01700146224600233846FFF755
:1010B0004CF905460EE011480F49091F0968C1F3B4
:1010C0008811A0FB01700146224600233846FFF735
:1010D0003CF905460848001F0068C0F30140401C69
:1010E0004600B5FBF6F902E0DFF8109000BF00BF44
:1010F0004846BDE8F0870000083802400024F400AC
:1011000000127A00F8B504460CB90120F8BD207829
:1011100000F00100002874D0F948006800F00C00CD
:1011200004280DD0F648006800F00C00082813D100
:10113000F348001F006800F48000B0F5800F0BD169
:10114000EF4808380068C0F34040002859D0606874
:10115000002856D10120D9E700BF6068B0F5803F74
:1011600008D1E7480838006840F48030E44908397D
:1011700008601EE06068B0F5A02F0DD1E048083887
:10118000006840F48020DE4908390860084600689D
:1011900040F4803008600CE0D9480838006820F43A
:1011A0008030D749083908600846006820F480205C
:1011B000086000BF606890B1FFF7B0FD054606E02B
:1011C000FFF7ACFD401B642801D903209EE7CC4803
:1011D00008380068C0F340400028F1D011E0FFF764
:1011E0009DFD054606E0FFF799FD401B642801D9E7
:1011F00003208BE7C24808380068C0F3404000284D
:10120000F1D1207800F0020002285FD1BC480068CC
:1012100000F00C0058B1BA48006800F00C00082833
:101220001CD1B748001F006800F48000B0B9B44872
:1012300008380068C0F3400020B1E068012801D000
:10124000012063E7AE480838006820F0F800216903
:1012500040EAC100AA490839086037E0E06800B3F5
:101260000120A8490860FFF759FD054606E0FFF791
:1012700055FD401B022801D9032047E7A048083844
:101280000068C0F340000028F1D09D48083800688D
:1012900020F0F800216940EAC10099490839086046
:1012A00014E0002097490860FFF738FD054606E086
:1012B000FFF734FD401B022801D9032026E79048A0
:1012C00008380068C0F340000028F1D1207800F011
:1012D000080008282CD16069A8B101208A4908605B
:1012E000FFF71CFD054606E0FFF718FD401B02282E
:1012F00001D903200AE782486C300068C0F340003F
:101300000028F1D014E000207F490860FFF706FDB7
:10131000054606E0FFF702FD401B022801D9032025
:10132000F4E677486C300068C0F340000028F1D143
:10133000207800F00400042870D10027704838306D
:10134000006800F0805090B900BF002000906C4809
:101350003830006840F080506949383108600846EC
:10136000006800F08050009000BF00BF0127674870
:10137000006800F48070B0B96448006840F4807080
:1013800062490860FFF7CAFC054606E0FFF7C6FCA5
:10139000401B022801D90320B8E65C48006800F42D
:1013A00080700028F2D000BFA068012808D15448FE
:1013B0006830006840F001005149683108601DE064
:1013C000A06805280DD14E486830006840F0040040
:1013D0004B49683108600846006840F00100086029
:1013E0000CE047486830006820F00100444968314B
:1013F00008600846006820F00400086000BFA0688C
:10140000A8B1FFF78BFC054609E0FFF787FC401BFE
:1014100041F28831884202D9032077E626E0384835
:1014200068300068C0F340000028EED013E0FFF7FA
:1014300075FC054608E0FFF771FC401B41F288315E
:10144000884201D9032061E62D4868300068C0F366
:1014500040000028EFD1012F07D12948383000681B
:1014600020F0805026493831086000BFA06900286C
:1014700045D02348006800F00C0008285DD0A06922
:10148000022845D100201F490866FFF747FC0546A2
:1014900006E0FFF743FC401B022801D9032035E694
:1014A000174808380068C0F340600028F1D1D4E93B
:1014B00007010843616A40EA81110122A06AC2EB78
:1014C000500041EA00412C20005D41EA00600C49D7
:1014D000091F086001200B490866FFF71FFC05463D
:1014E00006E0FFF71BFC401B022801D903200DE694
:1014F000034808380068C0F340600028F1D049E094
:101500000838024000004742800E47420070004009
:10151000002021490866FFF701FC054606E0FFF7B9
:10152000FDFB401B022801D90320EFE51B480068A2
:10153000C0F340600028F2D12CE0A069012800D15E
:10154000E4E51648001D0668A069012820D006F4CD
:101550008001E06981421BD106F03F01206A81428F
:1015600016D147F6C0703040616AB0EB811F0FD1D1
:1015700006F440310122A06AC2EB5000B1EB004FEB
:1015800006D106F070612C20005DB1EB006F01D038
:101590000120BBE50020B9E50000474200380240C9
:1015A00070B504460E4615460CB9012070BD94F87E
:1015B000490028B9002084F84800204600F01CF8B3
:1015C00004F108012068FFF7D9F93146A2682068C4
:1015D000FFF702FA2946236BD4E90102FFF7AAF9C3
:1015E000A168206850F8210040F00100A26821683D
:1015F00041F822000020D9E710B586B0044600BFAC
:10160000002000902248006840F001002049086056
:101610000846006800F00100009000BF00BF00BF56
:10162000002000901A480838006840F00800184967
:10163000083908600846006800F00800009000BF04
:1016400000BF00BF002000900846006840F0100076
:1016500008600846006800F01000009000BF00BF5E
:101660004CF20370019002200290012003900220AE
:1016700004900C20059001A90648FFF739FA4FF6AF
:101680008070019001A90448FFF732FA06B010BD3E
:1016900038380240000C024000100240042808D1F3
:1016A0004FF0E021096941F004014FF0E02211619F
:1016B00007E04FF0E021096921F004014FF0E0223A
:1016C0001161704770B504462546681EB0F1807FF1
:1016D00001D301200FE0681E4FF0E02148610F2187
:1016E0004FF0FF3000F032FF00204FF0E021886122
:1016F00007200861002070BD7047704710B5044690
:101700000CB9012010BD94F83D0028B9002084F8E0
:101710003C00204600F026F8022084F83D00211D00
:10172000206800F07FFC012084F8460000BF84F8A8
:101730003E0001213F200155402001554120015527
:1017400000BF00BF012084F842004320015544201F
:1017500001554520015500BF012084F83D000020BF
:10176000D0E7000038B504461E49206888421AD1E7
:1017700000BF00BF002000901B48006840F002003E
:10178000194908600846006800F00200009000BF98
:1017900000BF00BF002203211D20FFF720FB1D20FA
:1017A000FFF70DFB1DE011492068884219D100BFE9
:1017B00000BF002000900C48006840F020000A495B
:1017C00008600846006800F02000009000BF00BFDD
:1017D00000BF002207213720FFF701FB3720FFF76A
:1017E000EEFA38BD000400404038024000140040CA
:1017F000014691F83D00012801D0012070470220E8
:1018000081F83D000868C06840F001000B68D860AE
:101810001A4B086898421BD00868B0F1804F17D067
:10182000174B0868984213D0164B086898420FD09F
:10183000154B086898420BD0144B0868984207D0A3
:10184000134B0868984203D0124B086898420CD199
:101850000868806800F00702062A0CD00868006853
:1018600040F001000B68186005E00868006840F06F
:1018700001000B6818600020C0E700000000014074
:101880000004004000080040000C0040000401403B
:101890000040014000180040704710B50446206821
:1018A0000069C0F34000D8B12068C068C0F34000B0
:1018B000B0B16FF002002168086101202077206834
:1018C000806900F0030018B12046FFF7E5FF05E04E
:1018D000204600F0ADF8204600F0ABF8002020775D
:1018E00020680069C0F38000D8B12068C068C0F3E8
:1018F0008000B0B16FF004002168086102202077F9
:101900002068806900F4407018B12046FFF7C4FFDA
:1019100005E0204600F08CF8204600F08AF8002010
:10192000207720680069C0F3C000D8B12068C06883
:10193000C0F3C000B0B16FF0080021680861042056
:1019400020772068C06900F0030018B12046FFF737
:10195000A3FF05E0204600F06BF8204600F069F890
:101960000020207720680069C0F30010D8B12068FB
:10197000C068C0F30010B0B16FF0100021680861BA
:10198000082020772068C06900F4407018B1204614
:10199000FFF782FF05E0204600F04AF8204600F0FD
:1019A00048F8002020772068006900F0010058B155
:1019B0002068C06800F0010030B16FF001002168BC
:1019C0000861204600F036F820680069C0F3C010B6
:1019D00058B12068C068C0F3C01030B16FF080000B
:1019E000216808612046FFF787FE20680069C0F380
:1019F000801058B12068C068C0F3801030B16FF01B
:101A0000400021680861204600F036F8206800692F
:101A1000C0F3401058B12068C068C0F3401030B126
:101A20006FF02000216808612046FFF766FE10BDB8
:101A30007047704710B504460748844205D10748EF
:101A40000068401C0549086005E00548844202D151
:101A500004A0FEF7F1FC10BDC802002050000020D9
:101A60001003002054494D37CAE4B3F62E2E2E2E13
:101A70002E2E2E0D0A0000007047704770470000A0
:101A80002DE9F84F0446206805682068C66820687C
:101A900047694FF00009CA4605F00F09B9F1000F78
:101AA0000AD105F0200038B106F0200020B1204610
:101AB00000F059FBBDE8F88FB9F1000F72D007F0C4
:101AC000010018B906F4907000286BD005F00100F1
:101AD00030B106F4807018B1206C40F00100206431
:101AE00005F0040030B107F0010018B1206C40F09F
:101AF0000200206405F0020030B107F0010018B1C7
:101B0000206C40F00400206405F0080048B106F0A5
:101B1000200010B907F0010018B1206C40F0080057
:101B20002064206C70B305F0200028B106F020007E
:101B300010B1204600F017FB20684069C0F3801AFE
:101B4000206C00F0080010B9BAF1000F23D0204635
:101B500000F0DEFA2068406900F04000402816D10D
:101B60002068406920F0400021684861A06B50B1B6
:101B70005648A16B0865A06BFEF7A5FF10B1A06BDE
:101B8000016D88470CE02046FFF778FF08E020460B
:101B9000FFF774FF04E02046FFF770FF0020206489
:101BA00088E7FFE7206B012879D105F010000028B5
:101BB00075D006F01000002871D000BF0020009002
:101BC00020680068009020684068009000BF00BF57
:101BD0002068406900F04000402839D1A06B0068BF
:101BE00040681FFA80F8B8F1000F30D0A08D404552
:101BF0002DDDA4F82E80A06BC069B0F5807F1FD0CA
:101C00002068C06820F480702168C860206840693E
:101C100020F00100216848612068406920F0400000
:101C200021684861202084F83E000020206320685D
:101C3000C06820F010002168C860A06BFEF7EEFEBF
:101C4000A08DE28D801A81B22046FFF716FF31E7A2
:101C5000A08DE18D401A1FFA80F8E08DE8B1B8F14F
:101C6000000F1AD02068C06820F490702168C86006
:101C70002068406920F0010021684861202084F834
:101C80003E00002020632068C06820F0100021681A
:101C9000C86041462046FFF7F0FE0BE7FFE705F07E
:101CA000800030B106F0800018B1204600F0F3FB50
:101CB00000E705F0400030B106F0400018B12046C2
:101CC00000F041FAF6E600BFF4E60000FD2000084F
:101CD00010B504460CB9012010BDA06900B100E0A8
:101CE00000BF94F83D0028B9002084F83C0020464D
:101CF00000F028F8242084F83D002068C06820F413
:101D000000502168C860204600F08CFA2068006905
:101D100020F49040216808612068406920F02A0082
:101D2000216848612068C06840F400502168C8609C
:101D300000202064202084F83D0084F83E0000202C
:101D4000CAE7000010B586B004462E4920688842D4
:101D500055D100BF00BF002000902B48006840F024
:101D60001000294908600846006800F01000009043
:101D700000BF00BF00BF00BF00BF0020009022488E
:101D80001438006840F001001F4914390860084603
:101D9000006800F00100009000BF00BF00BF00BF5E
:101DA00000BF002000900846006840F00100086075
:101DB0000846006800F00100009000BF00BF00BFAF
:101DC0004815019002200290012003900220049007
:101DD0000720059001A90D48FEF78AFE4FF48060A8
:101DE00001900720059001A90848FEF781FE2520F3
:101DF000FEF7E5FF032211462520FEF7F0FF06B0AF
:101E000010BD0000001001404438024000000240B4
:101E100070B504460D46164694F83E00202816D1AB
:101E200005B10EB9012070BD00BF94F83C00012837
:101E300001D10220F7E7012084F83C0000BF002018
:101E4000206332462946204600F002FBEBE70220E1
:101E5000E9E7000010B504462049206888423BD1DC
:101E60001F48008800F4004088BB1D48008800F42B
:101E7000804070B11B4800780A2803D00020184920
:101E8000088024E01648008840F400401449088087
:101E90001DE0144800780D2806D11148008840F450
:101EA00080400F49088012E00E4800780C490988EC
:101EB000C1F30D010C4A505409480088401C0849E0
:101EC000088008460088C72801DD0020088001221C
:101ED00004490648FFF79CFF10BD000000100140B8
:101EE00034000020360000200C010020D401002026
:101EF000704700BFFEE700BFFEE770472DE9F047DF
:101F00000C46DDE90867002100258C4600BF60E033
:101F10004FF0010808FA01F504EA050CAC4557D169
:101F2000D0F800804FEA410A4FF0030909FA0AF994
:101F300028EA0908C0F80080D0F800804FEA41097B
:101F400002FA09F948EA0908C0F80080012A01D01C
:101F5000022A27D1D0F808804FEA410A4FF003093E
:101F600009FA0AF928EA0908C0F80880D0F80880B8
:101F70004FEA410906FA09F948EA0908C0F8088059
:101F8000D0F804904FF0010808FA01F829EA08098E
:101F9000C0F80490D0F8048003FA01F948EA09086F
:101FA000C0F80480D0F80C804FEA410A4FF00309D2
:101FB00009FA0AF928EA0908C0F80C80D0F80C8060
:101FC0004FEA410907FA09F948EA0908C0F80C8004
:101FD000491C10299CD3BDE8F08710B5FEF7A4FE7C
:101FE00006F02EFC012801D006F020F810BD0000FC
:101FF0000348006840F47000014908607047000021
:1020000088ED00E010B50248FFF747FC10BD000066
:10201000C802002010B50248FFF73FFC10BD0000C9
:102020001003002010B50268294B98420ED0B0F181
:10203000804F0BD0274B984208D0274B984205D0B1
:10204000264B984202D0264B984203D122F07002D0
:102050004B681A431E4B984220D0B0F1804F1DD0E0
:102060001C4B98421AD01C4B984217D01B4B9842DD
:1020700014D01B4B984211D01A4B98420ED01A4BD9
:1020800098420BD0194B984208D0194B984205D072
:10209000184B984202D0184B984203D122F4407258
:1020A000CB681A4322F080034C6943EA04020260C1
:1020B0008B68C3620B688362054B984202D0084B61
:1020C000984201D10B6903630123436110BD0000F5
:1020D000000001400004004000080040000C0040E7
:1020E000000401400040014000440140004801401C
:1020F00000180040001C00400020004070B505465C
:10210000AC6B0020E085E0842046FFF7B7FC70BD93
:102110000168C96821F490710268D1600168496959
:1021200021F0010102685161016B012905D10168AB
:10213000C96821F010010268D160202180F83E10AA
:1021400000210163704710B504462068C06820F084
:1021500040002168C860202084F83D002046FFF739
:10216000C7FE002010BD70B5044694F83E0022283A
:1021700056D1A068B0F5805F0CD1206950B9002518
:10218000A66A20684068C0F308003080A06A801CFE
:10219000A06215E0A56A0026A068B0F5805F03D0B4
:1021A000A06828B9206918B920684068287004E040
:1021B0002068406800F07F002870A06A401CA06280
:1021C000E08D401E80B2E08540BB2068C06820F0F2
:1021D00020002168C8602068C06820F480702168F1
:1021E000C8602068406920F0010021684861202013
:1021F00084F83E00206B01280AD12068C06820F0D6
:1022000010002168C860A18D2046FFF736FC02E06F
:102210002046FFF71FFE0020206370BD0020FCE772
:102220000220FAE72DE9F84F04462068006920F4FF
:102230004050E1680843216808612169A0680843AB
:1022400061690843E169084300902068C06849F269
:102250000C618843009908432168C8602068406980
:1022600020F44070A16908432168486176492068DC
:10227000884203D075492068884203D1FEF7DAFE10
:10228000814602E0FEF7C6FE8146E069B0F5004FE8
:102290006CD102206168A0FB015003461920A9FB04
:1022A000007001462A463846FEF74FF86421B0FB1D
:1022B000F1F04FEA001A02206168A0FB01510B46C1
:1022C0001920A9FB00712A463846FEF73EF88346DE
:1022D00002206168A0FB015003461920A9FB007190
:1022E0002A463846FEF731F86421B0FBF1F000EBE6
:1022F000C00101EB0010ABEB8000322101EBC0000C
:102300006421B0FBF1F000F0F8000AEB400A022073
:102310006168A0FB015003461920A9FB007001462B
:102320002A463846FEF711F8834602206168A0FB72
:10233000015003461920A9FB00712A463846FEF7D2
:1023400004F86421B0FBF1F000EBC00101EB0010D8
:10235000ABEB8000322101EBC0006421B0FBF1F057
:1023600000F007005044216888606AE0042061683A
:10237000A0FB015003461920A9FB007001462A4624
:102380003846FDF7E2FF824604206168A0FB015059
:1023900003461920A9FB007001462A463846FDF77E
:1023A000D4FF6421B0FBF1F000EBC00101EB0010A1
:1023B000AAEB8000322101EB00106421B0FBF1F0A8
:1023C00000F0F00A04206168A0FB017003461920A8
:1023D000A9FB00513A462846FDF7B7FF6421B0FB40
:1023E000F1F00AEB001A04206168A0FB01510B46D2
:1023F0001920A9FB00712A463846FDF7A6FF83463F
:1024000004206168A0FB015003461920A9FB00705D
:1024100001462A463846FDF798FF6421B0FBF1F0EB
:1024200000EBC00101EB0010ABEB8000322101EBAF
:1024300000106421B0FBF1F000F00F00504421685F
:102440008860BDE8F88F00000010014000140140D2
:1024500010B5034699629A85DA8500201864222017
:1024600083F83E0000BF002083F83C0000BF1868DE
:10247000C06840F480701C68E0601868406940F0F3
:1024800001001C6860611868C06840F020001C688A
:10249000E060002010BD014691F83D00212828D1C0
:1024A0008868B0F5805F0BD1086948B90A6A10885E
:1024B000C0F308000B685860086A801C086205E0D9
:1024C0000B6A581C086218780B685860C88C401E4C
:1024D00080B2C88458B90868C06820F080000B68D2
:1024E000D8600868C06840F040000B68D8600020E1
:1024F00070470220FCE7000010B50248FFF7C0FA61
:1025000010BD0000D401002000BFFEE770B5062119
:10251000302004F08BFE302004F098FD0546062D97
:1025200003D00621302004F081FE002403E006F0F1
:1025300045FD601C84B2C82CF9DB70BD0248006800
:10254000C0F30220704700000CED00E010B5002839
:1025500004DB0A07130E054A135406E00A07140E9B
:10256000034A00F00F031B1FD45410BD00E400E029
:1025700018ED00E000BF704700F00101194A11603A
:10258000C0F34001184AC2F88412C0F38001154A12
:1025900008321160C0F30011121F1160C0F3401126
:1025A000104A3C321160C0F38011104A1160C0F330
:1025B000C0110C4A38321160C0F300210B4A121DC1
:1025C0001160C0F34021074A34321160C0F380210A
:1025D000044A14321160C0F3C021024A0C32116067
:1025E0007047000080824242000043429002434212
:1025F00070B505460C460748074908600846446020
:1026000000218160C5600161FFF778F80248FFF79B
:10261000EFF870BD00040040C802002000F0010186
:10262000104A1160C0F340010F4AC2F8BC12C0F357
:1026300080010C4A383A1160C0F3C001121D1160CC
:10264000C0F30011094A1160C0F34011121D11605E
:10265000C0F38011121D1160C109054AC2F8A81209
:1026600070470000B8824142008041429C024242D1
:102670000000424270B504460420FFF70FF80A48F4
:10268000046025464FF47A7045434FF0E02000691E
:1026900040F002004FF0E021086108464561006902
:1026A00040F00100086170BD2C00002030B50446E8
:1026B000002504E04FF47A7000F004F86D1CA54288
:1026C000F8D330BD70B5034600224FF0E02675699F
:1026D0000D4E366803FB06F44FF0E026B16910E0BA
:1026E0004FF0E026B06988420BD0884202D20E1A21
:1026F000324402E02E1A0E4432440146A24200D374
:1027000000E0EDE700BF70BD2C00002000BF054ACF
:10271000126802F04002002AF9D0C2B2014B5A609E
:1027200070470000001001400EB54FF4784021A121
:1027300020221346CDE900210290DC220A2108461E
:1027400003F03CFB4FF478401CA118221346CDE95E
:1027500000210290DC222F210A2003F02FFB4FF4EE
:1027600078401BA110221346CDE900210290DC2203
:102770004C210A2003F022FB03220021012005F056
:102780006FFC174908600846006818B115A0FDF7EE
:1027900053FE02E01AA0FDF74FFE2048012100235E
:1027A0008022CDE900101EA1204806F019F805F09E
:1027B0007FFA0EBD53544D333200000046726565FA
:1027C00052544F5320506F7274696E6700000000BE
:1027D00041544F4D40414C49454E54454B0000003B
:1027E00010000020B6FED6B5D0C5BAC5C1BFB4B47E
:1027F000BDA8B3C9B9A6A3A1A3A10D0A00000000FA
:10280000B6FED6B5D0C5BAC5C1BFB4B4BDA8CAA7B7
:10281000B0DCA3A1A3A10D0A000000000400002069
:1028200073746172745F7461736B000011730008DC
:1028300000B587B000BF00BF002001903848006895
:1028400040F01000364908600846006800F01000AB
:10285000019000BF00BF00BF00BF00BF002001907B
:102860000846006840F0100008600846006800F064
:102870001000019000BF00BF00BF00BF00BF0020DC
:1028800001900846006840F01000086008460068A3
:1028900000F01000019000BF00BF00BF00BF00BFEC
:1028A000002001900846006840F0010008600846DA
:1028B000006800F00100019000BF00BF00BF1020C1
:1028C000029000200390012004900220059002A9AC
:1028D0001448FEF70DF90820029000200390012013
:1028E00004900220059002A90E48FEF701F9042089
:1028F000029000200390012004900220059002A97C
:102900000848FEF7F5F8012002900020039002200D
:102910000490059002A90448FEF7EAF807B000BD4C
:1029200030380240001002400000024070B50446FA
:10293000002514B101202B4908702A48007800288E
:1029400034D010212848FEF7D5F978B1082126485F
:10295000FEF7D0F950B104212348FEF7CBF928B196
:1029600001212248FEF7C6F901281FD10A20FFF7EE
:102970009DFE00201B49087010211B48FEF7BAF984
:1029800000B9012508211848FEF7B4F900B902255D
:1029900004211548FEF7AEF900B9032501211348BB
:1029A000FEF7A8F901281BD1042519E010210E48D3
:1029B000FEF7A0F9012813D108210B48FEF79AF978
:1029C00001280DD104210848FEF794F9012807D108
:1029D00001210648FEF78EF910B90120014908705F
:1029E000284670BD4C00002000100240000002404C
:1029F00070B50446002609480588408845430021F3
:102A0000084603F0ABF803F057FA00BF02E00448B1
:102A10000480761CAE42FAD370BD0000680200202C
:102A20008000006C10B5044658488471002C58D1C1
:102A3000F020564908804FF4A070488008468088EE
:102A400045F21051884210D14FF430504F4908815F
:102A50004FF4285048814FF42C5088814FF4F07087
:102A600008804FF4487048801AE04848808841F652
:102A7000631188420DD12C20444908812B204881C4
:102A80002A2088814FF4F07008804FF44870488005
:102A900006E02C203D4908812A2048812B2088818E
:102AA0003A48808845F21031884205D037488088FE
:102AB00047F29671884206D14FF4A07033490880DE
:102AC0004FF4F07048803148808849F6060188420A
:102AD00058D14FF4F0702D4908804FF44870488069
:102AE00050E04FF4A07029490880F0204880084643
:102AF000808845F21051884210D14FF4305023495C
:102B000008814FF4285048814FF42C5088814FF4AD
:102B1000487008804FF4F070488020E01B4880889F
:102B200041F66311884205D01848808849F60601AD
:102B300088420DD12C20154908812A2048812B205C
:102B400088814FF4487008804FF4F070488006E0A8
:102B50002C200E4908812A2048812B2088810B488F
:102B6000808845F21031884205D00848808847F2B5
:102B70009671884206D14FF4F070044908804FF4F2
:102B8000A0704880002002F0CBFE10BD680200203B
:102B900070B505460E4614463146284602F0DEFF63
:102BA00003F08AF901490C8070BD00008000006CC0
:102BB00010B5CF2003F074F9002003F065F9C120AF
:102BC00003F062F9302003F05FF9ED2003F068F9BB
:102BD000642003F059F9032003F056F9122003F0A2
:102BE00053F9812003F050F9E82003F059F98520CA
:102BF00003F04AF9102003F047F97A2003F044F972
:102C0000CB2003F04DF9392003F03EF92C2003F0DE
:102C10003BF9002003F038F9342003F035F90220A5
:102C200003F032F9F72003F03BF9202003F02CF9F0
:102C3000EA2003F035F9002003F026F9002003F024
:102C400023F9C02003F02CF91B2003F01DF9C1204B
:102C500003F026F9012003F017F9C52003F020F94D
:102C6000302003F011F9302003F00EF9C72003F0F3
:102C700017F9B72003F008F9362003F011F94820BE
:102C800003F002F93A2003F00BF9552003F0FCF8A9
:102C9000B12003F005F9002003F0F6F81A2003F044
:102CA000F3F8B62003F0FCF80A2003F0EDF8A220B8
:102CB00003F0EAF8F22003F0F3F8002003F0E4F860
:102CC000262003F0EDF8012003F0DEF8E02003F009
:102CD000E7F80F2003F0D8F82A2003F0D5F82820D1
:102CE00003F0D2F8082003F0CFF80E2003F0CCF860
:102CF000082003F0C9F8542003F0C6F8A92003F017
:102D0000C3F8432003F0C0F80A2003F0BDF80F20F9
:102D100003F0BAF8002003F0B7F8002003F0B4F88D
:102D2000002003F0B1F8002003F0AEF8E12003F03A
:102D3000B7F8002003F0A8F8152003F0A5F8172035
:102D400003F0A2F8072003F09FF8112003F09CF88D
:102D5000062003F099F82B2003F096F8562003F094
:102D600093F83C2003F090F8052003F08DF8102034
:102D700003F08AF80F2003F087F83F2003F084F86F
:102D80003F2003F081F80F2003F07EF82B2003F0A2
:102D900087F8002003F078F8002003F075F8012090
:102DA00003F072F83F2003F06FF82A2003F078F860
:102DB000002003F069F8002003F066F8002003F01B
:102DC00063F8EF2003F060F8112003F069F8782031
:102DD000FFF76CFC292003F063F810BD10B5FF204D
:102DE00003F05EF8FF2003F04FF8982003F04CF852
:102DF000062003F049F8BC2003F052F8012003F04C
:102E000043F80F2003F040F8612003F03DF8FF2065
:102E100003F03AF8012003F037F8012003F034F80A
:102E20000B2003F031F8102003F02EF8372003F0C8
:102E30002BF8632003F028F8FF2003F025F8FF208B
:102E400003F022F8012003F01FF8012003F01CF822
:102E5000002003F019F8002003F016F8FF2003F01B
:102E600013F8522003F010F8012003F00DF80020B1
:102E700003F00AF8402003F007F8BD2003F010F833
:102E8000012003F001F8232002F0FEFF452002F0AC
:102E9000FBFF672002F0F8FF012002F0F5FF23207E
:102EA00002F0F2FF452002F0EFFF672002F0ECFF96
:102EB000BE2002F0F5FF002002F0E6FF012002F044
:102EC000E3FFAB2002F0E0FF602002F0DDFF2220F4
:102ED00002F0DAFF222002F0D7FF222002F0D4FF16
:102EE000222002F0D1FF222002F0CEFFC72002F004
:102EF000D7FF362002F0C8FFED2002F0D1FF7F207F
:102F000002F0C2FF0F2002F0BFFFC02002F0C8FF96
:102F10000F2002F0B9FF0B2002F0B6FF0A2002F0EA
:102F2000B3FFFC2002F0BCFF082002F0ADFFDF2061
:102F300002F0B6FF002002F0A7FF002002F0A4FF7D
:102F4000002002F0A1FF002002F09EFF002002F00E
:102F50009BFF202002F098FFF32002F0A1FF7420D5
:102F600002F092FFB42002F09BFF002002F08CFFE1
:102F7000002002F089FF002002F086FFF72002F017
:102F80008FFF822002F080FFB12002F089FF002035
:102F900002F07AFF132002F077FF132002F074FF93
:102FA000F22002F07DFF802002F06EFF042002F08C
:102FB0006BFF402002F068FF282002F065FFC1206F
:102FC00002F06EFF172002F05FFF882002F05CFF26
:102FD000882002F059FF202002F056FFE02002F086
:102FE0005FFF002002F050FF0A2002F04DFF122088
:102FF00002F04AFF102002F047FF0E2002F044FFCB
:10300000202002F041FFCC2002F03EFF072002F01A
:103010003BFF062002F038FF0B2002F035FF0E20A8
:1030200002F032FF0F2002F02FFF0D2002F02CFFE4
:10303000152002F029FF102002F026FF002002F0E8
:1030400023FFE12002F02CFF002002F01DFF0B20E7
:1030500002F01AFF132002F017FF0D2002F014FFF8
:103060000E2002F011FF1B2002F00EFF712002F073
:103070000BFF062002F008FF062002F005FF0A20E1
:1030800002F002FF0F2002F0FFFE0E2002F0FCFE15
:103090000F2002F0F9FE152002F0F6FE0C2002F0DF
:1030A000F3FE002002F0F0FE2A2002F0F9FE0020DC
:1030B00002F0EAFE002002F0E7FE012002F0E4FE4A
:1030C000DF2002F0E1FE2B2002F0EAFE002002F0F9
:1030D000DBFE002002F0D8FE032002F0D5FE1F2008
:1030E00002F0D2FE3A2002F0DBFE552002F0CCFEC8
:1030F000362002F0D5FE002002F0C6FE112002F0BC
:10310000CFFE7820FFF7D2FA292002F0C9FE142062
:10311000FFF7CCFA2C2002F0C3FE10BD10B5ED2055
:1031200002F0BEFE012002F0AFFEFE2002F0ACFE77
:10313000EE2002F0B5FEDE2002F0A6FE212002F015
:10314000A3FEF12002F0ACFE012002F09DFEDF2084
:1031500002F0A6FE102002F097FEC42002F0A0FEAE
:103160008F2002F091FEC62002F09AFE002002F0AD
:103170008BFEE22002F088FEE22002F085FEE220D3
:1031800002F082FEBF2002F08BFEAA2002F07CFE3D
:10319000B02002F085FE0D2002F076FE002002F045
:1031A00073FE0D2002F070FE002002F06DFE112073
:1031B00002F06AFE002002F067FE192002F064FEB1
:1031C000002002F061FE212002F05EFE002002F0ED
:1031D0005BFE2D2002F058FE002002F055FE3D203F
:1031E00002F052FE002002F04FFE5D2002F04CFE85
:1031F000002002F049FE5D2002F046FE002002F0B1
:1032000043FEB12002F04CFE802002F03DFE002083
:1032100002F03AFE8B2002F037FE002002F034FE6E
:10322000962002F031FE002002F02EFEB22002F0C5
:1032300037FE002002F028FE002002F025FE0220CA
:1032400002F022FE002002F01FFE032002F01CFE0E
:10325000002002F019FEB32002F022FE002002F04E
:1032600013FE002002F010FE002002F00DFE0020F0
:1032700002F00AFE002002F007FE002002F004FE29
:10328000002002F001FE002002F0FEFD002002F00E
:10329000FBFD002002F0F8FD002002F0F5FD00200B
:1032A00002F0F2FD002002F0EFFD002002F0ECFD44
:1032B000002002F0E9FD002002F0E6FD002002F00F
:1032C000E3FD002002F0E0FD002002F0DDFD002023
:1032D00002F0DAFD002002F0D7FD002002F0D4FD5C
:1032E000002002F0D1FD002002F0CEFDB42002F05B
:1032F000D7FD8B2002F0C8FD002002F0C5FD96200E
:1033000002F0C2FD002002F0BFFDA12002F0BCFDD2
:10331000002002F0B9FDB52002F0C2FD022002F04B
:10332000B3FD002002F0B0FD032002F0ADFD00204F
:1033300002F0AAFD042002F0A7FD002002F0A4FD87
:10334000B62002F0ADFD002002F09EFD002002F04C
:103350009BFDB72002F0A4FD002002F095FD0020A7
:1033600002F092FD3F2002F08FFD002002F08CFD64
:103370005E2002F089FD002002F086FD642002F04C
:1033800083FD002002F080FD8C2002F07DFD0020F6
:1033900002F07AFDAC2002F077FD002002F074FD0F
:1033A000DC2002F071FD002002F06EFD702002F0C2
:1033B0006BFD002002F068FD902002F065FD00200A
:1033C00002F062FDEB2002F05FFD002002F05CFDE8
:1033D000DC2002F059FD002002F056FDB82002F07A
:1033E0005FFD002002F050FD002002F04DFD0020A6
:1033F00002F04AFD002002F047FD002002F044FDEB
:10340000002002F041FD002002F03EFD002002F00D
:103410003BFDBA2002F044FD242002F035FD0020DF
:1034200002F032FD002002F02FFD002002F02CFD02
:10343000C12002F035FD202002F026FD002002F020
:1034400023FD542002F020FD002002F01DFDFF208E
:1034500002F01AFD002002F017FDC22002F020FD4C
:103460000A2002F011FD002002F00EFD042002F0FF
:103470000BFD002002F008FDC32002F011FD3C20EE
:1034800002F002FD002002F0FFFC3A2002F0FCFCFA
:10349000002002F0F9FC392002F0F6FC002002F0D6
:1034A000F3FC372002F0F0FC002002F0EDFC3C20A1
:1034B00002F0EAFC002002F0E7FC362002F0E4FC17
:1034C000002002F0E1FC322002F0DEFC002002F0DD
:1034D000DBFC2F2002F0D8FC002002F0D5FC2C20D1
:1034E00002F0D2FC002002F0CFFC292002F0CCFC3C
:1034F000002002F0C9FC262002F0C6FC002002F0E9
:10350000C3FC242002F0C0FC002002F0BDFC2420FB
:1035100002F0BAFC002002F0B7FC232002F0B4FC59
:10352000002002F0B1FC3C2002F0AEFC002002F0D2
:10353000ABFC362002F0A8FC002002F0A5FC3220F3
:1035400002F0A2FC002002F09FFC2F2002F09CFC65
:10355000002002F099FC2C2002F096FC002002F0E2
:1035600093FC292002F090FC002002F08DFC262024
:1035700002F08AFC002002F087FC242002F084FC88
:10358000002002F081FC242002F07EFC002002F0EA
:103590007BFC232002F078FC002002F075FCC420A4
:1035A00002F07EFC622002F06FFC002002F06CFC56
:1035B000052002F069FC002002F066FC842002F085
:1035C00063FC002002F060FCF02002F05DFC0020B3
:1035D00002F05AFC182002F057FC002002F054FCC4
:1035E000A42002F051FC002002F04EFC182002F052
:1035F0004BFC002002F048FC502002F045FC00206B
:1036000002F042FC0C2002F03FFC002002F03CFCE7
:10361000172002F039FC002002F036FC952002F061
:1036200033FC002002F030FCF32002F02DFC0020DF
:1036300002F02AFCE62002F027FC002002F024FC25
:10364000C52002F02DFC322002F01EFC002002F00A
:103650001BFC442002F018FC002002F015FC652041
:1036600002F012FC002002F00FFC762002F00CFCAD
:10367000002002F009FC882002F006FC002002F085
:1036800003FCC62002F00CFC202002F0FDFB002011
:1036900002F0FAFB172002F0F7FB002002F0F4FB27
:1036A000012002F0F1FB002002F0EEFBC72002F047
:1036B000F7FB002002F0E8FB002002F0E5FB002011
:1036C00002F0E2FB002002F0DFFBC82002F0E8FB82
:1036D000002002F0D9FB002002F0D6FB002002F00F
:1036E000D3FB002002F0D0FBC92002F0D9FB002060
:1036F00002F0CAFB002002F0C7FB002002F0C4FB6E
:10370000002002F0C1FB002002F0BEFB002002F00E
:10371000BBFB002002F0B8FB002002F0B5FB00204C
:1037200002F0B2FB002002F0AFFB002002F0ACFB85
:10373000002002F0A9FB002002F0A6FB002002F00E
:10374000A3FB002002F0A0FB002002F09DFBE02084
:1037500002F0A6FB162002F097FB002002F094FB7B
:103760001C2002F091FB002002F08EFB212002F0D1
:103770008BFB002002F088FB362002F085FB002046
:1037800002F082FB462002F07FFB002002F07CFB6F
:10379000522002F079FB002002F076FB642002F058
:1037A00073FB002002F070FB7A2002F06DFB00201A
:1037B00002F06AFB8B2002F067FB002002F064FB42
:1037C000992002F061FB002002F05EFBA82002F0CD
:1037D0005BFB002002F058FBB92002F055FB0020F3
:1037E00002F052FBC42002F04FFB002002F04CFB21
:1037F000CA2002F049FB002002F046FBD22002F072
:1038000043FB002002F040FBD92002F03DFB0020EA
:1038100002F03AFBE02002F037FB002002F034FB1C
:10382000F32002F031FB002002F02EFBE12002F039
:1038300037FB162002F028FB002002F025FB1C209D
:1038400002F022FB002002F01FFB222002F01CFBF2
:10385000002002F019FB362002F016FB002002F0D7
:1038600013FB452002F010FB002002F00DFB52205C
:1038700002F00AFB002002F007FB642002F004FBC8
:10388000002002F001FB7A2002F0FEFA002002F094
:10389000FBFA8B2002F0F8FA002002F0F5FA9920EA
:1038A00002F0F2FA002002F0EFFAA82002F0ECFA9F
:1038B000002002F0E9FAB92002F0E6FA002002F056
:1038C000E3FAC42002F0E0FA002002F0DDFACA2098
:1038D00002F0DAFA002002F0D7FAD22002F0D4FA8D
:1038E000002002F0D1FAD82002F0CEFA002002F037
:1038F000CBFAE02002F0C8FA002002F0C5FAF3206B
:1039000002F0C2FA002002F0BFFAE22002F0C8FA88
:10391000052002F0B9FA002002F0B6FA0B2002F0FE
:10392000B3FA002002F0B0FA1B2002F0ADFA00203A
:1039300002F0AAFA342002F0A7FA002002F0A4FA5A
:10394000442002F0A1FA002002F09EFA4F2002F07B
:103950009BFA002002F098FA612002F095FA00200C
:1039600002F092FA792002F08FFA002002F08CFA2D
:10397000882002F089FA002002F086FA972002F0EF
:1039800083FA002002F080FAA62002F07DFA0020DF
:1039900002F07AFAB72002F077FA002002F074FA07
:1039A000C22002F071FA002002F06EFAC72002F085
:1039B0006BFA002002F068FAD12002F065FA0020CC
:1039C00002F062FAD62002F05FFA002002F05CFA00
:1039D000DD2002F059FA002002F056FAF32002F03E
:1039E00053FA002002F050FAE32002F059FA0520C1
:1039F00002F04AFA002002F047FA0A2002F044FAE4
:103A0000002002F041FA1C2002F03EFA002002F0F1
:103A10003BFA332002F038FA002002F035FA442055
:103A200002F032FA002002F02FFA502002F02CFAB5
:103A3000002002F029FA622002F026FA002002F0AB
:103A400023FA782002F020FA002002F01DFA8820E4
:103A500002F01AFA002002F017FA972002F014FA86
:103A6000002002F011FAA62002F00EFA002002F067
:103A70000BFAB72002F008FA002002F005FAC22083
:103A800002F002FA002002F0FFF9C72002F0FCF970
:103A9000002002F0F9F9D12002F0F6F9002002F03E
:103AA000F3F9D52002F0F0F9002002F0EDF9DD2065
:103AB00002F0EAF9002002F0E7F9F32002F0E4F95D
:103AC000002002F0E1F9E42002F0EAF9012002F01E
:103AD000DBF9002002F0D8F9012002F0D5F900202E
:103AE00002F0D2F9022002F0CFF9002002F0CCF966
:103AF0002A2002F0C9F9002002F0C6F93C2002F0A9
:103B0000C3F9002002F0C0F94B2002F0BDF90020FB
:103B100002F0BAF95D2002F0B7F9002002F0B4F922
:103B2000742002F0B1F9002002F0AEF9842002F016
:103B3000ABF9002002F0A8F9932002F0A5F90020CB
:103B400002F0A2F9A22002F09FF9002002F09CF9F5
:103B5000B32002F099F9002002F096F9BE2002F09D
:103B600093F9002002F090F9C42002F08DF90020B2
:103B700002F08AF9CD2002F087F9002002F084F9E2
:103B8000D32002F081F9002002F07EF9DD2002F05E
:103B90007BF9002002F078F9F32002F075F900209B
:103BA00002F072F9E52002F07BF9002002F06CF9D6
:103BB000002002F069F9002002F066F9002002F00E
:103BC00063F9022002F060F9002002F05DF929207B
:103BD00002F05AF9002002F057F93C2002F054F9A3
:103BE000002002F051F94B2002F04EF9002002F0C3
:103BF0004BF95D2002F048F9002002F045F97420ED
:103C000002F042F9002002F03FF9842002F03CF972
:103C1000002002F039F9932002F036F9002002F07A
:103C200033F9A22002F030F9002002F02DF9B32080
:103C300002F02AF9002002F027F9BE2002F024F950
:103C4000002002F021F9C42002F01EF9002002F049
:103C50001BF9CD2002F018F9002002F015F9D3204D
:103C600002F012F9002002F00FF9DC2002F00CF94A
:103C7000002002F009F9F32002F006F9002002F01A
:103C800003F9E62002F00CF9112002F0FDF8002003
:103C900002F0FAF8342002F0F7F8002002F0F4F80D
:103CA000562002F0F1F8002002F0EEF8762002F043
:103CB000EBF8002002F0E8F8772002F0E5F80020A9
:103CC00002F0E2F8662002F0DFF8002002F0DCF8F3
:103CD000882002F0D9F8002002F0D6F8992002F0EE
:103CE000D3F8002002F0D0F8BB2002F0CDF800207D
:103CF00002F0CAF8992002F0C7F8002002F0C4F8D8
:103D0000662002F0C1F8002002F0BEF8552002F053
:103D1000BBF8002002F0B8F8552002F0B5F80020FA
:103D200002F0B2F8452002F0AFF8002002F0ACF843
:103D3000432002F0A9F8002002F0A6F8442002F087
:103D4000A3F8002002F0A0F8E72002F0A9F8322042
:103D500002F09AF8002002F097F8552002F094F84B
:103D6000002002F091F8762002F08EF8002002F098
:103D70008BF8662002F088F8002002F085F86720B2
:103D800002F082F8002002F07FF8672002F07CF851
:103D9000002002F079F8872002F076F8002002F087
:103DA00073F8992002F070F8002002F06DF8BB2043
:103DB00002F06AF8002002F067F8992002F064F837
:103DC000002002F061F8772002F05EF8002002F097
:103DD0005BF8442002F058F8002002F055F8562015
:103DE00002F052F8002002F04FF8232002F04CF8C5
:103DF000002002F049F8332002F046F8002002F0DB
:103E000043F8452002F040F8002002F03DF8E82099
:103E100002F046F8002002F037F8002002F034F8F3
:103E2000992002F031F8002002F02EF8872002F0ED
:103E30002BF8002002F028F8882002F025F8002056
:103E400002F022F8772002F01FF8002002F01CF8A0
:103E5000662002F019F8002002F016F8882002F01F
:103E600013F8002002F010F8AA2002F00DF800204C
:103E700002F00AF8BB2002F007F8002002F004F874
:103E8000992002F001F8002001F0FEFF662001F009
:103E9000FBFF002001F0F8FF552001F0F5FF0020A6
:103EA00001F0F2FF552001F0EFFF002001F0ECFFE0
:103EB000442001F0E9FF002001F0E6FF442001F07A
:103EC000E3FF002001F0E0FF552001F0DDFF0020BE
:103ED00001F0DAFFE92001F0E3FFAA2001F0D4FFAE
:103EE000002001F0D1FF002001F0CEFF002001F002
:103EF000CBFF002001F0D4FFAA2001F0C5FFCF20A6
:103F000001F0CEFF002001F0BFFF002001F0BCFF58
:103F1000002001F0B9FF002001F0B6FF002001F001
:103F2000B3FF002001F0B0FF002001F0ADFF002042
:103F300001F0AAFF002001F0A7FF002001F0A4FF7C
:103F4000002001F0A1FF002001F09EFF002001F001
:103F50009BFF002001F098FF002001F095FF00205A
:103F600001F092FF002001F08FFFF02001F098FF98
:103F7000002001F089FF502001F086FF002001F0B1
:103F800083FF002001F080FF002001F07DFFF3207F
:103F900001F086FF002001F077FFF92001F080FF9B
:103FA000062001F071FF102001F06EFF292001F0C2
:103FB0006BFF002001F068FF3A2001F071FF5520EF
:103FC00001F062FF112001F06BFF6420FEF76EFB31
:103FD000292001F065FF352001F062FF002001F08B
:103FE00053FF512001F05CFFFF2001F04DFF5320F3
:103FF00001F056FF2C2001F047FF552001F050FF43
:10400000822001F041FF2C2001F04AFF10BD10B5C5
:1040100055214FF4704001F059FFAA214FF20100E1
:1040200001F054FF52214FF2020001F04FFF08212E
:104030004FF2030001F04AFF01214FF2040001F0AA
:1040400045FF0D214FF4304001F040FF0D214BF2B0
:10405000010001F03BFF0D214BF2020001F036FFA1
:1040600034214FF4364001F031FF34214BF201602E
:1040700001F02CFF34214BF2026001F027FF0D21EB
:104080004FF4314001F022FF0D214BF2011001F0FD
:104090001DFF0D214BF2021001F018FF34214FF4E7
:1040A000374001F013FF34214BF2017001F00EFF95
:1040B00034214BF2027001F009FF00214FF432402D
:1040C00001F004FF00214BF2012001F0FFFE00216E
:1040D0004BF2022001F0FAFE24214FF4384001F0A7
:1040E000F5FE24214BF6010001F0F0FE24214BF6F1
:1040F000020001F0EBFE01214FF43F4001F0E6FE2B
:104100000F214FF4334001F0E1FE0F214BF201305B
:1041100001F0DCFE0F214BF2023001F0D7FE34211A
:104120004FF4394001F0D2FE34214BF6011001F07A
:10413000CDFE34214BF6021001F0C8FE08214FF4E9
:10414000354001F0C3FE08214BF2015001F0BEFEE4
:1041500008214BF2025001F0B9FE03214FF4424016
:1041600001F0B4FE24214FF43A4001F0AFFE2421C7
:104170004BF6012001F0AAFE24214BF6022001F0AB
:10418000A5FE00214FF43C4001F0A0FE78214BF643
:10419000014001F09BFE00214BF6024001F096FE2B
:1041A00000214FF43D4001F091FE78214BF6015083
:1041B00001F08CFE00214BF6025001F087FE002139
:1041C0004FF43E4001F082FE64214BF6016001F0A5
:1041D0007DFE00214FF4514001F078FE33214DF275
:1041E000011001F073FE00214DF2021001F06EFE8D
:1041F00034214DF2031001F069FE00214DF204104C
:1042000001F064FE3A214DF2051001F05FFE00213D
:104210004DF2061001F05AFE4A214DF2071001F04E
:1042200055FE00214DF2081001F050FE5C214DF2C8
:10423000091001F04BFE00214DF20A1001F046FE7C
:1042400081214DF20B1001F041FE00214DF20C10C6
:1042500001F03CFEA6214DF20D1001F037FE0021C9
:104260004DF20E1001F032FEE5214DF20F1001F07B
:104270002DFE01214DF2101001F028FE13214DF208
:10428000111001F023FE01214DF2121001F01EFE6B
:1042900054214DF2131001F019FE01214DF21410BA
:1042A00001F014FE82214DF2151001F00FFE0121E4
:1042B0004DF2161001F00AFECA214DF2171001F05E
:1042C00005FE02214DF2181001F000FE00214DF212
:1042D000191001F0FBFD02214DF21A1001F0F6FD5C
:1042E00001214DF21B1001F0F1FD02214DF21C10D5
:1042F00001F0ECFD34214DF21D1001F0E7FD02212B
:104300004DF21E1001F0E2FD67214DF21F1001F089
:10431000DDFD02214DF2201001F0D8FD84214DF287
:10432000211001F0D3FD02214DF2221001F0CEFD4B
:10433000A4214DF2231001F0C9FD02214DF22410F9
:1043400001F0C4FDB7214DF2251001F0BFFD02219F
:104350004DF2261001F0BAFDCF214DF2271001F0E9
:10436000B5FD02214DF2281001F0B0FDDE214DF225
:10437000291001F0ABFD02214DF22A1001F0A6FD3B
:10438000F2214DF22B1001F0A1FD02214DF22C1073
:1043900001F09CFDFE214DF22D1001F097FD03214F
:1043A0004DF22E1001F092FD10214DF22F1001F070
:1043B0008DFD03214DF2301001F088FD33214DF2C7
:1043C000311001F083FD03214DF2321001F07EFD2A
:1043D0006D214DF2331001F079FD00214FF4524070
:1043E00001F074FD33214DF2012001F06FFD002139
:1043F0004DF2022001F06AFD34214DF2032001F05C
:1044000065FD00214DF2042001F060FD3A214DF2DE
:10441000052001F05BFD00214DF2062001F056FD64
:104420004A214DF2072001F051FD00214DF20820F4
:1044300001F04CFD5C214DF2092001F047FD002107
:104440004DF20A2001F042FD81214DF20B2001F0D6
:104450003DFD00214DF20C2001F038FDA6214DF26A
:104460000D2001F033FD00214DF20E2001F02EFD54
:10447000E5214DF20F2001F029FD01214DF2102020
:1044800001F024FD13214DF2112001F01FFD012147
:104490004DF2122001F01AFD54214DF2132001F0CB
:1044A00015FD01214DF2142001F010FD82214DF285
:1044B000152001F00BFD01214DF2162001F006FD43
:1044C000CA214DF2172001F001FD02214DF2182002
:1044D00001F0FCFC00214DF2192001F0F7FC022153
:1044E0004DF21A2001F0F2FC01214DF21B2001F0E7
:1044F000EDFC02214DF21C2001F0E8FC34214DF2CC
:104500001D2001F0E3FC02214DF21E2001F0DEFC33
:1045100067214DF21F2001F0D9FC02214DF220202D
:1045200001F0D4FC84214DF2212001F0CFFC0221C6
:104530004DF2222001F0CAFCA4214DF2232001F00B
:10454000C5FC02214DF2242001F0C0FCB7214DF240
:10455000252001F0BBFC02214DF2262001F0B6FC23
:10456000CF214DF2272001F0B1FC02214DF228208D
:1045700001F0ACFCDE214DF2292001F0A7FC022164
:104580004DF22A2001F0A2FCF2214DF22B2001F085
:104590009DFC02214DF22C2001F098FCFE214DF2F1
:1045A0002D2001F093FC03214DF22E2001F08EFC12
:1045B00010214DF22F2001F089FC03214DF2302013
:1045C00001F084FC33214DF2312001F07FFC032106
:1045D0004DF2322001F07AFC6D214DF2332001F0D2
:1045E00075FC00214FF4534001F070FC33214DF273
:1045F000013001F06BFC00214DF2023001F066FC4D
:1046000034214DF2033001F061FC00214DF2043001
:1046100001F05CFC3A214DF2053001F057FC00211D
:104620004DF2063001F052FC4A214DF2073001F004
:104630004DFC00214DF2083001F048FC5C214DF2A8
:10464000093001F043FC00214DF20A3001F03EFC3C
:1046500081214DF20B3001F039FC00214DF20C307C
:1046600001F034FCA6214DF20D3001F02FFC0021A9
:104670004DF20E3001F02AFCE5214DF20F3001F031
:1046800025FC01214DF2103001F020FC13214DF2E8
:10469000113001F01BFC01214DF2123001F016FC2B
:1046A00054214DF2133001F011FC01214DF2143070
:1046B00001F00CFC82214DF2153001F007FC0121C4
:1046C0004DF2163001F002FCCA214DF2173001F014
:1046D000FDFB02214DF2183001F0F8FB00214DF2F4
:1046E000193001F0F3FB02214DF21A3001F0EEFB1C
:1046F00001214DF21B3001F0E9FB02214DF21C308B
:1047000001F0E4FB34214DF21D3001F0DFFB02210A
:104710004DF21E3001F0DAFB67214DF21F3001F03F
:10472000D5FB02214DF2203001F0D0FB84214DF267
:10473000213001F0CBFB02214DF2223001F0C6FB0B
:10474000A4214DF2233001F0C1FB02214DF22430AF
:1047500001F0BCFBB7214DF2253001F0B7FB02217F
:104760004DF2263001F0B2FBCF214DF2273001F09F
:10477000ADFB02214DF2283001F0A8FBDE214DF205
:10478000293001F0A3FB02214DF22A3001F09EFBFB
:10479000F2214DF22B3001F099FB02214DF22C3029
:1047A00001F094FBFE214DF22D3001F08FFB03212F
:1047B0004DF22E3001F08AFB10214DF22F3001F026
:1047C00085FB03214DF2303001F080FB33214DF2A7
:1047D000313001F07BFB03214DF2323001F076FBEA
:1047E0006D214DF2333001F071FB00214FF4544044
:1047F00001F06CFB33214DF2014001F067FB002119
:104800004DF2024001F062FB34214DF2034001F011
:104810005DFB00214DF2044001F058FB3A214DF2BE
:10482000054001F053FB00214DF2064001F04EFB24
:104830004A214DF2074001F049FB00214DF20840AA
:1048400001F044FB5C214DF2094001F03FFB0021E7
:104850004DF20A4001F03AFB81214DF20B4001F08C
:1048600035FB00214DF20C4001F030FBA6214DF24A
:104870000D4001F02BFB00214DF20E4001F026FB14
:10488000E5214DF20F4001F021FB01214DF21040D6
:1048900001F01CFB13214DF2114001F017FB012127
:1048A0004DF2124001F012FB54214DF2134001F081
:1048B0000DFB01214DF2144001F008FB82214DF265
:1048C000154001F003FB01214DF2164001F0FEFA04
:1048D000CA214DF2174001F0F9FA02214DF21840B9
:1048E00001F0F4FA00214DF2194001F0EFFA022133
:1048F0004DF21A4001F0EAFA01214DF21B4001F09D
:10490000E5FA02214DF21C4001F0E0FA34214DF2AB
:104910001D4001F0DBFA02214DF21E4001F0D6FAF3
:1049200067214DF21F4001F0D1FA02214DF22040E3
:1049300001F0CCFA84214DF2214001F0C7FA0221A6
:104940004DF2224001F0C2FAA4214DF2234001F0C1
:10495000BDFA02214DF2244001F0B8FAB7214DF220
:10496000254001F0B3FA02214DF2264001F0AEFAE3
:10497000CF214DF2274001F0A9FA02214DF2284043
:1049800001F0A4FADE214DF2294001F09FFA022144
:104990004DF22A4001F09AFAF2214DF22B4001F03B
:1049A00095FA02214DF22C4001F090FAFE214DF2D1
:1049B0002D4001F08BFA03214DF22E4001F086FAD2
:1049C00010214DF22F4001F081FA03214DF23040C9
:1049D00001F07CFA33214DF2314001F077FA0321E6
:1049E0004DF2324001F072FA6D214DF2334001F088
:1049F0006DFA00214FF4554001F068FA33214DF271
:104A0000015001F063FA00214DF2025001F05EFA0C
:104A100034214DF2035001F059FA00214DF20450B7
:104A200001F054FA3A214DF2055001F04FFA0021FD
:104A30004DF2065001F04AFA4A214DF2075001F0BA
:104A400045FA00214DF2085001F040FA5C214DF288
:104A5000095001F03BFA00214DF20A5001F036FAFC
:104A600081214DF20B5001F031FA00214DF20C5032
:104A700001F02CFAA6214DF20D5001F027FA002189
:104A80004DF20E5001F022FAE5214DF20F5001F0E7
:104A90001DFA01214DF2105001F018FA13214DF2C8
:104AA000115001F013FA01214DF2125001F00EFAEB
:104AB00054214DF2135001F009FA01214DF2145026
:104AC00001F004FA82214DF2155001F0FFF90121A5
:104AD0004DF2165001F0FAF9CA214DF2175001F0CB
:104AE000F5F902214DF2185001F0F0F900214DF2D4
:104AF000195001F0EBF902214DF21A5001F0E6F9DC
:104B000001214DF21B5001F0E1F902214DF21C5040
:104B100001F0DCF934214DF21D5001F0D7F90221EA
:104B20004DF21E5001F0D2F967214DF21F5001F0F5
:104B3000CDF902214DF2205001F0C8F984214DF247
:104B4000215001F0C3F902214DF2225001F0BEF9CB
:104B5000A4214DF2235001F0B9F902214DF2245065
:104B600001F0B4F9B7214DF2255001F0AFF902215F
:104B70004DF2265001F0AAF9CF214DF2275001F055
:104B8000A5F902214DF2285001F0A0F9DE214DF2E5
:104B9000295001F09BF902214DF22A5001F096F9BB
:104BA000F2214DF22B5001F091F902214DF22C50DF
:104BB00001F08CF9FE214DF22D5001F087F903210F
:104BC0004DF22E5001F082F910214DF22F5001F0DC
:104BD0007DF903214DF2305001F078F933214DF287
:104BE000315001F073F903214DF2325001F06EF9AA
:104BF0006D214DF2335001F069F900214FF4564018
:104C000001F064F933214DF2016001F05FF90021F8
:104C10004DF2026001F05AF934214DF2036001F0C7
:104C200055F900214DF2046001F050F93A214DF29E
:104C3000056001F04BF900214DF2066001F046F9E4
:104C40004A214DF2076001F041F900214DF2086060
:104C500001F03CF95C214DF2096001F037F90021C7
:104C60004DF20A6001F032F981214DF20B6001F042
:104C70002DF900214DF20C6001F028F9A6214DF22A
:104C80000D6001F023F900214DF20E6001F01EF9D4
:104C9000E5214DF20F6001F019F901214DF210608C
:104CA00001F014F913214DF2116001F00FF9012107
:104CB0004DF2126001F00AF954214DF2136001F037
:104CC00005F901214DF2146001F000F982214DF245
:104CD000156001F0FBF801214DF2166001F0F6F8C5
:104CE000CA214DF2176001F0F1F802214DF218606F
:104CF00001F0ECF800214DF2196001F0E7F8022113
:104D00004DF21A6001F0E2F801214DF21B6001F052
:104D1000DDF802214DF21C6001F0D8F834214DF28B
:104D20001D6001F0D3F802214DF21E6001F0CEF8B3
:104D300067214DF21F6001F0C9F802214DF2206099
:104D400001F0C4F884214DF2216001F0BFF8022186
:104D50004DF2226001F0BAF8A4214DF2236001F077
:104D6000B5F802214DF2246001F0B0F8B7214DF200
:104D7000256001F0ABF802214DF2266001F0A6F8A3
:104D8000CF214DF2276001F0A1F802214DF22860F9
:104D900001F09CF8DE214DF2296001F097F8022124
:104DA0004DF22A6001F092F8F2214DF22B6001F0F1
:104DB0008DF802214DF22C6001F088F8FE214DF2B1
:104DC0002D6001F083F803214DF22E6001F07EF892
:104DD00010214DF22F6001F079F803214DF230607F
:104DE00001F074F833214DF2316001F06FF80321C6
:104DF0004DF2326001F06AF86D214DF2336001F03E
:104E000065F855214FF4704001F060F8AA214FF287
:104E1000010001F05BF852214FF2020001F056F858
:104E200008214FF2030001F051F800214FF2040075
:104E300001F04CF8CC214FF4314001F047F800214B
:104E40004BF2011001F042F805214FF4364001F019
:104E50003DF870214FF4374001F038F870214BF2E3
:104E6000017001F033F801214FF4384001F02EF8C1
:104E700003214BF6010001F029F803214BF6020053
:104E800001F024F803214BF6030001F01FF8022182
:104E90004FF43C4001F01AF800214BF6014001F0BC
:104EA00015F800214BF6024001F010F8D0214FF424
:104EB000494001F00BF802214CF6011001F006F810
:104EC00050214CF6021001F001F850214CF603106D
:104ED00000F0FCFF50214CF6041000F0F7FF002119
:104EE0004FF4545000F0F2FF55214FF4685000F099
:104EF000EDFF4FF4885000F0D3FF7820FDF7E2FB80
:104F00004FF4245000F0CCFF10BD10B5E22000F0AB
:104F1000C7FF1D2000F0B8FF022000F0B5FF0420FD
:104F200000F0B2FF6420FDF7CDFBE02000F0B8FFF9
:104F3000012000F0A9FF0A20FDF7B8FBE02000F0F7
:104F4000AFFF032000F0A0FF0C20FDF7AFFB012016
:104F500000F0A6FF0A20FDF7A9FBE62000F0A0FF65
:104F60002F2000F091FFFF2000F08EFFFF2000F0C7
:104F70008BFFB02000F094FF202000F085FF002080
:104F800000F082FF032000F07FFF40F21F3000F0AE
:104F90007BFF012000F078FF40F2DF1000F074FF8B
:104FA000002000F071FFB42000F07AFF042000F030
:104FB0006BFF40F21F4000F067FF002000F064FF2D
:104FC0002E2000F061FF002000F05EFF002000F0C6
:104FD0005BFF002000F058FF002000F055FFB620D6
:104FE00000F05EFF022000F04FFF4FF4037000F06E
:104FF0004BFF002000F048FF172000F045FF152070
:1050000000F042FF002000F03FFF002000F03CFFD6
:10501000F02000F045FF032000F036FF292000F0CB
:105020003FFFD02000F03CFF002000F02DFFBE200D
:1050300000F036FF052000F027FFFE2000F024FFDF
:10504000012000F021FF002000F01EFF002000F0F2
:105050001BFF002000F018FFB82000F021FF032004
:1050600000F012FF012000F00FFFBA2000F018FF3F
:10507000012000F009FF10BD10B5112000F010FF55
:105080007820FDF713FB362000F00AFF002000F027
:10509000FBFE3A2000F004FF052000F0F5FEB220F0
:1050A00000F0FEFE0C2000F0EFFE0C2000F0ECFE05
:1050B000002000F0E9FE332000F0E6FE332000F08F
:1050C000E3FEB72000F0ECFE352000F0DDFEBB2053
:1050D00000F0E6FE322000F0D7FEC02000F0E0FE37
:1050E0000C2000F0D1FEC22000F0DAFE012000F01A
:1050F000CBFEC32000F0D4FE102000F0C5FEC4207B
:1051000000F0CEFE202000F0BFFEC62000F0C8FE5A
:105110000F2000F0B9FED02000F0C2FEA42000F065
:10512000B3FEA12000F0B0FEE02000F0B9FED020D8
:1051300000F0AAFE002000F0A7FE022000F0A4FE6E
:10514000072000F0A1FE0A2000F09EFE282000F0BB
:105150009BFE322000F098FE442000F095FE422095
:1051600000F092FE062000F08FFE0E2000F08CFE74
:10517000122000F089FE142000F086FE172000F0B7
:1051800083FEE12000F08CFED02000F07DFE0020A8
:1051900000F07AFE022000F077FE072000F074FE97
:1051A0000A2000F071FE282000F06EFE312000F091
:1051B0006BFE542000F068FE472000F065FE0E20D4
:1051C00000F062FE1C2000F05FFE172000F05CFE85
:1051D0001B2000F059FE1E2000F056FE2A2000F091
:1051E0005FFE002000F050FE002000F04DFE002089
:1051F00000F04AFEEF2000F047FE2B2000F050FEAA
:10520000002000F041FE002000F03EFE012000F0F2
:105210003BFE3F2000F038FE292000F041FE10BD8B
:1052200010B5112000F03CFE7820FDF73FFA362043
:1052300000F036FE482000F027FE3A2000F030FE55
:10524000552000F021FEF02000F02AFEC32000F0DF
:105250001BFEF02000F024FE962000F015FEB42086
:1052600000F01EFE012000F00FFEB62000F018FE38
:105270000A2000F009FEA22000F006FEB72000F090
:105280000FFEC62000F000FEB92000F009FE02204B
:1052900000F0FAFDE02000F0F7FDC02000F000FE75
:1052A000802000F0F1FD162000F0EEFDC12000F09E
:1052B000F7FD192000F0E8FDC22000F0F1FDA72065
:1052C00000F0E2FDC52000F0EBFD162000F0DCFD53
:1052D000E82000F0E5FD402000F0D6FD8A2000F037
:1052E000D3FD002000F0D0FD002000F0CDFD2920EE
:1052F00000F0CAFD192000F0C7FDA52000F0C4FD94
:10530000332000F0C1FDE02000F0CAFDF02000F0E5
:10531000BBFD072000F0B8FD0D2000F0B5FD042016
:1053200000F0B2FD052000F0AFFD142000F0ACFD50
:10533000362000F0A9FD542000F0A6FD4C2000F01E
:10534000A3FD382000F0A0FD132000F09DFD1420E7
:1053500000F09AFD2E2000F097FD342000F094FD1F
:10536000E12000F09DFDF02000F08EFD102000F007
:105370008BFD142000F088FD0E2000F085FD0C2030
:1053800000F082FD082000F07FFD352000F07CFD5C
:10539000442000F079FD4C2000F076FD262000F03E
:1053A00073FD102000F070FD122000F06DFD2C2028
:1053B00000F06AFD322000F067FDF02000F070FD83
:1053C0003C2000F061FDF02000F06AFD692000F053
:1053D0005BFD7820FDF76AF9212000F061FD2920AE
:1053E00000F05EFD10BD000000B595B000BF00BF2D
:1053F00000200190F848006840F04000F64908603D
:105400000846006800F04000019000BF00BF00BFE8
:1054100000BF00BF002001900846006840F008006F
:1054200008600846006800F00800019000BF00BF57
:1054300000BF00BF00BF002001900846006840F098
:10544000080008600846006800F00800019000BFEE
:1054500000BF00BF00BF00BF0020019008460068E9
:1054600040F0400008600846006800F040000190ED
:1054700000BF00BF00BF00BF00BF00200190084672
:10548000006840F0020008600846006800F0020072
:10549000019000BF00BF00BF88141090022011903F
:1054A00001201290022013900C20149010A9CB48D8
:1054B000FBF71EFB2020109010A9C948FBF718FB32
:1054C0001020109010A9C648FBF712FB4FF4805033
:1054D000109010A9C348FBF70BFB4FF4004010904D
:1054E0000120119010A9C048FBF702FB4FF02040AB
:1054F000BE490860BE484860062088600021BB485D
:10550000C1601021416100218161C16141624FF49C
:10551000805181620021C1624FF48041016300210A
:10552000416381630F20099000200A903C200B907A
:1055300000200F9009200290002003900920049081
:105540000020089002AA09A9A848FCF729F83220EF
:10555000FDF7ACF8D32000F0A3FC00F0D5F9A54985
:10556000888000F0D1F9A349888000F0CDF9A149E5
:105570008880084680884FF6FF7101EA00209D4927
:10558000888000F0C1F99B4989880843994988803F
:105590000846808849F2413188427CD0042000F0DE
:1055A0007FFC00F0B1F99349888000F0ADF9914992
:1055B000888000F0A9F98F498880084680884FF6D6
:1055C000FF7101EA00208B49888000F09DF989492C
:1055D00089880843874988800846808848F2525164
:1055E000884203D147F28970824988808148808847
:1055F00047F289718842D0D0D42000F051FC00F0ED
:1056000083F97C49888000F07FF97A49888000F02E
:105610007BF978498880084680884FF6FF7101EA57
:1056200000207449888000F06FF972498988084326
:10563000704988800846808845F210318842ACD095
:10564000D32000F02DFC00F05FF96A49888000F05B
:105650005BF96849888000F057F9664988800846F8
:1056600080884FF6FF7101EA00206249888000F0CF
:105670004BF96049898808435E49888008468088DC
:1056800047F29671884288D055214FF4704000F05F
:105690001DFCAA2100E07EE04FF2010000F016FCA4
:1056A00052214FF2020000F011FC08214FF20300DA
:1056B00000F00CFC01214FF2040000F007FC4FF455
:1056C000454000F0EDFB00F01FF94A49888008468C
:1056D00080884FF6FF7101EA0020464988804CF22D
:1056E000015000F0DDFB00F00FF9424989880843C2
:1056F000404988800520FCF7D9FF3E48808845F264
:105700001051884247D0D32000F0CAFB00F0FCF8CB
:105710003849888000F0F8F83649888000F0F4F8BD
:1057200034498880084680884FF6FF7101EA0020DE
:105730003049888000F0E8F82E49898808432D49CF
:1057400088800846808849F60601884223D0A12037
:1057500000F0A6FB00F0D8F82649888000F0D4F8C5
:1057600024498880084680884FF6FF7101EA0020AE
:105770002049888000F0C8F81E49898808431D49DF
:1057800088800846808845F26171884203D141F6DD
:105790006310184988801748818817A0FAF74CFED3
:1057A0001448808847F28971884202D1FFF764FC6F
:1057B0004EE01048808849F24131884202D1FDF71D
:1057C000F7F945E00B48808845F21031884219D13D
:1057D000FDF7A4FC3CE00000303802400018024015
:1057E000000C024000140240000402401802002095
:1057F000040100A0680200204C43442049443A259B
:10580000780D0A003A48808847F29671884202D1A2
:10581000FFF706FD1CE03648808845F210518842AB
:1058200002D1FEF7F4FB13E03148808849F6060107
:10583000884202D1FDF7D2FA0AE02D48808841F66D
:105840006311884204D1FFF760FB642000F0ECFA9A
:105850002748808847F2897188420BD02448808885
:1058600049F24131884205D02148808841F66311D0
:1058700088420AD10320029004901E490B6B8A686B
:10588000486802A9FBF756F821E01948808845F2DC
:105890001031884211D01648808847F296718842AC
:1058A0000BD01348808845F21051884205D010482B
:1058B000808849F60601884209D1022002900490AE
:1058C0000C490B6B8A68486802A9FBF733F8002083
:1058D000FDF7A8F800BF0122D1030748FBF712FA31
:1058E00000BF4FF6FF70FDF783F815B000BD000054
:1058F00068020020180200200004024000BF011EC0
:10590000A0F10100FBD1704708B50220FFF7F6FFB8
:10591000024800880090BDF8000008BD8000006CBF
:10592000F0B50546002400278B488079012805D171
:105930008948808841F66311884208D18648807979
:10594000F0B98548808841F66311884218D1082D46
:1059500015D2DFE805F00406080A0C0E1012062521
:105960000DE007250BE0042509E0052507E00125EA
:1059700005E0002503E0032501E0022500BF00BF8C
:10598000082D1CD2DFE805F00406090C0F121518CB
:1059900000BF14E044F0800411E044F040040EE045
:1059A00044F0C0040BE044F0200408E044F060043C
:1059B00005E044F0A00402E044F0E00400BF00BFB2
:1059C00036276548808845F21051884200D13F0251
:1059D0006148808849F2413188420BD05E48808816
:1059E00047F28971884205D05B48808847F29671FA
:1059F000884201D144F008042146384600F066FA96
:105A00005548808841F6631188421DD004F020007B
:105A100068B15148008850494988884214DA4E4894
:105A2000068840884C490880084646800CE04A4871
:105A3000008849494988884206DD474806884088E9
:105A400045490880084646804348808845F2105101
:105A5000884252D14049488900F022FA002000F0E3
:105A600013FA3D494989491C88B200F019FA00200F
:105A700000F00AFA38494989891C88B200F010FA06
:105A800035490988491EC1F30F2000F0FDF932495C
:105A90004989C91C88B200F003FA2F490978491EC8
:105AA000C8B200F0F1F92C49888900F0F9F900201A
:105AB00000F0EAF928498989491C88B200F0F0F918
:105AC000002000F0E1F924498989891C88B200F09E
:105AD000E7F921494988491EC1F30F2000F0D4F9A4
:105AE0001D498989C91C88B200F0DAF91A498978F8
:105AF000491EC8B200F0C8F92DE01749488900F0E6
:105B0000CFF9002000F0C0F9002000F0BDF91249E3
:105B10000988491EC1F30F2000F0B6F90E49097833
:105B2000491EC8B200F0B0F90B49888900F0B8F9F5
:105B3000002000F0A9F9002000F0A6F906494988E4
:105B4000491EC1F30F2000F09FF903498978491ECF
:105B5000C8B200F099F9F0BD6802002010B5024605
:105B60000C464548808841F66311884247D1424837
:105B70008079A8B940480088401E801A82B23E4908
:105B8000488900F08DF9002000F07EF9002000F037
:105B90007BF9101200F078F9D0B200F075F916E038
:105BA0003549488900F07CF9101200F06DF9D0B247
:105BB00000F06AF930490988491EC1F30F2000F04E
:105BC00063F92D490978491EC8B200F05DF92A49E8
:105BD000888900F065F9201200F056F9E0B200F073
:105BE00053F925494988491EC1F30F2000F04CF9AB
:105BF00021498978491EC8B200F046F93AE01E48AA
:105C0000808845F21051884220D11B49488900F014
:105C100047F9101200F038F917494989491C88B230
:105C200000F03EF9D0B200F02FF91349888900F056
:105C300037F9201200F028F90F498989491C88B2E8
:105C400000F02EF9E0B200F01FF913E00A4948898C
:105C500000F026F9101200F017F9D0B200F014F994
:105C60000549888900F01CF9201200F00DF9E0B216
:105C700000F00AF910BD0000680200202DE9FC4F79
:105C800080460E4615461C46B34600200190009003
:105C90002046E31704EB5373DB1021464FEAE47C04
:105CA00004EB5C7C4FEAEC0CA4EBCC0CBCF1000FD9
:105CB00002D04FF0010C01E04FF0000C634422468B
:105CC00004EBD27C4FEA6C0C03FB0CF3DBB20193C8
:105CD000A5F12000C5B20C2C06D0102C0BD0182C2E
:105CE0000ED0202C18D112E005EB45002D4901EB18
:105CF0008000009012E02C4800EB051000900DE0B1
:105D000005EBC500294901EB8000009006E028481A
:105D100000EB8510009001E0BDE8FC8F00BF00277C
:105D20003AE0009810F807904FF0000A2EE009F0D2
:105D3000800028B1314640460C9AFCF729FF07E065
:105D40000B9828B91B48314602684046FCF720FFF3
:105D50004FEA49604FEA1069701C86B216484088C5
:105D6000B04200DCD8E7A6EB0B00A0420AD15E46A9
:105D700008F101001FFA80F80F480088404500DC58
:105D8000CAE706E00AF1010000F0FF0ABAF1080FC5
:105D9000CDDB00BF781CC7B201988742C1DB00BFD2
:105DA000BAE700006A920008DE960008CE9C000860
:105DB0002AAA000848000020680200202DE9FC4FB4
:105DC00004460D4690469946DDE90C7A0B9E04F098
:105DD000FF0B08EB04001FFA80F809EB05001FFA1F
:105DE00080F917E0444502DB5C46A81985B24D45B1
:105DF00000DB15E00020CDE9000A3A783346294659
:105E00002046FFF73BFF304606EBD07104EB610103
:105E10008CB27F1C38787E2802DC38782028E1DAC2
:105E200000BFBDE8FC8F000070B52DED048B04466B
:105E3000BE2000F035F8052000F026F8204603F0DB
:105E4000F2F841EC190B9FED0E0B53EC102B03F005
:105E5000FDF841EC180B03F0B9F885B2284600F0C4
:105E600013F8012000F010F8FF2000F00DF80020DA
:105E700000F00AF8002000F007F8BDEC048B70BDBC
:105E8000666666666666044001B5BDF8000000906F
:105E9000BDF800000149088008BD00008000006CCA
:105EA00001B5BDF800000090BDF800000149088070
:105EB00008BD00007E00006C02480089024908808D
:105EC00070470000680200207E00006C034A1080CA
:105ED0004FF0D842A2F88010704700007E00006C9E
:105EE00000B587B000BF00BF0020019020480068C7
:105EF00040F020001E4908600846006800F02000BD
:105F0000019000BF00BF00BF00BF00BF0020019094
:105F10000846006840F0200008600846006800F06D
:105F20002000019000BF00BF00BF48150290012073
:105F3000039004900220059002A90E48FAF7D8FDBC
:105F40004FF48060029002A90A48FAF7D1FD00BF21
:105F5000012251020748FAF7D5FE00BF00BF012217
:105F600091020448FAF7CEFE00BF07B000BD000062
:105F7000303802400014024010B50320FAF76EFFDB
:105F8000FAF7DEFE0723022208214FF4A87001F081
:105F9000F1F9A820FCF76EFB4FF4E13001F0B0FA04
:105FA000FFF79EFFFFF720FAFCF742FC00F004FF2A
:105FB000002000F00BF8022000F008F8012000F0AB
:105FC00005F8FCF7B1FB002010BD000010B5044639
:105FD0000C4951F824104A000B4951F824000021C3
:105FE00000F036F8094951F8242007490C3951F8D6
:105FF0002400002100F02CF8012103480C30015549
:1060000010BD0000ECC100086800002004C20008B8
:1060100010B501460023002207E00B4850F821008C
:1060200030F8120000B15B1C521C084850F82100E7
:106030009042F2D84FF47A705843044C54F82140FF
:10604000B0FBF4F080B210BD68000020ECC1000885
:1060500030B5034601E003F8011B141EA2F1010252
:10606000F9D130BD2DE9F04105460E4629480768B3
:1060700000202949096881F85D0027480068001D53
:1060800001F05AFA50B92448006890F82C10012009
:10609000884022490968814320480160681CD8B9BA
:1060A000D6B11F4948681C49096888601A49826846
:1060B0000968CA6018490968091D82685160164953
:1060C0000968091D8160164A134909684A61114629
:1060D0000968491C11601AE07C190F480068446087
:1060E000BC4207D20C480168091D0E48006801F047
:1060F00047FA0CE008480168091D0B48006801F0E8
:106100003FFA0A480068844201D208480460BDE8AA
:10611000F08100008C00002078000020900000201A
:10612000F0840120800000207C000020A8000020D6
:1061300010B5044601F04AFA31480068401C304965
:1061400008603048006840B92E480460084600687E
:1061500001280DD100F022FA0AE02B48006838B976
:1061600028480068C06AE16A884201D8254804606E
:1061700026480068401C254908600846006860649D
:1061800094F82C10012088402149096808432049CF
:106190000860E16A01EB81011E4A02EB8101486857
:1061A000A0608268E260211D826851608160E16ABE
:1061B00001EB8101174A02EB81026261E16A01EBA6
:1061C0008101144A52F82110491CE26A02EB820252
:1061D000104B43F8221001F045FA0B48006868B1F3
:1061E00008480068C06AE16A884207D24FF08050D0
:1061F00009490860BFF34F8FBFF36F8F10BD0000D8
:10620000880000207800002094000020A4000020D6
:10621000900000202082012004ED00E010B501F084
:10622000D5F910480068D0B90F4801F099F90F4826
:1062300001F096F90C480E4908600C480D490860B9
:1062400000221021052001F00BFF064908600846D6
:10625000006820B108A10348006801F0C3FA01F00A
:1062600001FA10BDC8000020048501201885012016
:10627000C0000020C4000020546D725100000000D6
:1062800010B516E001F0A2F90C48C068C468201DE2
:1062900001F052F90A480068401E0949086009489F
:1062A0000068401E0749086001F0DCF9204600F054
:1062B0005FF8044800680028E4D110BDDC840120A8
:1062C000880000208400002070B504460D46206C34
:1062D00070B1216CE0680144E160D4E902108842A9
:1062E00001D32168E1602846226CE168FAF776F96B
:1062F00070BD2DE9F04104460F4615464FF00008E9
:10630000A66B206C48B9206800282CD1A06802F048
:10631000A1FB80460020A06025E07DB93946226CB3
:106320006068FAF75BF9216C606808446060D4E942
:106330000101884217D32068606014E03946226C5E
:10634000E068FAF74BF9216CE068411AE1602168D6
:10635000E068884203D2216CA068411AE160022DF6
:1063600001D106B1761E701CA0634046BDE8F081E5
:1063700010B50446206B01F0B5F9204601F0B2F9E2
:1063800010BD01464A6A22B10A6B1268C2F12000B0
:1063900000E00020704700000146084A12681268B9
:1063A0000AB9012200E000220A600A6822B9034A01
:1063B0001268D268106800E000207047C00000201A
:1063C00030B54FF42053174800F007042CB1C01D1E
:1063D00020F00700134C041B1B1B0246124C2260CA
:1063E0000024114D6C60D018083820F007000F4CC5
:1063F000206000240D4D2D686C600C4D2D682C60C4
:106400001146441A4C60094C24680C60084D4C68D5
:106410002C60084D4C682C604FF00044064D2C60F9
:1064200030BD00002C850120D4000020DC000020BD
:10643000E4000020E0000020F000002000BFFFF793
:106440001FFF064800680128F9D94FF08050044921
:106450000860BFF34F8FBFF36F8FF0E720820120FA
:1064600004ED00E02DE9F04106460D46174698463A
:10647000069C0DB9246000E02760E66325640121D5
:10648000204601F035FE84F850800020A064BDE86D
:10649000F08100002DE9F05F82460F4690469B4652
:1064A0000A9E0C9C4FEA8801A522206BFAF7DBF8C4
:1064B000A8F10100216B01EB800929F0070909F01F
:1064C000070008B9012000E0002028B94FF45872F5
:1064D00025A12EA0F9F7B0FF87B1002507E0795D6F
:1064E00004F134004155785D00B902E06D1C102DB7
:1064F000F5D300BF00214320015502E0002084F8BD
:106500003400202E01D2012000E0002028B940F202
:10651000973215A11DA0F9F78FFF202E00D31F265B
:10652000E662E66400202065201D01F026F804F1F3
:10653000180001F022F82461C6F12000A061646215
:1065400000206065A06584F85C0084F85D005A4610
:106550005146484600F01AFC20600B9808B10B9891
:106560000460BDE8F09F00002E2E5C2E2E5C4D696D
:1065700064646C6577617265735C467265655254DC
:106580004F535C7461736B732E6300004572726FBE
:10659000723A2025732C2025640D0A0010B50024C2
:1065A00007E004EB84010F4A02EB810000F0D8FF02
:1065B000641C202CF5D30C4800F0D2FF0B4800F0EF
:1065C000CFFF0B4800F0CCFF0A4800F0C9FF0A4893
:1065D00000F0C6FF044809490860044808490860FB
:1065E00010BD000020820120A0840120B48401207D
:1065F000C8840120DC840120F08401207C0000207C
:106600008000002010B50146164800E000680368CD
:106610008B42FBD30246436813448B4204D1436848
:106620004C682344436001460A464B68134404689F
:10663000A34211D10C4C03682468A34208D04B68D4
:106640000468646823444B6003681B680B6005E0C2
:10665000054B1B680B6001E003680B60884200D0AB
:10666000016010BDD4000020DC0000202DE9F041C5
:1066700004460D4616461F464FF00008656024612B
:10668000B5420CD8F01BA169884202D34FF0010833
:1066900011E0211D0948006800F072FF0BE0BE42C6
:1066A00004D2BD4202D34FF0010804E0211D04488A
:1066B000006800F065FF4046BDE8F081C40000209E
:1066C000C000002070B5054600F080FFA86B08B937
:1066D000012400E0002400F0C5FF204670BD70B525
:1066E000054600F073FFA86BE96B884201D10124D5
:1066F00000E0002400F0B6FF204670BDF1B5009820
:10670000846C00262CB940F6D53220A128A0F9F7D8
:1067100093FEA06BE16B884201D2012000E00020D3
:1067200028B940F6D63219A121A0F9F785FEA06B51
:10673000E16B884227D294F94550002269462046F1
:10674000FFF7D7FD0646681C60B9606A08B90120EA
:1067500000E00020B0B904F1240002F079FA88B119
:1067600001260FE07F2D01D0012000E0002028B994
:1067700040F6F63205A10EA0F9F75EFE681C40B2A5
:1067800084F8450000BF3046F8BD00002E2E5C2E78
:106790002E5C4D6964646C6577617265735C4672EA
:1067A000656552544F535C71756575652E630000C5
:1067B0004572726F723A2025732C2025640D0A00F1
:1067C00070B505460E460E480068C068C468201DB6
:1067D00000F0B2FE94F8280000F0040028B1324620
:1067E0002946204600F0FEF805E094F8280000F065
:1067F000FE0084F828002046216A884770BD00000A
:10680000C000002070B586B08AE0029800280CDA3B
:1068100003AE2EB940F2063247A150A0F9F70CFEA4
:10682000D6E90020B168904700BF0298002877DBC6
:10683000049C606908B9012000E0002010B9201D07
:1068400000F07AFE01A800F0F9F8054602980A283F
:1068500064D2DFE800F06305072E365306082F37B1
:1068600000BF00BF00BF94F8280040F0010084F88A
:1068700028000398A269811803462A462046FFF79C
:10688000F5FEA8B194F8280000F0040038B1039890
:10689000A26981182A46204600F0A4F805E094F881
:1068A000280000F0FE0084F828002046216A88476E
:1068B00035E000BF94F8280000F0FE0084F82800BE
:1068C0002DE000BF94F8280040F0010084F8280073
:1068D0000398A061A06908B1012000E0002028B958
:1068E00040F2593214A11DA0F9F7A6FDA069411983
:1068F0002B462A462046FFF7B9FE10E094F8280000
:1069000000F0020018B9204600F0ECFE05E094F813
:10691000280000F0FE0084F8280000E000BF00BF5F
:10692000002202A91148006801F052FD00287FF4FE
:106930006CAF06B070BD00002E2E5C2E2E5C4D6933
:1069400064646C6577617265735C46726565525408
:106950004F535C74696D6572732E63004572726F7C
:10696000723A2025732C2025640D0A00C8000020EF
:10697000F8B505460C4601F0FFF9684600F05EF8F0
:106980000646009820BB44B9B54206D802F006FA84
:1069900031462846FFF714FF1CE03CB10E48006862
:1069A000006808B9012000E000200446A91B224627
:1069B0000A48006800F05CFF02F0F0F950B94FF0AF
:1069C000805007490860BFF34F8FBFF36F8F01E01E
:1069D00002F0E4F9F8BD0000C4000020C800002067
:1069E00004ED00E070B504460D46164604E0A069CB
:1069F00005442046216A8847A06941192B46324642
:106A00002046FFF733FE0028F1D170BD0948006829
:106A1000006808B9012000E0002020B14FF0FF30ED
:106A20000549086005E003480068C068006802493D
:106A3000086070477C000020A800002070B5044664
:106A400001F00EFF054607480068854204D200F0B9
:106A50000BF80120206001E0002020600148056063
:106A6000284670BDD000002070B508E00D480068D1
:106A7000C06804684FF0FF312046FFF7A1FE0948C7
:106A80000068006808B9012000E000200028EDD06F
:106A90000448056804480068024908600248056027
:106AA00070BD0000C0000020C40000200B4800683A
:106AB000401C08B9012000E0002020B9E92208A10B
:106AC00016A0F9F7B9FC00BF502080F31188BFF37E
:106AD0004F8FBFF36F8F00BF00BFFEE7F4000020B1
:106AE0002E2E5C2E2E5C4D6964646C657761726538
:106AF000735C4672656552544F535C706F7274617B
:106B0000626C655C525644535C41524D5F434D3458
:106B1000465C706F72742E63000000004572726FE5
:106B2000723A2025732C2025640D0A0008B500BF99
:106B30006846FFF731FC044620460099FFF718FF2E
:106B4000FFF760FEF4E770B5044600F03FFD94F9EE
:106B5000455019E0A06C30B12046FFF7CFFD88B159
:106B600000F08CFF0EE0606A08B9012000E0002010
:106B700038B904F1240002F06BF818B100F07EFF80
:106B800000E003E0681E45B2002DE3DC00BFFF20FB
:106B900084F8450000F066FD00F018FD94F94450BB
:106BA00010E0206908B9012000E0002048B904F194
:106BB000100002F04DF808B100F060FF681E45B209
:106BC00000E001E0002DECDC00BFFF2084F8440071
:106BD00000F048FD70BD00002DE9F04104464FF083
:106BE000000801F0C9F84948006808B9FFF7E8FB58
:106BF000474800682040002875D1002C23D004F1BC
:106C00000800A0421FD9083404F0070000281BD058
:106C100004F00700C0F108002044A04211D904F09C
:106C20000700C0F10800044404F0070008B901207F
:106C300000E0002040B99C2236A144A0F9F7FCFBFB
:106C400002E0002400E00024002C4CD043480068FF
:106C5000844248D8424E3046056801E02E462D68F1
:106C60006868A04202D228680028F7D12748006847
:106C7000854238D0306800F10808286830606868BC
:106C8000001B102813D92F1907F0070008B901209D
:106C900000E0002020B9CF221EA12CA0F9F7CCFBE8
:106CA0006868001B78606C603846FFF7ABFC2B49C6
:106CB00068680968081A294908600846006829496F
:106CC0000968884203D225480068264908601049AF
:106CD00068680968084368600020286022480068E6
:106CE000401C2149086002F059F808F0070008B973
:106CF000012000E0002028B94FF4887205A113A0FC
:106D0000F9F79AFB4046BDE8F0810000DC00002066
:106D1000F00000202E2E5C2E2E5C4D6964646C65A4
:106D200077617265735C4672656552544F535C704F
:106D30006F727461626C655C4D656D4D616E675C10
:106D4000686561705F342E63000000004572726FE9
:106D5000723A2025732C2025640D0A00E0000020E3
:106D6000D4000020E4000020E8000020064800686D
:106D700030B10549096801F15000096D491C0160F5
:106D8000014800687047000078000020001F4FF0A5
:106D900080730360001F21F001030360001F054B97
:106DA000036014380260001F6FF002030360203894
:106DB00070470000AD6A000800B58DB0FBF7A6FB78
:106DC00000BF00BF002000907148006840F0400004
:106DD0006F4908600846006800F04000009000BF5E
:106DE00000BF00BF00BF00BF002000900846006841
:106DF00040F0080008600846006800F008000090B5
:106E000000BF00BF00BF00BF00BF002000900846C9
:106E1000006840F0080008600846006800F00800BC
:106E2000009000BF00BF00BF00BF00200090584886
:106E30000830006840F001005549083108600846F4
:106E4000006800F00100009000BF00BF00BF0020FC
:106E500000904F48006840F008004D49086008461F
:106E6000006800F00800009000BF00BF00BF0020D5
:106E700000900846006840F010000860084600686E
:106E800000F01000009000BF00BF00BF0020009085
:106E90000846006840F0200008600846006800F0DE
:106EA0002000009000BF00BF00BF002000900846F7
:106EB000006840F0400008600846006800F04000AC
:106EC000009000BF00BF0815089002200990012023
:106ED0000A9002200B900C200C9008A92D48F9F77D
:106EE00007FE2020089008A92B48F9F701FE102082
:106EF000089008A92848F9F7FBFD4FF603700890A1
:106F00000220099001200A9002200B9008A9224833
:106F1000F9F7EEFD4FF68370089008A91F48F9F7BE
:106F2000E7FD4FF23F00089008A91D48F9F7E0FD82
:106F30003F20089008A91748F9F7DAFD4FF02040E4
:106F400018490860184848600420886000211548E6
:106F5000C16001611021416100218161C161416213
:106F60004FF4805181620021C162016341638163FA
:106F700000200190029006200390002004900790CA
:106F800001AA01A90748FAF70BFB0DB000BD0000EC
:106F90003038024000180240000C0240001002404D
:106FA0000014024078020020040100A01CB5204813
:106FB000006840F078001E4908600120032100238A
:106FC0000246CDE900104EF233011A48FAF796FF57
:106FD0000120032100230246CDE900104EF22F01CB
:106FE0001548FAF78BFF0120032100230246CDE963
:106FF000001040F233411148FAF780FF01200321CD
:1070000000230246CDE900104FF4F0610C48FAF776
:1070100075FF01200B4908600B49C1F8A802094916
:10702000091F086000200849C1F880021CBD00004B
:1070300030380240000C02400014024000180240A8
:107040000010024094824142000043422DE9FC417D
:107050000446002500260027FFF7A8FF00206B4903
:10706000086001F0ABFF00BF10E000206749086036
:10707000674931F81500FBF77FFA01F09FFF012007
:107080006449C1F8940201F099FF6D1C052DECDBF9
:1070900001206149086000205E49C1F89402200A7D
:1070A000FBF7BCFA01F08AFF01205849086001F0A3
:1070B00085FF00205749C1F89402E0B2FBF7AEFA11
:1070C00001F07CFF01205149086001F077FF0020AA
:1070D0005049C1F894025148006840F078004F4987
:1070E00008600120032103460022CDE900104FF47F
:1070F000F0614B48FAF702FF01200321034600220A
:10710000CDE900104CF203014648FAF7F7FE0020E3
:107110003E49091F0860091D086001F04FFF01206A
:107120003C49C1F8940201F049FF38485C380068D6
:107130003849D1F83C1240EA41003649D1F80012F2
:1071400040EA81003349D1F8041240EAC1003649CF
:10715000D1F81C1240EA01103349D1F8201240EA5C
:1071600041103149D1F8241240EA81102E49D1F85A
:10717000281240EAC110C6B201F020FF00202349C6
:10718000086001F01BFF01202249C1F8940201F0C0
:1071900015FF1E485C3800681E49D1F83C1240EAD1
:1071A00041001C49D1F8001240EA81001949D1F888
:1071B000041240EAC1001C49D1F81C1240EA011037
:1071C0001949D1F8201240EA41101749D1F8241288
:1071D00040EA81101449D1F8281240EAC110C7B220
:1071E00001F0ECFE00200C4928310860012007491D
:1071F0000860091F086001F0E1FE012006492831FE
:10720000086047EA0620BDE8FC8100009482414204
:107210000001002000804142800243423038024099
:1072200000100240000C02400000424270B50446CB
:107230000D460026FFF7BAFE01F0C0FE00BF10E0C9
:1072400000202F4908602F4931F81600FBF794F908
:1072500001F0B4FE01202C49C1F8940201F0AEFE09
:10726000761C052EECDB0120284908600020264909
:10727000C1F89402802141EA1420FBF7CFF901F014
:107280009DFE01201E49086001F098FE00201E4965
:10729000C1F89402E0B2FBF7C1F901F08FFE0120C2
:1072A0001749086001F08AFE00201749C1F89402CE
:1072B000280AFBF7B3F901F081FE012010490860AC
:1072C00001F07CFE00201049C1F89402E8B2FBF7FF
:1072D000A5F901F073FE01200949086001F06EFE76
:1072E00000200A4928310860012005490860091F6B
:1072F000086001F063FE012004492831086070BD78
:1073000094824142000100200080414280024342B9
:107310001CB5044600F05AF90D48022100238022D2
:10732000CDE900100BA10D4801F05AFA0C480321D9
:1073300000238022CDE900100AA10C4801F050FA88
:107340000B48006800F0FCFA00F08CF91CBD00004E
:10735000080000207461736B310000004174000864
:107360000C0000207461736B3200000095740008FB
:10737000040000202DE9F04192B080460C461546ED
:107380001E46002700BF002000902A48006840F0F9
:107390008050284908600846006800F0805000903E
:1073A00000BF00BF00BF002000902348006840F4E9
:1073B0008040214908600846006800F48040009041
:1073C00000BF00BF0120019000040290022007903E
:1073D00041050891CDF8288009940B950C9601A8D9
:1073E000F9F790FE07461FB1012012B0BDE8F08109
:1073F0000F200D9002200E9000200F904FF4A0500F
:1074000010904FF48050119004210DA8F9F73AFD27
:1074100007460FB10120E8E7F9F77AFC41F20101D4
:10742000884205D10548006840F48070034908602F
:107430000020DAE74038024000700040003C024083
:10744000002515E00020FBF771FA0546012D0CD14F
:1074500000231A4619460748006800F0C7FE044694
:10746000012C02D004A0F8F7E7FF0A2000F026FA6A
:10747000E8E7000010000020B6FED6B5D0C5BAC5BA
:10748000C1BFCACDB7C5CAA7B0DCA3A1A3A10D0ACD
:1074900000000000002512E04FF0FF3108480068AE
:1074A00001F056F80446012C06D1681C0546014639
:1074B00004A0F8F7C1FF02E00AA0F8F7BDFFEBE770
:1074C00010000020B6FED6B5D0C5BAC5C1BFBBF10D
:1074D000C8A1B3C9B9A6A3A1A3A1206E756D3A2511
:1074E000640D0A00B6FED6B5D0C5BAC5C1BFBBF1A2
:1074F000C8A1CAA7B0DCA3A1A3A10D0A0000000087
:1075000010B5044609480A4908600846446000214D
:107510008160C160016181610C214161FAF7D8FB92
:10752000012204490248FAF773FC10BD0010014023
:10753000D40100203600002001460A69D1E901305B
:107540009860D1E9010358605068884201D1886889
:107550005060002008611068401E1060106870477D
:1075600000F1080141604FF0FF31816000F1080136
:10757000C160016100210160704700210161704715
:1075800010B502460B685C1C0CB9106907E002F1EB
:10759000080000E04068446824689C42FAD94468C6
:1075A0004C604C68A160886041600A611468641C8A
:1075B000146010BD42684A6093688B60936859609C
:1075C0009160086103685B1C0360704710B500BFE1
:1075D000502080F31188BFF34F8FBFF36F8F00BF30
:1075E0000B480068401C0A490860084600680128EA
:1075F0000DD108480068C0B208B9012000E00020A1
:1076000028B94FF4DB7204A112A0F8F715FF10BDE2
:10761000F400002004ED00E02E2E5C2E2E5C4D695F
:1076200064646C6577617265735C4672656552541B
:107630004F535C706F727461626C655C5256445358
:107640005C41524D5F434D34465C706F72742E63E3
:10765000000000004572726F723A2025732C2025BD
:10766000640D0A0010B50B48006828B940F2BD123D
:1076700009A118A0F8F7E0FE06480068401E054979
:1076800008600846006820B9002080F3118800BF18
:1076900000BF10BDF40000202E2E5C2E2E5C4D6924
:1076A00064646C6577617265735C4672656552549B
:1076B0004F535C706F727461626C655C52564453D8
:1076C0005C41524D5F434D34465C706F72742E6363
:1076D000000000004572726F723A2025732C20253D
:1076E000640D0A0070B506463546002E3AD0083DB6
:1076F0002C461D4960680968084008B1012000E077
:10770000002028B94FF4927218A126A0F8F794FE31
:10771000206808B9012000E0002028B940F22512B5
:1077200012A120A0F8F788FE0F4960680968084098
:10773000C0B12068B0B90C496068096888436060CE
:1077400000F01AFB1B496068096808441949086081
:107750002046FEF757FF18480068401C164908608D
:1077600001F01CFB70BD0000F00000202E2E5C2EEE
:107770002E5C4D6964646C6577617265735C4672FA
:10778000656552544F535C706F727461626C655CD6
:107790004D656D4D616E675C686561705F342E6329
:1077A000000000004572726F723A2025732C20256C
:1077B000640D0A00E0000020EC00002000204FF0E3
:1077C000E02108618861064800684FF47A71B0FBD7
:1077D000F1F0401E4FF0E02148610720086170473A
:1077E000000000202DE9F04106460F462EB940F674
:1077F000C82211A119A0F8F71FFE0025BFB100246F
:1078000012E01A4800EBC4004068B04203D11748A8
:1078100000EBC4050AE035B9144850F8340010B93B
:10782000124800EBC405641C082CEAD300BF0DB15C
:107830002F606E60BDE8F0812E2E5C2E2E5C4D69AF
:1078400064646C6577617265735C467265655254F9
:107850004F535C71756575652E6300004572726FDC
:10786000723A2025732C2025640D0A00E081012046
:107870002DE9F04105460E4617462C46FFF7A6FEB9
:1078800094F94400401C10B9002084F8440094F995
:107890004500401C10B9002084F84500FFF7E2FEC7
:1078A000A06B28B93A46314604F1240000F01EF9D5
:1078B0002046FFF748F9BDE8F081000070B50446A6
:1078C0000025ACB10F48006808B9012000E0002095
:1078D00028B940F249520CA114A0F8F7ADFD00F010
:1078E0004BFA00212046FEF7BDFB01F057FA054692
:1078F0003DB94FF0805011490860BFF34F8FBFF37F
:107900006F8F70BDB40000202E2E5C2E2E5C4D6952
:1079100064646C6577617265735C46726565525428
:107920004F535C7461736B732E6300004572726F0A
:10793000723A2025732C2025640D0A0004ED00E026
:1079400070B50546FFF742FE15B92F48006800E004
:1079500028460446201DFFF7EFFD78B9E06A00EBEA
:1079600080002A4951F8200040B994F82C100120D9
:10797000884027490968814325480160A06A18B1F9
:1079800004F11800FFF7D8FD22480068401C214987
:1079900008601D480068844209D1211D1E48FFF778
:1079A00009FE1E480068401C1C49086006E01C488F
:1079B0000068401E1A490860FFF728F8FFF752FEDA
:1079C00011480068844202D02046FEF7D1FC1548D9
:1079D0000068C0B10C480068844214D112480068A5
:1079E00008B9012000E0002028B940F2DC420FA1D4
:1079F00017A0F8F721FD4FF0805019490860BFF338
:107A00004F8FBFF36F8F70BD780000202082012060
:107A100090000020A4000020DC84012084000020CD
:107A20008800002094000020B40000202E2E5C2E40
:107A30002E5C4D6964646C6577617265735C467237
:107A4000656552544F535C7461736B732E63000011
:107A50004572726F723A2025732C2025640D0A003E
:107A600004ED00E0034909680160034909684160C9
:107A700070470000A00000208C0000200120014978
:107A8000086070479C00002070B504460D462CB974
:107A900040F61C4207A110A0F8F7CEFC124801687E
:107AA00018312046FFF76CFD01212846FEF7DAFA6F
:107AB00070BD00002E2E5C2E2E5C4D6964646C65DA
:107AC00077617265735C4672656552544F535C749E
:107AD00061736B732E6300004572726F723A2025DA
:107AE000732C2025640D0A007800002070B5044630
:107AF0000E4615462CB940F6524211A119A0F8F7CE
:107B00009BFC60681B490968C8611A49826809685A
:107B10000A62184909681831826851601549096874
:107B200018318160134909688C622168491C216001
:107B30000DB14FF0FF3629463046FEF793FA70BD7F
:107B40002E2E5C2E2E5C4D6964646C6577617265C7
:107B5000735C4672656552544F535C7461736B730A
:107B60002E6300004572726F723A2025732C202517
:107B7000640D0A00780000202DE9F04706460F4604
:107B800034464FF00109002E70D0206D28B941F223
:107B90009F0237A13FA0F8F74FFCE06CB84201D23A
:107BA0003D4600E0E56CE06AA8425FD0206D012808
:107BB0005CD13C480068844201D0012000E00020F4
:107BC00028B941F2BA022AA132A0F8F735FCD4F85C
:107BD0002C80E562A06900F0004010B9C5F12000DA
:107BE000A06108EB8801304A02EB8101606988429C
:107BF00001D1012000E00020C0B3201DFFF79CFC54
:107C000040B994F82C100120884028490968814324
:107C10002648016094F82C10012088402349096807
:107C2000084322490860E16A01EB81011E4A02EB28
:107C300081014868A0608268E260211D826851600D
:107C40008160E16A01EB8101174A02EB8102626106
:107C5000E16A01EB8101144A52F82110491CE26AE1
:107C600002EB8202104B43F8221000BFBDE8F08700
:107C70002E2E5C2E2E5C4D6964646C657761726596
:107C8000735C4672656552544F535C7461736B73D9
:107C90002E6300004572726F723A2025732C2025E6
:107CA000640D0A007800002020820120900000204E
:107CB0001CB51C4800210B468022CDE900101AA1FA
:107CC0001B4800F08DFD0446012C02D101F036F96D
:107CD0000446012C17D100BF502080F31188BFF358
:107CE0004F8FBFF36F8F00BF4FF0FF301149086017
:107CF000012011490860002010490860F8F70CFEC7
:107D000000F0BEF80BE0601C08B1012000E000208C
:107D100028B94FF404620AA112A0F8F78DFB1548A8
:107D200000681CBDAC00002049444C450000000028
:107D30003D640008A8000020940000208C00002072
:107D40002E2E5C2E2E5C4D6964646C6577617265C5
:107D5000735C4672656552544F535C7461736B7308
:107D60002E6300004572726F723A2025732C202515
:107D7000640D0A00B000002002480068401C014960
:107D800008607047B400002010B52848006818B19A
:107D900001202749086047E0002025490860254860
:107DA0000068254908600846006824490968884237
:107DB0000BD92349096801F15400496D1E4A126824
:107DC0001E4B1B68D21A114401601B4800681B49F6
:107DD00008601C480068B0FA80F0C0F11F0404EB92
:107DE0008400194951F8200008B1012000E000206A
:107DF00028B940F6024215A11DA0F8F71DFB04EBBF
:107E00008401114A02EB810041684968416000F138
:107E1000080142688A4202D141684968416041686C
:107E2000C968074A116000BF10BD0000B4000020FF
:107E30009C00002050000020BC000020B800002062
:107E40007800002090000020208201202E2E5C2E41
:107E50002E5C4D6964646C6577617265735C467213
:107E6000656552544F535C7461736B732E630000ED
:107E70004572726F723A2025732C2025640D0A001A
:107E80001CB5504800685049884201D0012000E0EC
:107E9000002028B940F243124CA15BA0F8F7CCFABD
:107EA000484800684849491E884201D0012000E046
:107EB000002028B94FF4A27244A153A0F8F7BCFAED
:107EC000554C204600780190FF2021460870084656
:107ED000007800909DF8000000F0F0009DF8001080
:107EE000884201D1012000E0002028B940F25D1253
:107EF00036A145A0F8F7A0FA9DF8000000F0500068
:107F00004649087007204649086009E0444800686F
:107F1000401E434908609DF800004006000E009096
:107F20009DF8000000F080008028EFD03C480068F9
:107F3000C0F10700042801D1012000E0002028B989
:107F400040F2711221A130A0F8F776FA34480068A7
:107F5000C0F10700042801D1012000E0002028B969
:107F60004FF4BD7219A128A0F8F766FA2C480068F2
:107F700000022B4908600846008800F4E0600860B1
:107F80002549019808700F482030006840F47000BF
:107F90000C49203108600846006840F070400860D5
:107FA000FFF70CFC00201F490860F8F76BF91E482A
:107FB000006840F040401C490860F8F74FF9002085
:107FC0001CBD000000ED00E071C20F412E2E5C2EA2
:107FD0002E5C4D6964646C6577617265735C467292
:107FE000656552544F535C706F727461626C655C6E
:107FF000525644535C41524D5F434D34465C706F62
:1080000072742E63000000004572726F723A202570
:10801000732C2025640D0A0000E400E0F800002025
:10802000FC000020F400002034EF00E010B500BF99
:10803000502080F31188BFF34F8FBFF36F8F00BFC5
:1080400000F014FC18B14FF080500449086000BFE4
:10805000002080F3118800BF10BD000004ED00E097
:108060002DE9F84305460E4617460024E5B1601E8B
:10807000B0FBF5F0B04217D305FB06F010F1550F39
:1080800012D805FB06F909F15400FEF7A5FD0446D8
:108090008CB1A04608F154083B464246314628467A
:1080A0000094FEF7DFF906E02CB94FF4E37203A168
:1080B0000BA0F8F7C1F92046BDE8F8832E2E5C2E00
:1080C0002E5C4D6964646C6577617265735C4672A1
:1080D000656552544F535C71756575652E6300007C
:1080E0004572726F723A2025732C2025640D0A00A8
:1080F0002DE9F04105460E4601272C462CB94FF4D8
:1081000088722CA134A0F8F797F9002C42D0E06BCC
:1081100000283FD04FF0FF31E06BB1FBF0F0216C55
:10812000884237D3FFF752FAD4E90F12206801FBD7
:108130000200A0600020A06320686060E06B401E29
:10814000226C216800FB0211E160FF2084F84400EA
:1081500084F845009EB9206908B9012000E000209C
:10816000A8B904F1100000F073FD80B14FF0805009
:108170001D490860BFF34F8FBFF36F8F07E004F115
:108180001000FFF7EDF904F12400FFF7E9F9FFF71C
:1081900069FA00E000270FB1012000E0002028B9B3
:1081A00040F2451203A10CA0F8F746F93846BDE8A5
:1081B000F08100002E2E5C2E2E5C4D6964646C658F
:1081C00077617265735C4672656552544F535C719A
:1081D000756575652E6300004572726F723A2025D1
:1081E000732C2025640D0A0004ED00E02DE9FF4703
:1081F00082B0064688461D464FF0000934462CB929
:1082000040F22E3264A16DA0F8F716F9B8F1000F14
:1082100001D1206C08B9012000E0002028B940F20B
:108220002F325DA165A0F8F707F9022D02D1E06BAE
:10823000012801D1012000E0002028B94FF44C7240
:1082400055A15EA0F8F7F8F800F0FAFA08B904981A
:1082500008B9012000E0002028B940F233324EA1D5
:1082600056A0F8F7E9F800BFFFF7B0F9A06BE16B93
:10827000884201D3022D3ED1D4F838A02A46414687
:108280002046FEF736F80746A06C88B1022D02D1D1
:10829000BAF1000F29D12046FEF730FA28B34FF08B
:1082A00080504A490860BFF34F8FBFF36F8F1CE0C7
:1082B000606A08B9012000E0002068B904F12400D8
:1082C00000F0C6FC88B14FF0805040490860BFF311
:1082D0004F8FBFF36F8F08E03FB14FF080503B49A5
:1082E0000860BFF34F8FBFF36F8FFFF7BBF901201B
:1082F00006B0BDE8F087049818B9FFF7B3F900207D
:10830000F6E7B9F1000F04D16846FFF7ABFB4FF079
:108310000109FFF7A7F9FFF72FFDFFF757F994F9C8
:108320004400401C10B9002084F8440094F9450032
:10833000401C10B9002084F84500FFF793F904A908
:10834000684600F0E7F9F8B92046FEF7C8F9A8B189
:1083500004F110000499FFF797FB2046FEF7F3FBAA
:1083600000F01CFD00287FF47FAF4FF080501749CC
:108370000860BFF34F8FBFF36F8F75E72046FEF79E
:10838000E2FB00F00BFD6FE72046FEF7DCFB00F0A0
:1083900005FD0020ACE700002E2E5C2E2E5C4D6902
:1083A00064646C6577617265735C4672656552548E
:1083B0004F535C71756575652E6300004572726F71
:1083C000723A2025732C2025640D0A0004ED00E08C
:1083D0002DE9F74183B005460E464FF000082C46C4
:1083E0002CB940F251524CA154A0F8F725F80EB91F
:1083F000206C08B9012000E0002028B940F2555255
:1084000045A14EA0F8F718F800F01AFA08B9059837
:1084100008B9012000E0002028B940F25A523EA1DC
:1084200046A0F8F709F800BFFFF7D0F8A76BF7B13F
:1084300031462046FDF748FF781EA063206908B941
:10844000012000E0002060B904F1100000F000FC01
:1084500038B14FF080503D490860BFF34F8FBFF3F4
:108460006F8FFFF7FFF8012006B0BDE8F081059897
:1084700018B9FFF7F7F80020F6E7B8F1000F04D1BC
:1084800001A8FFF7EFFA4FF00108FFF7EBF8FFF74D
:1084900073FCFFF79BF894F94400401C10B90020CE
:1084A00084F8440094F94500401C10B9002084F879
:1084B0004500FFF7D7F805A901A800F02BF9F0B99E
:1084C0002046FEF7FFF8A0B104F124000599FFF75C
:1084D000DBFA2046FEF737FB00F060FC0028A3D152
:1084E0004FF0805019490860BFF34F8FBFF36F8F73
:1084F0009AE72046FEF727FB00F050FC94E7204661
:10850000FEF721FB00F04AFC2046FEF7DBF80028CE
:108510008AD00020A8E700002E2E5C2E2E5C4D692C
:1085200064646C6577617265735C4672656552540C
:108530004F535C71756575652E6300004572726FEF
:10854000723A2025732C2025640D0A0004ED00E00A
:108550002DE9F34182B005464FF000082C46002675
:108560002CB940F2E3525DA165A0F7F765FF206CDE
:1085700008B9012000E0002028B940F2E75257A1D5
:108580005FA0F7F759FF00F05BF908B9039808B945
:10859000012000E0002028B940F2EC524FA158A081
:1085A000F7F74AFF00BFFFF711F8A76BFFB1781E7E
:1085B000A063206810B9FEF7D9FBA060206908B954
:1085C000012000E0002060B904F1100000F040FB41
:1085D00038B14FF080504E490860BFF34F8FBFF362
:1085E0006F8FFFF73FF8012004B0BDE8F0810398DA
:1085F00070B90EB9012000E0002028B940F23262C3
:1086000036A13FA0F7F718FFFFF72CF80020EBE7A3
:10861000B8F1000F04D16846FFF724FA4FF00108C3
:10862000FFF720F8FFF7A8FBFEF7D0FF94F944000E
:10863000401C10B9002084F8440094F94500401C07
:1086400010B9002084F84500FFF70CF803A968462C
:1086500000F060F840BB2046FEF734F8F0B1206827
:1086600038B9FEF7B3FFA06800F07CFA0646FEF7C3
:10867000F9FF04F124000399FFF706FA2046FEF7FC
:1086800062FA00F08BFB00288DD14FF0805020491A
:108690000860BFF34F8FBFF36F8F84E72046FEF76C
:1086A00052FA00F07BFB7EE72046FEF74CFA00F022
:1086B00075FB2046FEF706F80028EED05EB1FEF707
:1086C00085FF2046FDF75DFE07463946A068FFF7A7
:1086D00053FAFEF7C7FF002086E700002E2E5C2E1F
:1086E0002E5C4D6964646C6577617265735C46727B
:1086F000656552544F535C71756575652E63000056
:108700004572726F723A2025732C2025640D0A0081
:1087100004ED00E070B506460C462EB940F6FD4269
:108720001FA128A0F7F788FE2CB940F6FE421CA135
:1087300024A0F7F781FEFEF749FF2648026870681B
:10874000131A2548006890F85D0030B100202249D6
:10875000096881F85D0001251EE02068401C08B909
:10876000002519E01D4930680968884206D0706804
:10877000904203D80125002020600DE02068984237
:1087800007D92068C01A20603046FFF76BF9002532
:1087900002E0002020600125FEF764FF284670BD3E
:1087A0002E2E5C2E2E5C4D6964646C65776172655B
:1087B000735C4672656552544F535C7461736B739E
:1087C0002E6300004572726F723A2025732C2025AB
:1087D000640D0A008C00002078000020A00000201A
:1087E0002DE9FF4F85B0804689461746DDE912AB7B
:1087F000B800FEF7F1F9064656B16020FEF7ECF935
:1088000004460CB1266304E03046FEF76BFF00E03F
:1088100000247CB10020CDE900ABCDE902403A460E
:1088200049464046089BFDF735FE2046FDF780FC93
:10883000012501E04FF0FF35284609B0BDE8F08F73
:108840000549096809B9012005E00449096809B921
:10885000022000E00020704794000020B4000020B7
:1088600001490868704700008C0000202DE9F041A4
:108870004FF000085F48006800287DD15E4800681E
:10888000451C5D480560002D1DD15C4800680068EE
:1088900008B9012000E0002028B940F6C72258A1FD
:1088A00060A0F7F7C9FD554807686248006853495A
:1088B00008606048076060480068401C5E490860C6
:1088C000FEF7A4F800BF5D480068854277D300BF7B
:1088D0004A480068006808B9012000E0002020B183
:1088E0004FF0FF305549086068E044480068C068B0
:1088F000C4686668B54202D2504806605EE06069AE
:10890000D4E902128A60D4E902214A60211D42683A
:108910008A4201D1E1684160002262610168491E1A
:108920000160A06A98B1A06AD4E907128A60D4E90C
:1089300007214A6004F1180142688A4201D1216A84
:1089400041600022A2620168491E016000BF94F8E4
:108950002C10012088403A490968084338490860CA
:10896000E16A01EB8101374A02EB81014868A060AE
:108970008268E260211D00E033E08268516081601E
:10898000E16A01EB81012F4A02EB81026261E16A37
:1089900001EB81012B4A52F82110491CE26A02EBDB
:1089A0008202284B43F822102749E06A0968C96A05
:1089B00088428DD34FF001088AE700E000BF2248CB
:1089C0000068C06A00EB80001E4951F820000128B1
:1089D00001D94FF001081D48006808B14FF00108A7
:1089E00004E01B480068401C194908604046BDE887
:1089F000F0810000B40000208C0000207C000020EA
:108A00002E2E5C2E2E5C4D6964646C6577617265F8
:108A1000735C4672656552544F535C7461736B733B
:108A20002E6300004572726F723A2025732C202548
:108A3000640D0A0080000020A0000020A800002093
:108A40009000002020820120780000209C0000205F
:108A50009800002070B505462C460026002D5ED0FB
:108A600030480068844201D1012000E0002028B98C
:108A700041F24F022CA135A0F7F7DEFC206D28B99A
:108A800041F2500228A131A0F7F7D6FC206D401E1C
:108A90002065E16CE06A884241D0206D00283ED11B
:108AA000201DFEF749FD40B994F82C1001208840A4
:108AB0002A490968814329480160E06CE062E06A64
:108AC000C0F12000A06194F82C10012088402349B7
:108AD0000968084321490860E16A01EB8101204AE5
:108AE00002EB81014868A0608268E260211D826813
:108AF00051608160E16A01EB8101194A02EB810258
:108B00006261E16A01EB8101154A52F82110491CAA
:108B1000E26A02EB8202124B43F822100126304631
:108B200070BD0000780000202E2E5C2E2E5C4D695A
:108B300064646C6577617265735C467265655254F6
:108B40004F535C7461736B732E6300004572726FD8
:108B5000723A2025732C2025640D0A009000002015
:108B60002082012070B505462C460026002D67D0D6
:108B70003449E06A0968C96A88425AD2A06900F09B
:108B8000004028B92F480068C06AC0F12000A061E9
:108B9000E16A01EB81012C4A02EB810160698842A4
:108BA00001D1012000E00020E0B3201DFEF7C4FC4D
:108BB00040B994F82C100120884024490968814369
:108BC000224801601F480068C06AE06294F82C10D7
:108BD000012088401D49096808431C490860E16A72
:108BE00001EB8101184A02EB81014868A0608268AC
:108BF000E260211D826851608160E16A01EB8101C0
:108C0000114A02EB81026261E16A01EB81010E4AC5
:108C100052F82110491CE26A02EB82020A4B43F827
:108C2000221004E0FFE707480068C06AE0620126FE
:108C300006E00449E06C0968C96A884200D201264E
:108C4000304670BD78000020208201209000002076
:108C500070B50646F068C4682CB940F682423CA163
:108C600044A0F7F7E9FBA06AD4E907128A60D4E9C7
:108C700007214A6004F1180142688A4201D1216A41
:108C800041600022A2620168491E01603D480068FF
:108C900000283DD16069D4E902128A60D4E902213A
:108CA0004A60211D42688A4201D1E1684160002288
:108CB00062610168491E016094F82C10012088400F
:108CC00031490968084330490860E16A01EB8101D4
:108CD0002E4A02EB81014868A0608268E260211D93
:108CE000826851608160E16A01EB8101274A02EBF1
:108CF00081026261E16A01EB8101244A52F821108C
:108D0000491CE26A02EB8202204B43F8221010E079
:108D10001F494868E0618268226204F11801826894
:108D2000516081601A4AA26211460968491C1160AB
:108D300000BF1849E06A0968C96A884204D9012558
:108D400001201549086000E00025284670BD00009C
:108D50002E2E5C2E2E5C4D6964646C6577617265A5
:108D6000735C4672656552544F535C7461736B73E8
:108D70002E6300004572726F723A2025732C2025F5
:108D8000640D0A00B4000020900000202082012021
:108D9000C8840120780000209C00002070B50024C9
:108DA00000265048006828B940F6B3024EA157A0EB
:108DB000F7F742FBFEF70AFC4A480068401E4949A3
:108DC00008600846006800287ED1544800680028E2
:108DD0007AD05BE05248C068C468A06AD4E9071240
:108DE0008A60D4E907214A6004F1180142688A4286
:108DF00001D1216A41600022A2620168491E01601E
:108E00006069D4E902128A60D4E902214A60211D16
:108E100042688A4201D1E1684160002262610168D2
:108E2000491E016094F82C10012088403D490968D2
:108E300008433C490860E16A01EB81013A4A02EBD0
:108E400081014868A0608268E260211D82685160EB
:108E50008160E16A01EB8101334A02EB81026261C8
:108E6000E16A01EB8101304A52F82110491CE26AA3
:108E700002EB82022C4B43F822102C49E06A09686D
:108E8000C96A884202D30120294908602448006841
:108E900008B9012000E0002000289BD00CB1FDF7AC
:108EA000B5FD2448056865B100BFFFF7DFFC10B1D0
:108EB00001201F4908606D1E002DF6D100201D49BC
:108EC00008601B48006800E008E038B10126300760
:108ED00019490860BFF34F8FBFF36F8FFEF7C2FBD6
:108EE000304670BDB40000202E2E5C2E2E5C4D69E5
:108EF00064646C6577617265735C46726565525433
:108F00004F535C7461736B732E6300004572726F14
:108F1000723A2025732C2025640D0A008800002059
:108F2000C8840120900000202082012078000020C9
:108F30009C0000209800002004ED00E01CB50024F7
:108F4000FDF76CF90B48006858B10B481F2100234E
:108F50004FF48072CDE9001008A10A48FFF740FCE9
:108F600004462CB940F2191207A110A0F7F764FAD1
:108F700020461CBDC8000020CC000020546D72208B
:108F8000537663002D6B00082E2E5C2E2E5C4D69EF
:108F900064646C6577617265735C46726565525492
:108FA0004F535C74696D6572732E63004572726F06
:108FB000723A2025732C2025640D0A0044F2A0107B
:108FC00001E000BF401E0028FBD170474FEA11535B
:108FD000A3F58063D3F11E03A8BFD3F1200C08DBF7
:108FE0004FF0004242EAC12252EA505232FA03F0F4
:108FF000704709420BD4102BC4BF0020704703F503
:10900000787CBCF1FF3F05D04FF0FF3070474FF048
:109010000000704770B500F0C3F800BF499224808B
:1090200000207047F0E7B0FA80F310FA03F10AD09D
:10903000C3F11D0303F580634FEA41504FEA035229
:1090400002EBD12170474FF000007047DFF848C1B4
:1090500070B51CEA111E1EBF1CEA13159EEA0C0F08
:1090600095EA0C0F00F06F8081EA030423EA4C13A9
:109070004EEAD47E21EA4C1141F4801143F480136E
:10908000AE44A1FB024CA0FB0365AEF17F7E361916
:1090900055EB0C05A1FB034C4CF10003A0FB021C9B
:1090A00016EB0C06654153F10003094218BF46F068
:1090B000010613F4007F0BD14FEA03314FEA05306C
:1090C000340341EA155140EA16506FF003020AE0FA
:1090D0004FEAC3214FEAC520F40241EA555140EA64
:1090E00056506FF0020202EB2E4201EB025585EA68
:1090F000CE710AD05FEA440C18BF24F0004450F14E
:10910000000041F1000120EAD47040F2FE7C62458B
:1091100000D270BDA84214BF4FF080444FF04044CD
:10912000002E08BF0024BEF1806FA8BFA1F1C0418E
:10913000BDE8704080F282804FF0000001F1C04134
:1091400001F0004170479EEA0C0F0CEA131518BF9E
:1091500095EA0C0F06D04FF0000081EA030E0EF0E6
:10916000004170BD00F01CF88900013E00F007B816
:1091700000F009B84FEA430C5FEA5C5C08D081EA72
:10918000030100F05BB84FEA410C5FEA5C5CF6D18A
:109190004FF00000014970470000FF070000F87F12
:1091A0000EF1020E2EF0030E5EF8046B364205D46B
:1091B000012A43EB030515F5001F12D8012841EBE6
:1091C000010C1CF5001F0CD80ED14FEAD17C15F50F
:1091D000001F0CEB4C0C0CF1020C08BF4CEBD37CC9
:1091E00004E04FF0080C01E04FEAD37C0CEB4C0597
:1091F00026FA05F606F00706B6F1040C06D20EEBC9
:10920000860CBDE870404CF0010C6047DFE80CF0C4
:10921000090B02024FF000414FF00000A1F50021C0
:1092200070BD19461046012851EB010418BFD4F552
:10923000001484BF002001F0004170BD0808A0F5B3
:1092400000114FEA310170474FF04070E1EE100A13
:109250007047000000000000000001020304060740
:1092600008090000000001020304000000000000E3
:10927000000000000000000000003F40000000006F
:1092800000000000300040003000400000000900F5
:109290000BC03D000BC03D00090018C024407FE01A
:1092A000224031800000180024C01B000D80324095
:1092B000018003801C4027401C80074000401000B4
:1092C000600000000000000000000000000000003E
:1092D0001F80204040200000402020401F800000D0
:1092E0000000090006001F800600090000000400BD
:1092F00004003F8004000400000000100060000033
:109300000000000000000400040004000400040049
:1093100000000000004000000000000000000020ED
:1093200001C006003800400000001F80204020409F
:1093300020401F800000000010403FC0004000009F
:10934000000018C021402240244018400000108036
:109350002040244024401B80000002000D0011002A
:109360003FC0014000003C80244024402440238032
:1093700000001F802440244034400380000030005F
:10938000200027C03800200000001B80244024401B
:1093900024401B8000001C0022C0224022401F806D
:1093A0000000000000000840000000000000000075
:1093B00000000460000000000000000004000A003B
:1093C000110020804040090009000900090009003F
:1093D000000000004040208011000A000400180036
:1093E000200023402400180000001F802040274058
:1093F00029401F400000004007C039000F0001C095
:10940000004020403FC0244024401B8000001F80BB
:109410002040204020403080000020403FC02040BD
:1094200020401F80000020403FC024402E4030C01C
:10943000000020403FC024402E00300000000F00FC
:109440001080204022403380020020403FC00400B2
:1094500004003FC02040204020403FC0204020402A
:1094600000000060202020203FC02000200020407D
:109470003FC024400B0030C0204020403FC020406F
:109480000040004000C03FC03C0003C03C003FC063
:10949000000020403FC00C4023003FC020001F8040
:1094A0002040204020401F80000020403FC024403A
:1094B0002400180000001F802140214020E01FA050
:1094C000000020403FC02440260019C0004018C0C2
:1094D00024402440224031800000300020403FC022
:1094E00020403000000020003F80004000403F80CE
:1094F000200020003E0001C0070038002000380096
:1095000007C03C0007C038000000204039C00600FA
:1095100039C0204000002000384007C038402000FB
:109520000000304021C02640384020C0000000002C
:1095300000007FE0402040200000000070000C0090
:109540000380004000000000402040207FE0000039
:10955000000000002000400020000000000000107B
:10956000001000100010001000100000000040006B
:10957000000000000000000002800540054003C01C
:10958000004020003FC00440044003800000000071
:1095900003800440044006400000000003800440B3
:1095A00024403FC0004000000380054005400340C8
:1095B0000000000004401FC02440244020000000A0
:1095C00002E0055005500650042020403FC00440F2
:1095D000040003C000400000044027C00040000019
:1095E000000000100010041027E0000000002040E0
:1095F0003FC00140070004C00440204020403FC05D
:1096000000400040000007C0040007C0040003C081
:109610000000044007C00440040003C000400000F4
:1096200003800440044003800000041007F004504D
:10963000044003800000000003800440045007F051
:109640000010044007C002400400040000000000B5
:1096500006400540054004C00000000004001F80D3
:10966000044000400000040007800040044007C0A0
:1096700000400400070004C001800600040006004A
:1096800001C0070001C006000000044006C0010040
:1096900006C0044000000410071004E0018006002A
:1096A00004000000044005C0064004400000000023
:1096B000000004007BE040200000000000000000EB
:1096C000FFF000000000000040207BE004000000EC
:1096D000000040008000400020002000400000000A
:1096E000000000000000000000000000000000007A
:1096F000000000001FCC000C000000000000000073
:109700000800300060000800300060000000022007
:1097100003FC1E20022003FC1E200220000000008B
:109720000E1811043FFF10840C78000000000F0099
:1097300010840F3800C00778188400780000007883
:109740000F8410C411240E9800E40084000808005F
:109750006800700000000000000000000000000031
:109760000000000007E0181820044002000000007C
:1097700040022004181807E000000000000002402A
:10978000024001800FF00180024002400000008092
:10979000008000800FF80080008000800000000141
:1097A000000D000E0000000000000000000000009E
:1097B0000080008000800080008000800080000029
:1097C000000C000C00000000000000000000000081
:1097D000000600180060018006001800200000004C
:1097E00007F0080810041004080807F00000000043
:1097F000080408041FFC000400040000000000002E
:109800000E0C10141024104411840E0C00000000E3
:109810000C1810041104110412880C7000000000D0
:1098200000E00320042408241FFC002400000000A2
:109830001F9810841104110410881070000000009B
:1098400007F0088811041104188800700000000057
:109850001C00100010FC13001C0010000000000091
:109860000E3811441084108411440E38000000009A
:109870000700088C10441044088807F0000000001E
:1098800000000000030C030C0000000000000000BA
:1098900000000001010600000000000000000000C0
:1098A000008001400220041008081004000002207B
:1098B00002200220022002200220022000000000DC
:1098C000100408080410022001400080000000007D
:1098D0000E001200100C106C10800F00000003E04E
:1098E0000C1813E4142417C4082807D0000000043F
:1098F000003C03C41C40074000E4001C00041004AA
:109900001FFC1104110411040E880070000003E014
:109910000C1810041004100410081C10000010048F
:109920001FFC100410041004080807F000001004C5
:109930001FFC1104110417C41004081800001004BF
:109940001FFC1104110017C010000800000003E004
:109950000C181004100410441C780040000010047F
:109960001FFC10840080008010841FFC1004000085
:10997000100410041FFC1004100400000000000379
:109980000001100110011FFE100010000000100463
:109990001FFC110403801464181C10040000100440
:1099A0001FFC1004000400040004000C000010045C
:1099B0001FFC1F0000FC1F001FFC1004000010040F
:1099C0001FFC0C04030000E010181FFC100007F03F
:1099D0000808100410041004080807F00000100420
:1099E0001FFC10841080108010800F00000007F012
:1099F000081810241024101C080A07F20000100494
:109A00001FFC1104110011C011300E0C00040000E5
:109A10000E1C11041084108410441C38000018001F
:109A2000100010041FFC10041000180000001000AB
:109A30001FF810040004000410041FF810001000A8
:109A40001E0011E0001C007013801C0010001FC0DD
:109A5000103C00E01F0000E0103C1FC0000010049C
:109A6000180C163401C001C01634180C1004100074
:109A70001C00130400FC13041C0010000000080468
:109A8000101C1064108413041C0410180000000043
:109A9000000000007FFE4002400240020000000083
:109AA00030000C0003800060001C00030000000078
:109AB0004002400240027FFE000000000000000063
:109AC0000000200040004000400020000000000195
:109AD000000100010001000100010001000100007F
:109AE00040004000200000000000000000000000D6
:109AF0000098012401440144014400FC00041000CA
:109B00001FFC0088010401040088007000000000B0
:109B100000700088010401040104008800000000B6
:109B2000007000880104010411081FFC00040000FB
:109B300000F8014401440144014400C80000000051
:109B4000010401040FFC11041104110018000000AD
:109B500000D601290129012901C9010600001004CC
:109B60001FFC008401000100010400FC000400004F
:109B70000104190419FC00040004000000000000A6
:109B8000000300010101190119FE0000000010048A
:109B90001FFC0024004001B4010C0104000000007F
:109BA000100410041FFC0004000400000000010465
:109BB00001FC0104010001FC0104010000FC01049E
:109BC00001FC008401000100010400FC000400000D
:109BD00000F8010401040104010400F8000001017F
:109BE00001FF0085010401040088007000000000EE
:109BF0000070008801040104010501FF0001010457
:109C0000010401FC00840104010001800000000047
:109C100000CC01240124012401240198000000004B
:109C20000100010007F80104010400000000010028
:109C300001F8000400040004010801FC0004010014
:109C400001800170000C001001600180010001F032
:109C5000010C003001C00030010C01F001000000D7
:109C60000104018C00740170018C010400000101E9
:109C700001810171000E00180160018001000000E7
:109C80000184010C013401440184010C0000000036
:109C900000000000000001003EFC40024002000005
:109CA000000000000000FFFF0000000000000000B6
:109CB000400240023EFC01000000000000000000E5
:109CC0006000800080004000400020002000000074
:109CD0000000000000000000000000000000000084
:109CE0000000000000000000000000000000000074
:109CF0000000000000000000000000000000000064
:109D0000000F80380FFE380F803800000000000080
:109D1000000000000000000000000000010000063C
:109D200000000C00003800003100000600000C00AC
:109D300000380000300000000000000000006180DA
:109D40000067F807F9800061800061800061800091
:109D500061800067F807F980006180000000000062
:109D60000000000001C0E003E0F00630080418081D
:109D70001FFFFE040E080787F00381E000000000CB
:109D8000000001F000060C00040408060C7001F944
:109D9000C0000E00003BE000EC18070808040C1897
:109DA0000003E00000000001E00007F003F81804E1
:109DB0001C0804170807E1D003C0E00023B0003CF2
:109DC0000800200800001000000000000001000052
:109DD0003100003200001C00000000000000000004
:109DE0000000000000000000000000000000000073
:109DF00000000000000000000000000000007F00E4
:109E000001FFC00780F00C001810000420000200C1
:109E100000000000002000021000040C0018078061
:109E2000F001FFC0007F0000000000000000000003
:109E3000000000000000000000004200006600007A
:109E40006600003C0000180003FFC0001800003C42
:109E500000006600006600004200000000000800EC
:109E600000080000080000080000080001FFC00012
:109E700008000008000008000008000008000000BA
:109E80000000000100003100003200001C00000052
:109E900000000000000000000000000000000000C2
:109EA0000000000000000800000800000800000892
:109EB000000008000008000008000008000008007A
:109EC0000008000000000000000000000000380052
:109ED0000038000038000000000000000000000012
:109EE000000000000000000000000000000000066C
:109EF00000001C000070000180000E00003800000F
:109F0000C0000700001C000030000000000000003E
:109F100000007F8001FFE003807006001804000845
:109F200004000806001803807001FFE0007F800035
:109F3000000000000000000001000801000801000E
:109F40000803FFF807FFF8000008000008000008F9
:109F500000000000000000000001C03802C05804EA
:109F60000098040118040218040418061C1803F8C9
:109F70001801E0F800000000000000000001C0E04F
:109F800003C0F004000804080804080806180803C1
:109F9000F41801E7F00001E00000000000000000FC
:109FA00000000300000D00001100006100008108A6
:109FB00003010807FFF80FFFF8000108000108007F
:109FC00000000000000000E007FCD00608080610B2
:109FD00008061008061008061838060FF00607C015
:109FE000000000000000000000003F8001FFE003CF
:109FF0008430020818041008041008041008071818
:10A0000010030FF00007C000000000000000000077
:10A0100003C0000700000600000600F80607F80667
:10A02000180006E000070000060000000000000025
:10A030000001E1E003F7F0063410041808041808E2
:10A04000040C08040C0806161803F3F001C1E00024
:10A05000000000000000F80003FC30030638040292
:10A06000080402080402080404100308F001FFC0F9
:10A07000007F000000000000000000000000000061
:10A0800000000000000070380070380070380000D8
:10A0900000000000000000000000000000000000C0
:10A0A00000000000000000000000301A00301C001A
:10A0B00000000000000000000000000000000000A0
:10A0C0000000000000080000140000220000410011
:10A0D00000808001004002002004001008000800F9
:10A0E00000000000000021000021000021000021EC
:10A0F00000002100002100002100002100002100BB
:10A10000002100000000000000000000080008041A
:10A110000010020020010040008080004100002269
:10A120000000140000080000000000000003C00050
:10A1300004C000040000080038080F380808380878
:10A1400010000C300007E00003C000000000000019
:10A1500000003F8000FFE0038070020F100670884F
:10A1600004C088048308047F8802C0900301200093
:10A17000FE400000080000180001F8003E0801C27F
:10A180000007020007E20000FE00001FC80001F8FF
:10A1900000003800000804000807FFF807FFF80473
:10A1A000080804080804080804080806180803F446
:10A1B0001801E7F00001E0000000000000003F800F
:10A1C00001FFE00380700200180400080400080486
:10A1D00000080400100600200780C00000000400F2
:10A1E0000807FFF807FFF804000804000804000847
:10A1F00004001802001003807001FFE0007F80005F
:10A20000000004000807FFF807FFF8040808040826
:10A2100008040808040808043E080400080600189A
:10A2200001006000000004000807FFF807FFF804C1
:10A230000808040800040800040800043E000600A2
:10A2400000060000018000000000000000003F80C8
:10A2500001FFE003807006001804000804020804EF
:10A2600002080203F00783F000020000020004006D
:10A270000807FFF807FFF8040808000800000800B6
:10A2800000080000080004080807FFF807FFF804AA
:10A29000000800000000000004000804000804009A
:10A2A0000807FFF807FFF804000804000804000886
:10A2B0000000000000000000000000060000070091
:10A2C000000104000104000104000307FFFE07FF72
:10A2D000FC04000004000004000004000807FFF86C
:10A2E00007FFF8040C08001800003E0004C78005B2
:10A2F00003C80600F8040038040018000008040031
:10A300000807FFF807FFF80400080000080000082D
:10A3100000000800000800000800001800006000AD
:10A32000000004000807FFF807800807FC00007F12
:10A33000C00003F80007C000780007800807FFF896
:10A3400007FFF804000804000807FFF807000803E7
:10A35000C00000E000003800001E000007000001FF
:10A36000C00400F007FFF8040000000000007F8038
:10A3700001FFE003807006001804000804000806CE
:10A38000001803003001FFE0007F8000000004009F
:10A390000807FFF807FFF804040804040004040099
:10A3A000040400040400060C0003F80001F000009F
:10A3B0000000000000007F8001FFE00380700600C5
:10A3C000880400880400C806003C03003E01FFE644
:10A3D000007F8400000004000807FFF807FFF8046E
:10A3E0000808040800040C00040F00040BC0061049
:10A3F000F003F03801E00800000800000001E0F878
:10A4000003F030063010041808041808040C08047F
:10A410000C080206180207F00781E0000000018026
:10A420000006000004000004000004000807FFF814
:10A4300007FFF80400080400000400000600000103
:10A44000800004000007FFE007FFF0040018000090
:10A4500008000008000008000008000008040010C0
:10A4600007FFE004000004000006000007E000070A
:10A47000FE00041FE00001F80000380001E0043E87
:10A480000007C00006000004000004000007E00010
:10A4900007FFC0041FF80007C007F80007FF80048B
:10A4A0003FF80007C004F8000700000400000000A7
:10A4B0000004000806001807C07805F1C8003E0037
:10A4C000001F800463E80780F806001804000800F5
:10A4D000000004000006000007800007E008047C7C
:10A4E00008001FF80007F800180804E0080700003B
:10A4F0000600000400000000000100080600380407
:10A5000000F80403E8040F08047C0805F00807C0FD
:10A5100008070018040060000000000000000000B0
:10A520000000000000000000003FFFFE20000220AD
:10A5300000022000022000022000020000000000B3
:10A540000000000008000007000000C00000380004
:10A550000006000001C000003000000E00000100F5
:10A560000000000000000000200002200002200087
:10A57000022000022000023FFFFE00000000000059
:10A5800000000000000000000000000000000008C3
:10A59000000010000030000020000030000010001B
:10A5A00000080000000000000000000001000001A1
:10A5B0000000010000010000010000010000010096
:10A5C0000001000001000001000001000001000086
:10A5D000000000000000002000002000001000002B
:10A5E000100000000000000000000000000000005B
:10A5F00000000000000000F00019F8001B18002205
:10A6000008002608002408002410003FF8001FF866
:10A6100000000800001800000004000007FFF80F09
:10A62000FFF0001818001008002008002008003073
:10A6300018001FF0000FC00000000000000007C05D
:10A64000001FF0001830002008002008002008003B
:10A650003C08001C1000006000000000000000002A
:10A66000000007C0001FF000381800200800200874
:10A6700000200804101007FFF80FFFF00000100082
:10A6800000000000000000000007C0001FF00012E2
:10A6900030002218002208002208003208001E1094
:10A6A000000E200000000000000020000020080034
:10A6B000200801FFF803FFF8062008042008042002
:10A6C0000807200003000000000000000000000E4A
:10A6D000000E6E001FF30031B10020B10020B10068
:10A6E0003191001F13002E1E00200E0030000000CC
:10A6F0000004000807FFF80FFFF800100800200012
:10A70000002000002008003FF8001FF800000800AB
:10A7100000000000000000000020080020080020C9
:10A7200008063FF8063FF80000080000080000088F
:10A730000000000000000000000000000000030016
:10A740000003002001002001002003063FFE063F19
:10A75000FC000000000000000000000000040008F1
:10A7600007FFF80FFFF8000188000300002FC0006A
:10A7700038F8002038002008000008000000000021
:10A780000000000004000804000804000807FFF8A7
:10A790000FFFF8000008000008000008000000009B
:10A7A0000000002008003FF8003FF80010080020DB
:10A7B00000003FF8003FF8001008002000003FF8BC
:10A7C000003FF8000008000000002008003FF800EB
:10A7D0003FF8001008001000002000002008003F93
:10A7E000F8001FF80000080000000000000007C08B
:10A7F000000FF0001830003008002008002008008A
:10A800003008001830000FF00007C0000000000002
:10A8100000002001003FFF003FFF00101100200951
:10A82000002008002008003038001FF0000FC00092
:10A8300000000000000007C0001FF00038180020D2
:10A8400008002008002009001011001FFF003FFF32
:10A85000000001000000002008002008002008007F
:10A860003FF8003FF800080800100800200800200A
:10A870000000300000300000000000000000000078
:10A88000000C78001E18003308002308002108007F
:10A8900021880021980030F000386000000000009E
:10A8A0000000200000200000200000FFF003FFF85F
:10A8B00000200800200800200800003000000000F0
:10A8C0000000000000002000003FF0007FF80000C2
:10A8D00018000008000008002010003FF8007FF07A
:10A8E0000000100000000000000020000030000008
:10A8F0003C00003F800023F000007800007000233F
:10A9000080003C00003000002000002000003C00DF
:10A91000003FE00023F80000E0002700003E0000B8
:10A920003FE00021F80001E0003E000020000000B0
:10A9300000002008002008003838003E680027800A
:10A940000003C8002CF80038380020180020080048
:10A950000000000000002000003003003C01003F28
:10A96000830023EC000070002380003C00002000E6
:10A970000020000000000000000000000038080077
:10A9800020380020F80023E8002F88003E08003817
:10A990000800201800007000000000000000000007
:10A9A0000000000000000000000008000014001F6C
:10A9B000F7FC30000620000200000000000000004C
:10A9C0000000000000000000000000000000000087
:10A9D000FFFFFF000000000000000000000000007A
:10A9E00000000000000000002000023000061FF7F9
:10A9F000FC0014000008000000000000000000003F
:10AA0000000000000000000000180000600000408E
:10AA100000004000002000001000000800000400BA
:10AA2000000400000C000010000000000000000006
:10AA30000000000000000000000000000000000016
:10AA40000000000000000000000000000000000006
:10AA500000000000000000000000000000000000F6
:10AA600000000000000000000000000000000000E6
:10AA700000000000000000000000000000000000D6
:10AA8000000007F000C007FFE1E007F001E0000070
:10AA900000C00000000000000000000000000000F6
:10AAA00000000000000000000000000000000000A6
:10AAB00000000020000001C00000078000001F000F
:10AAC00000001E0000001C20000001C000000780E4
:10AAD00000001F0000001E0000001C00000000001D
:10AAE000000000000000000000000000000000184E
:10AAF0000C0000180C0000180FE0001FFC0003F809
:10AB00000C0000180C0000180C0000180C000018B5
:10AB10000C0000180FE0001FFC0003F80C000018E8
:10AB20000C0000180C0000000000000000000000F5
:10AB3000000000000780007807C000FC0640010EFE
:10AB4000002003070020020380200FFFFFFC02010A
:10AB5000C0200200E0600130704001F03F8000F052
:10AB60001F00000000000000000000FE000001FFC8
:10AB700000000301800002008060030181C001FF2A
:10AB8000070000FE18000000E0000003BF00000CFA
:10AB9000FFC00071806001C10020030180600000DF
:10ABA000FFC000003F000000000000001F00000088
:10ABB0007FC000FCC0C001FF80600303E0200202F0
:10ABC000782002061E2003FC074001F003800001EC
:10ABD00003C000011C600001E02000010020000112
:10ABE0000040000001800000000000000000002084
:10ABF00000001C6000001C4000001F8000000F00CF
:10AC00000000000000000000000000000000000044
:10AC10000000000000000000000000000000000034
:10AC20000000000000000000000000000000000024
:10AC30000000000000000000000000000000000014
:10AC40000000000000000007F800003FFF0000784F
:10AC500007C001C000E00300003004000008080045
:10AC600000041000000200000000000000001000BE
:10AC7000000208000004040000080300003001C0C6
:10AC800000E0007807C0003FFF000007F800000068
:10AC900000000000000000000000000000000000B4
:10ACA00000000000000000000000000000000000A4
:10ACB0000000000C1800000E3800000E38000006DE
:10ACC0003000000360000061438000FFFF800061EE
:10ACD00043000003600000063000000E3800000E44
:10ACE0003800000C18000000000000000000000008
:10ACF00000000000800000008000000080000000D4
:10AD000080000000800000008000007FFF00000045
:10AD10008000000080000000800000008000000033
:10AD20008000000080000000000000000000000023
:10AD30000001000000E3000000E2000000FC000051
:10AD4000007800000000000000000000000000008B
:10AD500000000000000000000000000000000000F3
:10AD600000000000000000000000000000000000E3
:10AD700080000000800000008000000080000000D3
:10AD800080000000800000008000000080000000C3
:10AD900080000000800000008000000080000000B3
:10ADA00080000000800000000000000000000000A3
:10ADB0000000000000C0000001E0000001E0000011
:10ADC00000C00000000000000000000000000000C3
:10ADD0000000000000000000000000000000000073
:10ADE0000000000000000000000000000000000063
:10ADF000000C00000038000000E0000003800000AC
:10AE00000E00000038000000E00000038000000E8B
:10AE100000000038000000E00000038000000E0089
:10AE2000000018000000000000000000000000000A
:10AE30000000000FF800007FFF0000F00780018095
:10AE400000C0030000600200002002000020020099
:10AE5000002003000060018000C000E00380007F4C
:10AE6000FF00000FF80000000000000000000000DC
:10AE70000000000000000080002000800020008012
:10AE800000200080006001FFFFE003FFFFE0000002
:10AE900000600000002000000020000000200000F2
:10AEA00000000000000000000000000000000000A2
:10AEB0000000007800E000980160010002600200DC
:10AEC00004600200086002001060020020600200BE
:10AED0004060030080600183006001FE00E0007CB0
:10AEE00007800000000000000000000000000000DB
:10AEF000000000F0078001F007C0010000400200E0
:10AF000000200201002002010020020100200303B2
:10AF100080200186804001FCC0C000787F80000056
:10AF20001E00000000000000000000000000000003
:10AF300008000000380000004800000188000006FA
:10AF40000800000C0810003008100040081001FF35
:10AF5000FFF003FFFFF003FFFFF000000810000008
:10AF600008100000081000000000000000000000B1
:10AF7000000000000780001F864003E1002003025C
:10AF80000020030400200304002003040020030425
:10AF9000002003060040030301C00301FF800300FB
:10AFA0007E00000000000000000000000000000023
:10AFB00000000007FC00003FFF000070C38000811C
:10AFC00080C0010100600302002002020020020292
:10AFD0000020020200200203004001C180C000C026
:10AFE000FF8000007E000000000000000000000064
:10AFF000000000F0000003C0000003800000030018
:10B000000000030007E003003FE00301C000030667
:10B01000000003180000036000000380000003002C
:10B020000000000000000000000000000000000020
:10B030001F0000783F8000FC60C0018EC040030705
:10B0400080200203002002018020020180200201F2
:10B05000C0200301E040018670C000FC3F80007802
:10B060001F00000000000000000000000000003F82
:10B07000000000FF81C001C0C1C0010060200200CB
:10B080002020020020200200202002002060020078
:10B0900040C00100C18000C18F00007FFE00001F82
:10B0A000F0000000000000000000000000000000B0
:10B0B0000000000000000000000000000000000090
:10B0C0000000000300C0000781E0000781E00003EA
:10B0D00000C00000000000000000000000000000B0
:10B0E0000000000000000000000000000000000060
:10B0F0000000000000000000000000000000000050
:10B100000000000600660006007800000000000055
:10B11000000000000000000000000000000000002F
:10B12000000000000000000000000000000000001F
:10B130000000000080000001C00000036000000665
:10B140003000000C180000180C00003006000060F1
:10B15000030000C001800100004002000020040044
:10B1600000100000000000000000000000000004CB
:10B17000100000041000000410000004100000047F
:10B18000100000041000000410000004100000046F
:10B19000100000041000000410000004100000045F
:10B1A000100000041000000000000000000000007B
:10B1B000000004000010020000200100004000C058
:10B1C0000180006003000030060000180C00000C35
:10B1D000180000063000000360000001C0000000FD
:10B1E00080000000000000000000000000000000DF
:10B1F00000000078000001F80000023800000200A2
:10B200000000040000C0040079E0040081E00401B3
:10B2100000C004030000020200000306000001FC5D
:10B22000000000F800000000000000000000000F17
:10B23000F800003FFE000070078000C000C0010160
:10B24000F8400307FC20021E0420023008200220E0
:10B250003020023FFC20013F044001800CC000E090
:10B260003180001FC200000000000000002000002C
:10B270000060000003E000003E200003E020003EEC
:10B28000200003E020000380200007FC2000003F96
:10B29000E0000003FE2000003FE0000001E00000AD
:10B2A000002000000020000000000000000002005C
:10B2B00000200200002003FFFFE003FFFFE0020187
:10B2C00000200201002002010020020100200201F2
:10B2D0000020030300200186806001FCC0C000F84C
:10B2E0007F8000001F000000000000000000000739
:10B2F000F800003FFF000070078000C000C00100A0
:10B300000040030000200200002002000020020094
:10B3100000200200002001000040018000C003C0A6
:10B320000180003006000000000000000000020064
:10B3300000200200002003FFFFE003FFFFE0020007
:10B340000020020000200200002002000020030074
:10B35000006001000040018000C000F00780007F15
:10B36000FE00000FF80000000000000000000200D6
:10B3700000200200002003FFFFE003FFFFE00201C6
:10B380000020020100200201002002010020020131
:10B39000002002038020020FE0200300006003C0B1
:10B3A00000E0006003000000000000000000020058
:10B3B00000200200002003FFFFE003FFFFE0020186
:10B3C0000020020100200201000002010000020131
:10B3D00000000201000002038000030FE0000300F0
:10B3E000000003C000000060000000000000000733
:10B3F000F800003FFE000070078001C001C001009E
:10B400000040030000200200002002000020020093
:10B410000020010020200100204003C03F800030B8
:10B420003F800000200000002000020000200200F9
:10B43000002003FFFFE003FFFFE002008020020086
:10B4400080200000800000008000000080000200DA
:10B4500080200200802003FFFFE003FFFFE00200E6
:10B46000002002000020000000000000000000009A
:10B470000000000000000200002002000020020086
:10B4800000200200002003FFFFE003FFFFE00200B6
:10B490000020020000200200002002000020000026
:10B4A000000000000000000000000000000000009C
:10B4B000000E0000000F0000000F0000000102005D
:10B4C000000102000001020000030200000603FF69
:10B4D000FFFC03FFFFF80200000002000000020072
:10B4E0000000020000000000000000000000020058
:10B4F00000200200002003FFFFE003FFFFE0020046
:10B50000C0200201002000078000000FE000003092
:10B51000F80002603E2003800F20030003E00200D9
:10B5200000E00200002000000020000000000200F7
:10B5300000200200002003FFFFE003FFFFE0020005
:10B540000020020000200000002000000020000079
:10B55000002000000020000000200000006000002B
:10B5600000E00000030000000000020000200200D4
:10B57000002003FFFFE003E0002003FF0020001F86
:10B58000F0000001FF8000000FE000001E0000033B
:10B59000E000003E002003E0002003FFFFE003FF87
:10B5A000FFE0020000200200002002000020020054
:10B5B000002003FFFFE00380002003F0002000FCD8
:10B5C0000000001F00000007C0000001F0000000A4
:10B5D0007C0002001F80020007E003FFFFE0020082
:10B5E0000000020000000000000000000000000F4A
:10B5F000F800003FFE0000F00780018000C001005D
:10B600000040020000200200002002000020020092
:10B61000002001000040018000C000F00380003FD6
:10B62000FE00000FF8000000000000000000020013
:10B6300000200200002003FFFFE003FFFFE0020004
:10B6400080200200802002008000020080000200B2
:10B65000800002008000030180000183000000FEE2
:10B660000000007C00000000000000000000000F4F
:10B67000F800007FFF0000F00380018001C001009E
:10B6800006400200042002000420020006200200FE
:10B6900003E0010000F80180005C00E0038C003F43
:10B6A000FF0C000FFC18000000000000000002006A
:10B6B00000200200002003FFFFE003FFFFE0020183
:10B6C000002002010020020180000201E0000201CE
:10B6D000FC0003033F80018607E001FC00E000F866
:10B6E000002000000020000000000000000000001A
:10B6F00000000078060000FE01E0018600C00303A0
:10B70000004002030020020180200201802002018B
:10B71000C0200200C0200100E060018070C003E092
:10B720003F8000001F0000000000000000000060DB
:10B73000000003800000030000000200000002007F
:10B7400000200200002003FFFFE003FFFFE00200F3
:10B750000020020000200200000002000000038020
:10B76000000000E0000000000000020000000200F5
:10B77000000003FFFF0003FFFFC0020000400200C3
:10B7800000600000002000000020000000200000F9
:10B790000020020000400200008003FFFF000200C2
:10B7A0000000020000000000000000000000020095
:10B7B00000000200000003C0000003FC0000023F84
:10B7C000C0000003F80000007F80000007E00000D8
:10B7D0000780000078000203C000023C000003C0A4
:10B7E000000002000000020000000200000003C090
:10B7F000000003FF8000023FFE0002007FE0000027
:10B800000F000200F00003EF000003FF8000020FB2
:10B81000FE0000003FE000001F000207E00003F808
:10B820000000030000000200000000000000020011
:10B83000002002000020038000E003F0032002FC4F
:10B840000C20021F30000007C0000007F0000218A3
:10B850007C0002601F20038003E0020000E0020081
:10B860000020000000200000000000000000020096
:10B8700000000300000003C0000003F80000023EC7
:10B880000020020FC0200001FFE000007FE0000365
:10B890008020021C002002700000038000000200D3
:10B8A0000000020000000000000000000000000096
:10B8B0000020006000E0038003E003000FA002000E
:10B8C0003E200200F8200203E020020F8020023E0A
:10B8D00000200278002003E00060038000E0020006
:10B8E0000300000000000000000000000000000055
:10B8F0000000000000000000000000000000000048
:10B9000000001FFFFFFC10000004100000041000E6
:10B9100000041000000410000004100000041000D7
:10B920000004000000000000000000000000000013
:10B930000000000000000700000003C000000078C5
:10B940000000001E00000003C0000000F000000026
:10B950001E0000000780000000F00000003C000016
:10B9600000060000000000000000000000000000D1
:10B97000000010000004100000041000000410007B
:10B9800000041000000410000004100000041FFF59
:10B99000FFFC0000000000000000000000000000AC
:10B9A0000000000000000000000000000000000097
:10B9B0000000000000000000000002000000040081
:10B9C000000008000000180000001000000018002F
:10B9D0000000180000000400000002000000000049
:10B9E0000000000000000000000000000001000056
:10B9F0000001000000010000000100000001000043
:10BA00000001000000010000000100000001000032
:10BA10000001000000010000000100000001000022
:10BA20000001000000010000000100000000000013
:10BA300000000000000010000000100000001000D6
:10BA400000001800000008000000040000000000D2
:10BA500000000000000000000000000000000000E6
:10BA600000000000000000000000000000000000D6
:10BA7000038000018FC000038C60000618200004C2
:10BA800010200004102000042020000420400006A4
:10BA900020400003FFC00001FFE000000020000084
:10BAA0000020000000C000000000000000000200B4
:10BAB00000000200000003FFFFE007FFFFC00001DD
:10BAC00080C000020060000200200004002000048A
:10BAD00000200004002000060040000300C0000118
:10BAE000FF800000FE0000000000000000000000D9
:10BAF000000000007E000001FF80000381C0000202
:10BB00000040000600200004002000040020000483
:10BB10000020000600200003C0400001C08000009B
:10BB20000300000000000000000000000000000012
:10BB3000000000007E000001FF80000380C00006BE
:10BB40000060000400200004002000040020020423
:10BB500000400202008003FFFFE007FFFFC000007B
:10BB60000040000000400000000000000000000055
:10BB7000000000007E000001FF80000311C00002F1
:10BB80001040000410600004102000041020000485
:10BB9000102000061020000310400001F0C000003B
:10BBA0007100000000000000000000000000000024
:10BBB0000000000400000004002000040020000435
:10BBC0000020007FFFE001FFFFE0010400200304EC
:10BBD00000200204002002040020020400000200F1
:10BBE000000001C0000001C00000000000000000D3
:10BBF00000000000001C0000E33E0003FFC2000242
:10BC00000CC3000404C1000404C1000404C1000406
:10BC100004C100060CC10003F8C30005F062000671
:10BC2000007E0006003C0000000000000000020052
:10BC300000200200002003FFFFE007FFFFE00001FB
:10BC400000200002002000060000000400000004A4
:10BC5000000000040020000600200003FFE00001B7
:10BC6000FFE00000002000000020000000000000B5
:10BC70000000000000000004002000040020000478
:10BC80000020000400200387FFE0038FFFE0038013
:10BC90000020000000200000002000000020000024
:10BCA0000000000000000000000000000000000094
:10BCB0000000000000000000000600000007000077
:10BCC0000001000000010004000100040001000464
:10BCD0000003000400060387FFFC038FFFF80380C6
:10BCE0000000000000000000000000000000020052
:10BCF00000200200002003FFFFE007FFFFE000003C
:10BD0000082000001020000030000000FC000005AA
:10BD10008E00000707A0000601E0000400E0000418
:10BD200000200000002000000000000000000000D3
:10BD300000000000000002000020020000200200BD
:10BD400000200200002003FFFFE007FFFFE00000EB
:10BD50000020000000200000002000000020000063
:10BD600000000000000000000000000000000004CF
:10BD700000200007FFE0000FFFE0000200200004A9
:10BD80000000000400200007FFE00003FFE00002C5
:10BD9000002000040000000400200007FFE0000372
:10BDA000FFE0000000200000000000000000000490
:10BDB0000020000400200007FFE0000FFFE000016A
:10BDC0000020000200200002000000040000000427
:10BDD000000000040020000600200003FFE0000136
:10BDE000FFE0000000200000002000000000000034
:10BDF000000000007E000000FF80000381C0000200
:10BE00000040000600200004002000040020000480
:10BE100000200006002000020040000381C0000155
:10BE2000FF8000007E000000000000000000000411
:10BE30000001000400010007FFFF000FFFFF0001E9
:10BE400000C10002004100040020000400200004A2
:10BE500000200004002000060040000301C0000193
:10BE6000FF8000007E0000000000000000000000D5
:10BE7000000000007E000001FF80000380C000027F
:10BE800000600004002000040020000400200004E2
:10BE9000002000020041000300C10003FFFF000773
:10BEA000FFFF00000001000000010000000000048E
:10BEB0000020000400200004002000040020000FE7
:10BEC000FFE0000FFFE00000C020000100200002A2
:10BED000002000060020000400000004000000070D
:10BEE000000000030000000000000000000000004F
:10BEF0000000000003E00001C0E00003E040000695
:10BF00003020000430200004182000041820000411
:10BF1000182000040C2000020C60000307C000077A
:10BF2000838000000000000000000000000000000E
:10BF30000000000400000004000000040000000CE9
:10BF40000000001FFF8000FFFFC00004006000042D
:10BF50000020000400200004002000040040000035
:10BF6000018000000000000000000000000000044C
:10BF70000000000400000007FF80000FFFC0000069
:10BF800000600000002000000020000000200000F1
:10BF9000002000040040000400800007FFE0000FC4
:10BFA000FFC000000040000000400000000000044E
:10BFB000000000040000000780000007F0000004FB
:10BFC000FE0000041FC0000003E00000038000002A
:10BFD0001C00000460000007800000060000000450
:10BFE0000000000000000000000000040000000647
:10BFF00000000007C0000007FC0000043F800000B4
:10C0000003E000040F800006F0000007F0000007C6
:10C01000FF8000040FE00000038000043C000007E4
:10C02000C000000600000004000000000000000046
:10C0300000200004002000040060000700E000076A
:10C0400083200007E6000004F80000003C00000424
:10C050005E20000587A0000601E0000400600004E7
:10C06000002000000020000000000000000000048C
:10C07000000000040003000700030007E0010004C3
:10C08000F80100041F02000007FC000000E00000AF
:10C090000700000438000007C0000006000000048C
:10C0A000000000040000000000000000000000008C
:10C0B000000000078060000600E0000403E00004C8
:10C0C00007A000040E2000043C200004702000059E
:10C0D000E0200007802000070060000400E000006E
:10C0E00003800000000000000000000000000000CD
:10C0F0000000000000000000000000000000000040
:10C10000000000000000000080000000800000012E
:10C11000400007FE3FF80800000410000002100075
:10C12000000200000000000000000000000000000D
:10C1300000000000000000000000000000000000FF
:10C1400000000000000000000000FFFFFFFF0000F3
:10C1500000000000000000000000000000000000DF
:10C1600000000000000000000000000000000000CF
:10C17000000010000002100000020800000407FE8A
:10C180003FF8000140000000800000008000000037
:10C19000000000000000000000000000000000009F
:10C1A0000000000000000000000000000000180077
:10C1B000000030000000400000004000000040008F
:10C1C0000000200000003000000008000000040013
:10C1D00000000200000002000000020000000C004D
:10C1E000000018000000000000000000400B0000EC
:10C1F00080070000607800002000000020000000A0
:10C20000200000000068010000F00000000C0F009A
:10C21000303132333435363738394142434445467C
:10C220004030580030313233343536373839616276
:10C23000636465664030780058C200080000002042
:10C240000C010000C401000864C300080C010020B8
:10C2500084B00100E00100080024F40000000000A8
:10C26000000000000000000000000000FFFF0000D0
:10C270001F0000F81FF8E007FF07E0FF40BC07FCC5
:10C2800030840000000000000000000000000000FA
:10C2900000000000100000000100000000F8000095
:10C2A000FFFF00000100000000000000CD5F00085B
:10C2B000116000086003002000000010000000680A
:10C2C000606B012000F00010000C0F6800000000FF
:10C2D000000000000000000000000000000000005E
:10C2E000000000000000000000000000000000004E
:10C2F000000000000000000000000000000000003E
:10C3000000000000000000001F000000000000000E
:10C31000000000000000000000000000000000001D
:10C32000000000000000000000000000000000000D
:10C3300000000000000000000000000000000000FD
:10C34000000000000000000000000000AAAAAAAA45
:10C35000000000000000000030059007D008400AEF
:04C36000C006000013
:040000050800018965
:00000001FF
