:020000040800F2
:1000000090B10120FD020008FB1E0008F31E00084D
:10001000F71E000815090008092500080000000067
:100020000000000000000000000000003D02000889
:10003000310900080000000099020008DB1F0008D9
:100040002103000821030008210300082103000800
:1000500021030008210300082103000821030008F0
:1000600021030008210300082103000821030008E0
:1000700021030008210300082103000821030008D0
:1000800021030008210300082103000821030008C0
:1000900021030008210300082103000821030008B0
:1000A00021030008210300082103000821030008A0
:1000B000210300080520000821030008210300088F
:1000C0002103000821030008210300082103000880
:1000D00021030008F9240008210300082103000877
:1000E0002103000821030008210300082103000860
:1000F0002103000821030008210300082103000850
:10010000210300082103000821030008210300083F
:10011000210300082103000821030008152000081E
:10012000210300082103000821030008210300081F
:10013000210300082103000821030008210300080F
:1001400021030008210300082103000821030008FF
:1001500021030008210300082103000821030008EF
:1001600021030008210300082103000821030008DF
:1001700021030008210300082103000800000000FB
:10018000210300082103000800F002F800F047F8FE
:100190000AA090E8000C82448344AAF10107DA45E2
:1001A00001D100F03CF8AFF2090EBAE80F0013F0ED
:1001B000010F18BFFB1A43F001031847E8C0000005
:1001C00008C10000103A24BF78C878C1FAD8520795
:1001D00024BF30C830C144BF04680C6070470000C1
:1001E0000023002400250026103A28BF78C1FBD840
:1001F000520728BF30C148BF0B607047642900F028
:100200008581782900F0BE81732900F0E382002007
:1002100070471FB509F04EF81FBD10B510BD00F0B6
:1002200047FB1146FFF7F5FF05F0A2FE00F065FB66
:1002300003B4FFF7F2FF03BC02F09CF92C4B1968E2
:100240000868B0E8F04F80F30988BFF36F8F4FF074
:10025000000080F311887047000000000848006823
:10026000006880F308884FF0000080F3148862B6BD
:1002700061B6BFF34F8FBFF36F8F00DF00BF00BFCA
:1002800008ED00E0DFF80C00016841F47001016046
:10029000704700BF88ED00E0EFF30980BFF36F8F78
:1002A000134B1A681EF0100F08BF20ED108A20E9CA
:1002B000F04F106009B44FF0500080F31188BFF385
:1002C0004F8FBFF36F8F07F061FD4FF0000080F399
:1002D000118809BC19680868B0E8F04F1EF0100FCB
:1002E00008BFB0EC108A80F30988BFF36F8F7047A6
:1002F00078000020EFF30580704700000C4801688B
:1003000041F4700101600B4880470B480047FEE74D
:10031000FEE7FEE7FEE7FEE7FEE7FEE7FEE7FEE7B5
:10032000FEE7000005480649044A064B70470000F6
:1003300088ED00E0F11F00088901000890AD012060
:1003400090B1012090AD0120704753EA020C00F0FB
:1003500069802DE9F04B4FF00006002B1FBFB3FA68
:1003600083F503FA05F424FA05F65E4012BF16433E
:10037000B2FA82F502FA05F4C5F120051EBF22FA91
:1003800005FC44EA0C04203556EA044C4FEA1444B8
:1003900018BF641C4FF000084FF00009904271EB49
:1003A000030C39D3002919BFB1FA81F701FA07F616
:1003B000B0FA80F700FA07F6C7F120071EBF20FA4F
:1003C00007FC46EA0C062037B6FBF4FCA7EB050752
:1003D000103F07F01F0BCBF120060CFA0BFB2CFA99
:1003E00006F644BFB3460026202FA4BF5E464FF05A
:1003F000000B5BEA060C08BF4FF0010B19EB0B0971
:10040000ABFB027C48EB0608C01B06FB02CC0BFBD7
:1004100003CC71EB0C01C1E70B460246414648464E
:10042000BDE8F08B13B54FF000004FF00001AFF3C3
:100430000080BDE81C4070470FB4044910B503AA02
:10044000029800F0CBF910BC5DF814FB30000020DE
:100450002DE9F0410E460446002020622046E16866
:10046000884730B3252805D0D4E901219047206A78
:10047000401CF2E7E168204600278847050018D0B5
:10048000A5F14100192802D820354FF40067324603
:10049000294620462760FFF7B1FE40B1012804D06D
:1004A000F61D26F007060836D8E7361DD6E728469B
:1004B000DAE7206ABDE8F08170B50C460546012AEE
:1004C00005D02878800600D5EA69002302E00123E0
:1004D00005E05B1C934202D2E05C0028F9D1A869D8
:1004E000E618C01AA861286A184428622846AFF3A3
:1004F000008004E0D5E9012114F8010B9047B442D3
:10050000F8D32846AFF3008070BD00002DE9F0411C
:100510000646002410687529314616A510D0AFF3A1
:100520000080002802DA404213A507E031688A07FC
:1005300001D512A502E0490704D511A5012401E067
:10054000AFF3008000210A2206F1240709E0B0FB86
:10055000F2FCB0FBF2F302FB1C003030785418467A
:10056000491C0028F3D123462A463046BDE8F04115
:1005700000F0ACB8000000002D0000002B000000CF
:100580002000000070B504460D4621461068AFF308
:1005900000802188090502D50F4A7A4402E00E4AFC
:1005A0007A440E32002104F1240305E000F00F0626
:1005B0000009965D5E54491C0028F7D1207800237D
:1005C000000704D5702D02D009B102231132204654
:1005D000BDE8704000F07AB8DEBC0000032A40F2AB
:1005E000308010F0030C00F0158011F8013BBCF1D5
:1005F000020F624498BF11F801CB00F8013B38BFED
:1006000011F8013BA2F1040298BF00F801CB38BFFA
:1006100000F8013B11F0030300F0F280083AC0F04B
:10062000088051F8043B083A51F804CBA0E80810C0
:10063000F5E7121D5CBF51F8043B40F8043BAFF3F3
:100640000080D20724BF11F8013B11F801CB48BF4D
:1006500011F8012B24BF00F8013B00F801CB48BF83
:1006600000F8012B704702F0FF0343EA032242EA3D
:10067000024200F0F9B84FF0000200B5134694466C
:100680009646203922BFA0E80C50A0E80C50B1F1EA
:100690002001BFF4F7AF090728BFA0E80C5048BFFE
:1006A0000CC05DF804EB890028BF40F8042B08BF9C
:1006B000704748BF20F8022B11F0804F18BF00F898
:1006C000012B704770477047704770472DE9F0471E
:1006D0000D4699469246044600F1240801688806B2
:1006E00004D5E06921F01001216000E00120A8425A
:1006F00001DD471B00E00027A1697A1902EB090020
:10070000081AA0612078C00602D42046AFF300800A
:10071000002608E0D4E901211AF806009047206A73
:10072000401C761C20624E45F4DB2078C0060AD5BA
:100730002046AFF3008006E0D4E901213020904745
:10074000206A401C2062381EA7F10107F4DC07E094
:10075000D4E9012118F805009047206A401C206266
:10076000281EA5F10105F3DC2046AFF300802078B8
:10077000000602D50220BDE8F0870120FBE700005B
:1007800001694A1C02610878704700B58FB0CDE955
:1007900001310021059105497944CDE90310114645
:1007A0006846FFF755FE0FB000BD0000E5FFFFFFF4
:1007B00010B5436913B1AFF3008001E0FFF77CFE91
:1007C000012010BD127800F124010A7000224A7045
:1007D0000122EDE711684FF0FF32E9E7074B70B5F2
:1007E0000D467B44FFF7D1FF0446284600F05CF835
:1007F00010B14FF0FF3070BD204670BD271F0000C4
:1008000010B5203AC0F00B80B1E81850203AA0E8AB
:100810001850B1E81850A0E81850BFF4F5AF5FEADF
:10082000027C24BFB1E81850A0E8185044BF18C992
:1008300018C0BDE810405FEA827C24BF51F8043B39
:1008400040F8043B08BF7047D20728BF31F8023B8D
:1008500048BF11F8012B28BF20F8023B48BF00F821
:10086000012B70474FF000020429C0F0128010F0F5
:10087000030C3FF402AFCCF1040CBCF1020F18BF23
:1008800000F8012BA8BF20F8022BA1EB0C01FFF709
:10089000F4BE5FEAC17C24BF00F8012B00F8012BF5
:1008A00048BF00F8012B7047007B00F080007047C4
:1008B000754600F02BF8AE4605006946534620F019
:1008C0000700854618B020B5FFF72CFDBDE8204095
:1008D0004FF000064FF000074FF000084FF0000BFC
:1008E00021F00701AC46ACE8C009ACE8C009ACE8AF
:1008F000C009ACE8C0098D46704710B50446AFF397
:1009000000802046BDE81040FFF792BC00487047C9
:100910002CAD012000BFFEE710B55321092001F0E6
:1009200067FE00200149086010BD00005000002053
:100930007047000070B504461D460023B5F5804F92
:1009400013D154F822300C480340D1E9000640EAA4
:1009500006108E6840EA06208E8940EA06408E69BD
:100960003043034344F8223003E06FF0704044F812
:100970002200002070BD00000000F0CF10B503463B
:100980000022086853F8202012480240D1E90104EF
:100990002043CC6820430C6920434C6920438C6978
:1009A0002043CC6920430C6A20434C6A20438C6A64
:1009B0002043CC6A2043CC6B20430C6B2043024382
:1009C0008868082801D142F04002086843F82020D6
:1009D000002010BD8000F0FF30B503460024501CFD
:1009E00053F8204004F04044D1E9000540EA0510E6
:1009F0008D6840EA05208D8940EA0545088A401E39
:100A000045EA0055087D801E45EA00608D6928434F
:100A10000443501C43F82040002030BD70B504460C
:100A2000A56D00F07BF9064694F83500022808D041
:100A30008020606500BF002084F8340000BF0120E2
:100A400070BD2068006820F01600216808602068EA
:100A5000406920F0800021684861206C08B9A06CD2
:100A600028B12068006820F008002168086020682C
:100A7000006820F00100216808600FE000F04EF9E6
:100A8000801B05280AD92020606500BF002084F85B
:100A9000340000BF032084F83500D1E720680068E7
:100AA00000F001000028E9D194F85C103F20884054
:100AB000A86000BF002084F8340000BF012084F843
:100AC00035000020BCE7014691F83500022803D02C
:100AD0008020486501207047052081F835000868AE
:100AE000006820F001000A6810600020F3E70000B1
:100AF000F8B502460B460025002400200021DEE068
:100B0000012606FA01F51E6806EA0504AC4275D115
:100B10001E7906F00306012E04D01E7906F00306A6
:100B2000022E13D190684F000326BE40B0434F0001
:100B3000DE68BE4030439060506801268E40B0436E
:100B40001E79C6F300168E40304350601E7906F0C1
:100B50000306032E09D0D0684F000326BE40B043E1
:100B60004F009E68BE403043D0601E7906F00306F9
:100B7000022E13D1CF0802F1200656F827004E07A7
:100B8000F70E0F26BE40B0434F07FF0E1E69BE4052
:100B90003043CF0802F1200646F8270010684F00C6
:100BA0000326BE40B0431E7906F003064F00BE4048
:100BB000304310605E6806F08056B6F1805F7DD1EC
:100BC00000BF00260096404E366846F480463E4FF1
:100BD0003E603E46366806F48046009600BF00BF81
:100BE0003A4E8F0856F827008E07370F0F26BE4063
:100BF000B043374EB24202D1002624E05EE0354ECB
:100C0000B24201D101261EE0334EB24201D102268A
:100C100019E0324EB24201D1032614E0304EB24206
:100C200001D104260FE02F4EB24201D105260AE081
:100C30002D4EB24201D1062605E02C4EB24201D122
:100C4000072600E008268F073F0FBE4030431F4EA7
:100C50008F0846F82700264E3068A0435E6806F4E9
:100C60008036B6F5803F00D12043214E3060361DDE
:100C70003068A0435E6806F40036B6F5003F00D148
:100C800020431B4E361D3060361D3068A0435E6821
:100C900006F48016B6F5801F00D12043144E0836A6
:100CA0003060361D3068A0435E6806F40016B6F565
:100CB000001F00D120430E4E0C363060491C102915
:100CC000FFF41EAFF8BD0000443802400838014070
:100CD000000002400004024000080240000C0240F4
:100CE000001002400014024000180240001C0240A4
:100CF000003C0140024613690B400BB1012000E0AB
:100D0000002070470AB1816101E00B0483617047E4
:100D100001480068000C7047002004E001480068AA
:100D20007047000038000020034800680349097834
:100D30000844014908607047380000204000002046
:100D400010B50A48006840F4007008490860084679
:100D5000006840F480600860032000F07FF80F20F6
:100D600000F006F800F02AF8002010BD003C024018
:100D700070B504460E4800784FF47A71B1FBF0F07C
:100D80000C490968B1FBF0F5284600F09BFC08B15E
:100D9000012070BD102C07D200222146501E00F009
:100DA0001EF80548046001E00120F2E70020F0E7AA
:100DB00040000020000000203C0000207047014659
:100DC0000846002809DB00F01F0301229A4043096E
:100DD0009B0003F1E023C3F8002100BF70472DE919
:100DE000F05F80460D461646002701F0A7FB074638
:100DF00039462A46334601F00700C0F1070ABAF126
:100E0000040F02D94FF0040A01E0C0F1070AD146ED
:100E100000F1040ABAF1070F02D24FF0000A01E014
:100E2000A0F1030AD4464FF0010A0AFA09FAAAF11E
:100E3000010A0AEA020A0AFA0CFA4FF0010B0BFA4D
:100E40000CFBABF1010B0BEA030B4AEA0B04214646
:100E5000404601F07BFBBDE8F09F000000BF00F0C2
:100E60000702064B19684FF6FF031940044B0B436A
:100E700043EA0221014B196000BF70470CED00E00E
:100E80000000FA0570B504460D460CB9012070BD8E
:100E90005848006800F00700A84209D255490D7073
:100EA0000846006800F00700A84201D00120EEE7E4
:100EB000207800F0020002281DD1207800F0040004
:100EC000042805D14C48006840F4E0504A490860C5
:100ED000207800F00800082805D14748006840F451
:100EE0006040454908604448006820F0F000A1686F
:100EF000084341490860207800F00100A8B3606809
:100F0000012807D13C4808380068C0F34040B8B910
:100F10000120BCE76068022802D06068032807D17E
:100F2000354808380068C0F3406048B90120AEE792
:100F3000314808380068C0F3400008B90120A6E72E
:100F40002D48006820F00300616808432A490860C2
:100F5000FFF7E4FE064609E0FFF7E0FE801B41F2E2
:100F60008831884202D9032091E707E022480068CF
:100F700000F00C006168B0EB810FEDD11D480068F6
:100F800000F00700A84209D91A490D700846006808
:100F900000F00700A84201D0012078E7207800F097
:100FA0000400042807D11448006820F4E050E168E8
:100FB000084311490860207800F00800082808D18B
:100FC0000D48006820F46040216940EAC1000A49E8
:100FD000086000F03FF808490968C1F30311074AA7
:100FE000515CC8400649086006480068FFF7C0FE2B
:100FF00000204CE7003C024008380240BE92000846
:10100000000000203C0000200148006870470000FC
:101010000000002000B5FFF7F7FF04490968C1F39D
:101020008221034A515CC84000BD000008380240DC
:10103000CE92000800B5FFF7E7FF04490968C1F345
:101040004231034A515CC84000BD000008380240EC
:10105000CE9200082DE9F047002400250026A14685
:101060002548006800F00C0020B1042805D00828AD
:101070003AD105E0DFF8849039E0DFF8849036E07B
:101080001D48001F006800F03F041B48001F006857
:1010900000F4800078B11A481749091F0968C1F3A4
:1010A0008811A0FB01700146224600233846FFF755
:1010B0004CF905460EE011480F49091F0968C1F3B4
:1010C0008811A0FB01700146224600233846FFF735
:1010D0003CF905460848001F0068C0F30140401C69
:1010E0004600B5FBF6F902E0DFF8109000BF00BF44
:1010F0004846BDE8F0870000083802400024F400AC
:1011000000127A00F8B504460CB90120F8BD207829
:1011100000F00100002874D0F948006800F00C00CD
:1011200004280DD0F648006800F00C00082813D100
:10113000F348001F006800F48000B0F5800F0BD169
:10114000EF4808380068C0F34040002859D0606874
:10115000002856D10120D9E700BF6068B0F5803F74
:1011600008D1E7480838006840F48030E44908397D
:1011700008601EE06068B0F5A02F0DD1E048083887
:10118000006840F48020DE4908390860084600689D
:1011900040F4803008600CE0D9480838006820F43A
:1011A0008030D749083908600846006820F480205C
:1011B000086000BF606890B1FFF7B0FD054606E02B
:1011C000FFF7ACFD401B642801D903209EE7CC4803
:1011D00008380068C0F340400028F1D011E0FFF764
:1011E0009DFD054606E0FFF799FD401B642801D9E7
:1011F00003208BE7C24808380068C0F3404000284D
:10120000F1D1207800F0020002285FD1BC480068CC
:1012100000F00C0058B1BA48006800F00C00082833
:101220001CD1B748001F006800F48000B0B9B44872
:1012300008380068C0F3400020B1E068012801D000
:10124000012063E7AE480838006820F0F800216903
:1012500040EAC100AA490839086037E0E06800B3F5
:101260000120A8490860FFF759FD054606E0FFF791
:1012700055FD401B022801D9032047E7A048083844
:101280000068C0F340000028F1D09D48083800688D
:1012900020F0F800216940EAC10099490839086046
:1012A00014E0002097490860FFF738FD054606E086
:1012B000FFF734FD401B022801D9032026E79048A0
:1012C00008380068C0F340000028F1D1207800F011
:1012D000080008282CD16069A8B101208A4908605B
:1012E000FFF71CFD054606E0FFF718FD401B02282E
:1012F00001D903200AE782486C300068C0F340003F
:101300000028F1D014E000207F490860FFF706FDB7
:10131000054606E0FFF702FD401B022801D9032025
:10132000F4E677486C300068C0F340000028F1D143
:10133000207800F00400042870D10027704838306D
:10134000006800F0805090B900BF002000906C4809
:101350003830006840F080506949383108600846EC
:10136000006800F08050009000BF00BF0127674870
:10137000006800F48070B0B96448006840F4807080
:1013800062490860FFF7CAFC054606E0FFF7C6FCA5
:10139000401B022801D90320B8E65C48006800F42D
:1013A00080700028F2D000BFA068012808D15448FE
:1013B0006830006840F001005149683108601DE064
:1013C000A06805280DD14E486830006840F0040040
:1013D0004B49683108600846006840F00100086029
:1013E0000CE047486830006820F00100444968314B
:1013F00008600846006820F00400086000BFA0688C
:10140000A8B1FFF78BFC054609E0FFF787FC401BFE
:1014100041F28831884202D9032077E626E0384835
:1014200068300068C0F340000028EED013E0FFF7FA
:1014300075FC054608E0FFF771FC401B41F288315E
:10144000884201D9032061E62D4868300068C0F366
:1014500040000028EFD1012F07D12948383000681B
:1014600020F0805026493831086000BFA06900286C
:1014700045D02348006800F00C0008285DD0A06922
:10148000022845D100201F490866FFF747FC0546A2
:1014900006E0FFF743FC401B022801D9032035E694
:1014A000174808380068C0F340600028F1D1D4E93B
:1014B00007010843616A40EA81110122A06AC2EB78
:1014C000500041EA00412C20005D41EA00600C49D7
:1014D000091F086001200B490866FFF71FFC05463D
:1014E00006E0FFF71BFC401B022801D903200DE694
:1014F000034808380068C0F340600028F1D049E094
:101500000838024000004742800E47420070004009
:10151000002021490866FFF701FC054606E0FFF7B9
:10152000FDFB401B022801D90320EFE51B480068A2
:10153000C0F340600028F2D12CE0A069012800D15E
:10154000E4E51648001D0668A069012820D006F4CD
:101550008001E06981421BD106F03F01206A81428F
:1015600016D147F6C0703040616AB0EB811F0FD1D1
:1015700006F440310122A06AC2EB5000B1EB004FEB
:1015800006D106F070612C20005DB1EB006F01D038
:101590000120BBE50020B9E50000474200380240C9
:1015A00070B504460E4615460CB9012070BD94F87E
:1015B000490028B9002084F84800204600F01CF8B3
:1015C00004F108012068FFF7D9F93146A2682068C4
:1015D000FFF702FA2946236BD4E90102FFF7AAF9C3
:1015E000A168206850F8210040F00100A26821683D
:1015F00041F822000020D9E710B586B0044600BFAC
:10160000002000902248006840F001002049086056
:101610000846006800F00100009000BF00BF00BF56
:10162000002000901A480838006840F00800184967
:10163000083908600846006800F00800009000BF04
:1016400000BF00BF002000900846006840F0100076
:1016500008600846006800F01000009000BF00BF5E
:101660004CF20370019002200290012003900220AE
:1016700004900C20059001A90648FFF739FA4FF6AF
:101680008070019001A90448FFF732FA06B010BD3E
:1016900038380240000C024000100240042808D1F3
:1016A0004FF0E021096941F004014FF0E02211619F
:1016B00007E04FF0E021096921F004014FF0E0223A
:1016C0001161704770B504462546681EB0F1807FF1
:1016D00001D301200FE0681E4FF0E02148610F2187
:1016E0004FF0FF3000F032FF00204FF0E021886122
:1016F00007200861002070BD7047704710B5044690
:101700000CB9012010BD94F83D0028B9002084F8E0
:101710003C00204600F026F8022084F83D00211D00
:10172000206800F07FFC012084F8460000BF84F8A8
:101730003E0001213F200155402001554120015527
:1017400000BF00BF012084F842004320015544201F
:1017500001554520015500BF012084F83D000020BF
:10176000D0E7000038B504461E49206888421AD1E7
:1017700000BF00BF002000901B48006840F002003E
:10178000194908600846006800F00200009000BF98
:1017900000BF00BF002203211D20FFF720FB1D20FA
:1017A000FFF70DFB1DE011492068884219D100BFE9
:1017B00000BF002000900C48006840F020000A495B
:1017C00008600846006800F02000009000BF00BFDD
:1017D00000BF002207213720FFF701FB3720FFF76A
:1017E000EEFA38BD000400404038024000140040CA
:1017F000014691F83D00012801D0012070470220E8
:1018000081F83D000868C06840F001000B68D860AE
:101810001A4B086898421BD00868B0F1804F17D067
:10182000174B0868984213D0164B086898420FD09F
:10183000154B086898420BD0144B0868984207D0A3
:10184000134B0868984203D0124B086898420CD199
:101850000868806800F00702062A0CD00868006853
:1018600040F001000B68186005E00868006840F06F
:1018700001000B6818600020C0E700000000014074
:101880000004004000080040000C0040000401403B
:101890000040014000180040704710B50446206821
:1018A0000069C0F34000D8B12068C068C0F34000B0
:1018B000B0B16FF002002168086101202077206834
:1018C000806900F0030018B12046FFF7E5FF05E04E
:1018D000204600F0ADF8204600F0ABF8002020775D
:1018E00020680069C0F38000D8B12068C068C0F3E8
:1018F0008000B0B16FF004002168086102202077F9
:101900002068806900F4407018B12046FFF7C4FFDA
:1019100005E0204600F08CF8204600F08AF8002010
:10192000207720680069C0F3C000D8B12068C06883
:10193000C0F3C000B0B16FF0080021680861042056
:1019400020772068C06900F0030018B12046FFF737
:10195000A3FF05E0204600F06BF8204600F069F890
:101960000020207720680069C0F30010D8B12068FB
:10197000C068C0F30010B0B16FF0100021680861BA
:10198000082020772068C06900F4407018B1204614
:10199000FFF782FF05E0204600F04AF8204600F0FD
:1019A00048F8002020772068006900F0010058B155
:1019B0002068C06800F0010030B16FF001002168BC
:1019C0000861204600F036F820680069C0F3C010B6
:1019D00058B12068C068C0F3C01030B16FF080000B
:1019E000216808612046FFF787FE20680069C0F380
:1019F000801058B12068C068C0F3801030B16FF01B
:101A0000400021680861204600F036F8206800692F
:101A1000C0F3401058B12068C068C0F3401030B126
:101A20006FF02000216808612046FFF766FE10BDB8
:101A30007047704710B504460748844205D10748EF
:101A40000068401C0549086005E00548844202D151
:101A500004A0FEF7F1FC10BDC802002050000020D9
:101A60001003002054494D37CAE4B3F62E2E2E2E13
:101A70002E2E2E0D0A0000007047704770470000A0
:101A80002DE9F84F0446206805682068C66820687C
:101A900047694FF00009CA4605F00F09B9F1000F78
:101AA0000AD105F0200038B106F0200020B1204610
:101AB00000F059FBBDE8F88FB9F1000F72D007F0C4
:101AC000010018B906F4907000286BD005F00100F1
:101AD00030B106F4807018B1206C40F00100206431
:101AE00005F0040030B107F0010018B1206C40F09F
:101AF0000200206405F0020030B107F0010018B1C7
:101B0000206C40F00400206405F0080048B106F0A5
:101B1000200010B907F0010018B1206C40F0080057
:101B20002064206C70B305F0200028B106F020007E
:101B300010B1204600F017FB20684069C0F3801AFE
:101B4000206C00F0080010B9BAF1000F23D0204635
:101B500000F0DEFA2068406900F04000402816D10D
:101B60002068406920F0400021684861A06B50B1B6
:101B70005648A16B0865A06BFEF7A5FF10B1A06BDE
:101B8000016D88470CE02046FFF778FF08E020460B
:101B9000FFF774FF04E02046FFF770FF0020206489
:101BA00088E7FFE7206B012879D105F010000028B5
:101BB00075D006F01000002871D000BF0020009002
:101BC00020680068009020684068009000BF00BF57
:101BD0002068406900F04000402839D1A06B0068BF
:101BE00040681FFA80F8B8F1000F30D0A08D404552
:101BF0002DDDA4F82E80A06BC069B0F5807F1FD0CA
:101C00002068C06820F480702168C860206840693E
:101C100020F00100216848612068406920F0400000
:101C200021684861202084F83E000020206320685D
:101C3000C06820F010002168C860A06BFEF7EEFEBF
:101C4000A08DE28D801A81B22046FFF716FF31E7A2
:101C5000A08DE18D401A1FFA80F8E08DE8B1B8F14F
:101C6000000F1AD02068C06820F490702168C86006
:101C70002068406920F0010021684861202084F834
:101C80003E00002020632068C06820F0100021681A
:101C9000C86041462046FFF7F0FE0BE7FFE705F07E
:101CA000800030B106F0800018B1204600F0F3FB50
:101CB00000E705F0400030B106F0400018B12046C2
:101CC00000F041FAF6E600BFF4E60000FD2000084F
:101CD00010B504460CB9012010BDA06900B100E0A8
:101CE00000BF94F83D0028B9002084F83C0020464D
:101CF00000F028F8242084F83D002068C06820F413
:101D000000502168C860204600F08CFA2068006905
:101D100020F49040216808612068406920F02A0082
:101D2000216848612068C06840F400502168C8609C
:101D300000202064202084F83D0084F83E0000202C
:101D4000CAE7000010B586B004462E4920688842D4
:101D500055D100BF00BF002000902B48006840F024
:101D60001000294908600846006800F01000009043
:101D700000BF00BF00BF00BF00BF0020009022488E
:101D80001438006840F001001F4914390860084603
:101D9000006800F00100009000BF00BF00BF00BF5E
:101DA00000BF002000900846006840F00100086075
:101DB0000846006800F00100009000BF00BF00BFAF
:101DC0004815019002200290012003900220049007
:101DD0000720059001A90D48FEF78AFE4FF48060A8
:101DE00001900720059001A90848FEF781FE2520F3
:101DF000FEF7E5FF032211462520FEF7F0FF06B0AF
:101E000010BD0000001001404438024000000240B4
:101E100070B504460D46164694F83E00202816D1AB
:101E200005B10EB9012070BD00BF94F83C00012837
:101E300001D10220F7E7012084F83C0000BF002018
:101E4000206332462946204600F002FBEBE70220E1
:101E5000E9E7000010B504462049206888423BD1DC
:101E60001F48008800F4004088BB1D48008800F42B
:101E7000804070B11B4800780A2803D00020184920
:101E8000088024E01648008840F400401449088087
:101E90001DE0144800780D2806D11148008840F450
:101EA00080400F49088012E00E4800780C490988EC
:101EB000C1F30D010C4A505409480088401C0849E0
:101EC000088008460088C72801DD0020088001221C
:101ED00004490648FFF79CFF10BD000000100140B8
:101EE00034000020360000200C010020D401002026
:101EF000704700BFFEE700BFFEE770472DE9F047DF
:101F00000C46DDE90867002100258C4600BF60E033
:101F10004FF0010808FA01F504EA050CAC4557D169
:101F2000D0F800804FEA410A4FF0030909FA0AF994
:101F300028EA0908C0F80080D0F800804FEA41097B
:101F400002FA09F948EA0908C0F80080012A01D01C
:101F5000022A27D1D0F808804FEA410A4FF003093E
:101F600009FA0AF928EA0908C0F80880D0F80880B8
:101F70004FEA410906FA09F948EA0908C0F8088059
:101F8000D0F804904FF0010808FA01F829EA08098E
:101F9000C0F80490D0F8048003FA01F948EA09086F
:101FA000C0F80480D0F80C804FEA410A4FF00309D2
:101FB00009FA0AF928EA0908C0F80C80D0F80C8060
:101FC0004FEA410907FA09F948EA0908C0F80C8004
:101FD000491C10299CD3BDE8F08710B5FEF7A4FE7C
:101FE00006F064FC012801D006F022F810BD0000C4
:101FF0000348006840F47000014908607047000021
:1020000088ED00E010B50248FFF747FC10BD000066
:10201000C802002010B50248FFF73FFC10BD0000C9
:102020001003002010B50268294B98420ED0B0F181
:10203000804F0BD0274B984208D0274B984205D0B1
:10204000264B984202D0264B984203D122F07002D0
:102050004B681A431E4B984220D0B0F1804F1DD0E0
:102060001C4B98421AD01C4B984217D01B4B9842DD
:1020700014D01B4B984211D01A4B98420ED01A4BD9
:1020800098420BD0194B984208D0194B984205D072
:10209000184B984202D0184B984203D122F4407258
:1020A000CB681A4322F080034C6943EA04020260C1
:1020B0008B68C3620B688362054B984202D0084B61
:1020C000984201D10B6903630123436110BD0000F5
:1020D000000001400004004000080040000C0040E7
:1020E000000401400040014000440140004801401C
:1020F00000180040001C00400020004070B505465C
:10210000AC6B0020E085E0842046FFF7B7FC70BD93
:102110000168C96821F490710268D1600168496959
:1021200021F0010102685161016B012905D10168AB
:10213000C96821F010010268D160202180F83E10AA
:1021400000210163704710B504462068C06820F084
:1021500040002168C860202084F83D002046FFF739
:10216000C7FE002010BD70B5044694F83E0022283A
:1021700056D1A068B0F5805F0CD1206950B9002518
:10218000A66A20684068C0F308003080A06A801CFE
:10219000A06215E0A56A0026A068B0F5805F03D0B4
:1021A000A06828B9206918B920684068287004E040
:1021B0002068406800F07F002870A06A401CA06280
:1021C000E08D401E80B2E08540BB2068C06820F0F2
:1021D00020002168C8602068C06820F480702168F1
:1021E000C8602068406920F0010021684861202013
:1021F00084F83E00206B01280AD12068C06820F0D6
:1022000010002168C860A18D2046FFF736FC02E06F
:102210002046FFF71FFE0020206370BD0020FCE772
:102220000220FAE72DE9F84F04462068006920F4FF
:102230004050E1680843216808612169A0680843AB
:1022400061690843E169084300902068C06849F269
:102250000C618843009908432168C8602068406980
:1022600020F44070A16908432168486176492068DC
:10227000884203D075492068884203D1FEF7DAFE10
:10228000814602E0FEF7C6FE8146E069B0F5004FE8
:102290006CD102206168A0FB015003461920A9FB04
:1022A000007001462A463846FEF74FF86421B0FB1D
:1022B000F1F04FEA001A02206168A0FB01510B46C1
:1022C0001920A9FB00712A463846FEF73EF88346DE
:1022D00002206168A0FB015003461920A9FB007190
:1022E0002A463846FEF731F86421B0FBF1F000EBE6
:1022F000C00101EB0010ABEB8000322101EBC0000C
:102300006421B0FBF1F000F0F8000AEB400A022073
:102310006168A0FB015003461920A9FB007001462B
:102320002A463846FEF711F8834602206168A0FB72
:10233000015003461920A9FB00712A463846FEF7D2
:1023400004F86421B0FBF1F000EBC00101EB0010D8
:10235000ABEB8000322101EBC0006421B0FBF1F057
:1023600000F007005044216888606AE0042061683A
:10237000A0FB015003461920A9FB007001462A4624
:102380003846FDF7E2FF824604206168A0FB015059
:1023900003461920A9FB007001462A463846FDF77E
:1023A000D4FF6421B0FBF1F000EBC00101EB0010A1
:1023B000AAEB8000322101EB00106421B0FBF1F0A8
:1023C00000F0F00A04206168A0FB017003461920A8
:1023D000A9FB00513A462846FDF7B7FF6421B0FB40
:1023E000F1F00AEB001A04206168A0FB01510B46D2
:1023F0001920A9FB00712A463846FDF7A6FF83463F
:1024000004206168A0FB015003461920A9FB00705D
:1024100001462A463846FDF798FF6421B0FBF1F0EB
:1024200000EBC00101EB0010ABEB8000322101EBAF
:1024300000106421B0FBF1F000F00F00504421685F
:102440008860BDE8F88F00000010014000140140D2
:1024500010B5034699629A85DA8500201864222017
:1024600083F83E0000BF002083F83C0000BF1868DE
:10247000C06840F480701C68E0601868406940F0F3
:1024800001001C6860611868C06840F020001C688A
:10249000E060002010BD014691F83D00212828D1C0
:1024A0008868B0F5805F0BD1086948B90A6A10885E
:1024B000C0F308000B685860086A801C086205E0D9
:1024C0000B6A581C086218780B685860C88C401E4C
:1024D00080B2C88458B90868C06820F080000B68D2
:1024E000D8600868C06840F040000B68D8600020E1
:1024F00070470220FCE7000010B50248FFF7C0FA61
:1025000010BD0000D401002000BFFEE770B5062119
:10251000302004F087FE302004F094FD0546062D9F
:1025200003D00621302004F07DFE002403E006F0F5
:102530007BFD601C84B2C82CF9DB70BD02480068CA
:10254000C0F30220704700000CED00E010B5002839
:1025500004DB0A07130E054A135406E00A07140E9B
:10256000034A00F00F031B1FD45410BD00E400E029
:1025700018ED00E000BF704700F00101194A11603A
:10258000C0F34001184AC2F88412C0F38001154A12
:1025900008321160C0F30011121F1160C0F3401126
:1025A000104A3C321160C0F38011104A1160C0F330
:1025B000C0110C4A38321160C0F300210B4A121DC1
:1025C0001160C0F34021074A34321160C0F380210A
:1025D000044A14321160C0F3C021024A0C32116067
:1025E0007047000080824242000043429002434212
:1025F00070B505460C460748074908600846446020
:1026000000218160C5600161FFF778F80248FFF79B
:10261000EFF870BD00040040C802002000F0010186
:10262000104A1160C0F340010F4AC2F8BC12C0F357
:1026300080010C4A383A1160C0F3C001121D1160CC
:10264000C0F30011094A1160C0F34011121D11605E
:10265000C0F38011121D1160C109054AC2F8A81209
:1026600070470000B8824142008041429C024242D1
:102670000000424270B504460420FFF70FF80A48F4
:10268000046025464FF47A7045434FF0E02000691E
:1026900040F002004FF0E021086108464561006902
:1026A00040F00100086170BD2C00002030B50446E8
:1026B000002504E04FF47A7000F004F86D1CA54288
:1026C000F8D330BD70B5034600224FF0E02675699F
:1026D0000D4E366803FB06F44FF0E026B16910E0BA
:1026E0004FF0E026B06988420BD0884202D20E1A21
:1026F000324402E02E1A0E4432440146A24200D374
:1027000000E0EDE700BF70BD2C00002000BF054ACF
:10271000126802F04002002AF9D0C2B2014B5A609E
:1027200070470000001001400EB54FF4784021A121
:1027300020221346CDE900210290DC220A2108461E
:1027400003F038FB4FF478401CA118221346CDE962
:1027500000210290DC222F210A2003F02BFB4FF4F2
:1027600078401BA110221346CDE900210290DC2203
:102770004C210A2003F01EFB0021642005F072FCAE
:10278000174908600846006818B116A0FDF754FE06
:1027900002E01AA0FDF750FE1E480121002380220E
:1027A000CDE900101CA11F4806F050F805F082FA90
:1027B0000EBD000053544D33320000004672656573
:1027C00052544F5320506F7274696E6700000000BE
:1027D00041544F4D40414C49454E54454B0000003B
:1027E00010000020BCC6CAFDD0C5BAC5B4B4BDA88F
:1027F000B3C9B9A6A3A10D0A00000000BCC6CAFD5A
:10280000D0C5BAC5B4B4BDA8CAA7B0DCA3A10D0A8F
:10281000000000000400002073746172745F746132
:10282000736B00000973000800B587B000BF00BFDC
:10283000002001903848006840F0100036490860D8
:102840000846006800F01000019000BF00BF00BF04
:1028500000BF00BF002001900846006840F0100053
:1028600008600846006800F01000019000BF00BF3B
:1028700000BF00BF00BF002001900846006840F084
:10288000100008600846006800F01000019000BFCA
:1028900000BF00BF00BF00BF0020019008460068D5
:1028A00040F0010008600846006800F00100019057
:1028B00000BF00BF00BF1020029000200390012045
:1028C00004900220059002A91448FEF711F908208F
:1028D000029000200390012004900220059002A99C
:1028E0000E48FEF705F90420029000200390012015
:1028F00004900220059002A90848FEF7F9F801208B
:1029000002900020039002200490059002A9044840
:10291000FEF7EEF807B000BD30380240001002406C
:102920000000024070B50446002514B101202B4977
:1029300008702A480078002834D010212848FEF773
:10294000D9F978B108212648FEF7D4F950B104210D
:102950002348FEF7CFF928B101212248FEF7CAF932
:1029600001281FD10A20FFF7A1FE00201B49087093
:1029700010211B48FEF7BEF900B9012508211848AF
:10298000FEF7B8F900B9022504211548FEF7B2F99F
:1029900000B9032501211348FEF7ACF901281BD12A
:1029A000042519E010210E48FEF7A4F9012813D1DF
:1029B00008210B48FEF79EF901280DD10421084893
:1029C000FEF798F9012807D101210648FEF792F990
:1029D00010B9012001490870284670BD4C00002044
:1029E000001002400000024070B50446002609486D
:1029F0000588408845430021084603F0ABF803F002
:102A000057FA00BF02E004480480761CAE42FAD3B5
:102A100070BD0000680200208000006C10B5044604
:102A200058488471002C58D1F020564908804FF442
:102A3000A07048800846808845F21051884210D125
:102A40004FF430504F4908814FF4285048814FF4DB
:102A50002C5088814FF4F07008804FF44870488003
:102A60001AE04848808841F6631188420DD12C2035
:102A7000444908812B2048812A2088814FF4F07036
:102A800008804FF44870488006E02C203D490881BA
:102A90002A2048812B2088813A48808845F21031CD
:102AA000884205D03748808847F29671884206D11F
:102AB0004FF4A070334908804FF4F07048803148DB
:102AC000808849F60601884258D14FF4F0702D49AC
:102AD00008804FF44870488050E04FF4A0702949B6
:102AE0000880F02048800846808845F210518842CE
:102AF00010D14FF43050234908814FF428504881B9
:102B00004FF42C5088814FF4487008804FF4F070D7
:102B1000488020E01B48808841F66311884205D038
:102B20001848808849F6060188420DD12C201549A5
:102B300008812A2048812B2088814FF44870088022
:102B40004FF4F070488006E02C200E4908812A20BE
:102B500048812B2088810B48808845F210318842BB
:102B600005D00848808847F29671884206D14FF414
:102B7000F070044908804FF4A0704880002002F0F3
:102B8000CBFE10BD6802002070B505460E46144607
:102B90003146284602F0DEFF03F08AF901490C8035
:102BA00070BD00008000006C10B5CF2003F074F9F8
:102BB000002003F065F9C12003F062F9302003F032
:102BC0005FF9ED2003F068F9642003F059F9032060
:102BD00003F056F9122003F053F9812003F050F965
:102BE000E82003F059F9852003F04AF9102003F09A
:102BF00047F97A2003F044F9CB2003F04DF939204E
:102C000003F03EF92C2003F03BF9002003F038F9E3
:102C1000342003F035F9022003F032F9F72003F0F5
:102C20003BF9202003F02CF9EA2003F035F90020CD
:102C300003F026F9002003F023F9C02003F02CF95B
:102C40001B2003F01DF9C12003F026F9012003F039
:102C500017F9C52003F020F9302003F011F93020D6
:102C600003F00EF9C72003F017F9B72003F008F9B5
:102C7000362003F011F9482003F002F93A2003F05E
:102C80000BF9552003F0FCF8B12003F005F9002002
:102C900003F0F6F81A2003F0F3F8B62003F0FCF87E
:102CA0000A2003F0EDF8A22003F0EAF8F22003F086
:102CB000F3F8002003F0E4F8262003F0EDF80120FB
:102CC00003F0DEF8E02003F0E7F80F2003F0D8F877
:102CD0002A2003F0D5F8282003F0D2F8082003F0CA
:102CE000CFF80E2003F0CCF8082003F0C9F85420E8
:102CF00003F0C6F8A92003F0C3F8432003F0C0F89E
:102D00000A2003F0BDF80F2003F0BAF8002003F00A
:102D1000B7F8002003F0B4F8002003F0B1F8002069
:102D200003F0AEF8E12003F0B7F8002003F0A8F8B4
:102D3000152003F0A5F8172003F0A2F8072003F0F0
:102D40009FF8112003F09CF8062003F099F82B203F
:102D500003F096F8562003F093F83C2003F090F827
:102D6000052003F08DF8102003F08AF80F2003F0FF
:102D700087F83F2003F084F83F2003F081F80F200C
:102D800003F07EF82B2003F087F8002003F078F89A
:102D9000002003F075F8012003F072F83F2003F0E3
:102DA0006FF82A2003F078F8002003F069F800207B
:102DB00003F066F8002003F063F8EF2003F060F8FA
:102DC000112003F069F87820FFF770FC292003F048
:102DD00063F810BD10B5FF2003F05EF8FF2003F08C
:102DE0004FF8982003F04CF8062003F049F8BC2077
:102DF00003F052F8012003F043F80F2003F040F8ED
:102E0000612003F03DF8FF2003F03AF8012003F0C1
:102E100037F8012003F034F80B2003F031F81020CC
:102E200003F02EF8372003F02BF8632003F028F886
:102E3000FF2003F025F8FF2003F022F8012003F023
:102E40001FF8012003F01CF8002003F019F80020FF
:102E500003F016F8FF2003F013F8522003F010F8E7
:102E6000012003F00DF8002003F00AF8402003F0E1
:102E700007F8BD2003F010F8012003F001F823202B
:102E800002F0FEFF452002F0FBFF672002F0F8FF92
:102E9000012002F0F5FF232002F0F2FF452002F0AE
:102EA000EFFF672002F0ECFFBE2002F0F5FF0020EC
:102EB00002F0E6FF012002F0E3FFAB2002F0E0FFAA
:102EC000602002F0DDFF222002F0DAFF222002F073
:102ED000D7FF222002F0D4FF222002F0D1FF2220CF
:102EE00002F0CEFFC72002F0D7FF362002F0C8FF65
:102EF000ED2002F0D1FF7F2002F0C2FF0F2002F090
:102F0000BFFFC02002F0C8FF0F2002F0B9FF0B2066
:102F100002F0B6FF0A2002F0B3FFFC2002F0BCFF73
:102F2000082002F0ADFFDF2002F0B6FF002002F023
:102F3000A7FF002002F0A4FF002002F0A1FF002064
:102F400002F09EFF002002F09BFF202002F098FF7D
:102F5000F32002F0A1FF742002F092FFB42002F0EF
:102F60009BFF002002F08CFF002002F089FF002070
:102F700002F086FFF72002F08FFF822002F080FF30
:102F8000B12002F089FF002002F07AFF132002F046
:102F900077FF132002F074FFF22002F07DFF802003
:102FA00002F06EFF042002F06BFF402002F068FF89
:102FB000282002F065FFC12002F06EFF172002F00A
:102FC0005FFF882002F05CFF882002F059FF20207C
:102FD00002F056FFE02002F05FFF002002F050FFF9
:102FE0000A2002F04DFF122002F04AFF102002F0EA
:102FF00047FF0E2002F044FF202002F041FFCC20CA
:1030000002F03EFF072002F03BFF062002F038FFEF
:103010000B2002F035FF0E2002F032FF0F2002F0ED
:103020002FFF0D2002F02CFF152002F029FF1020A9
:1030300002F026FF002002F023FFE12002F02CFF27
:10304000002002F01DFF0B2002F01AFF132002F0F7
:1030500017FF0D2002F014FF0E2002F011FF1B20BD
:1030600002F00EFF712002F00BFF062002F008FFB5
:10307000062002F005FF0A2002F002FF0F2002F0F6
:10308000FFFE0E2002F0FCFE0F2002F0F9FE1520DC
:1030900002F0F6FE0C2002F0F3FE002002F0F0FE3B
:1030A0002A2002F0F9FE002002F0EAFE002002F0E1
:1030B000E7FE012002F0E4FEDF2002F0E1FE2B201B
:1030C00002F0EAFE002002F0DBFE002002F0D8FE53
:1030D000032002F0D5FE1F2002F0D2FE3A2002F0BB
:1030E000DBFE552002F0CCFE362002F0D5FE00209B
:1030F00002F0C6FE112002F0CFFE7820FFF7D6FACC
:10310000292002F0C9FE1420FFF7D0FA2C2002F08B
:10311000C3FE10BD10B5ED2002F0BEFE012002F08E
:10312000AFFEFE2002F0ACFEEE2002F0B5FEDE2087
:1031300002F0A6FE212002F0A3FEF12002F0ACFE78
:10314000012002F09DFEDF2002F0A6FE102002F01A
:1031500097FEC42002F0A0FE8F2002F091FEC62050
:1031600002F09AFE002002F08BFEE22002F088FEC0
:10317000E22002F085FEE22002F082FEBF2002F093
:103180008BFEAA2002F07CFEB02002F085FE0D200E
:1031900002F076FE002002F073FE0D2002F070FEB9
:1031A000002002F06DFE112002F06AFE002002F005
:1031B00067FE192002F064FE002002F061FE21206B
:1031C00002F05EFE002002F05BFE2D2002F058FEB1
:1031D000002002F055FE3D2002F052FE002002F0D9
:1031E0004FFE5D2002F04CFE002002F049FE5D2003
:1031F00002F046FE002002F043FEB12002F04CFE39
:10320000802002F03DFE002002F03AFE8B2002F00A
:1032100037FE002002F034FE962002F031FE00203E
:1032200002F02EFEB22002F037FE002002F028FE4F
:10323000002002F025FE022002F022FE002002F013
:103240001FFE032002F01CFE002002F019FEB32036
:1032500002F022FE002002F013FE002002F010FE19
:10326000002002F00DFE002002F00AFE002002F015
:1032700007FE002002F004FE002002F001FE002004
:1032800002F0FEFD002002F0FBFD002002F0F8FD40
:10329000002002F0F5FD002002F0F2FD002002F017
:1032A000EFFD002002F0ECFD002002F0E9FD00201F
:1032B00002F0E6FD002002F0E3FD002002F0E0FD58
:1032C000002002F0DDFD002002F0DAFD002002F017
:1032D000D7FD002002F0D4FD002002F0D1FD002037
:1032E00002F0CEFDB42002F0D7FD8B2002F0C8FD25
:1032F000002002F0C5FD962002F0C2FD002002F081
:10330000BFFDA12002F0BCFD002002F0B9FDB520F8
:1033100002F0C2FD022002F0B3FD002002F0B0FD79
:10332000032002F0ADFD002002F0AAFD042002F00F
:10333000A7FD002002F0A4FDB62002F0ADFD0020A4
:1033400002F09EFD002002F09BFDB72002F0A4FDDC
:10335000002002F095FD002002F092FD3F2002F0D7
:103360008FFD002002F08CFD5E2002F089FD002020
:1033700002F086FD642002F083FD002002F080FD53
:103380008C2002F07DFD002002F07AFDAC2002F0DE
:1033900077FD002002F074FDDC2002F071FD0020BA
:1033A00002F06EFD702002F06BFD002002F068FD5F
:1033B000902002F065FD002002F062FDEB2002F09B
:1033C0005FFD002002F05CFDDC2002F059FD0020D2
:1033D00002F056FDB82002F05FFD002002F050FD23
:1033E000002002F04DFD002002F04AFD002002F016
:1033F00047FD002002F044FD002002F041FD0020C6
:1034000002F03EFD002002F03BFDBA2002F044FD38
:10341000242002F035FD002002F032FD002002F0F1
:103420002FFD002002F02CFDC12002F035FD2020F0
:1034300002F026FD002002F023FD542002F020FDC2
:10344000002002F01DFDFF2002F01AFD002002F016
:1034500017FDC22002F020FD0A2002F011FD00201D
:1034600002F00EFD042002F00BFD002002F008FD2A
:10347000C32002F011FD3C2002F002FD002002F00A
:10348000FFFC3A2002F0FCFC002002F0F9FC39209D
:1034900002F0F6FC002002F0F3FC372002F0F0FC12
:1034A000002002F0EDFC3C2002F0EAFC002002F0DB
:1034B000E7FC362002F0E4FC002002F0E1FC3220C0
:1034C00002F0DEFC002002F0DBFC2F2002F0D8FC32
:1034D000002002F0D5FC2C2002F0D2FC002002F0EB
:1034E000CFFC292002F0CCFC002002F0C9FC2620F1
:1034F00002F0C6FC002002F0C3FC242002F0C0FC55
:10350000002002F0BDFC242002F0BAFC002002F0F2
:10351000B7FC232002F0B4FC002002F0B1FC3C20F8
:1035200002F0AEFC002002F0ABFC362002F0A8FC5A
:10353000002002F0A5FC322002F0A2FC002002F0E4
:103540009FFC2F2002F09CFC002002F099FC2C2014
:1035500002F096FC002002F093FC292002F090FC7F
:10356000002002F08DFC262002F08AFC002002F0F0
:1035700087FC242002F084FC002002F081FC24203F
:1035800002F07EFC002002F07BFC232002F078FC9D
:10359000002002F075FCC42002F07EFC622002F0E4
:1035A0006FFC002002F06CFC052002F069FC00209A
:1035B00002F066FC842002F063FC002002F060FC54
:1035C000F02002F05DFC002002F05AFC182002F00E
:1035D00057FC002002F054FCA42002F051FC002013
:1035E00002F04EFC182002F04BFC002002F048FCD8
:1035F000502002F045FC002002F042FC0C2002F0BA
:103600003FFC002002F03CFC172002F039FC0020B7
:1036100002F036FC952002F033FC002002F030FC72
:10362000F32002F02DFC002002F02AFCE62002F03C
:1036300027FC002002F024FCC52002F02DFC3220E3
:1036400002F01EFC002002F01BFC442002F018FCDB
:10365000002002F015FC652002F012FC002002F0B0
:103660000FFC762002F00CFC002002F009FC882000
:1036700002F006FC002002F003FCC62002F00CFC65
:10368000202002F0FDFB002002F0FAFB172002F0E0
:10369000F7FB002002F0F4FB012002F0F1FB002018
:1036A00002F0EEFBC72002F0F7FB002002F0E8FB7F
:1036B000002002F0E5FB002002F0E2FB002002F017
:1036C000DFFBC82002F0E8FB002002F0D9FB00205D
:1036D00002F0D6FB002002F0D3FB002002F0D0FB6A
:1036E000C92002F0D9FB002002F0CAFB002002F042
:1036F000C7FB002002F0C4FB002002F0C1FB002049
:1037000002F0BEFB002002F0BBFB002002F0B8FB81
:10371000002002F0B5FB002002F0B2FB002002F016
:10372000AFFB002002F0ACFB002002F0A9FB002060
:1037300002F0A6FB002002F0A3FB002002F0A0FB99
:10374000002002F09DFBE02002F0A6FB162002F014
:1037500097FB002002F094FB1C2002F091FB00205C
:1037600002F08EFB212002F08BFB002002F088FB90
:10377000362002F085FB002002F082FB462002F09A
:103780007FFB002002F07CFB522002F079FB00203E
:1037900002F076FB642002F073FB002002F070FB65
:1037A0007A2002F06DFB002002F06AFB8B2002F011
:1037B00067FB002002F064FB992002F061FB00200F
:1037C00002F05EFBA82002F05BFB002002F058FB39
:1037D000B92002F055FB002002F052FBC42002F099
:1037E0004FFB002002F04CFBCA2002F049FB0020F6
:1037F00002F046FBD22002F043FB002002F040FB27
:10380000D92002F03DFB002002F03AFBE02002F05C
:1038100037FB002002F034FBF32002F031FB0020E4
:1038200002F02EFBE12002F037FB162002F028FB0D
:10383000002002F025FB1C2002F022FB002002F0F9
:103840001FFB222002F01CFB002002F019FB362097
:1038500002F016FB002002F013FB452002F010FBE3
:10386000002002F00DFB522002F00AFB002002F0C3
:1038700007FB642002F004FB002002F001FB7A2029
:1038800002F0FEFA002002F0FBFA8B2002F0F8FAB8
:10389000002002F0F5FA992002F0F2FA002002F07E
:1038A000EFFAA82002F0ECFA002002F0E9FAB920C1
:1038B00002F0E6FA002002F0E3FAC42002F0E0FA97
:1038C000002002F0DDFACA2002F0DAFA002002F04D
:1038D000D7FAD22002F0D4FA002002F0D1FAD82090
:1038E00002F0CEFA002002F0CBFAE02002F0C8FA93
:1038F000002002F0C5FAF32002F0C2FA002002F024
:10390000BFFAE22002F0C8FA052002F0B9FA00205E
:1039100002F0B6FA0B2002F0B3FA002002F0B0FA7F
:103920001B2002F0ADFA002002F0AAFA342002F0C7
:10393000A7FA002002F0A4FA442002F0A1FA002025
:1039400002F09EFA4F2002F09BFA002002F098FA53
:10395000612002F095FA002002F092FA792002F03C
:103960008FFA002002F08CFA882002F089FA0020F9
:1039700002F086FA972002F083FA002002F080FA23
:10398000A62002F07DFA002002F07AFAB72002F0B9
:1039900077FA002002F074FAC22002F071FA0020D7
:1039A00002F06EFAC72002F06BFA002002F068FA0B
:1039B000D12002F065FA002002F062FAD62002F06F
:1039C0005FFA002002F05CFADD2002F059FA0020D4
:1039D00002F056FAF32002F053FA002002F050FAF7
:1039E000E32002F059FA052002F04AFA002002F022
:1039F00047FA0A2002F044FA002002F041FA1C20A3
:103A000002F03EFA002002F03BFA332002F038FACE
:103A1000002002F035FA442002F032FA002002F0D1
:103A20002FFA502002F02CFA002002F029FA62202E
:103A300002F026FA002002F023FA782002F020FAA1
:103A4000002002F01DFA882002F01AFA002002F08D
:103A500017FA972002F014FA002002F011FAA620BB
:103A600002F00EFA002002F00BFAB72002F008FA7A
:103A7000002002F005FAC22002F002FA002002F053
:103A8000FFF9C72002F0FCF9002002F0F9F9D1207B
:103A900002F0F6F9002002F0F3F9D52002F0F0F977
:103AA000002002F0EDF9DD2002F0EAF9002002F03A
:103AB000E7F9F32002F0E4F9002002F0E1F9E42054
:103AC00002F0EAF9012002F0DBF9002002F0D8F957
:103AD000012002F0D5F9002002F0D2F9022002F014
:103AE000CFF9002002F0CCF92A2002F0C9F9002019
:103AF00002F0C6F93C2002F0C3F9002002F0C0F940
:103B00004B2002F0BDF9002002F0BAF95D2002F06E
:103B1000B7F9002002F0B4F9742002F0B1F90020E6
:103B200002F0AEF9842002F0ABF9002002F0A8F90F
:103B3000932002F0A5F9002002F0A2F9A22002F0E1
:103B40009FF9002002F09CF9B32002F099F90020BF
:103B500002F096F9BE2002F093F9002002F090F9ED
:103B6000C42002F08DF9002002F08AF9CD2002F085
:103B700087F9002002F084F9D32002F081F90020B7
:103B800002F07EF9DD2002F07BF9002002F078F9E6
:103B9000F32002F075F9002002F072F9E52002F03E
:103BA0007BF9002002F06CF9002002F069F9002096
:103BB00002F066F9002002F063F9022002F060F9D9
:103BC000002002F05DF9292002F05AF9002002F0ED
:103BD00057F93C2002F054F9002002F051F94B2033
:103BE00002F04EF9002002F04BF95D2002F048F996
:103BF000002002F045F9742002F042F9002002F0A2
:103C00003FF9842002F03CF9002002F039F99320BA
:103C100002F036F9002002F033F9A22002F030F968
:103C2000002002F02DF9B32002F02AF9002002F062
:103C300027F9BE2002F024F9002002F021F9C42067
:103C400002F01EF9002002F01BF9CD2002F018F955
:103C5000002002F015F9D32002F012F9002002F042
:103C60000FF9DC2002F00CF9002002F009F9F32032
:103C700002F006F9002002F003F9E62002F00CF948
:103C8000112002F0FDF8002002F0FAF8342002F0D2
:103C9000F7F8002002F0F4F8562002F0F1F80020C6
:103CA00002F0EEF8762002F0EBF8002002F0E8F8DF
:103CB000772002F0E5F8002002F0E2F8662002F03A
:103CC000DFF8002002F0DCF8882002F0D9F80020AC
:103CD00002F0D6F8992002F0D3F8002002F0D0F8D4
:103CE000BB2002F0CDF8002002F0CAF8992002F0C3
:103CF000C7F8002002F0C4F8662002F0C1F80020E6
:103D000002F0BEF8552002F0BBF8002002F0B8F82F
:103D1000552002F0B5F8002002F0B2F8452002F07C
:103D2000AFF8002002F0ACF8432002F0A9F8002020
:103D300002F0A6F8442002F0A3F8002002F0A0F858
:103D4000E72002F0A9F8322002F09AF8002002F0F1
:103D500097F8552002F094F8002002F091F87620B0
:103D600002F08EF8002002F08BF8662002F088F84E
:103D7000002002F085F8672002F082F8002002F0AF
:103D80007FF8672002F07CF8002002F079F88720A5
:103D900002F076F8002002F073F8992002F070F833
:103DA000002002F06DF8BB2002F06AF8002002F05B
:103DB00067F8992002F064F8002002F061F877209B
:103DC00002F05EF8002002F05BF8442002F058F8A0
:103DD000002002F055F8562002F052F8002002F0C0
:103DE0004FF8232002F04CF8002002F049F833206D
:103DF00002F046F8002002F043F8452002F040F8B7
:103E0000002002F03DF8E82002F046F8002002F021
:103E100037F8002002F034F8992002F031F8002041
:103E200002F02EF8872002F02BF8002002F028F88C
:103E3000882002F025F8002002F022F8772002F016
:103E40001FF8002002F01CF8662002F019F800208C
:103E500002F016F8882002F013F8002002F010F8A3
:103E6000AA2002F00DF8002002F00AF8BB2002F0B0
:103E700007F8002002F004F8992002F001F8002071
:103E800001F0FEFF662001F0FBFF002001F0F8FFCB
:103E9000552001F0F5FF002001F0F2FF552001F060
:103EA000EFFF002001F0ECFF442001F0E9FF0020CB
:103EB00001F0E6FF442001F0E3FF002001F0E0FF05
:103EC000552001F0DDFF002001F0DAFFE92001F0CC
:103ED000E3FFAA2001F0D4FF002001F0D1FF002071
:103EE00001F0CEFF002001F0CBFF002001F0D4FF55
:103EF000AA2001F0C5FFCF2001F0CEFF002001F085
:103F0000BFFF002001F0BCFF002001F0B9FF00203E
:103F100001F0B6FF002001F0B3FF002001F0B0FF78
:103F2000002001F0ADFF002001F0AAFF002001F009
:103F3000A7FF002001F0A4FF002001F0A1FF002056
:103F400001F09EFF002001F09BFF002001F098FF90
:103F5000002001F095FF002001F092FF002001F009
:103F60008FFFF02001F098FF002001F089FF502022
:103F700001F086FF002001F083FF002001F080FFA8
:103F8000002001F07DFFF32001F086FF002001F00A
:103F900077FFF92001F080FF062001F071FF10206B
:103FA00001F06EFF292001F06BFF002001F068FF97
:103FB0003A2001F071FF552001F062FF112001F05D
:103FC0006BFF6420FEF772FB292001F065FF3520AE
:103FD00001F062FF002001F053FF512001F05CFF6F
:103FE000FF2001F04DFF532001F056FF2C2001F07F
:103FF00047FF552001F050FF822001F041FF2C20A7
:1040000001F04AFF10BD10B555214FF4704001F08A
:1040100059FFAA214FF2010001F054FF52214FF243
:10402000020001F04FFF08214FF2030001F04AFFA8
:1040300001214FF2040001F045FF0D214FF4304003
:1040400001F040FF0D214BF2010001F03BFF0D217B
:104050004BF2020001F036FF34214FF4364001F0FC
:1040600031FF34214BF2016001F02CFF34214BF27F
:10407000026001F027FF0D214FF4314001F022FFD3
:104080000D214BF2011001F01DFF0D214BF202102A
:1040900001F018FF34214FF4374001F013FF3421B1
:1040A0004BF2017001F00EFF34214BF2027001F06F
:1040B00009FF00214FF4324001F004FF00214BF2D0
:1040C000012001F0FFFE00214BF2022001F0FAFE78
:1040D00024214FF4384001F0F5FE24214BF6010075
:1040E00001F0F0FE24214BF6020001F0EBFE01216D
:1040F0004FF43F4001F0E6FE0F214FF4334001F052
:10410000E1FE0F214BF2013001F0DCFE0F214BF2FA
:10411000023001F0D7FE34214FF4394001F0D2FED5
:1041200034214BF6011001F0CDFE34214BF6021084
:1041300001F0C8FE08214FF4354001F0C3FE08210C
:104140004BF2015001F0BEFE08214BF2025001F08B
:10415000B9FE03214FF4424001F0B4FE24214FF494
:104160003A4001F0AFFE24214BF6012001F0AAFEF7
:1041700024214BF6022001F0A5FE00214FF43C4023
:1041800001F0A0FE78214BF6014001F09BFE0021DA
:104190004BF6024001F096FE00214FF43D4001F045
:1041A00091FE78214BF6015001F08CFE00214BF678
:1041B000025001F087FE00214FF43E4001F082FEE4
:1041C00064214BF6016001F07DFE00214FF4514067
:1041D00001F078FE33214DF2011001F073FE002151
:1041E0004DF2021001F06EFE34214DF2031001F089
:1041F00069FE00214DF2041001F064FE3A214DF2F7
:10420000051001F05FFE00214DF2061001F05AFE8C
:104210004A214DF2071001F055FE00214DF2081021
:1042200001F050FE5C214DF2091001F04BFE00211F
:104230004DF20A1001F046FE81214DF20B1001F003
:1042400041FE00214DF20C1001F03CFEA6214DF282
:104250000D1001F037FE00214DF20E1001F032FE7C
:10426000E5214DF20F1001F02DFE01214DF210104D
:1042700001F028FE13214DF2111001F023FE01215F
:104280004DF2121001F01EFE54214DF2131001F0F8
:1042900019FE01214DF2141001F014FE82214DF29D
:1042A000151001F00FFE01214DF2161001F00AFE6B
:1042B000CA214DF2171001F005FE02214DF218102F
:1042C00001F000FE00214DF2191001F0FBFD02216A
:1042D0004DF21A1001F0F6FD01214DF21B1001F014
:1042E000F1FD02214DF21C1001F0ECFD34214DF2E4
:1042F0001D1001F0E7FD02214DF21E1001F0E2FD5C
:1043000067214DF21F1001F0DDFD02214DF220105A
:1043100001F0D8FD84214DF2211001F0D3FD0221DE
:104320004DF2221001F0CEFDA4214DF2231001F038
:10433000C9FD02214DF2241001F0C4FDB7214DF258
:10434000251001F0BFFD02214DF2261001F0BAFD4B
:10435000CF214DF2271001F0B5FD02214DF22810BA
:1043600001F0B0FDDE214DF2291001F0ABFD02217C
:104370004DF22A1001F0A6FDF2214DF22B1001F0B2
:10438000A1FD02214DF22C1001F09CFDFE214DF209
:104390002D1001F097FD03214DF22E1001F092FD3A
:1043A00010214DF22F1001F08DFD03214DF2301040
:1043B00001F088FD33214DF2311001F083FD03211E
:1043C0004DF2321001F07EFD6D214DF2331001F0FF
:1043D00079FD00214FF4524001F074FD33214DF27C
:1043E000012001F06FFD00214DF2022001F06AFD75
:1043F00034214DF2032001F065FD00214DF204202F
:1044000001F060FD3A214DF2052001F05BFD002135
:104410004DF2062001F056FD4A214DF2072001F031
:1044200051FD00214DF2082001F04CFD5C214DF2C0
:10443000092001F047FD00214DF20A2001F042FD64
:1044400081214DF20B2001F03DFD00214DF20C20A9
:1044500001F038FDA6214DF20D2001F033FD0021C1
:104460004DF20E2001F02EFDE5214DF20F2001F05E
:1044700029FD01214DF2102001F024FD13214DF200
:10448000112001F01FFD01214DF2122001F01AFD53
:1044900054214DF2132001F015FD01214DF214209D
:1044A00001F010FD82214DF2152001F00BFD0121DC
:1044B0004DF2162001F006FDCA214DF2172001F041
:1044C00001FD02214DF2182001F0FCFC00214DF20B
:1044D000192001F0F7FC02214DF21A2001F0F2FC44
:1044E00001214DF21B2001F0EDFC02214DF21C20B8
:1044F00001F0E8FC34214DF21D2001F0E3FC022123
:104500004DF21E2001F0DEFC67214DF21F2001F06C
:10451000D9FC02214DF2202001F0D4FC84214DF27F
:10452000212001F0CFFC02214DF2222001F0CAFC33
:10453000A4214DF2232001F0C5FC02214DF22420DC
:1045400001F0C0FCB7214DF2252001F0BBFC022197
:104550004DF2262001F0B6FCCF214DF2272001F0CC
:10456000B1FC02214DF2282001F0ACFCDE214DF21D
:10457000292001F0A7FC02214DF22A2001F0A2FC23
:10458000F2214DF22B2001F09DFC02214DF22C2056
:1045900001F098FCFE214DF22D2001F093FC032147
:1045A0004DF22E2001F08EFC10214DF22F2001F053
:1045B00089FC03214DF2302001F084FC33214DF2BF
:1045C000312001F07FFC03214DF2322001F07AFC12
:1045D0006D214DF2332001F075FC00214FF4534062
:1045E00001F070FC33214DF2013001F06BFC002131
:1045F0004DF2023001F066FC34214DF2033001F03F
:1046000061FC00214DF2043001F05CFC3A214DF2D6
:10461000053001F057FC00214DF2063001F052FC4C
:104620004A214DF2073001F04DFC00214DF20830D7
:1046300001F048FC5C214DF2093001F043FC0021FF
:104640004DF20A3001F03EFC81214DF20B3001F0B9
:1046500039FC00214DF20C3001F034FCA6214DF262
:104660000D3001F02FFC00214DF20E3001F02AFC3C
:10467000E5214DF20F3001F025FC01214DF2103003
:1046800001F020FC13214DF2113001F01BFC01213F
:104690004DF2123001F016FC54214DF2133001F0AE
:1046A00011FC01214DF2143001F00CFC82214DF27D
:1046B000153001F007FC01214DF2163001F002FC2B
:1046C000CA214DF2173001F0FDFB02214DF21830E6
:1046D00001F0F8FB00214DF2193001F0F3FB02214B
:1046E0004DF21A3001F0EEFB01214DF21B3001F0CA
:1046F000E9FB02214DF21C3001F0E4FB34214DF2C4
:104700001D3001F0DFFB02214DF21E3001F0DAFB1B
:1047100067214DF21F3001F0D5FB02214DF2203010
:1047200001F0D0FB84214DF2213001F0CBFB0221BE
:104730004DF2223001F0C6FBA4214DF2233001F0EE
:10474000C1FB02214DF2243001F0BCFBB7214DF238
:10475000253001F0B7FB02214DF2263001F0B2FB0B
:10476000CF214DF2273001F0ADFB02214DF2283070
:1047700001F0A8FBDE214DF2293001F0A3FB02215C
:104780004DF22A3001F09EFBF2214DF22B3001F068
:1047900099FB02214DF22C3001F094FBFE214DF2E9
:1047A0002D3001F08FFB03214DF22E3001F08AFBFA
:1047B00010214DF22F3001F085FB03214DF23030F6
:1047C00001F080FB33214DF2313001F07BFB0321FE
:1047D0004DF2323001F076FB6D214DF2333001F0B5
:1047E00071FB00214FF4544001F06CFB33214DF27A
:1047F000014001F067FB00214DF2024001F062FB35
:1048000034214DF2034001F05DFB00214DF20440E4
:1048100001F058FB3A214DF2054001F053FB002115
:104820004DF2064001F04EFB4A214DF2074001F0E7
:1048300049FB00214DF2084001F044FB5C214DF2A0
:10484000094001F03FFB00214DF20A4001F03AFB24
:1048500081214DF20B4001F035FB00214DF20C405F
:1048600001F030FBA6214DF20D4001F02BFB0021A1
:104870004DF20E4001F026FBE5214DF20F4001F014
:1048800021FB01214DF2104001F01CFB13214DF2E0
:10489000114001F017FB01214DF2124001F012FB13
:1048A00054214DF2134001F00DFB01214DF2144053
:1048B00001F008FB82214DF2154001F003FB0121BC
:1048C0004DF2164001F0FEFACA214DF2174001F0F8
:1048D000F9FA02214DF2184001F0F4FA00214DF2EC
:1048E000194001F0EFFA02214DF21A4001F0EAFA04
:1048F00001214DF21B4001F0E5FA02214DF21C406E
:1049000001F0E0FA34214DF21D4001F0DBFA022102
:104910004DF21E4001F0D6FA67214DF21F4001F022
:10492000D1FA02214DF2204001F0CCFA84214DF25F
:10493000214001F0C7FA02214DF2224001F0C2FAF3
:10494000A4214DF2234001F0BDFA02214DF2244092
:1049500001F0B8FAB7214DF2254001F0B3FA022177
:104960004DF2264001F0AEFACF214DF2274001F082
:10497000A9FA02214DF2284001F0A4FADE214DF2FD
:10498000294001F09FFA02214DF22A4001F09AFAE3
:10499000F2214DF22B4001F095FA02214DF22C400C
:1049A00001F090FAFE214DF22D4001F08BFA032127
:1049B0004DF22E4001F086FA10214DF22F4001F009
:1049C00081FA03214DF2304001F07CFA33214DF29F
:1049D000314001F077FA03214DF2324001F072FAD2
:1049E0006D214DF2334001F06DFA00214FF4554036
:1049F00001F068FA33214DF2015001F063FA002111
:104A00004DF2025001F05EFA34214DF2035001F0F4
:104A100059FA00214DF2045001F054FA3A214DF2B6
:104A2000055001F04FFA00214DF2065001F04AFA0C
:104A30004A214DF2075001F045FA00214DF208508D
:104A400001F040FA5C214DF2095001F03BFA0021DF
:104A50004DF20A5001F036FA81214DF20B5001F06F
:104A600031FA00214DF20C5001F02CFAA6214DF242
:104A70000D5001F027FA00214DF20E5001F022FAFC
:104A8000E5214DF20F5001F01DFA01214DF21050B9
:104A900001F018FA13214DF2115001F013FA01211F
:104AA0004DF2125001F00EFA54214DF2135001F064
:104AB00009FA01214DF2145001F004FA82214DF25D
:104AC000155001F0FFF901214DF2165001F0FAF9ED
:104AD000CA214DF2175001F0F5F902214DF218509C
:104AE00001F0F0F900214DF2195001F0EBF902212B
:104AF0004DF21A5001F0E6F901214DF21B5001F080
:104B0000E1F902214DF21C5001F0DCF934214DF2A3
:104B10001D5001F0D7F902214DF21E5001F0D2F9DB
:104B200067214DF21F5001F0CDF902214DF22050C6
:104B300001F0C8F984214DF2215001F0C3F902219E
:104B40004DF2225001F0BEF9A4214DF2235001F0A4
:104B5000B9F902214DF2245001F0B4F9B7214DF218
:104B6000255001F0AFF902214DF2265001F0AAF9CB
:104B7000CF214DF2275001F0A5F902214DF2285026
:104B800001F0A0F9DE214DF2295001F09BF902213C
:104B90004DF22A5001F096F9F2214DF22B5001F01E
:104BA00091F902214DF22C5001F08CF9FE214DF2C9
:104BB0002D5001F087F903214DF22E5001F082F9BA
:104BC00010214DF22F5001F07DF903214DF23050AC
:104BD00001F078F933214DF2315001F073F90321DE
:104BE0004DF2325001F06EF96D214DF2335001F06B
:104BF00069F900214FF4564001F064F933214DF278
:104C0000016001F05FF900214DF2026001F05AF9F4
:104C100034214DF2036001F055F900214DF204609A
:104C200001F050F93A214DF2056001F04BF90021F5
:104C30004DF2066001F046F94A214DF2076001F09D
:104C400041F900214DF2086001F03CF95C214DF280
:104C5000096001F037F900214DF20A6001F032F9E4
:104C600081214DF20B6001F02DF900214DF20C6015
:104C700001F028F9A6214DF20D6001F023F9002181
:104C80004DF20E6001F01EF9E5214DF20F6001F0CA
:104C900019F901214DF2106001F014F913214DF2C0
:104CA000116001F00FF901214DF2126001F00AF9D3
:104CB00054214DF2136001F005F901214DF2146009
:104CC00001F000F982214DF2156001F0FBF801219D
:104CD0004DF2166001F0F6F8CA214DF2176001F0AE
:104CE000F1F802214DF2186001F0ECF800214DF2CC
:104CF000196001F0E7F802214DF21A6001F0E2F8C4
:104D000001214DF21B6001F0DDF802214DF21C6023
:104D100001F0D8F834214DF21D6001F0D3F80221E2
:104D20004DF21E6001F0CEF867214DF21F6001F0D8
:104D3000C9F802214DF2206001F0C4F884214DF23F
:104D4000216001F0BFF802214DF2226001F0BAF8B3
:104D5000A4214DF2236001F0B5F802214DF2246048
:104D600001F0B0F8B7214DF2256001F0ABF8022157
:104D70004DF2266001F0A6F8CF214DF2276001F038
:104D8000A1F802214DF2286001F09CF8DE214DF2DD
:104D9000296001F097F802214DF22A6001F092F8A3
:104DA000F2214DF22B6001F08DF802214DF22C60C2
:104DB00001F088F8FE214DF22D6001F083F8032107
:104DC0004DF22E6001F07EF810214DF22F6001F0BF
:104DD00079F803214DF2306001F074F833214DF27F
:104DE000316001F06FF803214DF2326001F06AF892
:104DF0006D214DF2336001F065F855214FF470409C
:104E000001F060F8AA214FF2010001F05BF8522195
:104E10004FF2020001F056F808214FF2030001F0B2
:104E200051F800214FF2040001F04CF8CC214FF46E
:104E3000314001F047F800214BF2011001F042F837
:104E400005214FF4364001F03DF870214FF4374012
:104E500001F038F870214BF2017001F033F80121B4
:104E60004FF4384001F02EF803214BF6010001F019
:104E700029F803214BF6020001F024F803214BF638
:104E8000030001F01FF802214FF43C4001F01AF832
:104E900000214BF6014001F015F800214BF60240CD
:104EA00001F010F8D0214FF4494001F00BF8022135
:104EB0004CF6011001F006F850214CF6021001F0FA
:104EC00001F850214CF6031000F0FCFF50214CF685
:104ED000041000F0F7FF00214FF4545000F0F2FFEF
:104EE00055214FF4685000F0EDFF4FF4885000F06A
:104EF000D3FF7820FDF7E6FB4FF4245000F0CCFF01
:104F000010BD10B5E22000F0C7FF1D2000F0B8FF73
:104F1000022000F0B5FF042000F0B2FF6420FDF78E
:104F2000D1FBE02000F0B8FF012000F0A9FF0A202B
:104F3000FDF7BCFBE02000F0AFFF032000F0A0FF76
:104F40000C20FDF7B3FB012000F0A6FF0A20FDF7BF
:104F5000ADFBE62000F0A0FF2F2000F091FFFF2026
:104F600000F08EFFFF2000F08BFFB02000F094FFD8
:104F7000202000F085FF002000F082FF032000F0D9
:104F80007FFF40F21F3000F07BFF012000F078FF30
:104F900040F2DF1000F074FF002000F071FFB42039
:104FA00000F07AFF042000F06BFF40F21F4000F099
:104FB00067FF002000F064FF2E2000F061FF00205A
:104FC00000F05EFF002000F05BFF002000F058FFC3
:104FD000002000F055FFB62000F05EFF022000F038
:104FE0004FFF4FF4037000F04BFF002000F048FF2C
:104FF000172000F045FF152000F042FF002000F0D0
:105000003FFF002000F03CFFF02000F045FF0320B0
:1050100000F036FF292000F03FFFD02000F03CFFD9
:10502000002000F02DFFBE2000F036FF052000F02C
:1050300027FFFE2000F024FF012000F021FF0020C8
:1050400000F01EFF002000F01BFF002000F018FF02
:10505000B82000F021FF032000F012FF012000F033
:105060000FFFBA2000F018FF012000F009FF10BD6B
:1050700010B5112000F010FF7820FDF717FB362047
:1050800000F00AFF002000F0FBFE3A2000F004FFD1
:10509000052000F0F5FEB22000F0FEFE0C2000F02E
:1050A000EFFE0C2000F0ECFE002000F0E9FE3320C3
:1050B00000F0E6FE332000F0E3FEB72000F0ECFE47
:1050C000352000F0DDFEBB2000F0E6FE322000F0CF
:1050D000D7FEC02000F0E0FE0C2000F0D1FEC22080
:1050E00000F0DAFE012000F0CBFEC32000F0D4FE79
:1050F000102000F0C5FEC42000F0CEFE202000F0FD
:10510000BFFEC62000F0C8FE0F2000F0B9FED02080
:1051100000F0C2FEA42000F0B3FEA12000F0B0FE1B
:10512000E02000F0B9FED02000F0AAFE002000F040
:10513000A7FE022000F0A4FE072000F0A1FE0A2036
:1051400000F09EFE282000F09BFE322000F098FE2A
:10515000442000F095FE422000F092FE062000F070
:105160008FFE0E2000F08CFE122000F089FE14202D
:1051700000F086FE172000F083FEE12000F08CFE98
:10518000D02000F07DFE002000F07AFE022000F02A
:1051900077FE072000F074FE0A2000F071FE282040
:1051A00000F06EFE312000F06BFE542000F068FE2F
:1051B000472000F065FE0E2000F062FE1C2000F08B
:1051C0005FFE172000F05CFE1B2000F059FE1E2041
:1051D00000F056FE2A2000F05FFE002000F050FE96
:1051E000002000F04DFE002000F04AFEEF2000F00D
:1051F00047FE2B2000F050FE002000F041FE002072
:1052000000F03EFE012000F03BFE3F2000F038FEA3
:10521000292000F041FE10BD10B5112000F03CFE29
:105220007820FDF743FA362000F036FE482000F0E3
:1052300027FE3A2000F030FE552000F021FEF0203D
:1052400000F02AFEC32000F01BFEF02000F024FE38
:10525000962000F015FEB42000F01EFE012000F0A4
:105260000FFEB62000F018FE0A2000F009FEA22072
:1052700000F006FEB72000F00FFEC62000F000FE92
:10528000B92000F009FE022000F0FAFDE02000F055
:10529000F7FDC02000F000FE802000F0F1FD162098
:1052A00000F0EEFDC12000F0F7FD192000F0E8FD50
:1052B000C22000F0F1FDA72000F0E2FDC52000F0C3
:1052C000EBFD162000F0DCFDE82000F0E5FD4020BD
:1052D00000F0D6FD8A2000F0D3FD002000F0D0FDC4
:1052E000002000F0CDFD292000F0CAFD192000F0BB
:1052F000C7FDA52000F0C4FD332000F0C1FDE02073
:1053000000F0CAFDF02000F0BBFD072000F0B8FD62
:105310000D2000F0B5FD042000F0B2FD052000F0E6
:10532000AFFD142000F0ACFD362000F0A9FD5420A4
:1053300000F0A6FD4C2000F0A3FD382000F0A0FDF9
:10534000132000F09DFD142000F09AFD2E2000F0A7
:1053500097FD342000F094FDE12000F09DFDF02049
:1053600000F08EFD102000F08BFD142000F088FD71
:105370000E2000F085FD0C2000F082FD082000F0DA
:105380007FFD352000F07CFD442000F079FD4C20AD
:1053900000F076FD262000F073FD102000F070FD77
:1053A000122000F06DFD2C2000F06AFD322000F08C
:1053B00067FDF02000F070FD3C2000F061FDF02062
:1053C00000F06AFD692000F05BFD7820FDF76EF9C2
:1053D000212000F061FD292000F05EFD10BD0000DD
:1053E00000B595B000BF00BF00200190F8480068EC
:1053F00040F04000F64908600846006800F04000B0
:10540000019000BF00BF00BF00BF00BF002001909F
:105410000846006840F0080008600846006800F090
:105420000800019000BF00BF00BF00BF00BF002008
:1054300001900846006840F00800086008460068CF
:1054400000F00800019000BF00BF00BF00BF00BF18
:10545000002001900846006840F0400008600846BF
:10546000006800F04000019000BF00BF00BF00BF17
:1054700000BF002001900846006840F0020008606C
:105480000846006800F00200019000BF00BF00BFA6
:105490008814109002201190012012900220139085
:1054A0000C20149010A9CB48FBF722FB2020109071
:1054B00010A9C948FBF71CFB1020109010A9C64882
:1054C000FBF716FB4FF48050109010A9C348FBF770
:1054D0000FFB4FF4004010900120119010A9C0481C
:1054E000FBF706FB4FF02040BE490860BE4848600D
:1054F000062088600021BB48C16010214161002165
:105500008161C16141624FF4805181620021C162B9
:105510004FF4804101630021416381630F200990B2
:1055200000200A903C200B9000200F900920029050
:1055300000200390092004900020089002AA09A9E5
:10554000A848FCF72DF83220FDF7B0F8D32000F082
:10555000A3FC00F0D5F9A549888000F0D1F9A34952
:10556000888000F0CDF9A1498880084680884FF6F0
:10557000FF7101EA00209D49888000F0C1F99B4934
:1055800089880843994988800846808849F24131D2
:1055900088427CD0042000F07FFC00F0B1F99349F0
:1055A000888000F0ADF99149888000F0A9F98F4911
:1055B0008880084680884FF6FF7101EA00208B49F9
:1055C000888000F09DF98949898808438749888047
:1055D0000846808848F25251884203D147F28970C8
:1055E000824988808148808847F289718842D0D07A
:1055F000D42000F051FC00F083F97C49888000F051
:105600007FF97A49888000F07BF9784988800846DC
:1056100080884FF6FF7101EA00207449888000F00D
:105620006FF97249898808437049888008468088E4
:1056300045F210318842ACD0D32000F02DFC00F0B0
:105640005FF96A49888000F05BF96849888000F05A
:1056500057F966498880084680884FF6FF7101EA4D
:1056600000206249888000F04BF96049898808432E
:105670005E4988800846808847F29671884288D0C3
:1056800055214FF4704000F01DFCAA2100E07EE09F
:105690004FF2010000F016FC52214FF2020000F020
:1056A00011FC08214FF2030000F00CFC01214FF225
:1056B000040000F007FC4FF4454000F0EDFB00F063
:1056C0001FF94A498880084680884FF6FF7101EA31
:1056D0000020464988804CF2015000F0DDFB00F0CC
:1056E0000FF9424989880843404988800520FCF722
:1056F000DDFF3E48808845F21051884247D0D320D4
:1057000000F0CAFB00F0FCF83849888000F0F8F897
:105710003649888000F0F4F834498880084680884B
:105720004FF6FF7101EA00203049888000F0E8F868
:105730002E49898808432D4988800846808849F683
:105740000601884223D0A12000F0A6FB00F0D8F883
:105750002649888000F0D4F824498880084680884B
:105760004FF6FF7101EA00202049888000F0C8F858
:105770001E49898808431D4988800846808845F26B
:105780006171884203D141F6631018498880174837
:10579000818817A0FAF750FE1448808847F2897173
:1057A000884202D1FFF764FC4EE01048808849F23D
:1057B0004131884202D1FDF7F7F945E00B48808876
:1057C00045F21031884219D1FDF7A4FC3CE00000FD
:1057D0003038024000180240000C02400014024021
:1057E0000004024018020020040100A0680200200A
:1057F0004C43442049443A25780D0A003A488088B1
:1058000047F29671884202D1FFF706FD1CE0364848
:10581000808845F21051884202D1FEF7F4FB13E074
:105820003148808849F60601884202D1FDF7D2FA54
:105830000AE02D48808841F66311884204D1FFF7C1
:1058400060FB642000F0ECFA2748808847F28971F9
:1058500088420BD02448808849F24131884205D0E3
:105860002148808841F6631188420AD103200290C2
:1058700004901E490B6B8A68486802A9FBF75AF826
:1058800021E01948808845F21031884211D016482D
:10589000808847F2967188420BD01348808845F281
:1058A0001051884205D01048808849F60601884288
:1058B00009D10220029004900C490B6B8A68486859
:1058C00002A9FBF737F80020FDF7A8F800BF012276
:1058D000D1030748FBF716FA00BF4FF6FF70FDF73C
:1058E00083F815B000BD00006802002018020020F7
:1058F0000004024000BF011EA0F10100FBD170476F
:1059000008B50220FFF7F6FF024800880090BDF8B6
:10591000000008BD8000006CF0B50546002400279B
:105920008B488079012805D18948808841F6631128
:10593000884208D186488079F0B98548808841F648
:105940006311884218D1082D15D2DFE805F004064E
:10595000080A0C0E101206250DE007250BE00425A1
:1059600009E0052507E0012505E0002503E0032502
:1059700001E0022500BF00BF082D1CD2DFE805F0C2
:105980000406090C0F12151800BF14E044F080043F
:1059900011E044F040040EE044F0C0040BE044F099
:1059A000200408E044F0600405E044F0A00402E0B4
:1059B00044F0E00400BF00BF36276548808845F208
:1059C0001051884200D13F026148808849F241313C
:1059D00088420BD05E48808847F28971884205D0A2
:1059E0005B48808847F29671884201D144F00804F0
:1059F0002146384600F066FA5548808841F6631122
:105A000088421DD004F0200068B1514800885049F8
:105A10004988884214DA4E48068840884C490880F4
:105A2000084646800CE04A4800884949498888422F
:105A300006DD474806884088454908800846468074
:105A40004348808845F21051884252D140494889E4
:105A500000F022FA002000F013FA3D494989491C60
:105A600088B200F019FA002000F00AFA3849498992
:105A7000891C88B200F010FA35490988491EC1F323
:105A80000F2000F0FDF932494989C91C88B200F0A5
:105A900003FA2F490978491EC8B200F0F1F92C49E0
:105AA000888900F0F9F9002000F0EAF9284989898D
:105AB000491C88B200F0F0F9002000F0E1F9244917
:105AC0008989891C88B200F0E7F921494988491E73
:105AD000C1F30F2000F0D4F91D498989C91C88B28F
:105AE00000F0DAF91A498978491EC8B200F0C8F9FD
:105AF0002DE01749488900F0CFF9002000F0C0F9E7
:105B0000002000F0BDF912490988491EC1F30F2099
:105B100000F0B6F90E490978491EC8B200F0B0F994
:105B20000B49888900F0B8F9002000F0A9F900209D
:105B300000F0A6F906494988491EC1F30F2000F07C
:105B40009FF903498978491EC8B200F099F9F0BD60
:105B50006802002010B502460C464548808841F690
:105B60006311884247D142488079A8B940480088EB
:105B7000401E801A82B23E49488900F08DF900200B
:105B800000F07EF9002000F07BF9101200F078F9A7
:105B9000D0B200F075F916E03549488900F07CF97B
:105BA000101200F06DF9D0B200F06AF9304909889E
:105BB000491EC1F30F2000F063F92D490978491EF1
:105BC000C8B200F05DF92A49888900F065F9201211
:105BD00000F056F9E0B200F053F925494988491E12
:105BE000C1F30F2000F04CF921498978491EC8B251
:105BF00000F046F93AE01E48808845F2105188428C
:105C000020D11B49488900F047F9101200F038F9FB
:105C100017494989491C88B200F03EF9D0B200F01A
:105C20002FF91349888900F037F9201200F028F97C
:105C30000F498989491C88B200F02EF9E0B200F0C2
:105C40001FF913E00A49488900F026F9101200F004
:105C500017F9D0B200F014F90549888900F01CF951
:105C6000201200F00DF9E0B200F00AF910BD0000BA
:105C7000680200202DE9FC4F80460E4615461C4662
:105C8000B3460020019000902046E31704EB5373C5
:105C9000DB1021464FEAE47C04EB5C7C4FEAEC0C21
:105CA000A4EBCC0CBCF1000F02D04FF0010C01E0D2
:105CB0004FF0000C6344224604EBD27C4FEA6C0C9C
:105CC00003FB0CF3DBB20193A5F12000C5B20C2C51
:105CD00006D0102C0BD0182C0ED0202C18D112E08E
:105CE00005EB45002D4901EB8000009012E02C48A7
:105CF00000EB051000900DE005EBC500294901EB14
:105D00008000009006E0284800EB8510009001E03C
:105D1000BDE8FC8F00BF00273AE0009810F807901C
:105D20004FF0000A2EE009F0800028B131464046CD
:105D30000C9AFCF729FF07E00B9828B91B4831465D
:105D400002684046FCF720FF4FEA49604FEA1069BD
:105D5000701C86B216484088B04200DCD8E7A6EB3B
:105D60000B00A0420AD15E4608F101001FFA80F83C
:105D70000F480088404500DCCAE706E00AF1010050
:105D800000F0FF0ABAF1080FCDDB00BF781CC7B2E4
:105D900001988742C1DB00BFBAE70000D692000835
:105DA0004A9700083A9D000896AA0008480000207B
:105DB000680200202DE9FC4F04460D4690469946A6
:105DC000DDE90C7A0B9E04F0FF0B08EB04001FFAD0
:105DD00080F809EB05001FFA80F917E0444502DB63
:105DE0005C46A81985B24D4500DB15E00020CDE9E1
:105DF000000A3A78334629462046FFF73BFF3046F3
:105E000006EBD07104EB61018CB27F1C38787E28E0
:105E100002DC38782028E1DA00BFBDE8FC8F000002
:105E200070B52DED048B0446BE2000F035F805203A
:105E300000F026F8204603F02CF941EC190B9FEDF9
:105E40000E0B53EC102B03F037F941EC180B03F059
:105E5000F3F885B2284600F013F8012000F010F89E
:105E6000FF2000F00DF8002000F00AF8002000F0FC
:105E700007F8BDEC048B70BD666666666666044016
:105E800001B5BDF800000090BDF800000149088090
:105E900008BD00008000006C01B5BDF80000009056
:105EA000BDF800000149088008BD00007E00006CBC
:105EB00002480089024908807047000068020020FB
:105EC0007E00006C034A10804FF0D842A2F8801088
:105ED000704700007E00006C00B587B000BF00BFB7
:105EE000002001902048006840F020001E49086012
:105EF0000846006800F02000019000BF00BF00BF0E
:105F000000BF00BF002001900846006840F020005C
:105F100008600846006800F02000019000BF00BF44
:105F200000BF4815029001200390049002200590C4
:105F300002A90E48FAF7DCFD4FF48060029002A936
:105F40000A48FAF7D5FD00BF012251020748FAF7C7
:105F5000D9FE00BF00BF012291020448FAF7D2FE29
:105F600000BF07B000BD00003038024000140240FE
:105F700010B50320FAF772FFFAF7E2FE07230222B8
:105F800008214FF4A87001F0F1F9A820FCF772FB8A
:105F90004FF4E13001F08CFAFFF79EFFFFF720FA93
:105FA000FCF742FC00F004FF002000F00BF8022098
:105FB00000F008F8012000F005F8FCF7B5FB002020
:105FC00010BD000010B504460C4951F824104A00D9
:105FD0000B4951F82400002100F036F8094951F826
:105FE000242007490C3951F82400002100F02CF836
:105FF000012103480C30015510BD000058C20008B3
:106000006800002070C2000810B50146002300227D
:1060100007E00B4850F8210030F8120000B15B1C7B
:10602000521C084850F821009042F2D84FF47A7080
:106030005843044C54F82140B0FBF4F080B210BD3A
:106040006800002058C2000830B5034601E003F89C
:10605000011B141EA2F10102F9D130BD2DE9F0415E
:1060600005460E462948076800202949096881F835
:106070005D0027480068001D01F036FA50B9244839
:10608000006890F82C10012088402249096881435B
:1060900020480160681CD8B9D6B11F4948681C491E
:1060A000096888601A4982680968CA6018490968DD
:1060B000091D8268516016490968091D8160164AE8
:1060C000134909684A6111460968491C11601AE0C0
:1060D0007C190F4800684460BC4207D20C48016834
:1060E000091D0E48006801F04DFA0CE008480168EF
:1060F000091D0B48006801F045FA0A48006884420F
:1061000001D208480460BDE8F08100008C00002046
:106110007800002090000020F08401208000002002
:106120007C000020A800002010B5044601F050FAC1
:1061300031480068401C304908603048006840B968
:106140002E4804600846006801280DD100F022FAAC
:106150000AE02B48006838B928480068C06AE16A3C
:10616000884201D82548046026480068401C25491B
:10617000086008460068606494F82C10012088408C
:1061800021490968084320490860E16A01EB81015F
:106190001E4A02EB81014868A0608268E260211D0E
:1061A000826851608160E16A01EB8101174A02EB6C
:1061B00081026261E16A01EB8101144A52F8211007
:1061C000491CE26A02EB8202104B43F8221001F0F4
:1061D0004BFA0B48006868B108480068C06AE16A79
:1061E000884207D24FF0805009490860BFF34F8FB3
:1061F000BFF36F8F10BD00008800002078000020E2
:1062000094000020A40000209000002020820120A3
:1062100004ED00E010B501F0DBF910480068D0B9DA
:106220000F4801F09FF90F4801F09CF90C480E4906
:1062300008600C480D49086000221021052001F07B
:1062400045FF064908600846006820B108A10348D8
:10625000006801F0C9FA01F007FA10BDC80000207B
:106260000485012018850120C0000020C400002002
:10627000546D72510000000010B516E001F0A8F94D
:106280000C48C068C468201D01F02EF90A48006857
:10629000401E0949086009480068401E0749086017
:1062A00001F0E2F9204600F05FF804480068002899
:1062B000E4D110BDDC84012088000020840000208F
:1062C00070B504460D46206C70B1216CE068014445
:1062D000E160D4E90210884201D32168E1602846D8
:1062E000226CE168FAF77AF970BD2DE9F0410446B5
:1062F0000F4615464FF00008A66B206C48B9206881
:1063000000282CD1A06802F0DBFB80460020A060B2
:1063100025E07DB93946226C6068FAF75FF9216C97
:10632000606808446060D4E90101884217D320689E
:10633000606014E03946226CE068FAF74FF9216C8E
:10634000E068411AE1602168E068884203D2216C6C
:10635000A068411AE160022D01D106B1761E701CC1
:10636000A0634046BDE8F08110B50446206B01F003
:10637000BBF9204601F0B8F910BD01464A6A22B1C6
:106380000A6B1268C2F1200000E000207047000094
:106390000146084A126812680AB9012200E0002288
:1063A0000A600A6822B9034A1268D268106800E0DD
:1063B00000207047C000002030B54FF4205317482C
:1063C00000F007042CB1C01D20F00700134C041B83
:1063D0001B1B0246124C22600024114D6C60D01829
:1063E000083820F007000F4C206000240D4D2D6868
:1063F0006C600C4D2D682C601146441A4C60094CA1
:1064000024680C60084D4C682C60084D4C682C606A
:106410004FF00044064D2C6030BD00002C8501205B
:10642000D4000020DC000020E4000020E000002078
:10643000F000002000BFFFF71FFF0648006801289A
:10644000F9D94FF0805004490860BFF34F8FBFF374
:106450006F8FF0E72082012004ED00E02DE9F0418C
:1064600006460D4617469846069C0DB9246000E086
:106470002760E66325640121204601F06FFE84F861
:1064800050800020A064BDE8F08100002DE9F05F9D
:1064900082460F4690469B460A9E0C9C4FEA880116
:1064A000A522206BFAF7DFF8A8F10100216B01EBC0
:1064B000800929F0070909F0070008B9012000E068
:1064C000002028B94FF4587225A12EA0F9F7B4FF87
:1064D00087B1002507E0795D04F134004155785D0E
:1064E00000B902E06D1C102DF5D300BF0021432040
:1064F000015502E0002084F83400202E01D2012052
:1065000000E0002028B940F2973215A11DA0F9F74C
:1065100093FF202E00D31F26E662E664002020654C
:10652000201D01F02CF804F1180001F028F8246176
:10653000C6F12000A061646200206065A06584F857
:106540005C0084F85D005A465146484600F01AFC4B
:1065500020600B9808B10B980460BDE8F09F000024
:106560002E2E5C2E2E5C4D6964646C6577617265BD
:10657000735C4672656552544F535C7461736B7300
:106580002E6300004572726F723A2025732C20250D
:10659000640D0A0010B5002407E004EB84010F4AE3
:1065A00002EB810000F0DEFF641C202CF5D30C48C8
:1065B00000F0D8FF0B4800F0D5FF0B4800F0D2FFE9
:1065C0000A4800F0CFFF0A4800F0CCFF0448094910
:1065D000086004480849086010BD000020820120BE
:1065E000A0840120B4840120C8840120DC8401201F
:1065F000F08401207C0000208000002010B50146BE
:10660000164800E0006803688B42FBD302464368EB
:1066100013448B4204D143684C68234443600146D1
:106620000A464B6813440468A34211D10C4C03681A
:106630002468A34208D04B680468646823444B6014
:1066400003681B680B6005E0054B1B680B6001E0ED
:1066500003680B60884200D0016010BDD4000020A8
:10666000DC0000202DE9F04104460D4616461F4689
:106670004FF0000865602461B5420CD8F01BA16999
:10668000884202D34FF0010811E0211D094800683B
:1066900000F078FF0BE0BE4204D2BD4202D34FF0BF
:1066A000010804E0211D0448006800F06BFF40462B
:1066B000BDE8F081C4000020C000002070B5054690
:1066C00000F086FFA86B08B9012400E0002400F068
:1066D000CBFF204670BD70B5054600F079FFA86B72
:1066E000E96B884201D1012400E0002400F0BCFFE6
:1066F000204670BDF1B50098846C00262CB940F698
:10670000D53220A128A0F9F797FEA06BE16B884253
:1067100001D2012000E0002028B940F6D63219A1AC
:1067200021A0F9F789FEA06BE16B884227D294F98A
:106730004550002269462046FFF7D7FD0646681CF3
:1067400060B9606A08B9012000E00020B0B904F126
:10675000240002F0B3FA88B101260FE07F2D01D0AA
:10676000012000E0002028B940F6F63205A10EA075
:10677000F9F762FE681C40B284F8450000BF30465D
:10678000F8BD00002E2E5C2E2E5C4D6964646C6595
:1067900077617265735C4672656552544F535C71E4
:1067A000756575652E6300004572726F723A20251B
:1067B000732C2025640D0A0070B505460E460E4860
:1067C0000068C068C468201D00F08EFE94F82800A0
:1067D00000F0040028B132462946204600F0FEF8B9
:1067E00005E094F8280000F0FE0084F82800204618
:1067F000216A884770BD0000C000002070B586B0D7
:106800008AE0029800280CDA03AE2EB940F2063274
:1068100047A150A0F9F710FED6E90020B1689047D3
:1068200000BF0298002877DB049C606908B901204A
:1068300000E0002010B9201D00F056FE01A800F075
:10684000F9F8054602980A2864D2DFE800F06305EB
:10685000072E365306082F3700BF00BF00BF94F83D
:10686000280040F0010084F828000398A2698118EC
:1068700003462A462046FFF7F5FEA8B194F8280003
:1068800000F0040038B10398A26981182A46204616
:1068900000F0A4F805E094F8280000F0FE0084F869
:1068A00028002046216A884735E000BF94F8280078
:1068B00000F0FE0084F828002DE000BF94F82800C6
:1068C00040F0010084F828000398A061A06908B195
:1068D000012000E0002028B940F2593214A11DA087
:1068E000F9F7AAFDA06941192B462A462046FFF771
:1068F000B9FE10E094F8280000F0020018B9204614
:1069000000F0F2FE05E094F8280000F0FE0084F8A4
:10691000280000E000BF00BF002202A91148006863
:1069200001F08CFD00287FF46CAF06B070BD000054
:106930002E2E5C2E2E5C4D6964646C6577617265E9
:10694000735C4672656552544F535C74696D657231
:10695000732E63004572726F723A2025732C2025C6
:10696000640D0A00C8000020F8B505460C4601F089
:1069700005FA684600F05EF80646009820BB44B968
:10698000B54206D802F040FA31462846FFF714FF18
:106990001CE03CB10E480068006808B9012000E026
:1069A00000200446A91B22460A48006800F062FF46
:1069B00002F02AFA50B94FF0805007490860BFF33F
:1069C0004F8FBFF36F8F01E002F01EFAF8BD000099
:1069D000C4000020C800002004ED00E070B50446AB
:1069E0000D46164604E0A06905442046216A884702
:1069F000A06941192B4632462046FFF733FE002896
:106A0000F1D170BD09480068006808B9012000E0B4
:106A1000002020B14FF0FF300549086005E0034831
:106A20000068C06800680249086070477C00002068
:106A3000A800002070B5044601F048FF054607484D
:106A40000068854204D200F00BF80120206001E0CC
:106A50000020206001480560284670BDD00000205D
:106A600070B508E00D480068C06804684FF0FF3159
:106A70002046FFF7A1FE09480068006808B9012018
:106A800000E000200028EDD00448056804480068B4
:106A9000024908600248056070BD0000C000002087
:106AA000C40000200B480068401C08B9012000E029
:106AB000002020B9E92208A116A0F9F7BDFC00BF0B
:106AC000502080F31188BFF34F8FBFF36F8F00BF4B
:106AD00000BFFEE7F40000202E2E5C2E2E5C4D69D8
:106AE00064646C6577617265735C46726565525467
:106AF0004F535C706F727461626C655C52564453A4
:106B00005C41524D5F434D34465C706F72742E632E
:106B1000000000004572726F723A2025732C202508
:106B2000640D0A0008B500BF6846FFF731FC044653
:106B300020460099FFF718FFFFF760FEF4E770B5F5
:106B4000044600F045FD94F9455019E0A06C30B1C1
:106B50002046FFF7CFFD88B100F092FF0EE0606A9B
:106B600008B9012000E0002038B904F1240002F047
:106B7000A5F818B100F084FF00E003E0681E45B2FC
:106B8000002DE3DC00BFFF2084F8450000F06CFD21
:106B900000F01EFD94F9445010E0206908B901206E
:106BA00000E0002048B904F1100002F087F808B1B5
:106BB00000F066FF681E45B200E001E0002DECDC4D
:106BC00000BFFF2084F8440000F04EFD70BD0000BF
:106BD0002DE9F04104464FF0000801F0CFF8494894
:106BE000006808B9FFF7E8FB474800682040002824
:106BF00075D1002C23D004F10800A0421FD908341D
:106C000004F0070000281BD004F00700C0F10800C2
:106C10002044A04211D904F00700C0F10800044448
:106C200004F0070008B9012000E0002040B99C22D0
:106C300036A144A0F9F700FC02E0002400E00024A3
:106C4000002C4CD043480068844248D8424E30461D
:106C5000056801E02E462D686868A04202D22868C7
:106C60000028F7D127480068854238D0306800F105
:106C70000808286830606868001B102813D92F198D
:106C800007F0070008B9012000E0002020B9CF225A
:106C90001EA12CA0F9F7D0FB6868001B78606C601F
:106CA0003846FFF7ABFC2B4968680968081A294980
:106CB00008600846006829490968884203D22548C7
:106CC00000682649086010496868096808436860D8
:106CD0000020286022480068401C2149086002F01A
:106CE00093F808F0070008B9012000E0002028B957
:106CF0004FF4887205A113A0F9F79EFB4046BDE84A
:106D0000F0810000DC000020F00000202E2E5C2E20
:106D10002E5C4D6964646C6577617265735C467264
:106D2000656552544F535C706F727461626C655C40
:106D30004D656D4D616E675C686561705F342E6393
:106D4000000000004572726F723A2025732C2025D6
:106D5000640D0A00E0000020D4000020E4000020C0
:106D6000E80000200648006830B10549096801F1D3
:106D70005000096D491C016001480068704700001F
:106D800078000020001F4FF080730360001F21F087
:106D900001030360001F054B036014380260001FED
:106DA0006FF002030360203870470000A56A0008F6
:106DB00000B58DB0FBF7AAFB00BF00BF002000901C
:106DC0007148006840F040006F490860084600685C
:106DD00000F04000009000BF00BF00BF00BF00BF38
:106DE000002000900846006840F00800086008464F
:106DF000006800F00800009000BF00BF00BF00BFA7
:106E000000BF002000900846006840F008000860BD
:106E10000846006800F00800009000BF00BF00BFF7
:106E200000BF0020009058480830006840F0010082
:106E30005549083108600846006800F001000090DC
:106E400000BF00BF00BF002000904F48006840F026
:106E500008004D4908600846006800F008000090EE
:106E600000BF00BF00BF002000900846006840F04F
:106E7000100008600846006800F01000009000BF95
:106E800000BF00BF002000900846006840F02000CE
:106E900008600846006800F02000009000BF00BFB6
:106EA00000BF002000900846006840F040000860E5
:106EB0000846006800F04000009000BF00BF0815C1
:106EC00008900220099001200A9002200B900C20CB
:106ED0000C9008A92D48F9F70BFE2020089008A96E
:106EE0002B48F9F705FE1020089008A92848F9F763
:106EF000FFFD4FF6037008900220099001200A90D0
:106F000002200B9008A92248F9F7F2FD4FF6837092
:106F1000089008A91F48F9F7EBFD4FF23F000890D1
:106F200008A91D48F9F7E4FD3F20089008A9174873
:106F3000F9F7DEFD4FF02040184908601848486016
:106F40000420886000211548C16001611021416161
:106F500000218161C16141624FF480518162002151
:106F6000C1620163416381630020019002900620A9
:106F7000039000200490079001AA01A90748FAF79E
:106F80000FFB0DB000BD0000303802400018024079
:106F9000000C024000100240001402407802002061
:106FA000040100A01CB52048006840F078001E498C
:106FB00008600120032100230246CDE900104EF2B3
:106FC00033011A48FAF79AFF0120032100230246F1
:106FD000CDE900104EF22F011548FAF78FFF01207E
:106FE000032100230246CDE9001040F2334111484D
:106FF000FAF784FF0120032100230246CDE90010A7
:107000004FF4F0610C48FAF779FF01200B49086052
:107010000B49C1F8A8020949091F08600020084966
:10702000C1F880021CBD000030380240000C024054
:1070300000140240001802400010024094824142B5
:10704000000043422DE9FC410446002500260027AC
:10705000FFF7A8FF00206B49086001F0E5FF00BFC3
:1070600010E0002067490860674931F81500FBF718
:1070700083FA01F0D9FF01206449C1F8940201F0BC
:10708000D3FF6D1C052DECDB012061490860002059
:107090005E49C1F89402200AFBF7C0FA01F0C4FF70
:1070A00001205849086001F0BFFF00205749C1F88E
:1070B0009402E0B2FBF7B2FA01F0B6FF01205149A9
:1070C000086001F0B1FF00205049C1F89402514816
:1070D000006840F078004F49086001200321034612
:1070E0000022CDE900104FF4F0614B48FAF706FF9B
:1070F0000120032103460022CDE900104CF20301D8
:107100004648FAF7FBFE00203E49091F0860091DAA
:10711000086001F089FF01203C49C1F8940201F0A8
:1071200083FF38485C3800683849D1F83C1240EA9F
:1071300041003649D1F8001240EA81003349D1F8C4
:10714000041240EAC1003649D1F81C1240EA01108D
:107150003349D1F8201240EA41103149D1F82412C4
:1071600040EA81102E49D1F8281240EAC110C6B277
:1071700001F05AFF00202349086001F055FF01206B
:107180002249C1F8940201F04FFF1E485C380068A4
:107190001E49D1F83C1240EA41001C49D1F80012C6
:1071A00040EA81001949D1F8041240EAC1001C49A3
:1071B000D1F81C1240EA01101949D1F8201240EA16
:1071C00041101749D1F8241240EA81101449D1F82E
:1071D000281240EAC110C7B201F026FF00200C4976
:1071E00028310860012007490860091F086001F084
:1071F0001BFF012006492831086047EA0620BDE848
:10720000FC81000094824142000100200080414244
:10721000800243423038024000100240000C02401D
:107220000000424270B504460D460026FFF7BAFE44
:1072300001F0FAFE00BF10E000202F4908602F493E
:1072400031F81600FBF798F901F0EEFE01202C4909
:10725000C1F8940201F0E8FE761C052EECDB01205B
:107260002849086000202649C1F89402802141EA9B
:107270001420FBF7D3F901F0D7FE01201E49086066
:1072800001F0D2FE00201E49C1F89402E0B2FBF7E3
:10729000C5F901F0C9FE01201749086001F0C4FEDC
:1072A00000201749C1F89402280AFBF7B7F901F04A
:1072B000BBFE01201049086001F0B6FE0020104915
:1072C000C1F89402E8B2FBF7A9F901F0ADFE012084
:1072D0000949086001F0A8FE00200A492831086029
:1072E000012005490860091F086001F09DFE01208A
:1072F00004492831086070BD948241420001002099
:1073000000804142800243421CB5044600F060F90F
:107310000D48022100238022CDE900100BA10D4869
:1073200001F094FA0C48032100238022CDE90010DB
:107330000AA10C4801F08AFA0B48006800F002FB31
:1073400000F092F91CBD0000080000207461736B0E
:1073500031000000397400080C0000207461736B68
:107360003200000065740008040000202DE9F0419F
:1073700092B080460C4615461E46002700BF0020EE
:1073800000902A48006840F080502849086008466C
:10739000006800F08050009000BF00BF00BF0020D8
:1073A00000902348006840F4804021490860084666
:1073B000006800F48040009000BF00BF01200190F1
:1073C000000402900220079041050891CDF8288022
:1073D00009940B950C9601A8F9F794FE07461FB186
:1073E000012012B0BDE8F0810F200D9002200E9018
:1073F00000200F904FF4A05010904FF48050119047
:1074000004210DA8F9F73EFD07460FB10120E8E77A
:10741000F9F77EFC41F20101884205D10548006878
:1074200040F48070034908600020DAE740380240E9
:1074300000700040003C0240002400BF0FE000202C
:10744000FBF770FA0446012C06D100231A461946B0
:107450000348006800F000FF0A2000F031FAEEE770
:1074600010000020002415E04FF0FF310A480068AA
:1074700001F0A4F80446012C08D10748006800F088
:1074800047F80546294605A0F8F7D6FF4FF47A706D
:1074900000F016FAE8E7000010000020B5B1C7B010
:1074A000BCC6CAFDC1BFCEAAA3BA25640D0A00009E
:1074B00010B5044609480A4908600846446000219E
:1074C0008160C160016181610C214161FAF700FCBA
:1074D000012204490248FAF79BFC10BD001001404C
:1074E000D40100203600002001460A69D1E90130AC
:1074F0009860D1E9010358605068884201D18868DA
:107500005060002008611068401E106010687047CD
:1075100070B504462CB940F2E37205A10DA0F8F74E
:107520008BFF00F055F8A56B00F09EF8284670BD63
:107530002E2E5C2E2E5C4D6964646C6577617265DD
:10754000735C4672656552544F535C717565756521
:107550002E6300004572726F723A2025732C20252D
:10756000640D0A0000F1080141604FF0FF318160B5
:1075700000F10801C1600161002101607047002134
:107580000161704710B502460B685C1C0CB91069AC
:1075900007E002F1080000E04068446824689C426B
:1075A000FAD944684C604C68A160886041600A6107
:1075B0001468641C146010BD42684A6093688B6054
:1075C000936859609160086103685B1C03607047B1
:1075D00010B500BF502080F31188BFF34F8FBFF369
:1075E0006F8F00BF0B480068401C0A4908600846BE
:1075F000006801280DD108480068C0B208B9012010
:1076000000E0002028B94FF4DB7204A112A0F8F7C3
:1076100013FF10BDF400002004ED00E02E2E5C2EC0
:107620002E5C4D6964646C6577617265735C46724B
:10763000656552544F535C706F727461626C655C27
:10764000525644535C41524D5F434D34465C706F1B
:1076500072742E63000000004572726F723A20252A
:10766000732C2025640D0A0010B50B48006828B95A
:1076700040F2BD1209A118A0F8F7DEFE0648006826
:10768000401E054908600846006820B9002080F3C4
:10769000118800BF00BF10BDF40000202E2E5C2E0C
:1076A0002E5C4D6964646C6577617265735C4672CB
:1076B000656552544F535C706F727461626C655CA7
:1076C000525644535C41524D5F434D34465C706F9B
:1076D00072742E63000000004572726F723A2025AA
:1076E000732C2025640D0A0070B506463546002E21
:1076F0003AD0083D2C461D4960680968084008B129
:10770000012000E0002028B94FF4927218A126A0B1
:10771000F8F792FE206808B9012000E0002028B99F
:1077200040F2251212A120A0F8F786FE0F496068EA
:1077300009680840C0B12068B0B90C4960680968A0
:107740008843606000F01AFB1B49606809680844C0
:10775000194908602046FEF751FF18480068401C90
:107760001649086001F050FB70BD0000F0000020D9
:107770002E2E5C2E2E5C4D6964646C65776172659B
:10778000735C4672656552544F535C706F727461DE
:10779000626C655C4D656D4D616E675C68656170BE
:1077A0005F342E63000000004572726F723A20252C
:1077B000732C2025640D0A00E0000020EC0000205E
:1077C00000204FF0E02108618861064800684FF40E
:1077D0007A71B0FBF1F0401E4FF0E02148610720C4
:1077E00008617047000000202DE9F04106460F4671
:1077F0002EB940F6C82211A119A0F8F71DFE0025E8
:10780000BFB1002412E01A4800EBC4004068B04247
:1078100003D1174800EBC4050AE035B9144850F805
:10782000340010B9124800EBC405641C082CEAD3DC
:1078300000BF0DB12F606E60BDE8F0812E2E5C2E72
:107840002E5C4D6964646C6577617265735C467229
:10785000656552544F535C71756575652E63000004
:107860004572726F723A2025732C2025640D0A0030
:10787000E08101202DE9F04105460E4617462C46D1
:10788000FFF7A6FE94F94400401C10B9002084F8CC
:10789000440094F94500401C10B9002084F84500CC
:1078A000FFF7E2FEA06B28B93A46314604F1240006
:1078B00000F01EF92046FFF742F9BDE8F081000014
:1078C00070B504460025ACB10F48006808B9012026
:1078D00000E0002028B940F249520CA114A0F8F7AA
:1078E000ABFD00F04BFA00212046FEF7B7FB01F09C
:1078F0008BFA05463DB94FF0805011490860BFF33F
:107900004F8FBFF36F8F70BDB40000202E2E5C2E02
:107910002E5C4D6964646C6577617265735C467258
:10792000656552544F535C7461736B732E63000032
:107930004572726F723A2025732C2025640D0A005F
:1079400004ED00E070B50546FFF742FE15B92F487B
:10795000006800E028460446201DFFF7C5FD78B901
:10796000E06A00EB80002A4951F8200040B994F801
:107970002C1001208840274909688143254801606F
:10798000A06A18B104F11800FFF7AEFD22480068A4
:10799000401C214908601D480068844209D1211D0E
:1079A0001E48FFF709FE1E480068401C1C4908607D
:1079B00006E01C480068401E1A490860FFF722F8DC
:1079C000FFF752FE11480068844202D02046FEF7BD
:1079D000CBFC15480068C0B10C480068844214D143
:1079E0001248006808B9012000E0002028B940F2E0
:1079F000DC420FA117A0F8F71FFD4FF08050194986
:107A00000860BFF34F8FBFF36F8F70BD7800002009
:107A10002082012090000020A4000020DC840120AE
:107A2000840000208800002094000020B400002082
:107A30002E2E5C2E2E5C4D6964646C6577617265D8
:107A4000735C4672656552544F535C7461736B731B
:107A50002E6300004572726F723A2025732C202528
:107A6000640D0A0004ED00E0034909680160034960
:107A70000968416070470000A00000208C000020D1
:107A800001200149086070479C00002070B5044641
:107A90000D462CB940F61C4207A110A0F8F7CCFC0B
:107AA0001248016818312046FFF76CFD0121284675
:107AB000FEF7D4FA70BD00002E2E5C2E2E5C4D69B0
:107AC00064646C6577617265735C46726565525477
:107AD0004F535C7461736B732E6300004572726F59
:107AE000723A2025732C2025640D0A0078000020AE
:107AF00070B504460E4615462CB940F6524211A107
:107B000019A0F8F799FC60681B490968C8611A490F
:107B1000826809680A6218490968183182685160E8
:107B20001549096818318160134909688C62216818
:107B3000491C21600DB14FF0FF3629463046FEF753
:107B40008DFA70BD2E2E5C2E2E5C4D6964646C65C2
:107B500077617265735C4672656552544F535C740D
:107B600061736B732E6300004572726F723A202549
:107B7000732C2025640D0A00780000202DE9F047C1
:107B800006460F4634464FF00109002E70D0206D96
:107B900028B941F29F0237A13FA0F8F74DFCE06CF5
:107BA000B84201D23D4600E0E56CE06AA8425FD0F1
:107BB000206D01285CD13C480068844201D001203E
:107BC00000E0002028B941F2BA022AA132A0F8F759
:107BD00033FCD4F82C80E562A06900F0004010B9B5
:107BE000C5F12000A06108EB8801304A02EB810159
:107BF0006069884201D1012000E00020C0B3201D4F
:107C0000FFF772FC40B994F82C10012088402849F5
:107C1000096881432648016094F82C1001208840AF
:107C200023490968084322490860E16A01EB8101A0
:107C30001E4A02EB81014868A0608268E260211D53
:107C4000826851608160E16A01EB8101174A02EBB1
:107C500081026261E16A01EB8101144A52F821104C
:107C6000491CE26A02EB8202104B43F8221000BF6B
:107C7000BDE8F0872E2E5C2E2E5C4D6964646C6529
:107C800077617265735C4672656552544F535C74DC
:107C900061736B732E6300004572726F723A202518
:107CA000732C2025640D0A0078000020208201201A
:107CB000900000201CB51C4800210B468022CDE915
:107CC00000101AA11B4800F0C1FD0446012C02D18E
:107CD00001F06AF90446012C17D100BF502080F34F
:107CE0001188BFF34F8FBFF36F8F00BF4FF0FF308E
:107CF00011490860012011490860002010490860FE
:107D0000F8F70AFE00F0BEF80BE0601C08B1012095
:107D100000E0002028B94FF404620AA112A0F8F78D
:107D20008BFB154800681CBDAC00002049444C4545
:107D30000000000035640008A80000209400002026
:107D40008C0000202E2E5C2E2E5C4D6964646C65C8
:107D500077617265735C4672656552544F535C740B
:107D600061736B732E6300004572726F723A202547
:107D7000732C2025640D0A00B00000200248006822
:107D8000401C014908607047B400002010B5284825
:107D9000006818B101202749086047E00020254904
:107DA000086025480068254908600846006824499D
:107DB000096888420BD92349096801F15400496DCB
:107DC0001E4A12681E4B1B68D21A114401601B48E0
:107DD00000681B4908601C480068B0FA80F0C0F1D8
:107DE0001F0404EB8400194951F8200008B1012058
:107DF00000E0002028B940F6024215A11DA0F8F7C6
:107E00001BFB04EB8401114A02EB810041684968C5
:107E1000416000F1080142688A4202D14168496824
:107E200041604168C968074A116000BF10BD000089
:107E3000B40000209C00002050000020BC00002066
:107E4000B80000207800002090000020208201204F
:107E50002E2E5C2E2E5C4D6964646C6577617265B4
:107E6000735C4672656552544F535C7461736B73F7
:107E70002E6300004572726F723A2025732C202504
:107E8000640D0A001CB5504800685049884201D072
:107E9000012000E0002028B940F243124CA15BA071
:107EA000F8F7CAFA484800684849491E884201D094
:107EB000012000E0002028B94FF4A27244A153A091
:107EC000F8F7BAFA554C204600780190FF20214679
:107ED00008700846007800909DF8000000F0F0005F
:107EE0009DF80010884201D1012000E0002028B94F
:107EF00040F25D1236A145A0F8F79EFA9DF8000009
:107F000000F050004649087007204649086009E023
:107F100044480068401E434908609DF80000400640
:107F2000000E00909DF8000000F080008028EFD047
:107F30003C480068C0F10700042801D1012000E09E
:107F4000002028B940F2711221A130A0F8F774FA8C
:107F500034480068C0F10700042801D1012000E086
:107F6000002028B94FF4BD7219A128A0F8F764FACF
:107F70002C48006800022B4908600846008800F47D
:107F8000E06008602549019808700F4820300068BB
:107F900040F470000C49203108600846006840F049
:107FA00070400860FFF70CFC00201F490860F8F7DC
:107FB00069F91E48006840F040401C490860F8F725
:107FC0004DF900201CBD000000ED00E071C20F4122
:107FD0002E2E5C2E2E5C4D6964646C657761726533
:107FE000735C4672656552544F535C706F72746176
:107FF000626C655C525644535C41524D5F434D3454
:10800000465C706F72742E63000000004572726FE0
:10801000723A2025732C2025640D0A0000E400E04C
:10802000F8000020FC000020F400002034EF00E005
:1080300010B500BF502080F31188BFF34F8FBFF3FE
:108040006F8F00BF00F048FC18B14FF0805004491A
:10805000086000BF002080F3118800BF10BD000041
:1080600004ED00E070B505460E46002455B1AE4261
:1080700008D802220021284600F028F8044644B11E
:10808000A66306E02CB940F21B3203A10BA0F8F75F
:10809000D3F9204670BD00002E2E5C2E2E5C4D695B
:1080A00064646C6577617265735C46726565525491
:1080B0004F535C71756575652E6300004572726F74
:1080C000723A2025732C2025640D0A002DE9F8430F
:1080D00005460E4617460024E5B1601EB0FBF5F0DC
:1080E000B04217D305FB06F010F1550F12D805FB6F
:1080F00006F909F15400FEF76BFD04468CB1A04669
:1081000008F154083B464246314628460094FEF7A3
:10811000A5F906E02CB94FF4E37203A10BA0F8F720
:108120008BF92046BDE8F8832E2E5C2E2E5C4D691F
:1081300064646C6577617265735C46726565525400
:108140004F535C71756575652E6300004572726FE3
:10815000723A2025732C2025640D0A002DE9F04188
:1081600005460E4601272C462CB94FF488722CA1E7
:1081700034A0F8F761F9002C42D0E06B00283FD022
:108180004FF0FF31E06BB1FBF0F0216C884237D348
:10819000FFF71EFAD4E90F12206801FB0200A0606D
:1081A0000020A06320686060E06B401E226C2168A4
:1081B00000FB0211E160FF2084F8440084F84500D0
:1081C0009EB9206908B9012000E00020A8B904F197
:1081D000100000F073FD80B14FF080501D49086021
:1081E000BFF34F8FBFF36F8F07E004F11000FFF76D
:1081F000B9F904F12400FFF7B5F9FFF735FA00E00B
:1082000000270FB1012000E0002028B940F24512FC
:1082100003A10CA0F8F710F93846BDE8F081000082
:108220002E2E5C2E2E5C4D6964646C6577617265E0
:10823000735C4672656552544F535C717565756524
:108240002E6300004572726F723A2025732C202530
:10825000640D0A0004ED00E02DE9FF4782B00646F8
:1082600088461D464FF0000934462CB940F22E32A4
:1082700064A16DA0F8F7E0F8B8F1000F01D1206C0F
:1082800008B9012000E0002028B940F22F325DA19A
:1082900065A0F8F7D1F8022D02D1E06B012801D1D9
:1082A000012000E0002028B94FF44C7255A15EA0D7
:1082B000F8F7C2F800F0FAFA08B9049808B90120F2
:1082C00000E0002028B940F233324EA156A0F8F762
:1082D000B3F800BFFFF77CF9A06BE16B884201D3D4
:1082E000022D3ED1D4F838A02A4641462046FDF75B
:1082F000FCFF0746A06C88B1022D02D1BAF1000F35
:1083000029D12046FEF7F6F928B34FF080504A49AC
:108310000860BFF34F8FBFF36F8F1CE0606A08B92E
:10832000012000E0002068B904F1240000F0C6FC40
:1083300088B14FF0805040490860BFF34F8FBFF3C2
:108340006F8F08E03FB14FF080503B490860BFF3AA
:108350004F8FBFF36F8FFFF787F9012006B0BDE89D
:10836000F087049818B9FFF77FF90020F6E7B9F114
:10837000000F04D16846FFF777FB4FF00109FFF7C4
:1083800073F9FFF7FBFCFFF723F994F94400401C55
:1083900010B9002084F8440094F94500401C10B93D
:1083A000002084F84500FFF75FF904A9684600F053
:1083B000E7F9F8B92046FEF78EF9A8B104F11000EC
:1083C0000499FFF763FB2046FEF7B9FB00F01CFDA4
:1083D00000287FF47FAF4FF0805017490860BFF34B
:1083E0004F8FBFF36F8F75E72046FEF7A8FB00F0B5
:1083F0000BFD6FE72046FEF7A2FB00F005FD002015
:10840000ACE700002E2E5C2E2E5C4D6964646C651A
:1084100077617265735C4672656552544F535C7147
:10842000756575652E6300004572726F723A20257E
:10843000732C2025640D0A0004ED00E02DE9F741BE
:1084400083B005460E464FF000082C462CB940F28A
:1084500051524CA154A0F7F7EFFF0EB9206C08B9A8
:10846000012000E0002028B940F2555245A14EA05D
:10847000F7F7E2FF00F01AFA08B9059808B90120E9
:1084800000E0002028B940F25A523EA146A0F7F77A
:10849000D3FF00BFFFF79CF8A76BF7B1314620462A
:1084A000FDF70EFF781EA063206908B9012000E0E7
:1084B000002060B904F1100000F000FC38B14FF06A
:1084C00080503D490860BFF34F8FBFF36F8FFFF7B8
:1084D000CBF8012006B0BDE8F081059818B9FFF788
:1084E000C3F80020F6E7B8F1000F04D101A8FFF7A8
:1084F000BBFA4FF00108FFF7B7F8FFF73FFCFFF7B3
:1085000067F894F94400401C10B9002084F8440036
:1085100094F94500401C10B9002084F84500FFF78D
:10852000A3F805A901A800F02BF9F0B92046FEF741
:10853000C5F8A0B104F124000599FFF7A7FA204679
:10854000FEF7FDFA00F060FC0028A3D14FF0805048
:1085500019490860BFF34F8FBFF36F8F9AE720462A
:10856000FEF7EDFA00F050FC94E72046FEF7E7FA3C
:1085700000F04AFC2046FEF7A1F800288AD000202F
:10858000A8E700002E2E5C2E2E5C4D6964646C659D
:1085900077617265735C4672656552544F535C71C6
:1085A000756575652E6300004572726F723A2025FD
:1085B000732C2025640D0A0004ED00E02DE9F34141
:1085C00082B005464FF000082C4600262CB940F238
:1085D000E3525DA165A0F7F72FFF206C08B90120D9
:1085E00000E0002028B940F2E75257A15FA0F7F75A
:1085F00023FF00F05BF908B9039808B9012000E0F7
:10860000002028B940F2EC524FA158A0F7F714FF10
:1086100000BFFEF7DDFFA76BFFB1781EA0632068E7
:1086200010B9FEF79FFBA060206908B9012000E0A7
:10863000002060B904F1100000F040FB38B14FF0A9
:1086400080504E490860BFF34F8FBFF36F8FFFF725
:108650000BF8012004B0BDE8F081039870B90EB9A1
:10866000012000E0002028B940F2326236A13FA08C
:10867000F7F7E2FEFEF7F8FF0020EBE7B8F1000F96
:1086800004D16846FFF7F0F94FF00108FEF7ECFF60
:10869000FFF774FBFEF79CFF94F94400401C10B9EF
:1086A000002084F8440094F94500401C10B90020D3
:1086B00084F84500FEF7D8FF03A9684600F060F88B
:1086C00040BB2046FDF7FAFFF0B1206838B9FEF74D
:1086D0007FFFA06800F07CFA0646FEF7C5FF04F1B4
:1086E00024000399FFF7D2F92046FEF728FA00F09C
:1086F0008BFB00288DD14FF0805020490860BFF3DC
:108700004F8FBFF36F8F84E72046FEF718FA00F013
:108710007BFB7EE72046FEF712FA00F075FB204651
:10872000FDF7CCFF0028EED05EB1FEF751FF2046EA
:10873000FDF723FE07463946A068FFF71FFAFEF74C
:1087400093FF002086E700002E2E5C2E2E5C4D69E4
:1087500064646C6577617265735C467265655254DA
:108760004F535C71756575652E6300004572726FBD
:10877000723A2025732C2025640D0A0004ED00E0D8
:1087800070B506460C462EB940F6FD421FA128A042
:10879000F7F752FE2CB940F6FE421CA124A0F7F7D1
:1087A0004BFEFEF715FF264802687068131A25482D
:1087B000006890F85D0030B100202249096881F816
:1087C0005D0001251EE02068401C08B9002519E065
:1087D0001D4930680968884206D07068904203D805
:1087E0000125002020600DE02068984207D920680C
:1087F000C01A20603046FFF737F9002502E000205C
:1088000020600125FEF730FF284670BD2E2E5C2E1D
:108810002E5C4D6964646C6577617265735C467249
:10882000656552544F535C7461736B732E63000023
:108830004572726F723A2025732C2025640D0A0050
:108840008C00002078000020A00000202DE9FF4FC0
:1088500085B0804689461746DDE912ABB800FEF7C1
:10886000B7F9064656B16020FEF7B2F904460CB1DE
:10887000266304E03046FEF737FF00E000247CB1B9
:108880000020CDE900ABCDE902403A4649464046DA
:10889000089BFDF7FBFD2046FDF746FC012501E0A6
:1088A0004FF0FF35284609B0BDE8F08F054909684B
:1088B00009B9012005E00449096809B9022000E06E
:1088C0000020704794000020B4000020014908688F
:1088D000704700008C0000202DE9F0414FF00008A7
:1088E0005F48006800287DD15E480068451C5D48EF
:1088F0000560002D1DD15C480068006808B90120A2
:1089000000E0002028B940F6C72258A160A0F7F780
:1089100093FD5548076862480068534908606048FD
:10892000076060480068401C5E490860FEF76AF80E
:1089300000BF5D480068854277D300BF4A480068A1
:10894000006808B9012000E0002020B14FF0FF309E
:108950005549086068E044480068C068C4686668B3
:10896000B54202D2504806605EE06069D4E9021266
:108970008A60D4E902214A60211D42688A4201D1FD
:10898000E1684160002262610168491E0160A06ADD
:1089900098B1A06AD4E907128A60D4E907214A6035
:1089A00004F1180142688A4201D1216A4160002223
:1089B000A2620168491E016000BF94F82C100120DA
:1089C00088403A490968084338490860E16A01EB80
:1089D0008101374A02EB81014868A0608268E26049
:1089E000211D00E033E0826851608160E16A01EBA3
:1089F00081012F4A02EB81026261E16A01EB810190
:108A00002B4A52F82110491CE26A02EB8202284BE1
:108A100043F822102749E06A0968C96A88428DD361
:108A20004FF001088AE700E000BF22480068C06AF2
:108A300000EB80001E4951F82000012801D94FF0B9
:108A400001081D48006808B14FF0010804E01B4808
:108A50000068401C194908604046BDE8F0810000EC
:108A6000B40000208C0000207C0000202E2E5C2E04
:108A70002E5C4D6964646C6577617265735C4672E7
:108A8000656552544F535C7461736B732E630000C1
:108A90004572726F723A2025732C2025640D0A00EE
:108AA00080000020A0000020A800002090000020EE
:108AB00020820120780000209C00002098000020E7
:108AC00070B505462C460026002D5ED03048006863
:108AD000844201D1012000E0002028B941F24F0278
:108AE0002CA135A0F7F7A8FC206D28B941F250025F
:108AF00028A131A0F7F7A0FC206D401E2065E16C95
:108B0000E06A884241D0206D00283ED1201DFEF74A
:108B1000EBFC40B994F82C10012088402A490968E0
:108B2000814329480160E06CE062E06AC0F1200006
:108B3000A06194F82C10012088402349096808435B
:108B400021490860E16A01EB8101204A02EB8101C1
:108B50004868A0608268E260211D8268516081607F
:108B6000E16A01EB8101194A02EB81026261E16A6B
:108B700001EB8101154A52F82110491CE26A02EB0F
:108B80008202124B43F822100126304670BD0000CD
:108B9000780000202E2E5C2E2E5C4D6964646C657E
:108BA00077617265735C4672656552544F535C74AD
:108BB00061736B732E6300004572726F723A2025E9
:108BC000732C2025640D0A009000002020820120D3
:108BD00070B505462C460026002D67D03449E06A62
:108BE0000968C96A88425AD2A06900F0004028B9D1
:108BF0002F480068C06AC0F12000A061E16A01EB63
:108C000081012C4A02EB81016069884201D1012077
:108C100000E00020E0B3201DFEF766FC40B994F8A8
:108C20002C100120884024490968814322480160B2
:108C30001F480068C06AE06294F82C100120884048
:108C40001D49096808431C490860E16A01EB81017C
:108C5000184A02EB81014868A0608268E260211D29
:108C6000826851608160E16A01EB8101114A02EB87
:108C700081026261E16A01EB81010E4A52F8211022
:108C8000491CE26A02EB82020A4B43F8221004E01C
:108C9000FFE707480068C06AE062012606E0044971
:108CA000E06C0968C96A884200D20126304670BD6E
:108CB00078000020208201209000002070B5064638
:108CC000F068C4682CB940F682423CA144A0F7F792
:108CD000B3FBA06AD4E907128A60D4E907214A608D
:108CE00004F1180142688A4201D1216A41600022E0
:108CF000A2620168491E01603D48006800283DD11C
:108D00006069D4E902128A60D4E902214A60211D17
:108D100042688A4201D1E1684160002262610168D3
:108D2000491E016094F82C100120884031490968DF
:108D3000084330490860E16A01EB81012E4A02EBE9
:108D400081014868A0608268E260211D82685160EC
:108D50008160E16A01EB8101274A02EB81026261D5
:108D6000E16A01EB8101244A52F82110491CE26AB0
:108D700002EB8202204B43F8221010E01F494868A2
:108D8000E0618268226204F11801826851608160AA
:108D90001A4AA26211460968491C116000BF1849AD
:108DA000E06A0968C96A884204D901250120154989
:108DB000086000E00025284670BD00002E2E5C2EC5
:108DC0002E5C4D6964646C6577617265735C467294
:108DD000656552544F535C7461736B732E6300006E
:108DE0004572726F723A2025732C2025640D0A009B
:108DF000B40000209000002020820120C8840120BF
:108E0000780000209C00002070B500240026504807
:108E1000006828B940F6B3024EA157A0F7F70CFB43
:108E2000FEF7D6FB4A480068401E494908600846DC
:108E3000006800287ED15448006800287AD05BE0A2
:108E40005248C068C468A06AD4E907128A60D4E9AD
:108E500007214A6004F1180142688A4201D1216A5F
:108E600041600022A2620168491E01606069D4E984
:108E700002128A60D4E902214A60211D42688A42B6
:108E800001D1E1684160002262610168491E016010
:108E900094F82C10012088403D49096808433C495A
:108EA0000860E16A01EB81013A4A02EB81014868FE
:108EB000A0608268E260211D826851608160E16A81
:108EC00001EB8101334A02EB81026261E16A01EB4D
:108ED0008101304A52F82110491CE26A02EB8202F9
:108EE0002C4B43F822102C49E06A0968C96A884271
:108EF00002D30120294908602448006808B90120EC
:108F000000E0002000289BD00CB1FDF77BFD244839
:108F1000056865B100BFFFF7DFFC10B101201F49F4
:108F200008606D1E002DF6D100201D4908601B4809
:108F3000006800E008E038B10126300719490860F0
:108F4000BFF34F8FBFF36F8FFEF78EFB304670BDC0
:108F5000B40000202E2E5C2E2E5C4D6964646C657E
:108F600077617265735C4672656552544F535C74E9
:108F700061736B732E6300004572726F723A202525
:108F8000732C2025640D0A0088000020C88401206D
:108F90009000002020820120780000209C0000200A
:108FA0009800002004ED00E01CB50024FDF732F924
:108FB0000B48006858B10B481F2100234FF4807202
:108FC000CDE9001008A10A48FFF740FC04462CB97F
:108FD00040F2191207A110A0F7F72EFA20461CBD87
:108FE000C8000020CC000020546D7220537663002E
:108FF000256B00082E2E5C2E2E5C4D6964646C651A
:1090000077617265735C4672656552544F535C7448
:10901000696D6572732E63004572726F723A202516
:10902000732C2025640D0A0044F2A01001E000BF5B
:10903000401E0028FBD170474FEA1153A3F580630F
:10904000D3F11E03A8BFD3F1200C08DB4FF0004280
:1090500042EAC12252EA505232FA03F07047094202
:109060000BD4102BC4BF0020704703F5787CBCF1F3
:10907000FF3F05D04FF0FF3070474FF000007047C2
:1090800070B500F0C3F800BF4992248000207047FB
:10909000F0E7B0FA80F310FA03F10AD0C3F11D0330
:1090A00003F580634FEA41504FEA035202EBD121AE
:1090B00070474FF000007047DFF848C170B51CEAF8
:1090C000111E1EBF1CEA13159EEA0C0F95EA0C0F29
:1090D00000F06F8081EA030423EA4C134EEAD47E49
:1090E00021EA4C1141F4801143F48013AE44A1FBFA
:1090F000024CA0FB0365AEF17F7E361955EB0C05E3
:10910000A1FB034C4CF10003A0FB021C16EB0C0668
:10911000654153F10003094218BF46F0010613F4FC
:10912000007F0BD14FEA03314FEA0530340341EAA7
:10913000155140EA16506FF003020AE04FEAC321CE
:109140004FEAC520F40241EA555140EA56506FF00B
:10915000020202EB2E4201EB025585EACE710AD0E3
:109160005FEA440C18BF24F0004450F1000041F1C4
:10917000000120EAD47040F2FE7C624500D270BD4E
:10918000A84214BF4FF080444FF04044002E08BF67
:109190000024BEF1806FA8BFA1F1C041BDE87040BE
:1091A00080F282804FF0000001F1C04101F00041E7
:1091B00070479EEA0C0F0CEA131518BF95EA0C0FC6
:1091C00006D04FF0000081EA030E0EF0004170BDA2
:1091D00000F01CF88900013E00F007B800F009B863
:1091E0004FEA430C5FEA5C5C08D081EA030100F0BF
:1091F0005BB84FEA410C5FEA5C5CF6D14FF00000CF
:10920000014970470000FF070000F87F0EF1020ED1
:109210002EF0030E5EF8046B364205D4012A43EBB0
:10922000030515F5001F12D8012841EB010C1CF5B0
:10923000001F0CD80ED14FEAD17C15F5001F0CEBA6
:109240004C0C0CF1020C08BF4CEBD37C04E04FF04B
:10925000080C01E04FEAD37C0CEB4C0526FA05F62E
:1092600006F00706B6F1040C06D20EEB860CBDE83C
:1092700070404CF0010C6047DFE80CF0090B020273
:109280004FF000414FF00000A1F5002170BD1946DC
:109290001046012851EB010418BFD4F5001484BF17
:1092A000002001F0004170BD0808A0F500114FEA50
:1092B000310170474FF04070E1EE100A7047000036
:1092C0000000000000000102030406070809000076
:1092D0000000010203040000000000000000000084
:1092E0000000000000003F400000000000000000FF
:1092F0003000400030004000000009000BC03D007D
:109300000BC03D00090018C024407FE0224031809E
:109310000000180024C01B000D8032400180038033
:109320001C4027401C8007400040100060000000E7
:109330000000000000000000000000001F8020402E
:1093400040200000402020401F8000000000090055
:1093500006001F80060009000000040004003F8092
:109360000400040000000010006000000000000085
:1093700000000400040004000400040000000000D9
:1093800000400000000000000000002001C00600B6
:109390003800400000001F802040204020401F80F7
:1093A0000000000010403FC000400000000018C056
:1093B00021402240244018400000108020402440DA
:1093C00024401B80000002000D0011003FC001403E
:1093D00000003C80244024402440238000001F8063
:1093E000244024403440038000003000200027C087
:1093F0003800200000001B802440244024401B80B3
:1094000000001C0022C0224022401F8000000000FB
:1094100000000840000000000000000000000460A0
:10942000000000000000000004000A00110020807D
:10943000404009000900090009000900000000007F
:109440004040208011000A00040018002000234042
:109450002400180000001F802040274029401F40A2
:109460000000004007C039000F0001C0004020404C
:109470003FC0244024401B8000001F80204020402B
:1094800020403080000020403FC0204020401F800E
:10949000000020403FC024402E4030C0000020404B
:1094A0003FC024402E00300000000F0010802040FC
:1094B00022403380020020403FC0040004003FC02F
:1094C0002040204020403FC020402040000000605D
:1094D000202020203FC02000200020403FC024400A
:1094E0000B0030C0204020403FC0204000400040E2
:1094F00000C03FC03C0003C03C003FC00000204013
:109500003FC00C4023003FC020001F80204020406F
:1095100020401F80000020403FC02440240018004D
:1095200000001F802140214020E01FA000002040BB
:109530003FC02440260019C0004018C024402440E9
:10954000224031800000300020403FC020403000E9
:10955000000020003F80004000403F8020002000AD
:109560003E0001C0070038002000380007C03C0062
:1095700007C038000000204039C0060039C0204034
:1095800000002000384007C0384020000000304074
:1095900021C02640384020C00000000000007FE0CD
:1095A000402040200000000070000C0003800040BC
:1095B00000000000402040207FE00000000000008C
:1095C00020004000200000000000001000100010EB
:1095D000001000100010000000004000000000001B
:1095E0000000000002800540054003C0004020004C
:1095F0003FC004400440038000000000038004409A
:1096000004400640000000000380044024403FC0A6
:1096100000400000038005400540034000000000BA
:1096200004401FC0244024402000000002E00550F8
:1096300005500650042020403FC00440040003C0F1
:1096400000400000044027C000400000000000105F
:109650000010041027E00000000020403FC001403F
:10966000070004C00440204020403FC000400040AC
:10967000000007C0040007C0040003C0000004404D
:1096800007C00440040003C0004000000380044001
:10969000044003800000041007F0045004400380DD
:1096A0000000000003800440045007F00010044054
:1096B00007C002400400040000000000064005400E
:1096C000054004C00000000004001F80044000406A
:1096D0000000040007800040044007C00040040070
:1096E000070004C0018006000400060001C0070056
:1096F00001C006000000044006C0010006C004408E
:1097000000000410071004E00180060004000000BF
:10971000044005C0064004400000000000000400B2
:109720007BE040200000000000000000FFF000008F
:109730000000000040207BE004000000000040002A
:1097400080004000200020004000000000000000D9
:109750000000000000000000000000000000000009
:109760001FCC000C000000000000000008003000CA
:1097700060000800300060000000022003FC1E2092
:10978000022003FC1E200220000000000E1811041D
:109790003FFF10840C78000000000F0010840F3889
:1097A00000C0077818840078000000780F8410C487
:1097B00011240E9800E4008400080800680070007E
:1097C0000000000000000000000000000000000099
:1097D00007E01818200440020000000040022004A6
:1097E000181807E00000000000000240024001805D
:1097F0000FF00180024002400000008000800080E5
:109800000FF800800080008000000001000D000EB5
:109810000000000000000000000000000080008048
:10982000008000800080008000800000000C000CA0
:10983000000000000000000000000000000600180A
:1098400000600180060018002000000007F00808F2
:1098500010041004080807F00000000008040804C1
:109860001FFC000400040000000000000E0C101497
:109870001024104411840E0C000000000C18100479
:109880001104110412880C700000000000E0032095
:10989000042408241FFC0024000000001F981084EA
:1098A00011041104108810700000000007F00888EF
:1098B0001104110418880070000000001C00100042
:1098C00010FC13001C001000000000000E381144B2
:1098D0001084108411440E38000000000700088C2A
:1098E00010441044088807F0000000000000000049
:1098F000030C030C00000000000000000000000149
:10990000010600000000000000000000008001408F
:109910000220041008081004000002200220022087
:10992000022002200220022000000000100408088B
:109930000410022001400080000000000E00120010
:10994000100C106C10800F00000003E00C1813E4E2
:10995000142417C4082807D000000004003C03C4E6
:109960001C40074000E4001C000410041FFC11040C
:10997000110411040E880070000003E00C1810049C
:109980001004100410081C10000010041FFC100428
:1099900010041004080807F0000010041FFC110454
:1099A000110417C410040818000010041FFC11044F
:1099B000110017C010000800000003E00C1810048C
:1099C000100410441C780040000010041FFC108498
:1099D0000080008010841FFC10040000100410049C
:1099E0001FFC10041004000000000003000110011F
:1099F00010011FFE10001000000010041FFC1104D5
:109A000003801464181C1004000010041FFC1004D0
:109A1000000400040004000C000010041FFC1F00E0
:109A200000FC1F001FFC1004000010041FFC0C04AD
:109A3000030000E010181FFC100007F008081004D5
:109A400010041004080807F0000010041FFC108424
:109A50001080108010800F00000007F008181024FC
:109A60001024101C080A07F2000010041FFC110447
:109A7000110011C011300E0C000400000E1C110466
:109A80001084108410441C380000180010001004CA
:109A90001FFC100410001800000010001FF8100434
:109AA0000004000410041FF8100010001E0011E054
:109AB000001C007013801C0010001FC0103C00E050
:109AC0001F0000E0103C1FC000001004180C1634EA
:109AD00001C001C01634180C100410001C0013043F
:109AE00000FC13041C00100000000804101C10648B
:109AF000108413041C041018000000000000000073
:109B00007FFE4002400240020000000030000C00D6
:109B100003800060001C00030000000040024002BF
:109B200040027FFE00000000000000000000200056
:109B30004000400040002000000000010001000142
:109B40000001000100010001000100004000400090
:109B50002000000000000000000000000098012428
:109B600001440144014400FC000410001FFC008873
:109B700001040104008800700000000000700088EB
:109B80000104010401040088000000000070008846
:109B90000104010411081FFC0004000000F8014446
:109BA00001440144014400C8000000000104010414
:109BB0000FFC1104110411001800000000D6012947
:109BC0000129012901C90106000010041FFC0084BD
:109BD00001000100010400FC00040000010419045C
:109BE00019FC000400040000000000000003000154
:109BF0000101190119FE0000000010041FFC0024DF
:109C0000004001B4010C0104000000001004100425
:109C10001FFC0004000400000000010401FC01041A
:109C2000010001FC0104010000FC010401FC0084AE
:109C300001000100010400FC0004000000F8010420
:109C400001040104010400F80000010101FF008586
:109C5000010401040088007000000000007000880A
:109C600001040104010501FF00010104010401FCDC
:109C700000840104010001800000000000CC0124E8
:109C800001240124012401980000000001000100CA
:109C900007F80104010400000000010001F80004BD
:109CA00000040004010801FC0004010001800170AF
:109CB000000C001001600180010001F0010C003077
:109CC00001C00030010C01F0010000000104018C12
:109CD00000740170018C0104000001010181017117
:109CE000000E001801600180010000000184010CD9
:109CF000013401440184010C000000000000000058
:109D0000000001003EFC4002400200000000000094
:109D10000000FFFF000000000000000040024002C1
:109D20003EFC010000000000000000006000800018
:109D300080004000400020002000000000000000E3
:109D40000000000000000000000000000000000013
:109D50000000000000000000000000000000000003
:109D6000000000000000000000000000000F80382C
:109D70000FFE380F803800000000000000000000D7
:109D800000000000000000000100000600000C00C0
:109D9000003800003100000600000C000038000010
:109DA0003000000000000000000061800067F8073C
:109DB000F98000618000618000618000618000673F
:109DC000F807F9800061800000000000000000003A
:109DD00001C0E003E0F00630080418081FFFFE048D
:109DE0000E080787F00381E000000000000001F08A
:109DF00000060C00040408060C7001F9C0000E00F7
:109E0000003BE000EC18070808040C180003E00011
:109E100000000001E00007F003F818041C08041714
:109E20000807E1D003C0E00023B0003C0800200890
:109E300000001000000000000001000031000032AE
:109E400000001C00000000000000000000000000F6
:109E50000000000000000000000000000000000002
:109E6000000000000000000000007F0001FFC007AC
:109E700080F00C0018100004200002000000000018
:109E8000002000021000040C00180780F001FFC041
:109E9000007F000000000000000000000000000043
:109EA0000000000000004200006600006600003C68
:109EB0000000180003FFC0001800003C000066000E
:109EC00000660000420000000000080000080000DA
:109ED000080000080000080001FFC000080000089A
:109EE0000000080000080000080000000000000159
:109EF00000003100003200001C00000000000000E3
:109F00000000000000000000000000000000000051
:109F10000000080000080000080000080000080019
:109F20000008000008000008000008000008000009
:109F300000000000000000000000380000380000B1
:109F400038000000000000000000000000000000D9
:109F500000000000000000000000000600001C00DF
:109F60000070000180000E0000380000C0000700F3
:109F7000001C0000300000000000000000007F8096
:109F800001FFE003807006001804000804000806C2
:109F9000001803807001FFE0007F800000000000D7
:109FA0000000000001000801000801000803FFF89C
:109FB00007FFF8000008000008000008000000008B
:109FC000000000000001C03802C0580400980401DD
:109FD00018040218040418061C1803F81801E0F805
:109FE00000000000000000000001C0E003C0F00419
:109FF000000804080804080806180803F41801E714
:10A00000F00001E00000000000000000000003007C
:10A01000000D000011000061000081080301080725
:10A02000FFF80FFFF8000108000108000000000021
:10A03000000000E007FCD00608080610080610081B
:10A04000061008061838060FF00607C000000000CA
:10A050000000000000003F8001FFE00384300208A0
:10A0600018041008041008041008071810030FF053
:10A070000007C000000000000000000003C000074F
:10A0800000000600000600F80607F806180006E0C3
:10A090000007000006000000000000000001E1E0F1
:10A0A00003F7F0063410041808041808040C080418
:10A0B0000C0806161803F3F001C1E00000000000D0
:10A0C0000000F80003FC300306380402080402080C
:10A0D0000402080404100308F001FFC0007F000020
:10A0E0000000000000000000000000000000000070
:10A0F0000000703800703800703800000000000068
:10A10000000000000000000000000000000000004F
:10A11000000000000000301A00301C0000000000A9
:10A12000000000000000000000000000000000002F
:10A13000000800001400002200004100008080019F
:10A140000040020020040010080008000000000089
:10A15000000021000021000021000021000021005A
:10A16000002100002100002100002100002100004A
:10A1700000000000000000000800080400100200B9
:10A1800020010040008080004100002200001400F7
:10A1900000080000000000000003C00004C000042C
:10A1A0000000080038080F380808380810000C3084
:10A1B0000007E00003C000000000000000003F8036
:10A1C00000FFE0038070020F1006708804C088044E
:10A1D0008308047F8802C09003012000FE40000035
:10A1E000080000180001F8003E0801C20007020044
:10A1F00007E20000FE00001FC80001F80000380060
:10A20000000804000807FFF807FFF804080804081E
:10A210000804080804080806180803F41801E7F001
:10A220000001E0000000000000003F8001FFE003AB
:10A2300080700200180400080400080400080400EC
:10A24000100600200780C000000004000807FFF887
:10A2500007FFF804000804000804000804001802BE
:10A26000001003807001FFE0007F80000000040008
:10A270000807FFF807FFF80408080408080408089E
:10A28000040808043E0804000806001801006000E5
:10A29000000004000807FFF807FFF8040808040896
:10A2A00000040800040800043E0006000006000048
:10A2B000018000000000000000003F8001FFE0037B
:10A2C0008070060018040008040208040208020353
:10A2D000F00783F000020000020004000807FFF806
:10A2E00007FFF80408080008000008000008000044
:10A2F000080004080807FFF807FFF804000800003A
:10A300000000000004000804000804000807FFF82B
:10A3100007FFF8040008040008040008000000001B
:10A32000000000000000000600000700000104001B
:10A330000104000104000307FFFE07FFFC04000006
:10A3400004000004000004000807FFF807FFF804F9
:10A350000C08001800003E0004C7800503C8060072
:10A36000F804003804001800000804000807FFF88B
:10A3700007FFF804000800000800000800000800BB
:10A380000008000008000018000060000000040041
:10A390000807FFF807800807FC00007FC00003F8EB
:10A3A0000007C000780007800807FFF807FFF804DF
:10A3B000000804000807FFF807000803C00000E0D9
:10A3C00000003800001E000007000001C00400F07B
:10A3D00007FFF8040000000000007F8001FFE00399
:10A3E0008070060018040008040008060018030026
:10A3F0003001FFE0007F8000000004000807FFF844
:10A4000007FFF80404080404000404000404000422
:10A410000400060C0003F80001F00000000000003A
:10A4200000007F8001FFE003807006008804008840
:10A430000400C806003C03003E01FFE6007F8400E4
:10A44000000004000807FFF807FFF80408080408E4
:10A4500000040C00040F00040BC00610F003F038D9
:10A4600001E00800000800000001E0F803F03006F9
:10A470003010041808041808040C08040C0802061C
:10A48000180207F00781E0000000018000060000CC
:10A4900004000004000004000807FFF807FFF804A8
:10A4A0000008040000040000060000018000040011
:10A4B0000007FFE007FFF004001800000800000894
:10A4C00000000800000800000804001007FFE00476
:10A4D000000004000006000007E00007FE00041F63
:10A4E000E00001F80000380001E0043E0007C00071
:10A4F00006000004000004000007E00007FFC0049D
:10A500001FF80007C007F80007FF80043FF80007A6
:10A51000C004F80007000004000000000004000868
:10A5200006001807C07805F1C8003E00001F80042F
:10A5300063E80780F8060018040008000000040023
:10A540000006000007800007E008047C08001FF8F0
:10A550000007F800180804E00807000006000004DF
:10A5600000000000000100080600380400F80403A1
:10A57000E8040F08047C0805F00807C00807001865
:10A580000400600000000000000000000000000067
:10A5900000000000003FFFFE20000220000220001B
:10A5A0000220000220000200000000000000000065
:10A5B00008000007000000C000003800000600008E
:10A5C00001C000003000000E00000100000000008B
:10A5D00000000000200002200002200002200002F3
:10A5E0002000023FFFFE000000000000000000000D
:10A5F0000000000000000000000000080000100043
:10A6000000300000200000300000100000080000B2
:10A610000000000000000000010000010000010037
:10A620000001000001000001000001000001000025
:10A630000100000100000100000100000000000016
:10A6400000000020000020000010000010000000AA
:10A6500000000000000000000000000000000000FA
:10A66000000000F00019F8001B180022080026085E
:10A67000002408002410003FF8001FF80000080024
:10A68000001800000004000007FFF80FFFF000189A
:10A6900018001008002008002008003018001FF0E3
:10A6A000000FC00000000000000007C0001FF00005
:10A6B0001830002008002008002008003C08001C7A
:10A6C000100000600000000000000000000007C053
:10A6D000001FF0003818002008002008002008049F
:10A6E000101007FFF80FFFF000001000000000003E
:10A6F000000000000007C0001FF000123000221808
:10A70000002208002208003208001E10000E20005F
:10A71000000000000000200000200800200801FFC9
:10A72000F803FFF80620080420080420080720008A
:10A7300003000000000000000000000E000E6E008C
:10A740001FF30031B10020B10020B1003191001F92
:10A7500013002E1E00200E00300000000004000830
:10A7600007FFF80FFFF8001008002000002000008D
:10A770002008003FF8001FF800000800000000005B
:10A7800000000000002008002008002008063FF814
:10A79000063FF80000080000080000080000000064
:10A7A0000000000000000000000003000003002083
:10A7B00001002001002003063FFE063FFC000000D0
:10A7C00000000000000000000004000807FFF80F70
:10A7D000FFF8000188000300002FC00038F80020B7
:10A7E0003800200800000800000000000000000001
:10A7F00004000804000804000807FFF80FFFF80031
:10A800000008000008000008000000000000002010
:10A8100008003FF8003FF8001008002000003FF853
:10A82000003FF8001008002000003FF8003FF8004B
:10A830000008000000002008003FF8003FF800106A
:10A8400008001000002000002008003FF8001FF85A
:10A850000000080000000000000007C0000FF0002A
:10A8600018300030080020080020080030080018C8
:10A8700030000FF00007C0000000000000002001C1
:10A88000003FFF003FFF00101100200900200800DA
:10A890002008003038001FF0000FC000000000004A
:10A8A000000007C0001FF000381800200800200832
:10A8B000002009001011001FFF003FFF00000100F1
:10A8C0000000002008002008002008003FF8003F9A
:10A8D000F8000808001008002008002000003000E0
:10A8E000003000000000000000000000000C7800B4
:10A8F0001E180033080023080021080021880021C9
:10A90000980030F0003860000000000000002000D7
:10A9100000200000200000FFF003FFF800200800E6
:10A9200020080020080000300000000000000000A7
:10A9300000002000003FF0007FF800001800000831
:10A94000000008002010003FF8007FF00000100019
:10A950000000000000002000003000003C00003F2C
:10A96000800023F0000078000070002380003C008D
:10A97000003000002000002000003C00003FE0000C
:10A9800023F80000E0002700003E00003FE0002127
:10A99000F80001E0003E0000200000000000200858
:10A9A000002008003838003E680027800003C800F7
:10A9B0002CF80038380020180020080000000000A3
:10A9C00000002000003003003C01003F830023EC26
:10A9D000000070002380003C0000200000200000E8
:10A9E00000000000000000000038080020380020AF
:10A9F000F80023E8002F88003E08003808002018DF
:10AA000000007000000000000000000000000000D6
:10AA100000000000000008000014001FF7FC3000D8
:10AA200006200002000000000000000000000000FE
:10AA3000000000000000000000000000FFFFFF0019
:10AA40000000000000000000000000000000000006
:10AA5000000000002000023000061FF7FC00140078
:10AA600000080000000000000000000000000000DE
:10AA700000000000001800006000004000004000DE
:10AA80000020000010000008000004000004000086
:10AA90000C0000100000000000000000000000009A
:10AAA00000000000000000000000000000000000A6
:10AAB0000000000000000000000000000000000096
:10AAC0000000000000000000000000000000000086
:10AAD0000000000000000000000000000000000076
:10AAE000000000000000000000000000000007F06F
:10AAF00000C007FFE1E007F001E0000000C0000037
:10AB00000000000000000000000000000000000045
:10AB10000000000000000000000000000000002015
:10AB2000000001C00000078000001F0000001E00A0
:10AB300000001C20000001C00000078000001F0072
:10AB400000001E0000001C000000000000000000CB
:10AB50000000000000000000000000180C000018B9
:10AB60000C0000180FE0001FFC0003F80C00001898
:10AB70000C0000180C0000180C0000180C00001845
:10AB80000FE0001FFC0003F80C0000180C00001878
:10AB90000C000000000000000000000000000000A9
:10ABA0000780007807C000FC0640010E0020030764
:10ABB0000020020380200FFFFFFC0201C0200200E2
:10ABC000E0600130704001F03F8000F01F000000A5
:10ABD00000000000000000FE000001FF0000030173
:10ABE000800002008060030181C001FF070000FEB9
:10ABF00018000000E0000003BF00000CFFC000715F
:10AC0000806001C10020030180600000FFC00000DF
:10AC10003F000000000000001F0000007FC000FC9B
:10AC2000C0C001FF80600303E0200202782002061A
:10AC30001E2003FC074001F00380000103C0000157
:10AC40001C600001E0200001002000010040000025
:10AC500001800000000000000000002000001C60D7
:10AC600000001C4000001F8000000F0000000000DA
:10AC700000000000000000000000000000000000D4
:10AC800000000000000000000000000000000000C4
:10AC900000000000000000000000000000000000B4
:10ACA00000000000000000000000000000000000A4
:10ACB00000000007F800003FFF00007807C001C057
:10ACC00000E0030000300400000808000004100049
:10ACD0000002000000000000000010000002080058
:10ACE0000004040000080300003001C000E0007808
:10ACF00007C0003FFF000007F80000000000000050
:10AD00000000000000000000000000000000000043
:10AD10000000000000000000000000000000000C27
:10AD20001800000E3800000E380000063000000346
:10AD300060000061438000FFFF800061430000036A
:10AD4000600000063000000E3800000E3800000CD5
:10AD500018000000000000000000000000000000DB
:10AD600080000000800000008000000080000000E3
:10AD7000800000008000007FFF00000080000000D5
:10AD800080000000800000008000000080000000C3
:10AD90008000000000000000000000000001000032
:10ADA00000E3000000E2000000FC0000007800006A
:10ADB0000000000000000000000000000000000093
:10ADC0000000000000000000000000000000000083
:10ADD00000000000000000000000000080000000F3
:10ADE0008000000080000000800000008000000063
:10ADF0008000000080000000800000008000000053
:10AE00008000000080000000800000008000000042
:10AE100080000000000000000000000000000000B2
:10AE200000C0000001E0000001E0000000C00000E0
:10AE30000000000000000000000000000000000012
:10AE40000000000000000000000000000000000002
:10AE5000000000000000000000000000000C0000E6
:10AE60000038000000E00000038000000E00000039
:10AE700038000000E00000038000000E00000038F1
:10AE8000000000E00000038000000E000000180039
:10AE90000000000000000000000000000000000FA3
:10AEA000F800007FFF0000F00780018000C0030071
:10AEB00000600200002002000020020000200300C9
:10AEC0000060018000C000E00380007FFF00000FF1
:10AED000F80000000000000000000000000000007A
:10AEE0000000008000200080002000800020008002
:10AEF000006001FFFFE003FFFFE0000000600000D2
:10AF000000200000002000000020000000000000E1
:10AF100000000000000000000000000000000078B9
:10AF200000E000980160010002600200046002007D
:10AF30000860020010600200206002004060030010
:10AF400080600183006001FE00E0007C078000005B
:10AF5000000000000000000000000000000000F001
:10AF6000078001F007C0010000400200002002013C
:10AF7000002002010020020100200303802001863E
:10AF8000804001FCC0C000787F8000001E000000EF
:10AF900000000000000000000000000008000000A9
:10AFA0003800000048000001880000060800000C7E
:10AFB0000810003008100040081001FFFFF003FFE8
:10AFC000FFF003FFFFF00000081000000810000071
:10AFD0000810000000000000000000000000000059
:10AFE0000780001F864003E10020030200200304C5
:10AFF00000200304002003040020030400200306B3
:10B000000040030301C00301FF8003007E00000035
:10B010000000000000000000000000000000000729
:10B02000FC00003FFF000070C380008180C0010170
:10B03000006003020020020200200202002002023F
:10B0400000200203004001C180C000C0FF8000005A
:10B050007E0000000000000000000000000000F082
:10B06000000003C000000380000003000000030094
:10B0700007E003003FE00301C000030600000318DF
:10B0800000000360000003800000030000000000D7
:10B090000000000000000000000000001F00007819
:10B0A0003F8000FC60C0018EC04003078020020387
:10B0B000002002018020020180200201C020030143
:10B0C000E040018670C000FC3F8000781F00000057
:10B0D00000000000000000000000003F000000FF32
:10B0E00081C001C0C1C00100602002002020020018
:10B0F00020200200202002002060020040C0010049
:10B10000C18000C18F00007FFE00001FF000000022
:10B11000000000000000000000000000000000002F
:10B12000000000000000000000000000000000031C
:10B1300000C0000781E0000781E0000300C00000BC
:10B1400000000000000000000000000000000000FF
:10B1500000000000000000000000000000000000EF
:10B1600000000000000000000000000000000006D9
:10B1700000660006007800000000000000000000EB
:10B1800000000000000000000000000000000000BF
:10B1900000000000000000000000000000000000AF
:10B1A00080000001C0000003600000063000000CB9
:10B1B000180000180C00003006000060030000C0FA
:10B1C0000180010000400200002004000010000087
:10B1D0000000000000000000000000041000000457
:10B1E000100000041000000410000004100000040F
:10B1F00010000004100000041000000410000004FF
:10B2000010000004100000041000000410000004EE
:10B21000100000000000000000000000000004001A
:10B220000010020000200100004000C0018000600A
:10B2300003000030060000180C00000C1800000687
:10B240003000000360000001C0000000800000002A
:10B250000000000000000000000000000000007876
:10B26000000001F8000002380000020000000400A5
:10B2700000C0040079E0040081E0040100C0040380
:10B280000000020200000306000001FC000000F8BC
:10B2900000000000000000000000000FF800003F68
:10B2A000FE000070078000C000C00101F8400307E5
:10B2B000FC20021E04200230082002203020023F21
:10B2C000FC20013F044001800CC000E03180001FE1
:10B2D000C20000000000000000200000006000002C
:10B2E00003E000003E200003E020003E200003E0D9
:10B2F00020000380200007FC2000003FE000000346
:10B30000FE2000003FE0000001E0000000200000FF
:10B3100000200000000000000000020000200200E9
:10B32000002003FFFFE003FFFFE002010020020115
:10B33000002002010020020100200201002003037E
:10B3400000200186806001FCC0C000F87F80000002
:10B350001F0000000000000000000007F800003F90
:10B36000FF000070078000C000C001000040030023
:10B370000020020000200200002002000020020045
:10B38000002001000040018000C003C001800030A7
:10B390000600000000000000000002000020020083
:10B3A000002003FFFFE003FFFFE002000020020097
:10B3B00000200200002002000020030000600100C5
:10B3C0000040018000C000F00780007FFE00000FF9
:10B3D000F800000000000000000002000020020051
:10B3E000002003FFFFE003FFFFE002010020020155
:10B3F00000200201002002010020020100200203BF
:10B400008020020FE0200300006003C000E0006025
:10B410000300000000000000000002000020020005
:10B42000002003FFFFE003FFFFE002010020020114
:10B4300000200201000002010000020100000201E0
:10B44000000002038000030FE0000300000003C0BF
:10B45000000000600000000000000007F800003F4E
:10B46000FE000070078001C001C001000040030021
:10B470000020020000200200002002000020010045
:10B4800020200100204003C03F8000303F800000AA
:10B49000200000002000020000200200002003FF26
:10B4A000FFE003FFFFE00200802002008020000098
:10B4B0008000000080000000800002008020020068
:10B4C000802003FFFFE003FFFFE0020000200200F6
:10B4D000002000000000000000000000000000004C
:10B4E00000000200002002000020020000200200F4
:10B4F000002003FFFFE003FFFFE002000020020046
:10B5000000200200002002000020000000000000D7
:10B51000000000000000000000000000000E00001D
:10B52000000F0000000F00000001020000010200F7
:10B530000001020000030200000603FFFFFC03FFFE
:10B54000FFF80200000002000000020000000200FC
:10B5500000000000000000000000020000200200C7
:10B56000002003FFFFE003FFFFE00200C020020114
:10B57000002000078000000FE0000030F8000260AB
:10B580003E2003800F20030003E0020000E00200E1
:10B590000020000000200000000002000020020047
:10B5A000002003FFFFE003FFFFE002000020020095
:10B5B000002000000020000000200000002000000B
:10B5C00000200000002000000060000000E00000FB
:10B5D000030000000000020000200200002003FF22
:10B5E000FFE003E0002003FF0020001FF000000147
:10B5F000FF8000000FE000001E000003E000003E9E
:10B60000002003E0002003FFFFE003FFFFE0020053
:10B61000002002000020020000200200002003FFA2
:10B62000FFE00380002003F0002000FC0000001F6A
:10B6300000000007C0000001F00000007C000200D4
:10B640001F80020007E003FFFFE00200000002008D
:10B6500000000000000000000000000FF800003FA4
:10B66000FE0000F00780018000C0010000400200E1
:10B670000020020000200200002002000020010043
:10B680000040018000C000F00380003FFE00000F7A
:10B69000F80000000000000000000200002002008E
:10B6A000002003FFFFE003FFFFE002008020020014
:10B6B0008020020080000200800002008000020062
:10B6C0008000030180000183000000FE0000007C78
:10B6D00000000000000000000000000FF800007FE4
:10B6E000FF0000F00380018001C00100064002005D
:10B6F00004200200042002000620020003E00100F2
:10B7000000F80180005C00E0038C003FFF0C000F9C
:10B71000FC180000000000000000020000200200F1
:10B72000002003FFFFE003FFFFE002010020020111
:10B730000020020180000201E0000201FC0003037E
:10B740003F80018607E001FC00E000F800200000D7
:10B750000020000000000000000000000000007851
:10B76000060000FE01E0018600C003030040020362
:10B77000002002018020020180200201C02002007E
:10B78000C0200100E060018070C003E03F80000045
:10B790001F000000000000000000006000000380A7
:10B7A0000000030000000200000002000020020070
:10B7B000002003FFFFE003FFFFE002000020020083
:10B7C000002002000000020000000380000000E0F2
:10B7D000000000000000020000000200000003FF63
:10B7E000FF0003FFFFC002000040020000600000F5
:10B7F00000200000002000000020000000200200C7
:10B8000000400200008003FFFF0002000000020071
:10B810000000000000000000000002000000020024
:10B82000000003C0000003FC0000023FC000000352
:10B83000F80000007F80000007E0000007800000A3
:10B8400078000203C000023C000003C000000200B8
:10B850000000020000000200000003C0000003FF1F
:10B860008000023FFE0002007FE000000F000200A7
:10B87000F00003EF000003FF8000020FFE00000055
:10B880003FE000001F000207E00003F80000030093
:10B890000000020000000000000002000020020082
:10B8A0000020038000E003F0032002FC0C20021FB4
:10B8B00030000007C0000007F00002187C000260A2
:10B8C0001F20038003E0020000E0020000200000CF
:10B8D0000020000000000000000002000000030043
:10B8E000000003C0000003F80000023E0020020F29
:10B8F000C0200001FFE000007FE000038020021C68
:10B90000002002700000038000000200000002001E
:10B9100000000000000000000000000000200060A7
:10B9200000E0038003E003000FA002003E200200BD
:10B93000F8200203E020020F8020023E002002785F
:10B94000002003E00060038000E00200030000002C
:10B9500000000000000000000000000000000000E7
:10B9600000000000000000000000000000001FFFB9
:10B97000FFFC100000041000000410000004100080
:10B980000004100000041000000410000004000077
:10B9900000000000000000000000000000000000A7
:10B9A00000000700000003C0000000780000001E37
:10B9B00000000003C0000000F00000001E000000B6
:10B9C0000780000000F00000003C000000060000BE
:10B9D0000000000000000000000000000000100057
:10B9E0000004100000041000000410000004100007
:10B9F000000410000004100000041FFFFFFC000002
:10BA00000000000000000000000000000000000036
:10BA10000000000000000000000000000000000026
:10BA20000000000000000200000004000000080008
:10BA300000001800000010000000180000001800AE
:10BA400000000400000002000000000000000000F0
:10BA500000000000000000000001000000010000E4
:10BA600000010000000100000001000000010000D2
:10BA700000010000000100000001000000010000C2
:10BA800000010000000100000001000000010000B2
:10BA900000010000000100000000000000000000A4
:10BAA000000010000000100000001000000018004E
:10BAB000000008000000040000000000000000007A
:10BAC0000000000000000000000000000000000076
:10BAD00000000000000000000000000003800001E2
:10BAE0008FC000038C6000061820000410200004A2
:10BAF0001020000420200004204000062040000305
:10BB0000FFC00001FFE00000002000000020000056
:10BB100000C0000000000000000002000000020061
:10BB2000000003FFFFE007FFFFC0000180C000022C
:10BB30000060000200200004002000040020000437
:10BB4000002000060040000300C00001FF8000004C
:10BB5000FE000000000000000000000000000000E7
:10BB60007E000001FF80000381C00002004000064B
:10BB70000020000400200004002000040020000633
:10BB800000200003C0400001C0800000030000004E
:10BB900000000000000000000000000000000000A5
:10BBA0007E000001FF80000380C0000600600004EA
:10BBB00000200004002000040020020400400202D3
:10BBC000008003FFFFE007FFFFC00000004000000F
:10BBD0000040000000000000000000000000000025
:10BBE0007E000001FF80000311C00002104000042D
:10BBF0001060000410200004102000041020000633
:10BC00001020000310400001F0C00000710000008F
:10BC10000000000000000000000000000000000420
:10BC20000000000400200004002000040020007F29
:10BC3000FFE001FFFFE001040020030400200204F4
:10BC4000002002040020020400000200000001C0E5
:10BC5000000001C000000000000000000000000023
:10BC6000001C0000E33E0003FFC200020CC30004FE
:10BC700004C1000404C1000404C1000404C100069E
:10BC80000CC10003F8C30005F0620006007E000648
:10BC9000003C000000000000000002000020020044
:10BCA000002003FFFFE007FFFFE00001002000028B
:10BCB0000020000600000004000000040000000452
:10BCC0000020000600200003FFE00001FFE000006C
:10BCD0000020000000200000000000000000000024
:10BCE00000000004002000040020000400200004E4
:10BCF00000200387FFE0038FFFE0038000200000A7
:10BD000000200000002000000020000000000000D3
:10BD10000000000000000000000000000000000023
:10BD20000000000000060000000700000001000005
:10BD300000010004000100040001000400030004ED
:10BD400000060387FFFC038FFFF80380000000005C
:10BD500000000000000000000000020000200200BF
:10BD6000002003FFFFE007FFFFE0000008200000C5
:10BD70001020000030000000FC0000058E000007CD
:10BD800007A0000601E0000400E00004002000001D
:10BD90000020000000000000000000000000000083
:10BDA000000002000020020000200200002002002B
:10BDB000002003FFFFE007FFFFE00000002000007D
:10BDC0000020000000200000002000000000000013
:10BDD0000000000000000000000000040020000738
:10BDE000FFE0000FFFE0000200200004000000045C
:10BDF00000200007FFE00003FFE000020020000435
:10BE00000000000400200007FFE00003FFE0000046
:10BE100000200000000000000000000400200004DA
:10BE200000200007FFE0000FFFE0000100200002FB
:10BE300000200002000000040000000400000004D4
:10BE40000020000600200003FFE00001FFE00000EA
:10BE500000200000002000000000000000000000A2
:10BE60007E000000FF80000381C000020040000649
:10BE70000020000400200004002000040020000630
:10BE8000002000020040000381C00001FF8000008C
:10BE90007E0000000000000000000004000100041B
:10BEA00000010007FFFF000FFFFF000100C10002BB
:10BEB00000410004002000040020000400200004D1
:10BEC000002000060040000301C00001FF800000C8
:10BED0007E000000000000000000000000000000E4
:10BEE0007E000001FF80000380C0000200600004AB
:10BEF00000200004002000040020000400200002B4
:10BF00000041000300C10003FFFF0007FFFF000026
:10BF100000010000000100000000000400200004F7
:10BF200000200004002000040020000FFFE0000FAC
:10BF3000FFE00000C02000010020000200200006F9
:10BF400000200004000000040000000700000003BF
:10BF500000000000000000000000000000000000E1
:10BF600003E00001C0E00003E040000630200004D0
:10BF700030200004182000041820000418200004B9
:10BF80000C2000020C60000307C000078380000043
:10BF9000000000000000000000000000000000049D
:10BFA00000000004000000040000000C0000001F5E
:10BFB000FF8000FFFFC000040060000400200004B8
:10BFC0000020000400200004004000000180000068
:10BFD0000000000000000000000000040000000459
:10BFE00000000007FF80000FFFC00000006000009D
:10BFF00000200000002000000020000000200004BD
:10C000000040000400800007FFE0000FFFC00000B8
:10C010000040000000400000000000040000000498
:10C020000000000780000007F0000004FE0000048C
:10C030001FC0000003E00000038000001C0000049B
:10C0400060000007800000060000000400000000FF
:10C0500000000000000000040000000600000007CF
:10C06000C0000007FC0000043F80000003E0000463
:10C070000F800006F0000007F0000007FF800004BA
:10C080000FE00000038000043C000007C000000631
:10C090000000000400000000000000000020000478
:10C0A000002000040060000700E000078320000774
:10C0B000E6000004F80000003C0000045E200005DB
:10C0C00087A0000601E000040060000400200000DA
:10C0D0000020000000000000000000040000000438
:10C0E0000003000700030007E0010004F80100045A
:10C0F0001F02000007FC000000E000000700000431
:10C1000038000007C0000006000000040000000422
:10C110000000000000000000000000000000000718
:10C120008060000600E0000403E0000407A00004B3
:10C130000E2000043C20000470200005E0200007D1
:10C14000802000070060000400E000000380000081
:10C1500000000000000000000000000000000000DF
:10C1600000000000000000000000000000000000CF
:10C17000000000008000000080000001400007FE79
:10C180003FF8080000041000000210000002000048
:10C19000000000000000000000000000000000009F
:10C1A000000000000000000000000000000000008F
:10C1B000000000000000FFFFFFFF00000000000083
:10C1C000000000000000000000000000000000006F
:10C1D000000000000000000000000000000010004F
:10C1E0000002100000020800000407FE3FF80001F2
:10C1F00040000000800000008000000000000000FF
:10C20000000000000000000000000000000000002E
:10C2100000000000000000000000180000003000D6
:10C22000000040000000400000004000000020002E
:10C2300000003000000008000000040000000200C0
:10C24000000002000000020000000C0000001800C6
:10C250000000000000000000400B0000800700000C
:10C260006078000020000000200000002000000096
:10C270000068010000F00000000C0F003031323384
:10C28000343536373839414243444546403058000A
:10C29000303132333435363738396162636465663C
:10C2A00040307800C4C20008000000200C010000EB
:10C2B000C4010008D0C300080C01002084B00100B4
:10C2C000E00100080024F40000000000000000006D
:10C2D0000000000000000000FFFF00001F0000F849
:10C2E0001FF8E007FF07E0FF40BC07FC30840000B8
:10C2F000000000000000000000000000000000003E
:10C30000100000000100000000F80000FFFF000026
:10C310000100000000000000C55F0008096000087F
:10C32000600300200000001000000068606B012026
:10C3300000F00010000C0F6800000000000000007A
:10C3400000000000000000000000000000000000ED
:10C3500000000000000000000000000000000000DD
:10C3600000000000000000000000000000000000CD
:10C37000000000001F00000000000000000000009E
:10C3800000000000000000000000000000000000AD
:10C39000000000000000000000000000000000009D
:10C3A000000000000000000000000000000000008D
:10C3B0000000000000000000AAAAAAAA00000000D5
:10C3C0000000000030059007D008400AC0060000B9
:040000050800018965
:00000001FF
