:020000040800F2
:1000000090B10120FD020008FB1E0008F31E00084D
:10001000F71E000815090008092500080000000067
:100020000000000000000000000000003D02000889
:10003000310900080000000099020008DB1F0008D9
:100040002103000821030008210300082103000800
:1000500021030008210300082103000821030008F0
:1000600021030008210300082103000821030008E0
:1000700021030008210300082103000821030008D0
:1000800021030008210300082103000821030008C0
:1000900021030008210300082103000821030008B0
:1000A00021030008210300082103000821030008A0
:1000B000210300080520000821030008210300088F
:1000C0002103000821030008210300082103000880
:1000D00021030008F9240008210300082103000877
:1000E0002103000821030008210300082103000860
:1000F0002103000821030008210300082103000850
:10010000210300082103000821030008210300083F
:10011000210300082103000821030008152000081E
:10012000210300082103000821030008210300081F
:10013000210300082103000821030008210300080F
:1001400021030008210300082103000821030008FF
:1001500021030008210300082103000821030008EF
:1001600021030008210300082103000821030008DF
:1001700021030008210300082103000800000000FB
:10018000210300082103000800F002F800F047F8FE
:100190000AA090E8000C82448344AAF10107DA45E2
:1001A00001D100F03CF8AFF2090EBAE80F0013F0ED
:1001B000010F18BFFB1A43F001031847E0BF00000E
:1001C00000C00000103A24BF78C878C1FAD852079E
:1001D00024BF30C830C144BF04680C6070470000C1
:1001E0000023002400250026103A28BF78C1FBD840
:1001F000520728BF30C148BF0B607047642900F028
:100200008581782900F0BE81732900F0E382002007
:1002100070471FB508F0CAFF1FBD10B510BD00F034
:1002200047FB1146FFF7F5FF05F078FE00F065FB90
:1002300003B4FFF7F2FF03BC02F09CF92C4B1968E2
:100240000868B0E8F04F80F30988BFF36F8F4FF074
:10025000000080F311887047000000000848006823
:10026000006880F308884FF0000080F3148862B6BD
:1002700061B6BFF34F8FBFF36F8F00DF00BF00BFCA
:1002800008ED00E0DFF80C00016841F47001016046
:10029000704700BF88ED00E0EFF30980BFF36F8F78
:1002A000134B1A681EF0100F08BF20ED108A20E9CA
:1002B000F04F106009B44FF0500080F31188BFF385
:1002C0004F8FBFF36F8F07F02BFD4FF0000080F3CF
:1002D000118809BC19680868B0E8F04F1EF0100FCB
:1002E00008BFB0EC108A80F30988BFF36F8F7047A6
:1002F00080000020EFF30580704700000C48016883
:1003000041F4700101600B4880470B480047FEE74D
:10031000FEE7FEE7FEE7FEE7FEE7FEE7FEE7FEE7B5
:10032000FEE7000005480649044A064B70470000F6
:1003300088ED00E0F11F00088901000890AD012060
:1003400090B1012090AD0120704753EA020C00F0FB
:1003500069802DE9F04B4FF00006002B1FBFB3FA68
:1003600083F503FA05F424FA05F65E4012BF16433E
:10037000B2FA82F502FA05F4C5F120051EBF22FA91
:1003800005FC44EA0C04203556EA044C4FEA1444B8
:1003900018BF641C4FF000084FF00009904271EB49
:1003A000030C39D3002919BFB1FA81F701FA07F616
:1003B000B0FA80F700FA07F6C7F120071EBF20FA4F
:1003C00007FC46EA0C062037B6FBF4FCA7EB050752
:1003D000103F07F01F0BCBF120060CFA0BFB2CFA99
:1003E00006F644BFB3460026202FA4BF5E464FF05A
:1003F000000B5BEA060C08BF4FF0010B19EB0B0971
:10040000ABFB027C48EB0608C01B06FB02CC0BFBD7
:1004100003CC71EB0C01C1E70B460246414648464E
:10042000BDE8F08B13B54FF000004FF00001AFF3C3
:100430000080BDE81C4070470FB4044910B503AA02
:10044000029800F0CBF910BC5DF814FB38000020D6
:100450002DE9F0410E460446002020622046E16866
:10046000884730B3252805D0D4E901219047206A78
:10047000401CF2E7E168204600278847050018D0B5
:10048000A5F14100192802D820354FF40067324603
:10049000294620462760FFF7B1FE40B1012804D06D
:1004A000F61D26F007060836D8E7361DD6E728469B
:1004B000DAE7206ABDE8F08170B50C460546012AEE
:1004C00005D02878800600D5EA69002302E00123E0
:1004D00005E05B1C934202D2E05C0028F9D1A869D8
:1004E000E618C01AA861286A184428622846AFF3A3
:1004F000008004E0D5E9012114F8010B9047B442D3
:10050000F8D32846AFF3008070BD00002DE9F0411C
:100510000646002410687529314616A510D0AFF3A1
:100520000080002802DA404213A507E031688A07FC
:1005300001D512A502E0490704D511A5012401E067
:10054000AFF3008000210A2206F1240709E0B0FB86
:10055000F2FCB0FBF2F302FB1C003030785418467A
:10056000491C0028F3D123462A463046BDE8F04115
:1005700000F0ACB8000000002D0000002B000000CF
:100580002000000070B504460D4621461068AFF308
:1005900000802188090502D50F4A7A4402E00E4AFC
:1005A0007A440E32002104F1240305E000F00F0626
:1005B0000009965D5E54491C0028F7D1207800237D
:1005C000000704D5702D02D009B102231132204654
:1005D000BDE8704000F07AB8D6BB0000032A40F2B4
:1005E000308010F0030C00F0158011F8013BBCF1D5
:1005F000020F624498BF11F801CB00F8013B38BFED
:1006000011F8013BA2F1040298BF00F801CB38BFFA
:1006100000F8013B11F0030300F0F280083AC0F04B
:10062000088051F8043B083A51F804CBA0E80810C0
:10063000F5E7121D5CBF51F8043B40F8043BAFF3F3
:100640000080D20724BF11F8013B11F801CB48BF4D
:1006500011F8012B24BF00F8013B00F801CB48BF83
:1006600000F8012B704702F0FF0343EA032242EA3D
:10067000024200F0F9B84FF0000200B5134694466C
:100680009646203922BFA0E80C50A0E80C50B1F1EA
:100690002001BFF4F7AF090728BFA0E80C5048BFFE
:1006A0000CC05DF804EB890028BF40F8042B08BF9C
:1006B000704748BF20F8022B11F0804F18BF00F898
:1006C000012B704770477047704770472DE9F0471E
:1006D0000D4699469246044600F1240801688806B2
:1006E00004D5E06921F01001216000E00120A8425A
:1006F00001DD471B00E00027A1697A1902EB090020
:10070000081AA0612078C00602D42046AFF300800A
:10071000002608E0D4E901211AF806009047206A73
:10072000401C761C20624E45F4DB2078C0060AD5BA
:100730002046AFF3008006E0D4E901213020904745
:10074000206A401C2062381EA7F10107F4DC07E094
:10075000D4E9012118F805009047206A401C206266
:10076000281EA5F10105F3DC2046AFF300802078B8
:10077000000602D50220BDE8F0870120FBE700005B
:1007800001694A1C02610878704700B58FB0CDE955
:1007900001310021059105497944CDE90310114645
:1007A0006846FFF755FE0FB000BD0000E5FFFFFFF4
:1007B00010B5436913B1AFF3008001E0FFF77CFE91
:1007C000012010BD127800F124010A7000224A7045
:1007D0000122EDE711684FF0FF32E9E7074B70B5F2
:1007E0000D467B44FFF7D1FF0446284600F05CF835
:1007F00010B14FF0FF3070BD204670BD271F0000C4
:1008000010B5203AC0F00B80B1E81850203AA0E8AB
:100810001850B1E81850A0E81850BFF4F5AF5FEADF
:10082000027C24BFB1E81850A0E8185044BF18C992
:1008300018C0BDE810405FEA827C24BF51F8043B39
:1008400040F8043B08BF7047D20728BF31F8023B8D
:1008500048BF11F8012B28BF20F8023B48BF00F821
:10086000012B70474FF000020429C0F0128010F0F5
:10087000030C3FF402AFCCF1040CBCF1020F18BF23
:1008800000F8012BA8BF20F8022BA1EB0C01FFF709
:10089000F4BE5FEAC17C24BF00F8012B00F8012BF5
:1008A00048BF00F8012B7047007B00F080007047C4
:1008B000754600F02BF8AE4605006946534620F019
:1008C0000700854618B020B5FFF72CFDBDE8204095
:1008D0004FF000064FF000074FF000084FF0000BFC
:1008E00021F00701AC46ACE8C009ACE8C009ACE8AF
:1008F000C009ACE8C0098D46704710B50446AFF397
:1009000000802046BDE81040FFF792BC00487047C9
:100910002CAD012000BFFEE710B55321092001F0E6
:1009200067FE00200149086010BD0000580000204B
:100930007047000070B504461D460023B5F5804F92
:1009400013D154F822300C480340D1E9000640EAA4
:1009500006108E6840EA06208E8940EA06408E69BD
:100960003043034344F8223003E06FF0704044F812
:100970002200002070BD00000000F0CF10B503463B
:100980000022086853F8202012480240D1E90104EF
:100990002043CC6820430C6920434C6920438C6978
:1009A0002043CC6920430C6A20434C6A20438C6A64
:1009B0002043CC6A2043CC6B20430C6B2043024382
:1009C0008868082801D142F04002086843F82020D6
:1009D000002010BD8000F0FF30B503460024501CFD
:1009E00053F8204004F04044D1E9000540EA0510E6
:1009F0008D6840EA05208D8940EA0545088A401E39
:100A000045EA0055087D801E45EA00608D6928434F
:100A10000443501C43F82040002030BD70B504460C
:100A2000A56D00F07BF9064694F83500022808D041
:100A30008020606500BF002084F8340000BF0120E2
:100A400070BD2068006820F01600216808602068EA
:100A5000406920F0800021684861206C08B9A06CD2
:100A600028B12068006820F008002168086020682C
:100A7000006820F00100216808600FE000F04EF9E6
:100A8000801B05280AD92020606500BF002084F85B
:100A9000340000BF032084F83500D1E720680068E7
:100AA00000F001000028E9D194F85C103F20884054
:100AB000A86000BF002084F8340000BF012084F843
:100AC00035000020BCE7014691F83500022803D02C
:100AD0008020486501207047052081F835000868AE
:100AE000006820F001000A6810600020F3E70000B1
:100AF000F8B502460B460025002400200021DEE068
:100B0000012606FA01F51E6806EA0504AC4275D115
:100B10001E7906F00306012E04D01E7906F00306A6
:100B2000022E13D190684F000326BE40B0434F0001
:100B3000DE68BE4030439060506801268E40B0436E
:100B40001E79C6F300168E40304350601E7906F0C1
:100B50000306032E09D0D0684F000326BE40B043E1
:100B60004F009E68BE403043D0601E7906F00306F9
:100B7000022E13D1CF0802F1200656F827004E07A7
:100B8000F70E0F26BE40B0434F07FF0E1E69BE4052
:100B90003043CF0802F1200646F8270010684F00C6
:100BA0000326BE40B0431E7906F003064F00BE4048
:100BB000304310605E6806F08056B6F1805F7DD1EC
:100BC00000BF00260096404E366846F480463E4FF1
:100BD0003E603E46366806F48046009600BF00BF81
:100BE0003A4E8F0856F827008E07370F0F26BE4063
:100BF000B043374EB24202D1002624E05EE0354ECB
:100C0000B24201D101261EE0334EB24201D102268A
:100C100019E0324EB24201D1032614E0304EB24206
:100C200001D104260FE02F4EB24201D105260AE081
:100C30002D4EB24201D1062605E02C4EB24201D122
:100C4000072600E008268F073F0FBE4030431F4EA7
:100C50008F0846F82700264E3068A0435E6806F4E9
:100C60008036B6F5803F00D12043214E3060361DDE
:100C70003068A0435E6806F40036B6F5003F00D148
:100C800020431B4E361D3060361D3068A0435E6821
:100C900006F48016B6F5801F00D12043144E0836A6
:100CA0003060361D3068A0435E6806F40016B6F565
:100CB000001F00D120430E4E0C363060491C102915
:100CC000FFF41EAFF8BD0000443802400838014070
:100CD000000002400004024000080240000C0240F4
:100CE000001002400014024000180240001C0240A4
:100CF000003C0140024613690B400BB1012000E0AB
:100D0000002070470AB1816101E00B0483617047E4
:100D100001480068000C7047002004E001480068AA
:100D2000704700004000002003480068034909782C
:100D30000844014908607047400000204800002036
:100D400010B50A48006840F4007008490860084679
:100D5000006840F480600860032000F07FF80F20F6
:100D600000F006F800F02AF8002010BD003C024018
:100D700070B504460E4800784FF47A71B1FBF0F07C
:100D80000C490968B1FBF0F5284600F09BFC08B15E
:100D9000012070BD102C07D200222146501E00F009
:100DA0001EF80548046001E00120F2E70020F0E7AA
:100DB0004800002000000020440000207047014649
:100DC0000846002809DB00F01F0301229A4043096E
:100DD0009B0003F1E023C3F8002100BF70472DE919
:100DE000F05F80460D461646002701F0A7FB074638
:100DF00039462A46334601F00700C0F1070ABAF126
:100E0000040F02D94FF0040A01E0C0F1070AD146ED
:100E100000F1040ABAF1070F02D24FF0000A01E014
:100E2000A0F1030AD4464FF0010A0AFA09FAAAF11E
:100E3000010A0AEA020A0AFA0CFA4FF0010B0BFA4D
:100E40000CFBABF1010B0BEA030B4AEA0B04214646
:100E5000404601F07BFBBDE8F09F000000BF00F0C2
:100E60000702064B19684FF6FF031940044B0B436A
:100E700043EA0221014B196000BF70470CED00E00E
:100E80000000FA0570B504460D460CB9012070BD8E
:100E90005848006800F00700A84209D255490D7073
:100EA0000846006800F00700A84201D00120EEE7E4
:100EB000207800F0020002281DD1207800F0040004
:100EC000042805D14C48006840F4E0504A490860C5
:100ED000207800F00800082805D14748006840F451
:100EE0006040454908604448006820F0F000A1686F
:100EF000084341490860207800F00100A8B3606809
:100F0000012807D13C4808380068C0F34040B8B910
:100F10000120BCE76068022802D06068032807D17E
:100F2000354808380068C0F3406048B90120AEE792
:100F3000314808380068C0F3400008B90120A6E72E
:100F40002D48006820F00300616808432A490860C2
:100F5000FFF7E4FE064609E0FFF7E0FE801B41F2E2
:100F60008831884202D9032091E707E022480068CF
:100F700000F00C006168B0EB810FEDD11D480068F6
:100F800000F00700A84209D91A490D700846006808
:100F900000F00700A84201D0012078E7207800F097
:100FA0000400042807D11448006820F4E050E168E8
:100FB000084311490860207800F00800082808D18B
:100FC0000D48006820F46040216940EAC1000A49E8
:100FD000086000F03FF808490968C1F30311074AA7
:100FE000515CC8400649086006480068FFF7C0FE2B
:100FF00000204CE7003C024008380240B69100084F
:1010000000000020440000200148006870470000F4
:101010000000002000B5FFF7F7FF04490968C1F39D
:101020008221034A515CC84000BD000008380240DC
:10103000C691000800B5FFF7E7FF04490968C1F34E
:101040004231034A515CC84000BD000008380240EC
:10105000C69100082DE9F047002400250026A1468E
:101060002548006800F00C0020B1042805D00828AD
:101070003AD105E0DFF8849039E0DFF8849036E07B
:101080001D48001F006800F03F041B48001F006857
:1010900000F4800078B11A481749091F0968C1F3A4
:1010A0008811A0FB01700146224600233846FFF755
:1010B0004CF905460EE011480F49091F0968C1F3B4
:1010C0008811A0FB01700146224600233846FFF735
:1010D0003CF905460848001F0068C0F30140401C69
:1010E0004600B5FBF6F902E0DFF8109000BF00BF44
:1010F0004846BDE8F0870000083802400024F400AC
:1011000000127A00F8B504460CB90120F8BD207829
:1011100000F00100002874D0F948006800F00C00CD
:1011200004280DD0F648006800F00C00082813D100
:10113000F348001F006800F48000B0F5800F0BD169
:10114000EF4808380068C0F34040002859D0606874
:10115000002856D10120D9E700BF6068B0F5803F74
:1011600008D1E7480838006840F48030E44908397D
:1011700008601EE06068B0F5A02F0DD1E048083887
:10118000006840F48020DE4908390860084600689D
:1011900040F4803008600CE0D9480838006820F43A
:1011A0008030D749083908600846006820F480205C
:1011B000086000BF606890B1FFF7B0FD054606E02B
:1011C000FFF7ACFD401B642801D903209EE7CC4803
:1011D00008380068C0F340400028F1D011E0FFF764
:1011E0009DFD054606E0FFF799FD401B642801D9E7
:1011F00003208BE7C24808380068C0F3404000284D
:10120000F1D1207800F0020002285FD1BC480068CC
:1012100000F00C0058B1BA48006800F00C00082833
:101220001CD1B748001F006800F48000B0B9B44872
:1012300008380068C0F3400020B1E068012801D000
:10124000012063E7AE480838006820F0F800216903
:1012500040EAC100AA490839086037E0E06800B3F5
:101260000120A8490860FFF759FD054606E0FFF791
:1012700055FD401B022801D9032047E7A048083844
:101280000068C0F340000028F1D09D48083800688D
:1012900020F0F800216940EAC10099490839086046
:1012A00014E0002097490860FFF738FD054606E086
:1012B000FFF734FD401B022801D9032026E79048A0
:1012C00008380068C0F340000028F1D1207800F011
:1012D000080008282CD16069A8B101208A4908605B
:1012E000FFF71CFD054606E0FFF718FD401B02282E
:1012F00001D903200AE782486C300068C0F340003F
:101300000028F1D014E000207F490860FFF706FDB7
:10131000054606E0FFF702FD401B022801D9032025
:10132000F4E677486C300068C0F340000028F1D143
:10133000207800F00400042870D10027704838306D
:10134000006800F0805090B900BF002000906C4809
:101350003830006840F080506949383108600846EC
:10136000006800F08050009000BF00BF0127674870
:10137000006800F48070B0B96448006840F4807080
:1013800062490860FFF7CAFC054606E0FFF7C6FCA5
:10139000401B022801D90320B8E65C48006800F42D
:1013A00080700028F2D000BFA068012808D15448FE
:1013B0006830006840F001005149683108601DE064
:1013C000A06805280DD14E486830006840F0040040
:1013D0004B49683108600846006840F00100086029
:1013E0000CE047486830006820F00100444968314B
:1013F00008600846006820F00400086000BFA0688C
:10140000A8B1FFF78BFC054609E0FFF787FC401BFE
:1014100041F28831884202D9032077E626E0384835
:1014200068300068C0F340000028EED013E0FFF7FA
:1014300075FC054608E0FFF771FC401B41F288315E
:10144000884201D9032061E62D4868300068C0F366
:1014500040000028EFD1012F07D12948383000681B
:1014600020F0805026493831086000BFA06900286C
:1014700045D02348006800F00C0008285DD0A06922
:10148000022845D100201F490866FFF747FC0546A2
:1014900006E0FFF743FC401B022801D9032035E694
:1014A000174808380068C0F340600028F1D1D4E93B
:1014B00007010843616A40EA81110122A06AC2EB78
:1014C000500041EA00412C20005D41EA00600C49D7
:1014D000091F086001200B490866FFF71FFC05463D
:1014E00006E0FFF71BFC401B022801D903200DE694
:1014F000034808380068C0F340600028F1D049E094
:101500000838024000004742800E47420070004009
:10151000002021490866FFF701FC054606E0FFF7B9
:10152000FDFB401B022801D90320EFE51B480068A2
:10153000C0F340600028F2D12CE0A069012800D15E
:10154000E4E51648001D0668A069012820D006F4CD
:101550008001E06981421BD106F03F01206A81428F
:1015600016D147F6C0703040616AB0EB811F0FD1D1
:1015700006F440310122A06AC2EB5000B1EB004FEB
:1015800006D106F070612C20005DB1EB006F01D038
:101590000120BBE50020B9E50000474200380240C9
:1015A00070B504460E4615460CB9012070BD94F87E
:1015B000490028B9002084F84800204600F01CF8B3
:1015C00004F108012068FFF7D9F93146A2682068C4
:1015D000FFF702FA2946236BD4E90102FFF7AAF9C3
:1015E000A168206850F8210040F00100A26821683D
:1015F00041F822000020D9E710B586B0044600BFAC
:10160000002000902248006840F001002049086056
:101610000846006800F00100009000BF00BF00BF56
:10162000002000901A480838006840F00800184967
:10163000083908600846006800F00800009000BF04
:1016400000BF00BF002000900846006840F0100076
:1016500008600846006800F01000009000BF00BF5E
:101660004CF20370019002200290012003900220AE
:1016700004900C20059001A90648FFF739FA4FF6AF
:101680008070019001A90448FFF732FA06B010BD3E
:1016900038380240000C024000100240042808D1F3
:1016A0004FF0E021096941F004014FF0E02211619F
:1016B00007E04FF0E021096921F004014FF0E0223A
:1016C0001161704770B504462546681EB0F1807FF1
:1016D00001D301200FE0681E4FF0E02148610F2187
:1016E0004FF0FF3000F032FF00204FF0E021886122
:1016F00007200861002070BD7047704710B5044690
:101700000CB9012010BD94F83D0028B9002084F8E0
:101710003C00204600F026F8022084F83D00211D00
:10172000206800F07FFC012084F8460000BF84F8A8
:101730003E0001213F200155402001554120015527
:1017400000BF00BF012084F842004320015544201F
:1017500001554520015500BF012084F83D000020BF
:10176000D0E7000038B504461E49206888421AD1E7
:1017700000BF00BF002000901B48006840F002003E
:10178000194908600846006800F00200009000BF98
:1017900000BF00BF002203211D20FFF720FB1D20FA
:1017A000FFF70DFB1DE011492068884219D100BFE9
:1017B00000BF002000900C48006840F020000A495B
:1017C00008600846006800F02000009000BF00BFDD
:1017D00000BF002207213720FFF701FB3720FFF76A
:1017E000EEFA38BD000400404038024000140040CA
:1017F000014691F83D00012801D0012070470220E8
:1018000081F83D000868C06840F001000B68D860AE
:101810001A4B086898421BD00868B0F1804F17D067
:10182000174B0868984213D0164B086898420FD09F
:10183000154B086898420BD0144B0868984207D0A3
:10184000134B0868984203D0124B086898420CD199
:101850000868806800F00702062A0CD00868006853
:1018600040F001000B68186005E00868006840F06F
:1018700001000B6818600020C0E700000000014074
:101880000004004000080040000C0040000401403B
:101890000040014000180040704710B50446206821
:1018A0000069C0F34000D8B12068C068C0F34000B0
:1018B000B0B16FF002002168086101202077206834
:1018C000806900F0030018B12046FFF7E5FF05E04E
:1018D000204600F0ADF8204600F0ABF8002020775D
:1018E00020680069C0F38000D8B12068C068C0F3E8
:1018F0008000B0B16FF004002168086102202077F9
:101900002068806900F4407018B12046FFF7C4FFDA
:1019100005E0204600F08CF8204600F08AF8002010
:10192000207720680069C0F3C000D8B12068C06883
:10193000C0F3C000B0B16FF0080021680861042056
:1019400020772068C06900F0030018B12046FFF737
:10195000A3FF05E0204600F06BF8204600F069F890
:101960000020207720680069C0F30010D8B12068FB
:10197000C068C0F30010B0B16FF0100021680861BA
:10198000082020772068C06900F4407018B1204614
:10199000FFF782FF05E0204600F04AF8204600F0FD
:1019A00048F8002020772068006900F0010058B155
:1019B0002068C06800F0010030B16FF001002168BC
:1019C0000861204600F036F820680069C0F3C010B6
:1019D00058B12068C068C0F3C01030B16FF080000B
:1019E000216808612046FFF787FE20680069C0F380
:1019F000801058B12068C068C0F3801030B16FF01B
:101A0000400021680861204600F036F8206800692F
:101A1000C0F3401058B12068C068C0F3401030B126
:101A20006FF02000216808612046FFF766FE10BDB8
:101A30007047704710B504460748844205D10748EF
:101A40000068401C0549086005E00548844202D151
:101A500004A0FEF7F1FC10BDD002002058000020C9
:101A60001803002054494D37CAE4B3F62E2E2E2E0B
:101A70002E2E2E0D0A0000007047704770470000A0
:101A80002DE9F84F0446206805682068C66820687C
:101A900047694FF00009CA4605F00F09B9F1000F78
:101AA0000AD105F0200038B106F0200020B1204610
:101AB00000F059FBBDE8F88FB9F1000F72D007F0C4
:101AC000010018B906F4907000286BD005F00100F1
:101AD00030B106F4807018B1206C40F00100206431
:101AE00005F0040030B107F0010018B1206C40F09F
:101AF0000200206405F0020030B107F0010018B1C7
:101B0000206C40F00400206405F0080048B106F0A5
:101B1000200010B907F0010018B1206C40F0080057
:101B20002064206C70B305F0200028B106F020007E
:101B300010B1204600F017FB20684069C0F3801AFE
:101B4000206C00F0080010B9BAF1000F23D0204635
:101B500000F0DEFA2068406900F04000402816D10D
:101B60002068406920F0400021684861A06B50B1B6
:101B70005648A16B0865A06BFEF7A5FF10B1A06BDE
:101B8000016D88470CE02046FFF778FF08E020460B
:101B9000FFF774FF04E02046FFF770FF0020206489
:101BA00088E7FFE7206B012879D105F010000028B5
:101BB00075D006F01000002871D000BF0020009002
:101BC00020680068009020684068009000BF00BF57
:101BD0002068406900F04000402839D1A06B0068BF
:101BE00040681FFA80F8B8F1000F30D0A08D404552
:101BF0002DDDA4F82E80A06BC069B0F5807F1FD0CA
:101C00002068C06820F480702168C860206840693E
:101C100020F00100216848612068406920F0400000
:101C200021684861202084F83E000020206320685D
:101C3000C06820F010002168C860A06BFEF7EEFEBF
:101C4000A08DE28D801A81B22046FFF716FF31E7A2
:101C5000A08DE18D401A1FFA80F8E08DE8B1B8F14F
:101C6000000F1AD02068C06820F490702168C86006
:101C70002068406920F0010021684861202084F834
:101C80003E00002020632068C06820F0100021681A
:101C9000C86041462046FFF7F0FE0BE7FFE705F07E
:101CA000800030B106F0800018B1204600F0F3FB50
:101CB00000E705F0400030B106F0400018B12046C2
:101CC00000F041FAF6E600BFF4E60000FD2000084F
:101CD00010B504460CB9012010BDA06900B100E0A8
:101CE00000BF94F83D0028B9002084F83C0020464D
:101CF00000F028F8242084F83D002068C06820F413
:101D000000502168C860204600F08CFA2068006905
:101D100020F49040216808612068406920F02A0082
:101D2000216848612068C06840F400502168C8609C
:101D300000202064202084F83D0084F83E0000202C
:101D4000CAE7000010B586B004462E4920688842D4
:101D500055D100BF00BF002000902B48006840F024
:101D60001000294908600846006800F01000009043
:101D700000BF00BF00BF00BF00BF0020009022488E
:101D80001438006840F001001F4914390860084603
:101D9000006800F00100009000BF00BF00BF00BF5E
:101DA00000BF002000900846006840F00100086075
:101DB0000846006800F00100009000BF00BF00BFAF
:101DC0004815019002200290012003900220049007
:101DD0000720059001A90D48FEF78AFE4FF48060A8
:101DE00001900720059001A90848FEF781FE2520F3
:101DF000FEF7E5FF032211462520FEF7F0FF06B0AF
:101E000010BD0000001001404438024000000240B4
:101E100070B504460D46164694F83E00202816D1AB
:101E200005B10EB9012070BD00BF94F83C00012837
:101E300001D10220F7E7012084F83C0000BF002018
:101E4000206332462946204600F002FBEBE70220E1
:101E5000E9E7000010B504462049206888423BD1DC
:101E60001F48008800F4004088BB1D48008800F42B
:101E7000804070B11B4800780A2803D00020184920
:101E8000088024E01648008840F400401449088087
:101E90001DE0144800780D2806D11148008840F450
:101EA00080400F49088012E00E4800780C490988EC
:101EB000C1F30D010C4A505409480088401C0849E0
:101EC000088008460088C72801DD0020088001221C
:101ED00004490648FFF79CFF10BD000000100140B8
:101EE0003C0000203E00002014010020DC01002006
:101EF000704700BFFEE700BFFEE770472DE9F047DF
:101F00000C46DDE90867002100258C4600BF60E033
:101F10004FF0010808FA01F504EA050CAC4557D169
:101F2000D0F800804FEA410A4FF0030909FA0AF994
:101F300028EA0908C0F80080D0F800804FEA41097B
:101F400002FA09F948EA0908C0F80080012A01D01C
:101F5000022A27D1D0F808804FEA410A4FF003093E
:101F600009FA0AF928EA0908C0F80880D0F80880B8
:101F70004FEA410906FA09F948EA0908C0F8088059
:101F8000D0F804904FF0010808FA01F829EA08098E
:101F9000C0F80490D0F8048003FA01F948EA09086F
:101FA000C0F80480D0F80C804FEA410A4FF00309D2
:101FB00009FA0AF928EA0908C0F80C80D0F80C8060
:101FC0004FEA410907FA09F948EA0908C0F80C8004
:101FD000491C10299CD3BDE8F08710B5FEF7A4FE7C
:101FE00006F0E2FB012801D006F014F810BD000055
:101FF0000348006840F47000014908607047000021
:1020000088ED00E010B50248FFF747FC10BD000066
:10201000D002002010B50248FFF73FFC10BD0000C1
:102020001803002010B50268294B98420ED0B0F179
:10203000804F0BD0274B984208D0274B984205D0B1
:10204000264B984202D0264B984203D122F07002D0
:102050004B681A431E4B984220D0B0F1804F1DD0E0
:102060001C4B98421AD01C4B984217D01B4B9842DD
:1020700014D01B4B984211D01A4B98420ED01A4BD9
:1020800098420BD0194B984208D0194B984205D072
:10209000184B984202D0184B984203D122F4407258
:1020A000CB681A4322F080034C6943EA04020260C1
:1020B0008B68C3620B688362054B984202D0084B61
:1020C000984201D10B6903630123436110BD0000F5
:1020D000000001400004004000080040000C0040E7
:1020E000000401400040014000440140004801401C
:1020F00000180040001C00400020004070B505465C
:10210000AC6B0020E085E0842046FFF7B7FC70BD93
:102110000168C96821F490710268D1600168496959
:1021200021F0010102685161016B012905D10168AB
:10213000C96821F010010268D160202180F83E10AA
:1021400000210163704710B504462068C06820F084
:1021500040002168C860202084F83D002046FFF739
:10216000C7FE002010BD70B5044694F83E0022283A
:1021700056D1A068B0F5805F0CD1206950B9002518
:10218000A66A20684068C0F308003080A06A801CFE
:10219000A06215E0A56A0026A068B0F5805F03D0B4
:1021A000A06828B9206918B920684068287004E040
:1021B0002068406800F07F002870A06A401CA06280
:1021C000E08D401E80B2E08540BB2068C06820F0F2
:1021D00020002168C8602068C06820F480702168F1
:1021E000C8602068406920F0010021684861202013
:1021F00084F83E00206B01280AD12068C06820F0D6
:1022000010002168C860A18D2046FFF736FC02E06F
:102210002046FFF71FFE0020206370BD0020FCE772
:102220000220FAE72DE9F84F04462068006920F4FF
:102230004050E1680843216808612169A0680843AB
:1022400061690843E169084300902068C06849F269
:102250000C618843009908432168C8602068406980
:1022600020F44070A16908432168486176492068DC
:10227000884203D075492068884203D1FEF7DAFE10
:10228000814602E0FEF7C6FE8146E069B0F5004FE8
:102290006CD102206168A0FB015003461920A9FB04
:1022A000007001462A463846FEF74FF86421B0FB1D
:1022B000F1F04FEA001A02206168A0FB01510B46C1
:1022C0001920A9FB00712A463846FEF73EF88346DE
:1022D00002206168A0FB015003461920A9FB007190
:1022E0002A463846FEF731F86421B0FBF1F000EBE6
:1022F000C00101EB0010ABEB8000322101EBC0000C
:102300006421B0FBF1F000F0F8000AEB400A022073
:102310006168A0FB015003461920A9FB007001462B
:102320002A463846FEF711F8834602206168A0FB72
:10233000015003461920A9FB00712A463846FEF7D2
:1023400004F86421B0FBF1F000EBC00101EB0010D8
:10235000ABEB8000322101EBC0006421B0FBF1F057
:1023600000F007005044216888606AE0042061683A
:10237000A0FB015003461920A9FB007001462A4624
:102380003846FDF7E2FF824604206168A0FB015059
:1023900003461920A9FB007001462A463846FDF77E
:1023A000D4FF6421B0FBF1F000EBC00101EB0010A1
:1023B000AAEB8000322101EB00106421B0FBF1F0A8
:1023C00000F0F00A04206168A0FB017003461920A8
:1023D000A9FB00513A462846FDF7B7FF6421B0FB40
:1023E000F1F00AEB001A04206168A0FB01510B46D2
:1023F0001920A9FB00712A463846FDF7A6FF83463F
:1024000004206168A0FB015003461920A9FB00705D
:1024100001462A463846FDF798FF6421B0FBF1F0EB
:1024200000EBC00101EB0010ABEB8000322101EBAF
:1024300000106421B0FBF1F000F00F00504421685F
:102440008860BDE8F88F00000010014000140140D2
:1024500010B5034699629A85DA8500201864222017
:1024600083F83E0000BF002083F83C0000BF1868DE
:10247000C06840F480701C68E0601868406940F0F3
:1024800001001C6860611868C06840F020001C688A
:10249000E060002010BD014691F83D00212828D1C0
:1024A0008868B0F5805F0BD1086948B90A6A10885E
:1024B000C0F308000B685860086A801C086205E0D9
:1024C0000B6A581C086218780B685860C88C401E4C
:1024D00080B2C88458B90868C06820F080000B68D2
:1024E000D8600868C06840F040000B68D8600020E1
:1024F00070470220FCE7000010B50248FFF7C0FA61
:1025000010BD0000DC01002000BFFEE770B5062111
:10251000302004F085FE302004F092FD0546062DA3
:1025200003D00621302004F07BFE002403E006F0F7
:10253000F7FC601C84B2C82CF9DB70BD024800684F
:10254000C0F30220704700000CED00E010B5002839
:1025500004DB0A07130E054A135406E00A07140E9B
:10256000034A00F00F031B1FD45410BD00E400E029
:1025700018ED00E000BF704700F00101194A11603A
:10258000C0F34001184AC2F88412C0F38001154A12
:1025900008321160C0F30011121F1160C0F3401126
:1025A000104A3C321160C0F38011104A1160C0F330
:1025B000C0110C4A38321160C0F300210B4A121DC1
:1025C0001160C0F34021074A34321160C0F380210A
:1025D000044A14321160C0F3C021024A0C32116067
:1025E0007047000080824242000043429002434212
:1025F00070B505460C460748074908600846446020
:1026000000218160C5600161FFF778F80248FFF79B
:10261000EFF870BD00040040D002002000F001017E
:10262000104A1160C0F340010F4AC2F8BC12C0F357
:1026300080010C4A383A1160C0F3C001121D1160CC
:10264000C0F30011094A1160C0F34011121D11605E
:10265000C0F38011121D1160C109054AC2F8A81209
:1026600070470000B8824142008041429C024242D1
:102670000000424270B504460420FFF70FF80A48F4
:10268000046025464FF47A7045434FF0E02000691E
:1026900040F002004FF0E021086108464561006902
:1026A00040F00100086170BD3400002030B50446E0
:1026B000002504E04FF47A7000F004F86D1CA54288
:1026C000F8D330BD70B5034600224FF0E02675699F
:1026D0000D4E366803FB06F44FF0E026B16910E0BA
:1026E0004FF0E026B06988420BD0884202D20E1A21
:1026F000324402E02E1A0E4432440146A24200D374
:1027000000E0EDE700BF70BD3400002000BF054AC7
:10271000126802F04002002AF9D0C2B2014B5A609E
:1027200070470000001001400EB54FF4784019A129
:1027300020221346CDE900210290DC220A2108461E
:1027400003F00EFB4FF4784014A118221346CDE994
:1027500000210290DC222F210A2003F001FB4FF41C
:10276000784013A110221346CDE900210290DC220B
:102770004C210A2003F0F4FA1148012100238022A1
:10278000CDE900100FA1124805F0DEFF05F05CFA5C
:102790000EBD000053544D33320000004672656593
:1027A00052544F5320506F7274696E6700000000DE
:1027B00041544F4D40414C49454E54454B0000005B
:1027C0000400002073746172745F7461736B0000A5
:1027D0000573000800B587B000BF00BF002001905E
:1027E0003848006840F01000364908600846006824
:1027F00000F01000019000BF00BF00BF00BF00BF8D
:10280000002001900846006840F01000086008466B
:10281000006800F01000019000BF00BF00BF00BFC3
:1028200000BF002001900846006840F010000860DA
:102830000846006800F01000019000BF00BF00BF14
:1028400000BF00BF002001900846006840F0010072
:1028500008600846006800F00100019000BF00BF5A
:1028600000BF10200290002003900120049002205D
:10287000059002A91448FEF73BF9082002900020B9
:102880000390012004900220059002A90E48FEF753
:102890002FF90420029000200390012004900220D0
:1028A000059002A90848FEF723F9012002900020B4
:1028B000039002200490059002A90448FEF718F93D
:1028C00007B000BD30380240001002400000024056
:1028D00070B50446002514B101202B4908702A4820
:1028E0000078002834D010212848FEF703FA78B188
:1028F00008212648FEF7FEF950B104212348FEF7CF
:10290000F9F928B101212248FEF7F4F901281FD175
:102910000A20FFF7CBFE00201B49087010211B483E
:10292000FEF7E8F900B9012508211848FEF7E2F999
:1029300000B9022504211548FEF7DCF900B903258A
:1029400001211348FEF7D6F901281BD1042519E00F
:1029500010210E48FEF7CEF9012813D108210B48AB
:10296000FEF7C8F901280DD104210848FEF7C2F985
:10297000012807D101210648FEF7BCF910B9012052
:1029800001490870284670BD540000200010024024
:102990000000024070B504460026094805884088BA
:1029A00045430021084603F0ABF803F057FA00BF97
:1029B00002E004480480761CAE42FAD370BD0000E9
:1029C000700200208000006C10B5044658488471E5
:1029D000002C58D1F020564908804FF4A070488050
:1029E0000846808845F21051884210D14FF430508B
:1029F0004F4908814FF4285048814FF42C5088816A
:102A00004FF4F07008804FF4487048801AE048484E
:102A1000808841F6631188420DD12C2044490881F9
:102A20002B2048812A2088814FF4F07008804FF4D1
:102A30004870488006E02C203D4908812A204881C2
:102A40002B2088813A48808845F21031884205D091
:102A50003748808847F29671884206D14FF4A070BB
:102A6000334908804FF4F07048803148808849F637
:102A70000601884258D14FF4F0702D4908804FF478
:102A80004870488050E04FF4A07029490880F02039
:102A900048800846808845F21051884210D14FF492
:102AA0003050234908814FF4285048814FF42C506E
:102AB00088814FF4487008804FF4F070488020E01F
:102AC0001B48808841F66311884205D018488088E9
:102AD00049F6060188420DD12C20154908812A208B
:102AE00048812B2088814FF4487008804FF4F070A3
:102AF000488006E02C200E4908812A2048812B209E
:102B000088810B48808845F21031884205D00848FA
:102B1000808847F29671884206D14FF4F0700449DC
:102B200008804FF4A0704880002002F0CBFE10BD5A
:102B30007002002070B505460E4614463146284600
:102B400002F0DEFF03F08AF901490C8070BD00003D
:102B50008000006C10B5CF2003F074F9002003F062
:102B600065F9C12003F062F9302003F05FF9ED2030
:102B700003F068F9642003F059F9032003F056F9D3
:102B8000122003F053F9812003F050F9E82003F0FC
:102B900059F9852003F04AF9102003F047F97A200B
:102BA00003F044F9CB2003F04DF9392003F03EF94E
:102BB0002C2003F03BF9002003F038F9342003F017
:102BC00035F9022003F032F9F72003F03BF9202019
:102BD00003F02CF9EA2003F035F9002003F026F980
:102BE000002003F023F9C02003F02CF91B2003F090
:102BF0001DF9C12003F026F9012003F017F9C520C3
:102C000003F020F9302003F011F9302003F00EF921
:102C1000C72003F017F9B72003F008F9362003F0B6
:102C200011F9482003F002F93A2003F00BF955207E
:102C300003F0FCF8B12003F005F9002003F0F6F8EA
:102C40001A2003F0F3F8B62003F0FCF80A2003F092
:102C5000EDF8A22003F0EAF8F22003F0F3F80020E8
:102C600003F0E4F8262003F0EDF8012003F0DEF88D
:102C7000E02003F0E7F80F2003F0D8F82A2003F053
:102C8000D5F8282003F0D2F8082003F0CFF80E2062
:102C900003F0CCF8082003F0C9F8542003F0C6F87C
:102CA000A92003F0C3F8432003F0C0F80A2003F082
:102CB000BDF80F2003F0BAF8002003F0B7F80020A9
:102CC00003F0B4F8002003F0B1F8002003F0AEF8F0
:102CD000E12003F0B7F8002003F0A8F8152003F076
:102CE000A5F8172003F0A2F8072003F09FF81120A1
:102CF00003F09CF8062003F099F82B2003F096F8D7
:102D0000562003F093F83C2003F090F8052003F0E0
:102D10008DF8102003F08AF80F2003F087F83F2089
:102D200003F084F83F2003F081F80F2003F07EF8D1
:102D30002B2003F087F8002003F078F8002003F040
:102D400075F8012003F072F83F2003F06FF82A2095
:102D500003F078F8002003F069F8002003F066F82B
:102D6000002003F063F8EF2003F060F8112003F077
:102D700069F87820FFF79AFC292003F063F810BD6A
:102D800010B5FF2003F05EF8FF2003F04FF8982005
:102D900003F04CF8062003F049F8BC2003F052F889
:102DA000012003F043F80F2003F040F8612003F006
:102DB0003DF8FF2003F03AF8012003F037F8012036
:102DC00003F034F80B2003F031F8102003F02EF854
:102DD000372003F02BF8632003F028F8FF2003F0DE
:102DE00025F8FF2003F022F8012003F01FF801204E
:102DF00003F01CF8002003F019F8002003F016F887
:102E0000FF2003F013F8522003F010F8012003F024
:102E10000DF8002003F00AF8402003F007F8BD2069
:102E200003F010F8012003F001F8232002F0FEFF68
:102E3000452002F0FBFF672002F0F8FF012002F0BE
:102E4000F5FF232002F0F2FF452002F0EFFF67209C
:102E500002F0ECFFBE2002F0F5FF002002F0E6FFDA
:102E6000012002F0E3FFAB2002F0E0FF602002F05F
:102E7000DDFF222002F0DAFF222002F0D7FF22201D
:102E800002F0D4FF222002F0D1FF222002F0CEFF78
:102E9000C72002F0D7FF362002F0C8FFED2002F075
:102EA000D1FF7F2002F0C2FF0F2002F0BFFFC02041
:102EB00002F0C8FF0F2002F0B9FF0B2002F0B6FFAE
:102EC0000A2002F0B3FFFC2002F0BCFF082002F051
:102ED000ADFFDF2002F0B6FF002002F0A7FF0020C8
:102EE00002F0A4FF002002F0A1FF002002F09EFFEC
:102EF000002002F09BFF202002F098FFF32002F058
:102F0000A1FF742002F092FFB42002F09BFF00208A
:102F100002F08CFF002002F089FF002002F086FF03
:102F2000F72002F08FFF822002F080FFB12002F034
:102F300089FF002002F07AFF132002F077FF1320B0
:102F400002F074FFF22002F07DFF802002F06EFF9D
:102F5000042002F06BFF402002F068FF282002F0FE
:102F600065FFC12002F06EFF172002F05FFF88208E
:102F700002F05CFF882002F059FF202002F056FF8B
:102F8000E02002F05FFF002002F050FF0A2002F074
:102F90004DFF122002F04AFF102002F047FF0E20E2
:102FA00002F044FF202002F041FFCC2002F03EFF5F
:102FB000072002F03BFF062002F038FF0B2002F052
:102FC00035FF0E2002F032FF0F2002F02FFF0D2000
:102FD00002F02CFF152002F029FF102002F026FF3E
:102FE000002002F023FFE12002F02CFF002002F07D
:102FF0001DFF0B2002F01AFF132002F017FF0D2017
:1030000002F014FF0E2002F011FF1B2002F00EFF51
:10301000712002F00BFF062002F008FF062002F0EC
:1030200005FF0A2002F002FF0F2002F0FFFE0E2033
:1030300002F0FCFE0F2002F0F9FE152002F0F6FE71
:103040000C2002F0F3FE002002F0F0FE2A2002F035
:10305000F9FE002002F0EAFE002002F0E7FE012067
:1030600002F0E4FEDF2002F0E1FE2B2002F0EAFE97
:10307000002002F0DBFE002002F0D8FE032002F068
:10308000D5FE1F2002F0D2FE3A2002F0DBFE5520D2
:1030900002F0CCFE362002F0D5FE002002F0C6FE83
:1030A000112002F0CFFE7820FFF700FB292002F06C
:1030B000C9FE1420FFF7FAFA2C2002F0C3FE10BD5F
:1030C00010B5ED2002F0BEFE012002F0AFFEFE20A2
:1030D00002F0ACFEEE2002F0B5FEDE2002F0A6FE0D
:1030E000212002F0A3FEF12002F0ACFE012002F04C
:1030F0009DFEDF2002F0A6FE102002F097FEC42005
:1031000002F0A0FE8F2002F091FEC62002F09AFE8F
:10311000002002F08BFEE22002F088FEE22002F0A6
:1031200085FEE22002F082FEBF2002F08BFEAA2084
:1031300002F07CFEB02002F085FE0D2002F076FE4B
:10314000002002F073FE0D2002F070FE002002F05D
:103150006DFE112002F06AFE002002F067FE1920C9
:1031600002F064FE002002F061FE212002F05EFE0B
:10317000002002F05BFE2D2002F058FE002002F03D
:1031800055FE3D2002F052FE002002F04FFE5D2071
:1031900002F04CFE002002F049FE5D2002F046FEE7
:1031A000002002F043FEB12002F04CFE802002F02D
:1031B0003DFE002002F03AFE8B2002F037FE002098
:1031C00002F034FE962002F031FE002002F02EFEC6
:1031D000B22002F037FE002002F028FE002002F0AC
:1031E00025FE022002F022FE002002F01FFE032036
:1031F00002F01CFE002002F019FEB32002F022FEB5
:10320000002002F013FE002002F010FE002002F069
:103210000DFE002002F00AFE002002F007FE002052
:1032200002F004FE002002F001FE002002F0FEFD8C
:10323000002002F0FBFD002002F0F8FD002002F06B
:10324000F5FD002002F0F2FD002002F0EFFD00206D
:1032500002F0ECFD002002F0E9FD002002F0E6FDA6
:10326000002002F0E3FD002002F0E0FD002002F06B
:10327000DDFD002002F0DAFD002002F0D7FD002085
:1032800002F0D4FD002002F0D1FD002002F0CEFDBE
:10329000B42002F0D7FD8B2002F0C8FD002002F020
:1032A000C5FD962002F0C2FD002002F0BFFDA12066
:1032B00002F0BCFD002002F0B9FDB52002F0C2FD15
:1032C000022002F0B3FD002002F0B0FD032002F066
:1032D000ADFD002002F0AAFD042002F0A7FD0020B1
:1032E00002F0A4FDB62002F0ADFD002002F09EFD2C
:1032F000002002F09BFDB72002F0A4FD002002F0A8
:1033000095FD002002F092FD3F2002F08FFD00208D
:1033100002F08CFD5E2002F089FD002002F086FDA7
:10332000642002F083FD002002F080FD8C2002F07A
:103330007DFD002002F07AFDAC2002F077FD002038
:1033400002F074FDDC2002F071FD002002F06EFD41
:10335000702002F06BFD002002F068FD902002F06A
:1033600065FD002002F062FDEB2002F05FFD002011
:1033700002F05CFDDC2002F059FD002002F056FD59
:10338000B82002F05FFD002002F050FD002002F0A6
:103390004DFD002002F04AFD002002F047FD002014
:1033A00002F044FD002002F041FD002002F03EFD4D
:1033B000002002F03BFDBA2002F044FD242002F080
:1033C00035FD002002F032FD002002F02FFD00202C
:1033D00002F02CFDC12002F035FD202002F026FD78
:1033E000002002F023FD542002F020FD002002F016
:1033F0001DFDFF2002F01AFD002002F017FDC22083
:1034000002F020FD0A2002F011FD002002F00EFD66
:10341000042002F00BFD002002F008FDC32002F0A2
:1034200011FD3C2002F002FD002002F0FFFC3A20DA
:1034300002F0FCFC002002F0F9FC392002F0F6FC5E
:10344000002002F0F3FC372002F0F0FC002002F034
:10345000EDFC3C2002F0EAFC002002F0E7FC362004
:1034600002F0E4FC002002F0E1FC322002F0DEFC7D
:10347000002002F0DBFC2F2002F0D8FC002002F03C
:10348000D5FC2C2002F0D2FC002002F0CFFC292039
:1034900002F0CCFC002002F0C9FC262002F0C6FCA1
:1034A000002002F0C3FC242002F0C0FC002002F047
:1034B000BDFC242002F0BAFC002002F0B7FC23205F
:1034C00002F0B4FC002002F0B1FC3C2002F0AEFCA3
:1034D000002002F0ABFC362002F0A8FC002002F035
:1034E000A5FC322002F0A2FC002002F09FFC2F205D
:1034F00002F09CFC002002F099FC2C2002F096FCCB
:10350000002002F093FC292002F090FC002002F041
:103510008DFC262002F08AFC002002F087FC24208B
:1035200002F084FC002002F081FC242002F07EFCEA
:10353000002002F07BFC232002F078FC002002F047
:1035400075FCC42002F07EFC622002F06FFC0020BB
:1035500002F06CFC052002F069FC002002F066FC21
:10356000842002F063FC002002F060FCF02002F0F6
:103570005DFC002002F05AFC182002F057FC0020ED
:1035800002F054FCA42002F051FC002002F04EFC9A
:10359000182002F04BFC002002F048FC502002F002
:1035A00045FC002002F042FC0C2002F03FFC002011
:1035B00002F03CFC172002F039FC002002F036FC3F
:1035C000952002F033FC002002F030FCF32002F0E2
:1035D0002DFC002002F02AFCE62002F027FC00204F
:1035E00002F024FCC52002F02DFC322002F01EFC6B
:1035F000002002F01BFC442002F018FC002002F026
:1036000015FC652002F012FC002002F00FFC762071
:1036100002F00CFC002002F009FC882002F006FCFD
:10362000002002F003FCC62002F00CFC202002F077
:10363000FDFB002002F0FAFB172002F0F7FB002050
:1036400002F0F4FB012002F0F1FB002002F0EEFB9F
:10365000C72002F0F7FB002002F0E8FB002002F098
:10366000E5FB002002F0E2FB002002F0DFFBC820B7
:1036700002F0E8FB002002F0D9FB002002F0D6FBAC
:10368000002002F0D3FB002002F0D0FBC92002F0A2
:10369000D9FB002002F0CAFB002002F0C7FB00208B
:1036A00002F0C4FB002002F0C1FB002002F0BEFBD0
:1036B000002002F0BBFB002002F0B8FB002002F06B
:1036C000B5FB002002F0B2FB002002F0AFFB0020AF
:1036D00002F0ACFB002002F0A9FB002002F0A6FBE8
:1036E000002002F0A3FB002002F0A0FB002002F06B
:1036F0009DFBE02002F0A6FB162002F097FB0020C5
:1037000002F094FB1C2002F091FB002002F08EFBE3
:10371000212002F08BFB002002F088FB362002F013
:1037200085FB002002F082FB462002F07FFB002098
:1037300002F07CFB522002F079FB002002F076FBC5
:10374000642002F073FB002002F070FB7A2002F08C
:103750006DFB002002F06AFB8B2002F067FB00206B
:1037600002F064FB992002F061FB002002F05EFB96
:10377000A82002F05BFB002002F058FBB92002F009
:1037800055FB002002F052FBC42002F04FFB00204A
:1037900002F04CFBCA2002F049FB002002F046FB7D
:1037A000D22002F043FB002002F040FBD92002F0BF
:1037B0003DFB002002F03AFBE02002F037FB002046
:1037C00002F034FBF32002F031FB002002F02EFB6C
:1037D000E12002F037FB162002F028FB002002F067
:1037E00025FB1C2002F022FB002002F01FFB222000
:1037F00002F01CFB002002F019FB362002F016FB41
:10380000002002F013FB452002F010FB002002F024
:103810000DFB522002F00AFB002002F007FB64209F
:1038200002F004FB002002F001FB7A2002F0FEFA15
:10383000002002F0FBFA8B2002F0F8FA002002F0E0
:10384000F5FA992002F0F2FA002002F0EFFAA8202F
:1038500002F0ECFA002002F0E9FAB92002F0E6FAF0
:10386000002002F0E3FAC42002F0E0FA002002F0A7
:10387000DDFACA2002F0DAFA002002F0D7FAD220EC
:1038800002F0D4FA002002F0D1FAD82002F0CEFAE9
:10389000002002F0CBFAE02002F0C8FA002002F08B
:1038A000C5FAF32002F0C2FA002002F0BFFAE220CB
:1038B00002F0C8FA052002F0B9FA002002F0B6FAC8
:1038C0000B2002F0B3FA002002F0B0FA1B2002F045
:1038D000ADFA002002F0AAFA342002F0A7FA002084
:1038E00002F0A4FA442002F0A1FA002002F09EFAAD
:1038F0004F2002F09BFA002002F098FA612002F0BB
:1039000095FA002002F092FA792002F08FFA002056
:1039100002F08CFA882002F089FA002002F086FA80
:10392000972002F083FA002002F080FAA62002F02D
:103930007DFA002002F07AFAB72002F077FA002030
:1039400002F074FAC22002F071FA002002F06EFA5E
:10395000C72002F06BFA002002F068FAD12002F0D2
:1039600065FA002002F062FAD62002F05FFA002029
:1039700002F05CFADD2002F059FA002002F056FA5B
:10398000F32002F053FA002002F050FAE32002F094
:1039900059FA052002F04AFA002002F047FA0A20FC
:1039A00002F044FA002002F041FA1C2002F03EFA34
:1039B000002002F03BFA332002F038FA002002F037
:1039C00035FA442002F032FA002002F02FFA50209B
:1039D00002F02CFA002002F029FA622002F026FA06
:1039E000002002F023FA782002F020FA002002F0F2
:1039F0001DFA882002F01AFA002002F017FA972028
:103A000002F014FA002002F011FAA62002F00EFAD9
:103A1000002002F00BFAB72002F008FA002002F0B2
:103A200005FAC22002F002FA002002F0FFF9C720D6
:103A300002F0FCF9002002F0F9F9D12002F0F6F9C9
:103A4000002002F0F3F9D52002F0F0F9002002F096
:103A5000EDF9DD2002F0EAF9002002F0E7F9F320A9
:103A600002F0E4F9002002F0E1F9E42002F0EAF9C2
:103A7000012002F0DBF9002002F0D8F9012002F069
:103A8000D5F9002002F0D2F9022002F0CFF900208F
:103A900002F0CCF92A2002F0C9F9002002F0C6F9A0
:103AA0003C2002F0C3F9002002F0C0F94B2002F0E4
:103AB000BDF9002002F0BAF95D2002F0B7F900204C
:103AC00002F0B4F9742002F0B1F9002002F0AEF96E
:103AD000842002F0ABF9002002F0A8F9932002F054
:103AE000A5F9002002F0A2F9A22002F09FF900201F
:103AF00002F09CF9B32002F099F9002002F096F947
:103B0000BE2002F093F9002002F090F9C42002F0E8
:103B10008DF9002002F08AF9CD2002F087F900200B
:103B200002F084F9D32002F081F9002002F07EF93E
:103B3000DD2002F07BF9002002F078F9F32002F09A
:103B400075F9002002F072F9E52002F07BF90020FF
:103B500002F06CF9002002F069F9002002F066F929
:103B6000002002F063F9022002F060F9002002F068
:103B70005DF9292002F05AF9002002F057F93C20A3
:103B800002F054F9002002F051F94B2002F04EF9F6
:103B9000002002F04BF95D2002F048F9002002F00D
:103BA00045F9742002F042F9002002F03FF9842028
:103BB00002F03CF9002002F039F9932002F036F9C6
:103BC000002002F033F9A22002F030F9002002F0C8
:103BD0002DF9B32002F02AF9002002F027F9BE20C7
:103BE00002F024F9002002F021F9C42002F01EF9AD
:103BF000002002F01BF9CD2002F018F9002002F09D
:103C000015F9D32002F012F9002002F00FF9DC20A0
:103C100002F00CF9002002F009F9F32002F006F995
:103C2000002002F003F9E62002F00CF9112002F066
:103C3000FDF8002002F0FAF8342002F0F7F8002036
:103C400002F0F4F8562002F0F1F8002002F0EEF84D
:103C5000762002F0EBF8002002F0E8F8772002F07E
:103C6000E5F8002002F0E2F8662002F0DFF800201C
:103C700002F0DCF8882002F0D9F8002002F0D6F833
:103C8000992002F0D3F8002002F0D0F8BB2002F017
:103C9000CDF8002002F0CAF8992002F0C7F8002001
:103CA00002F0C4F8662002F0C1F8002002F0BEF86D
:103CB000552002F0BBF8002002F0B8F8552002F0C1
:103CC000B5F8002002F0B2F8452002F0AFF800206D
:103CD00002F0ACF8432002F0A9F8002002F0A6F8A8
:103CE000442002F0A3F8002002F0A0F8E72002F040
:103CF000A9F8322002F09AF8002002F097F8552037
:103D000002F094F8002002F091F8762002F08EF88C
:103D1000002002F08BF8662002F088F8002002F004
:103D200085F8672002F082F8002002F07FF8672013
:103D300002F07CF8002002F079F8872002F076F893
:103D4000002002F073F8992002F070F8002002F0D1
:103D50006DF8BB2002F06AF8002002F067F89920A5
:103D600002F064F8002002F061F8772002F05EF8BB
:103D7000002002F05BF8442002F058F8002002F026
:103D800055F8562002F052F8002002F04FF8232098
:103D900002F04CF8002002F049F8332002F046F817
:103DA000002002F043F8452002F040F8002002F025
:103DB0003DF8E82002F046F8002002F037F8002035
:103DC00002F034F8992002F031F8002002F02EF8C9
:103DD000872002F02BF8002002F028F8882002F05B
:103DE00025F8002002F022F8772002F01FF80020CA
:103DF00002F01CF8662002F019F8002002F016F814
:103E0000882002F013F8002002F010F8AA2002F037
:103E10000DF8002002F00AF8BB2002F007F800209D
:103E200002F004F8992002F001F8002001F0FEFFF2
:103E3000662001F0FBFF002001F0F8FF552001F0A3
:103E4000F5FF002001F0F2FF552001F0EFFF002008
:103E500001F0ECFF442001F0E9FF002001F0E6FF53
:103E6000442001F0E3FF002001F0E0FF552001F0C5
:103E7000DDFF002001F0DAFFE92001F0E3FFAA20D6
:103E800001F0D4FF002001F0D1FF002001F0CEFFAF
:103E9000002001F0CBFF002001F0D4FFAA2001F0A8
:103EA000C5FFCF2001F0CEFF002001F0BFFF0020B2
:103EB00001F0BCFF002001F0B9FF002001F0B6FFC7
:103EC000002001F0B3FF002001F0B0FF002001F05E
:103ED000ADFF002001F0AAFF002001F0A7FF0020A5
:103EE00001F0A4FF002001F0A1FF002001F09EFFDF
:103EF000002001F09BFF002001F098FF002001F05E
:103F000095FF002001F092FF002001F08FFFF020CC
:103F100001F098FF002001F089FF502001F086FF9A
:103F2000002001F083FF002001F080FF002001F05D
:103F30007DFFF32001F086FF002001F077FFF920DC
:103F400001F080FF062001F071FF102001F06EFFEC
:103F5000292001F06BFF002001F068FF3A2001F0FA
:103F600071FF552001F062FF112001F06BFF64200A
:103F7000FEF79CFB292001F065FF352001F062FF70
:103F8000002001F053FF512001F05CFFFF2001F001
:103F90004DFF532001F056FF2C2001F047FF552024
:103FA00001F050FF822001F041FF2C2001F04AFF78
:103FB00010BD10B555214FF4704001F059FFAA21F2
:103FC0004FF2010001F054FF52214FF2020001F0C4
:103FD0004FFF08214FF2030001F04AFF01214FF289
:103FE000040001F045FF0D214FF4304001F040FF87
:103FF0000D214BF2010001F03BFF0D214BF20200BD
:1040000001F036FF34214FF4364001F031FF342106
:104010004BF2016001F02CFF34214BF2026001F001
:1040200027FF0D214FF4314001F022FF0D214BF20B
:10403000011001F01DFF0D214BF2021001F018FFDD
:1040400034214FF4374001F013FF34214BF201705B
:1040500001F00EFF34214BF2027001F009FF002144
:104060004FF4324001F004FF00214BF2012001F037
:10407000FFFE00214BF2022001F0FAFE24214FF452
:10408000384001F0F5FE24214BF6010001F0F0FE6E
:1040900024214BF6020001F0EBFE01214FF43F40DA
:1040A00001F0E6FE0F214FF4334001F0E1FE0F2155
:1040B0004BF2013001F0DCFE0F214BF2023001F037
:1040C000D7FE34214FF4394001F0D2FE34214BF6B3
:1040D000011001F0CDFE34214BF6021001F0C8FEB4
:1040E00008214FF4354001F0C3FE08214BF2015086
:1040F00001F0BEFE08214BF2025001F0B9FE03218F
:104100004FF4424001F0B4FE24214FF43A4001F054
:10411000AFFE24214BF6012001F0AAFE24214BF62C
:10412000022001F0A5FE00214FF43C4001F0A0FE6A
:1041300078214BF6014001F09BFE00214BF6024036
:1041400001F096FE00214FF43D4001F091FE7821F0
:104150004BF6015001F08CFE00214BF6025001F0AD
:1041600087FE00214FF43E4001F082FE64214BF6B1
:10417000016001F07DFE00214FF4514001F078FE16
:1041800033214DF2011001F073FE00214DF20210B7
:1041900001F06EFE34214DF2031001F069FE0021A2
:1041A0004DF2041001F064FE3A214DF2051001F0C9
:1041B0005FFE00214DF2061001F05AFE4A214DF239
:1041C000071001F055FE00214DF2081001F050FEDD
:1041D0005C214DF2091001F04BFE00214DF20A1056
:1041E00001F046FE81214DF20B1001F041FE00214D
:1041F0004DF20C1001F03CFEA6214DF20D1001F025
:1042000037FE00214DF20E1001F032FEE5214DF295
:104210000F1001F02DFE01214DF2101001F028FECB
:1042200013214DF2111001F023FE01214DF2121065
:1042300001F01EFE54214DF2131001F019FE012170
:104240004DF2141001F014FE82214DF2151001F010
:104250000FFE01214DF2161001F00AFECA214DF2A7
:10426000171001F005FE02214DF2181001F000FEBA
:1042700000214DF2191001F0FBFD02214DF21A1040
:1042800001F0F6FD01214DF21B1001F0F1FD0221BC
:104290004DF21C1001F0ECFD34214DF21D1001F027
:1042A000E7FD02214DF21E1001F0E2FD67214DF203
:1042B0001F1001F0DDFD02214DF2201001F0D8FDAC
:1042C00084214DF2211001F0D3FD02214DF2221084
:1042D00001F0CEFDA4214DF2231001F0C9FD022111
:1042E0004DF2241001F0C4FDB7214DF2251001F06C
:1042F000BFFD02214DF2261001F0BAFDCF214DF293
:10430000271001F0B5FD02214DF2281001F0B0FD9B
:10431000DE214DF2291001F0ABFD02214DF22A10F1
:1043200001F0A6FDF2214DF22B1001F0A1FD0221BA
:104330004DF22C1001F09CFDFE214DF22D1001F0EC
:1043400097FD03214DF22E1001F092FD10214DF248
:104350002F1001F08DFD03214DF2301001F088FD8A
:1043600033214DF2311001F083FD03214DF2321063
:1043700001F07EFD6D214DF2331001F079FD002139
:104380004FF4524001F074FD33214DF2012001F051
:104390006FFD00214DF2022001F06AFD34214DF243
:1043A000032001F065FD00214DF2042001F060FDC5
:1043B0003A214DF2052001F05BFD00214DF206206F
:1043C00001F056FD4A214DF2072001F051FD002178
:1043D0004DF2082001F04CFD5C214DF2092001F066
:1043E00047FD00214DF20A2001F042FD81214DF2EE
:1043F0000B2001F03DFD00214DF20C2001F038FDB5
:10440000A6214DF20D2001F033FD00214DF20E20CA
:1044100001F02EFDE5214DF20F2001F029FD0121D3
:104420004DF2102001F024FD13214DF2112001F076
:104430001FFD01214DF2122001F01AFD54214DF211
:10444000132001F015FD01214DF2142001F010FDA3
:1044500082214DF2152001F00BFD01214DF21620B5
:1044600001F006FDCA214DF2172001F001FD0221E5
:104470004DF2182001F0FCFC00214DF2192001F052
:10448000F7FC02214DF21A2001F0F2FC01214DF25D
:104490001B2001F0EDFC02214DF21C2001F0E8FC94
:1044A00034214DF21D2001F0E3FC02214DF21E20CB
:1044B00001F0DEFC67214DF21F2001F0D9FC022142
:1044C0004DF2202001F0D4FC84214DF2212001F096
:1044D000CFFC02214DF2222001F0CAFCA4214DF2B2
:1044E000232001F0C5FC02214DF2242001F0C0FC84
:1044F000B7214DF2252001F0BBFC02214DF2262010
:1045000001F0B6FCCF214DF2272001F0B1FC0221D1
:104510004DF2282001F0ACFCDE214DF2292001F003
:10452000A7FC02214DF22A2001F0A2FCF2214DF25B
:104530002B2001F09DFC02214DF22C2001F098FC73
:10454000FE214DF22D2001F093FC03214DF22E208F
:1045500001F08EFC10214DF22F2001F089FC032187
:104560004DF2302001F084FC33214DF2312001F076
:104570007FFC03214DF2322001F07AFC6D214DF2D7
:10458000332001F075FC00214FF4534001F070FC22
:1045900033214DF2013001F06BFC00214DF202306D
:1045A00001F066FC34214DF2033001F061FC002182
:1045B0004DF2043001F05CFC3A214DF2053001F07F
:1045C00057FC00214DF2063001F052FC4A214DF219
:1045D000073001F04DFC00214DF2083001F048FC9D
:1045E0005C214DF2093001F043FC00214DF20A300C
:1045F00001F03EFC81214DF20B3001F039FC00212D
:104600004DF20C3001F034FCA6214DF20D3001F0DA
:104610002FFC00214DF20E3001F02AFCE5214DF275
:104620000F3001F025FC01214DF2103001F020FC8B
:1046300013214DF2113001F01BFC01214DF212301B
:1046400001F016FC54214DF2133001F011FC012150
:104650004DF2143001F00CFC82214DF2153001F0C6
:1046600007FC01214DF2163001F002FCCA214DF287
:10467000173001F0FDFB02214DF2183001F0F8FB7C
:1046800000214DF2193001F0F3FB02214DF21A30F6
:1046900001F0EEFB01214DF21B3001F0E9FB02219C
:1046A0004DF21C3001F0E4FB34214DF21D3001F0DD
:1046B000DFFB02214DF21E3001F0DAFB67214DF2E3
:1046C0001F3001F0D5FB02214DF2203001F0D0FB6C
:1046D00084214DF2213001F0CBFB02214DF222303A
:1046E00001F0C6FBA4214DF2233001F0C1FB0221F1
:1046F0004DF2243001F0BCFBB7214DF2253001F022
:10470000B7FB02214DF2263001F0B2FBCF214DF272
:10471000273001F0ADFB02214DF2283001F0A8FB5B
:10472000DE214DF2293001F0A3FB02214DF22A30A7
:1047300001F09EFBF2214DF22B3001F099FB02219A
:104740004DF22C3001F094FBFE214DF22D3001F0A2
:104750008FFB03214DF22E3001F08AFB10214DF228
:104760002F3001F085FB03214DF2303001F080FB4A
:1047700033214DF2313001F07BFB03214DF2323019
:1047800001F076FB6D214DF2333001F071FB002119
:104790004FF4544001F06CFB33214DF2014001F025
:1047A00067FB00214DF2024001F062FB34214DF223
:1047B000034001F05DFB00214DF2044001F058FB85
:1047C0003A214DF2054001F053FB00214DF2064025
:1047D00001F04EFB4A214DF2074001F049FB002158
:1047E0004DF2084001F044FB5C214DF2094001F01C
:1047F0003FFB00214DF20A4001F03AFB81214DF2CE
:104800000B4001F035FB00214DF20C4001F030FB74
:10481000A6214DF20D4001F02BFB00214DF20E4080
:1048200001F026FBE5214DF20F4001F021FB0121B3
:104830004DF2104001F01CFB13214DF2114001F02C
:1048400017FB01214DF2124001F012FB54214DF2F1
:10485000134001F00DFB01214DF2144001F008FB63
:1048600082214DF2154001F003FB01214DF216406B
:1048700001F0FEFACA214DF2174001F0F9FA0221C7
:104880004DF2184001F0F4FA00214DF2194001F008
:10489000EFFA02214DF21A4001F0EAFA01214DF23D
:1048A0001B4001F0E5FA02214DF21C4001F0E0FA54
:1048B00034214DF21D4001F0DBFA02214DF21E4081
:1048C00001F0D6FA67214DF21F4001F0D1FA022122
:1048D0004DF2204001F0CCFA84214DF2214001F04C
:1048E000C7FA02214DF2224001F0C2FAA4214DF292
:1048F000234001F0BDFA02214DF2244001F0B8FA44
:10490000B7214DF2254001F0B3FA02214DF22640C5
:1049100001F0AEFACF214DF2274001F0A9FA0221B1
:104920004DF2284001F0A4FADE214DF2294001F0B9
:104930009FFA02214DF22A4001F09AFAF2214DF23B
:104940002B4001F095FA02214DF22C4001F090FA33
:10495000FE214DF22D4001F08BFA03214DF22E4045
:1049600001F086FA10214DF22F4001F081FA032167
:104970004DF2304001F07CFA33214DF2314001F02C
:1049800077FA03214DF2324001F072FA6D214DF2B7
:10499000334001F06DFA00214FF4554001F068FA00
:1049A00033214DF2015001F063FA00214DF2025023
:1049B00001F05EFA34214DF2035001F059FA002162
:1049C0004DF2045001F054FA3A214DF2055001F035
:1049D0004FFA00214DF2065001F04AFA4A214DF2F9
:1049E000075001F045FA00214DF2085001F040FA5D
:1049F0005C214DF2095001F03BFA00214DF20A50C2
:104A000001F036FA81214DF20B5001F031FA00210C
:104A10004DF20C5001F02CFAA6214DF20D5001F090
:104A200027FA00214DF20E5001F022FAE5214DF255
:104A30000F5001F01DFA01214DF2105001F018FA4B
:104A400013214DF2115001F013FA01214DF21250D1
:104A500001F00EFA54214DF2135001F009FA012130
:104A60004DF2145001F004FA82214DF2155001F07C
:104A7000FFF901214DF2165001F0FAF9CA214DF269
:104A8000175001F0F5F902214DF2185001F0F0F93C
:104A900000214DF2195001F0EBF902214DF21A50AC
:104AA00001F0E6F901214DF21B5001F0E1F902217C
:104AB0004DF21C5001F0DCF934214DF21D5001F093
:104AC000D7F902214DF21E5001F0D2F967214DF2C3
:104AD0001F5001F0CDF902214DF2205001F0C8F92C
:104AE00084214DF2215001F0C3F902214DF22250F0
:104AF00001F0BEF9A4214DF2235001F0B9F90221D1
:104B00004DF2245001F0B4F9B7214DF2255001F0D7
:104B1000AFF902214DF2265001F0AAF9CF214DF252
:104B2000275001F0A5F902214DF2285001F0A0F91B
:104B3000DE214DF2295001F09BF902214DF22A505D
:104B400001F096F9F2214DF22B5001F091F902217A
:104B50004DF22C5001F08CF9FE214DF22D5001F058
:104B600087F903214DF22E5001F082F910214DF208
:104B70002F5001F07DF903214DF2305001F078F90A
:104B800033214DF2315001F073F903214DF23250CF
:104B900001F06EF96D214DF2335001F069F90021F9
:104BA0004FF4564001F064F933214DF2016001F0F9
:104BB0005FF900214DF2026001F05AF934214DF203
:104BC000036001F055F900214DF2046001F050F945
:104BD0003A214DF2056001F04BF900214DF20660DB
:104BE00001F046F94A214DF2076001F041F9002138
:104BF0004DF2086001F03CF95C214DF2096001F0D2
:104C000037F900214DF20A6001F032F981214DF2AD
:104C10000B6001F02DF900214DF20C6001F028F934
:104C2000A6214DF20D6001F023F900214DF20E6036
:104C300001F01EF9E5214DF20F6001F019F9012193
:104C40004DF2106001F014F913214DF2116001F0E2
:104C50000FF901214DF2126001F00AF954214DF2D1
:104C6000136001F005F901214DF2146001F000F923
:104C700082214DF2156001F0FBF801214DF2166022
:104C800001F0F6F8CA214DF2176001F0F1F80221A7
:104C90004DF2186001F0ECF800214DF2196001F0BE
:104CA000E7F802214DF21A6001F0E2F801214DF21D
:104CB0001B6001F0DDF802214DF21C6001F0D8F814
:104CC00034214DF21D6001F0D3F802214DF21E6037
:104CD00001F0CEF867214DF21F6001F0C9F8022102
:104CE0004DF2206001F0C4F884214DF2216001F002
:104CF000BFF802214DF2226001F0BAF8A4214DF272
:104D0000236001F0B5F802214DF2246001F0B0F803
:104D1000B7214DF2256001F0ABF802214DF226607B
:104D200001F0A6F8CF214DF2276001F0A1F8022191
:104D30004DF2286001F09CF8DE214DF2296001F06F
:104D400097F802214DF22A6001F092F8F2214DF21B
:104D50002B6001F08DF802214DF22C6001F088F8F3
:104D6000FE214DF22D6001F083F803214DF22E60FB
:104D700001F07EF810214DF22F6001F079F8032147
:104D80004DF2306001F074F833214DF2316001F0E2
:104D90006FF803214DF2326001F06AF86D214DF297
:104DA000336001F065F855214FF4704001F060F870
:104DB000AA214FF2010001F05BF852214FF20200EC
:104DC00001F056F808214FF2030001F051F80021DC
:104DD0004FF2040001F04CF8CC214FF4314001F0C7
:104DE00047F800214BF2011001F042F805214FF481
:104DF000364001F03DF870214FF4374001F038F8AB
:104E000070214BF2017001F033F801214FF438406A
:104E100001F02EF803214BF6010001F029F80321DF
:104E20004BF6020001F024F803214BF6030001F0D9
:104E30001FF802214FF43C4001F01AF800214BF614
:104E4000014001F015F800214BF6024001F010F886
:104E5000D0214FF4494001F00BF802214CF601102B
:104E600001F006F850214CF6021001F001F8502133
:104E70004CF6031000F0FCFF50214CF6041000F03B
:104E8000F7FF00214FF4545000F0F2FF55214FF48A
:104E9000685000F0EDFF4FF4885000F0D3FF782009
:104EA000FDF710FC4FF4245000F0CCFF10BD10B5FE
:104EB000E22000F0C7FF1D2000F0B8FF022000F044
:104EC000B5FF042000F0B2FF6420FDF7FBFBE020FB
:104ED00000F0B8FF012000F0A9FF0A20FDF7E6FB73
:104EE000E02000F0AFFF032000F0A0FF0C20FDF752
:104EF000DDFB012000F0A6FF0A20FDF7D7FBE6202E
:104F000000F0A0FF2F2000F091FFFF2000F08EFFA7
:104F1000FF2000F08BFFB02000F094FF202000F075
:104F200085FF002000F082FF032000F07FFF40F2A9
:104F30001F3000F07BFF012000F078FF40F2DF100F
:104F400000F074FF002000F071FFB42000F07AFF41
:104F5000042000F06BFF40F21F4000F067FF0020CC
:104F600000F064FF2E2000F061FF002000F05EFFE3
:104F7000002000F05BFF002000F058FF002000F050
:104F800055FFB62000F05EFF022000F04FFF4FF407
:104F9000037000F04BFF002000F048FF172000F0E6
:104FA00045FF152000F042FF002000F03FFF0020E9
:104FB00000F03CFFF02000F045FF032000F036FF3A
:104FC000292000F03FFFD02000F03CFF002000F03F
:104FD0002DFFBE2000F036FF052000F027FFFE2049
:104FE00000F024FF012000F021FF002000F01EFF50
:104FF000002000F01BFF002000F018FFB82000F098
:1050000021FF032000F012FF012000F00FFFBA2063
:1050100000F018FF012000F009FF10BD10B51120AD
:1050200000F010FF7820FDF741FB362000F00AFF6A
:10503000002000F0FBFE3A2000F004FF052000F005
:10504000F5FEB22000F0FEFE0C2000F0EFFE0C207A
:1050500000F0ECFE002000F0E9FE332000F0E6FE58
:10506000332000F0E3FEB72000F0ECFE352000F026
:10507000DDFEBB2000F0E6FE322000F0D7FEC020AF
:1050800000F0E0FE0C2000F0D1FEC22000F0DAFEBD
:10509000012000F0CBFEC32000F0D4FE102000F071
:1050A000C5FEC42000F0CEFE202000F0BFFEC620CA
:1050B00000F0C8FE0F2000F0B9FED02000F0C2FEC4
:1050C000A42000F0B3FEA12000F0B0FEE02000F02C
:1050D000B9FED02000F0AAFE002000F0A7FE0220BA
:1050E00000F0A4FE072000F0A1FE0A2000F09EFEC2
:1050F000282000F09BFE322000F098FE442000F0B3
:1051000095FE422000F092FE062000F08FFE0E2059
:1051100000F08CFE122000F089FE142000F086FEC4
:10512000172000F083FEE12000F08CFED02000F07C
:105130007DFE002000F07AFE022000F077FE0720BE
:1051400000F074FE0A2000F071FE282000F06EFED0
:10515000312000F06BFE542000F068FE472000F084
:1051600065FE0E2000F062FE1C2000F05FFE17209E
:1051700000F05CFE1B2000F059FE1E2000F056FEE1
:105180002A2000F05FFE002000F050FE002000F01A
:105190004DFE002000F04AFEEF2000F047FE2B20DD
:1051A00000F050FE002000F041FE002000F03EFE26
:1051B000012000F03BFE3F2000F038FE292000F0E7
:1051C00041FE10BD10B5112000F03CFE7820FDF727
:1051D0006DFA362000F036FE482000F027FE3A2017
:1051E00000F030FE552000F021FEF02000F02AFEF5
:1051F000C32000F01BFEF02000F024FE962000F0FB
:1052000015FEB42000F01EFE012000F00FFEB620B7
:1052100000F018FE0A2000F009FEA22000F006FEB1
:10522000B72000F00FFEC62000F000FEB92000F00D
:1052300009FE022000F0FAFDE02000F0F7FDC0209A
:1052400000F000FE802000F0F1FD162000F0EEFDE1
:10525000C12000F0F7FD192000F0E8FDC22000F0A9
:10526000F1FDA72000F0E2FDC52000F0EBFD1620C7
:1052700000F0DCFDE82000F0E5FD402000F0D6FD68
:105280008A2000F0D3FD002000F0D0FD002000F0C7
:10529000CDFD292000F0CAFD192000F0C7FDA52092
:1052A00000F0C4FD332000F0C1FDE02000F0CAFD95
:1052B000F02000F0BBFD072000F0B8FD0D2000F04D
:1052C000B5FD042000F0B2FD052000F0AFFD142074
:1052D00000F0ACFD362000F0A9FD542000F0A6FD42
:1052E0004C2000F0A3FD382000F0A0FD132000F0BA
:1052F0009DFD142000F09AFD2E2000F097FD342033
:1053000000F094FDE12000F09DFDF02000F08EFD06
:10531000102000F08BFD142000F088FD0E2000F01E
:1053200085FD0C2000F082FD082000F07FFD352077
:1053300000F07CFD442000F079FD4C2000F076FD6B
:10534000262000F073FD102000F070FD122000F008
:105350006DFD2C2000F06AFD322000F067FDF0208A
:1053600000F070FD3C2000F061FDF02000F06AFDCF
:10537000692000F05BFD7820FDF798F9212000F00E
:1053800061FD292000F05EFD10BD000000B595B064
:1053900000BF00BF00200190F848006840F04000C6
:1053A000F64908600846006800F04000019000BF20
:1053B00000BF00BF00BF00BF00200190084600688A
:1053C00040F0080008600846006800F008000190FE
:1053D00000BF00BF00BF00BF00BF00200190084613
:1053E000006840F0080008600846006800F0080007
:1053F000019000BF00BF00BF00BF00BF00200190B0
:105400000846006840F0400008600846006800F068
:105410004000019000BF00BF00BF00BF00BF0020E0
:1054200001900846006840F00200086008460068E5
:1054300000F00200019000BF00BF00BF8814109070
:105440000220119001201290022013900C20149041
:1054500010A9CB48FBF74CFB2020109010A9C9489D
:10546000FBF746FB1020109010A9C648FBF740FB45
:105470004FF48050109010A9C348FBF739FB4FF44C
:10548000004010900120119010A9C048FBF730FB9C
:105490004FF02040BE490860BE4848600620886042
:1054A0000021BB48C1601021416100218161C161BF
:1054B00041624FF4805181620021C1624FF480410A
:1054C00001630021416381630F20099000200A904D
:1054D0003C200B9000200F900920029000200390A8
:1054E000092004900020089002AA09A9A848FCF706
:1054F00057F83220FDF7DAF8D32000F0A3FC00F0D3
:10550000D5F9A549888000F0D1F9A349888000F039
:10551000CDF9A1498880084680884FF6FF7101EADD
:1055200000209D49888000F0C1F99B498988084383
:10553000994988800846808849F2413188427CD068
:10554000042000F07FFC00F0B1F99349888000F05E
:10555000ADF99149888000F0A9F98F498880084603
:1055600080884FF6FF7101EA00208B49888000F0A7
:105570009DF9894989880843874988800846808839
:1055800048F25251884203D147F28970824988809B
:105590008148808847F289718842D0D0D42000F0B9
:1055A00051FC00F083F97C49888000F07FF97A494A
:1055B000888000F07BF978498880084680884FF61B
:1055C000FF7101EA00207449888000F06FF9724988
:1055D00089880843704988800846808845F21031E0
:1055E0008842ACD0D32000F02DFC00F05FF96A496E
:1055F000888000F05BF96849888000F057F96649B7
:105600008880084680884FF6FF7101EA00206249D1
:10561000888000F04BF96049898808435E4988809A
:105620000846808847F29671884288D055214FF409
:10563000704000F01DFCAA2100E07EE04FF2010066
:1056400000F016FC52214FF2020000F011FC08217C
:105650004FF2030000F00CFC01214FF2040000F0B7
:1056600007FC4FF4454000F0EDFB00F01FF94A49FC
:105670008880084680884FF6FF7101EA002046497D
:1056800088804CF2015000F0DDFB00F00FF9424938
:1056900089880843404988800520FDF707F83E487F
:1056A000808845F21051884247D0D32000F0CAFBD1
:1056B00000F0FCF83849888000F0F8F83649888016
:1056C00000F0F4F834498880084680884FF6FF716E
:1056D00001EA00203049888000F0E8F82E498988E6
:1056E00008432D4988800846808849F6060188428B
:1056F00023D0A12000F0A6FB00F0D8F8264988802E
:1057000000F0D4F824498880084680884FF6FF715D
:1057100001EA00202049888000F0C8F81E498988E5
:1057200008431D4988800846808845F26171884297
:1057300003D141F66310184988801748818817A063
:10574000FAF77AFE1448808847F28971884202D1BC
:10575000FFF764FC4EE01048808849F241318842EE
:1057600002D1FDF7F7F945E00B48808845F210318A
:10577000884219D1FDF7A4FC3CE00000303802401B
:1057800000180240000C02400014024000040240D5
:1057900020020020040100A0700200204C4344209D
:1057A00049443A25780D0A003A48808847F29671B4
:1057B000884202D1FFF706FD1CE03648808845F29A
:1057C0001051884202D1FEF7F4FB13E03148808883
:1057D00049F60601884202D1FDF7D2FA0AE02D48C7
:1057E000808841F66311884204D1FFF760FB642092
:1057F00000F0ECFA2748808847F2897188420BD084
:105800002448808849F24131884205D02148808867
:1058100041F6631188420AD10320029004901E4988
:105820000B6B8A68486802A9FBF784F821E01948E5
:10583000808845F21031884211D01648808847F29E
:10584000967188420BD01348808845F210518842E7
:1058500005D01048808849F60601884209D1022007
:10586000029004900C490B6B8A68486802A9FBF708
:1058700061F80020FDF7A8F800BF0122D103074816
:10588000FBF740FA00BF4FF6FF70FDF783F815B045
:1058900000BD000070020020200200200004024031
:1058A00000BF011EA0F10100FBD1704708B5022026
:1058B000FFF7F6FF024800880090BDF8000008BD21
:1058C0008000006CF0B50546002400278B488079E5
:1058D000012805D18948808841F66311884208D1A2
:1058E00086488079F0B98548808841F663118842FE
:1058F00018D1082D15D2DFE805F00406080A0C0EB1
:10590000101206250DE007250BE0042509E005250A
:1059100007E0012505E0002503E0032501E002255D
:1059200000BF00BF082D1CD2DFE805F00406090CFB
:105930000F12151800BF14E044F0800411E044F089
:1059400040040EE044F0C0040BE044F0200408E002
:1059500044F0600405E044F0A00402E044F0E004F8
:1059600000BF00BF36276548808845F21051884245
:1059700000D13F026148808849F2413188420BD012
:105980005E48808847F28971884205D05B488088EC
:1059900047F29671884201D144F008042146384606
:1059A00000F066FA5548808841F6631188421DD0A0
:1059B00004F0200068B15148008850494988884265
:1059C00014DA4E48068840884C49088008464680CC
:1059D0000CE04A48008849494988884206DD474822
:1059E00006884088454908800846468043488088A4
:1059F00045F21051884252D14049488900F022FABC
:105A0000002000F013FA3D494989491C88B200F092
:105A100019FA002000F00AFA38494989891C88B22D
:105A200000F010FA35490988491EC1F30F2000F033
:105A3000FDF932494989C91C88B200F003FA2F499F
:105A40000978491EC8B200F0F1F92C49888900F0A4
:105A5000F9F9002000F0EAF928498989491C88B23F
:105A600000F0F0F9002000F0E1F924498989891C4F
:105A700088B200F0E7F921494988491EC1F30F2097
:105A800000F0D4F91D498989C91C88B200F0DAF9FF
:105A90001A498978491EC8B200F0C8F92DE01749A3
:105AA000488900F0CFF9002000F0C0F9002000F094
:105AB000BDF912490988491EC1F30F2000F0B6F95B
:105AC0000E490978491EC8B200F0B0F90B4988891F
:105AD00000F0B8F9002000F0A9F9002000F0A6F9C4
:105AE00006494988491EC1F30F2000F09FF9034978
:105AF0008978491EC8B200F099F9F0BD7002002003
:105B000010B502460C464548808841F6631188422C
:105B100047D142488079A8B940480088401E801A81
:105B200082B23E49488900F08DF9002000F07EF9EC
:105B3000002000F07BF9101200F078F9D0B200F0EC
:105B400075F916E03549488900F07CF9101200F02B
:105B50006DF9D0B200F06AF930490988491EC1F3E5
:105B60000F2000F063F92D490978491EC8B200F0F2
:105B70005DF92A49888900F065F9201200F056F98C
:105B8000E0B200F053F925494988491EC1F30F20BE
:105B900000F04CF921498978491EC8B200F046F955
:105BA0003AE01E48808845F21051884220D11B49B6
:105BB000488900F047F9101200F038F9174949896F
:105BC000491C88B200F03EF9D0B200F02FF9134919
:105BD000888900F037F9201200F028F90F498989E7
:105BE000491C88B200F02EF9E0B200F01FF913E072
:105BF0000A49488900F026F9101200F017F9D0B2CE
:105C000000F014F90549888900F01CF9201200F011
:105C10000DF9E0B200F00AF910BD0000700200209A
:105C20002DE9FC4F80460E4615461C46B346002023
:105C3000019000902046E31704EB5373DB102146DC
:105C40004FEAE47C04EB5C7C4FEAEC0CA4EBCC0C5C
:105C5000BCF1000F02D04FF0010C01E04FF0000C3E
:105C60006344224604EBD27C4FEA6C0C03FB0CF33A
:105C7000DBB20193A5F12000C5B20C2C06D0102C8C
:105C80000BD0182C0ED0202C18D112E005EB4500BB
:105C90002D4901EB8000009012E02C4800EB05102C
:105CA00000900DE005EBC500294901EB8000009054
:105CB00006E0284800EB8510009001E0BDE8FC8F6D
:105CC00000BF00273AE0009810F807904FF0000A54
:105CD0002EE009F0800028B1314640460C9AFCF7CE
:105CE00029FF07E00B9828B91B4831460268404657
:105CF000FCF720FF4FEA49604FEA1069701C86B23A
:105D000016484088B04200DCD8E7A6EB0B00A04262
:105D10000AD15E4608F101001FFA80F80F4800889A
:105D2000404500DCCAE706E00AF1010000F0FF0A86
:105D3000BAF1080FCDDB00BF781CC7B201988742CB
:105D4000C1DB00BFBAE70000CE9100084296000810
:105D5000329C00088EA9000850000020700200202C
:105D60002DE9FC4F04460D4690469946DDE90C7A34
:105D70000B9E04F0FF0B08EB04001FFA80F809EB00
:105D800005001FFA80F917E0444502DB5C46A819BC
:105D900085B24D4500DB15E00020CDE9000A3A78D8
:105DA000334629462046FFF73BFF304606EBD071CD
:105DB00004EB61018CB27F1C38787E2802DC3878D5
:105DC0002028E1DA00BFBDE8FC8F000070B52DEDA2
:105DD000048B0446BE2000F035F8052000F026F8BC
:105DE000204603F0D2F841EC190B9FED0E0B53EC5B
:105DF000102B03F0DDF841EC180B03F099F885B295
:105E0000284600F013F8012000F010F8FF2000F001
:105E10000DF8002000F00AF8002000F007F8BDECB3
:105E2000048B70BD666666666666044001B5BDF8A3
:105E300000000090BDF800000149088008BD000086
:105E40008000006C01B5BDF800000090BDF80000B6
:105E50000149088008BD00007E00006C02480089EE
:105E60000249088070470000700200207E00006C2C
:105E7000034A10804FF0D842A2F88010704700000B
:105E80007E00006C00B587B000BF00BF002001900D
:105E90002048006840F020001E490860084600685D
:105EA00000F02000019000BF00BF00BF00BF00BF96
:105EB000002001900846006840F020000860084675
:105EC000006800F02000019000BF00BF00BF48152F
:105ED00002900120039004900220059002A90E4830
:105EE000FAF706FE4FF48060029002A90A48FAF71A
:105EF000FFFD00BF012251020748FAF703FF00BF70
:105F000000BF012291020448FAF7FCFE00BF07B06F
:105F100000BD0000303802400014024010B50320DC
:105F2000FAF79CFFFAF70CFF0723022208214FF42F
:105F3000A87001F051FAA820FCF79CFB4FF4E13067
:105F400001F0EEFAFFF79EFFFFF720FAFCF742FCA4
:105F500000F02CFF002000F00BF8022000F008F801
:105F6000012000F005F8FCF7DFFB002010BD000069
:105F700010B504460C4951F824104A000B4951F859
:105F80002400002100F036F8094951F8242007497F
:105F90000C3951F82400002100F02CF801210348AD
:105FA0000C30015510BD000050C1000870000020E9
:105FB00068C1000810B501460023002207E00B4825
:105FC00050F8210030F8120000B15B1C521C084848
:105FD00050F821009042F2D84FF47A705843044CA4
:105FE00054F82140B0FBF4F080B210BD70000020E6
:105FF00050C1000830B5034601E003F8011B141E30
:10600000A2F10102F9D130BD2DE9F04105460E465D
:106010002948076800202949096881F85D00274858
:106020000068001D01F098FA50B92448006890F803
:106030002C100120884022490968814320480160D2
:10604000681CD8B9D6B11F4948681C4909688860DE
:106050001A4982680968CA6018490968091D826876
:10606000516016490968091D8160164A134909687B
:106070004A6111460968491C11601AE07C190F48F1
:1060800000684460BC4207D20C480168091D0E48F4
:10609000006801F085FA0CE008480168091D0B480A
:1060A000006801F07DFA0A480068844201D208487D
:1060B0000460BDE8F0810000940000208000002012
:1060C00098000020F0840120880000208400002037
:1060D000B000002010B5044601F088FA314800688D
:1060E000401C304908603048006840B92E480460C0
:1060F0000846006801280DD100F05AFA0AE02B4842
:10610000006838B928480068C06AE16A884201D846
:106110002548046026480068401C25490860084658
:106120000068606494F82C100120884021490968B7
:10613000084320490860E16A01EB81011E4A02EB35
:1061400081014868A0608268E260211D8268516018
:106150008160E16A01EB8101174A02EB8102626111
:10616000E16A01EB8101144A52F82110491CE26AEC
:1061700002EB8202104B43F8221001F083FA0B4825
:10618000006868B108480068C06AE16A884207D2BE
:106190004FF0805009490860BFF34F8FBFF36F8FF6
:1061A00010BD000090000020800000209C00002016
:1061B000AC000020980000202082012004ED00E0C7
:1061C00010B501F013FA10480068D0B90F4801F07B
:1061D000D7F90F4801F0D4F90C480E4908600C4873
:1061E0000D49086000221021052001F02DFF06490D
:1061F00008600846006820B108A10348006801F063
:1062000059FB01F03FFA10BDD000002004850120A9
:1062100018850120C8000020CC000020546D725168
:106220000000000010B516E001F0E0F90C48C0686D
:10623000C468201D01F090F90A480068401E094911
:10624000086009480068401E0749086001F01AFA12
:10625000204600F05FF8044800680028E4D110BD33
:10626000DC840120900000208C00002070B50446E2
:106270000D46206C70B1216CE0680144E160D4E906
:106280000210884201D32168E1602846226CE1684F
:10629000FAF7A4F970BD2DE9F04104460F46154602
:1062A0004FF00008A66B206C48B9206800282CD15C
:1062B000A06802F083FB80460020A06025E07DB945
:1062C0003946226C6068FAF789F9216C60680844E5
:1062D0006060D4E90101884217D32068606014E04F
:1062E0003946226CE068FAF779F9216CE068411AC6
:1062F000E1602168E068884203D2216CA068411AFD
:10630000E160022D01D106B1761E701CA0634046EB
:10631000BDE8F08110B50446206B01F0F3F920468A
:1063200001F0F0F910BD00000146084A1268126839
:106330000AB9012200E000220A600A6822B9034A71
:106340001268D268106800E000207047C800002082
:1063500030B54FF42053174800F007042CB1C01D8E
:1063600020F00700134C041B1B1B0246124C22603A
:106370000024114D6C60D018083820F007000F4C35
:10638000206000240D4D2D686C600C4D2D682C6034
:106390001146441A4C60094C24680C60084D4C6846
:1063A0002C60084D4C682C604FF00044064D2C606A
:1063B00030BD00002C850120DC000020E40000201E
:1063C000EC000020E8000020F800002000BFFFF7EC
:1063D00029FF064800680128F9D94FF08050044988
:1063E0000860BFF34F8FBFF36F8FF0E7208201206B
:1063F00004ED00E02DE9F04106460D4617469846AB
:10640000069C0DB9246000E02760E6632564012145
:10641000204601F061FE84F850800020A064BDE8B1
:10642000F08100002DE9F05F82460F4690469B46C2
:106430000A9E0C9C4FEA8801A522206BFAF713F9FB
:10644000A8F10100216B01EB800929F0070909F08F
:10645000070008B9012000E0002028B94FF4587265
:1064600025A12EA0F9F7E8FF87B1002507E0795DA7
:1064700004F134004155785D00B902E06D1C102D27
:10648000F5D300BF00214320015502E0002084F82D
:106490003400202E01D2012000E0002028B940F273
:1064A000973215A11DA0F9F7C7FF202E00D31F2694
:1064B000E662E66400202065201D01F06EF804F11C
:1064C000180001F06AF82461C6F12000A06164623E
:1064D00000206065A06584F85C0084F85D005A4681
:1064E0005146484600F04CFC20600B9808B10B98D0
:1064F0000460BDE8F09F00002E2E5C2E2E5C4D69DE
:1065000064646C6577617265735C4672656552544C
:106510004F535C7461736B732E6300004572726F2E
:10652000723A2025732C2025640D0A002DE9F047CE
:1065300006460D4617469846DDE908940DB1012040
:1065400000E0002028B940F26B120CA114A0F9F76A
:1065500073FFFFF735FE2660A561C4F81C80C4F800
:106560002090201D01F019F82FB194F8280040F078
:10657000040084F82800BDE8F08700002E2E5C2E71
:106580002E5C4D6964646C6577617265735C4672FC
:10659000656552544F535C74696D6572732E630068
:1065A0004572726F723A2025732C2025640D0A0003
:1065B00010B5002407E004EB84010F4A02EB8100D0
:1065C00000F0DEFF641C202CF5D30C4800F0D8FF4F
:1065D0000B4800F0D5FF0B4800F0D2FF0A4800F04E
:1065E000CFFF0A4800F0CCFF04480949086004487E
:1065F0000849086010BD000020820120A08401200D
:10660000B4840120C8840120DC840120F0840120AE
:10661000840000208800002010B50146164800E0E4
:10662000006803688B42FBD30246436813448B42E5
:1066300004D143684C682344436001460A464B68D2
:1066400013440468A34211D10C4C03682468A3428C
:1066500008D04B680468646823444B6003681B6877
:106660000B6005E0054B1B680B6001E003680B60E5
:10667000884200D0016010BDDC000020E400002052
:106680002DE9F04104460D4616461F464FF000081E
:1066900065602461B5420CD8F01BA169884202D321
:1066A0004FF0010811E0211D0948006800F078FF53
:1066B0000BE0BE4204D2BD4202D34FF0010804E019
:1066C000211D0448006800F06BFF4046BDE8F081E2
:1066D000CC000020C800002070B5054600F086FF01
:1066E000A86B08B9012400E0002400F0CBFF20468D
:1066F00070BD70B5054600F079FFA86BE96B884264
:1067000001D1012400E0002400F0BCFF204670BD50
:10671000F1B50098846C00262CB940F6D53220A142
:1067200028A0F9F789FEA06BE16B884201D2012015
:1067300000E0002028B940F6D63219A121A0F9F7CF
:106740007BFEA06BE16B884227D294F94550002272
:1067500069462046FFF79FFD0646681C60B9606ADF
:1067600008B9012000E00020B0B904F1240002F0D3
:10677000ADF988B101260FE07F2D01D0012000E0A6
:10678000002028B940F6F63205A10EA0F9F754FE14
:10679000681C40B284F8450000BF3046F8BD0000D8
:1067A0002E2E5C2E2E5C4D6964646C65776172657B
:1067B000735C4672656552544F535C7175657565BF
:1067C0002E6300004572726F723A2025732C2025CB
:1067D000640D0A0070B505460E460E480068C06894
:1067E000C468201D00F0B8FE94F8280000F00400F2
:1067F00028B132462946204600F0FEF805E094F81C
:10680000280000F0FE0084F828002046216A88470E
:1068100070BD0000C800002070B586B08AE0029804
:1068200000280CDA03AE2EB940F2063247A150A080
:10683000F9F702FED6E90020B168904700BF029840
:10684000002877DB049C606908B9012000E0002083
:1068500010B9201D00F080FE01A800F0F9F80546EF
:1068600002980A2864D2DFE800F06305072E365349
:1068700006082F3700BF00BF00BF94F8280040F083
:10688000010084F828000398A269811803462A466B
:106890002046FFF7F5FEA8B194F8280000F00400A8
:1068A00038B10398A26981182A46204600F0A4F85E
:1068B00005E094F8280000F0FE0084F82800204647
:1068C000216A884735E000BF94F8280000F0FE00F8
:1068D00084F828002DE000BF94F8280040F0010063
:1068E00084F828000398A061A06908B1012000E0A5
:1068F000002028B940F2593214A11DA0F9F79CFDDF
:10690000A06941192B462A462046FFF7B9FE10E040
:1069100094F8280000F0020018B9204600F0F2FEBA
:1069200005E094F8280000F0FE0084F8280000E05C
:1069300000BF00BF002202A91148006801F0DEFD7F
:1069400000287FF46CAF06B070BD00002E2E5C2EC8
:106950002E5C4D6964646C6577617265735C467228
:10696000656552544F535C74696D6572732E630094
:106970004572726F723A2025732C2025640D0A002F
:10698000D0000020F8B505460C4601F0C1F9684674
:1069900000F05EF80646009820BB44B9B54206D820
:1069A00002F03AF931462846FFF714FF1CE03CB1EB
:1069B0000E480068006808B9012000E00020044685
:1069C000A91B22460A48006800F0BAFF02F024F929
:1069D00050B94FF0805007490860BFF34F8FBFF3A5
:1069E0006F8F01E002F018F9F8BD0000CC00002024
:1069F000D000002004ED00E070B504460D461646B8
:106A000004E0A06905442046216A8847A06941192D
:106A10002B4632462046FFF733FE0028F1D170BDE9
:106A200009480068006808B9012000E0002020B192
:106A30004FF0FF300549086005E003480068C06872
:106A4000006802490860704784000020B000002000
:106A500070B5044601F0B8FE054607480068854257
:106A600004D200F00BF80120206001E0002020603B
:106A700001480560284670BDD800002070B508E0C8
:106A80000D480068C06804684FF0FF312046FFF7EA
:106A9000A1FE09480068006808B9012000E0002054
:106AA0000028EDD0044805680448006802490860E1
:106AB0000248056070BD0000C8000020CC00002026
:106AC0000B480068401C08B9012000E0002020B9F4
:106AD000E92208A116A0F9F7AFFC00BF502080F30F
:106AE0001188BFF34F8FBFF36F8F00BF00BFFEE76A
:106AF000FC0000202E2E5C2E2E5C4D6964646C65BB
:106B000077617265735C4672656552544F535C7071
:106B10006F727461626C655C525644535C41524DB5
:106B20005F434D34465C706F72742E63000000004A
:106B30004572726F723A2025732C2025640D0A006D
:106B400008B500BF6846FFF7EFFB044620460099F2
:106B5000FFF718FFFFF760FEF4E770B5044600F09A
:106B600045FD94F9455019E0A06C30B12046FFF77F
:106B7000CFFD88B100F0EAFF0EE0606A08B901209D
:106B800000E0002038B904F1240001F09FFF18B1A3
:106B900000F0DCFF00E003E0681E45B2002DE3DCFE
:106BA00000BFFF2084F8450000F06CFD00F01EFDE2
:106BB00094F9445010E0206908B9012000E0002059
:106BC00048B904F1100001F081FF08B100F0BEFFE8
:106BD000681E45B200E001E0002DECDC00BFFF20A4
:106BE00084F8440000F04EFD70BD00002DE9F04136
:106BF00004464FF0000801F08BF84948006808B9D6
:106C0000FFF7A6FB474800682040002875D1002CFC
:106C100023D004F10800A0421FD9083404F0070073
:106C200000281BD004F00700C0F108002044A04257
:106C300011D904F00700C0F10800044404F0070073
:106C400008B9012000E0002040B99C2236A144A0F0
:106C5000F9F7F2FB02E0002400E00024002C4CD005
:106C600043480068844248D8424E3046056801E0F7
:106C70002E462D686868A04202D228680028F7D105
:106C800027480068854238D0306800F10808286835
:106C900030606868001B102813D92F1907F007000F
:106CA00008B9012000E0002020B9CF221EA12CA0AD
:106CB000F9F7C2FB6868001B78606C603846FFF724
:106CC000ABFC2B4968680968081A2949086008461E
:106CD000006829490968884203D225480068264986
:106CE00008601049686809680843686000202860E7
:106CF00022480068401C2149086001F08DFF08F01F
:106D0000070008B9012000E0002028B94FF488727C
:106D100005A113A0F9F790FB4046BDE8F081000003
:106D2000E4000020F80000202E2E5C2E2E5C4D6921
:106D300064646C6577617265735C46726565525414
:106D40004F535C706F727461626C655C4D656D4D24
:106D5000616E675C686561705F342E6300000000DF
:106D60004572726F723A2025732C2025640D0A003B
:106D7000E8000020DC000020EC000020F0000020F3
:106D8000001F4FF080730360001F21F001030360B8
:106D9000001F054B036014380260001F6FF00203F0
:106DA0000360203870470000C16A000800B58DB04C
:106DB000FBF7ACFB00BF00BF0020009071480068EB
:106DC00040F040006F4908600846006800F040004D
:106DD000009000BF00BF00BF00BF00BF00200090B8
:106DE0000846006840F0080008600846006800F0A7
:106DF0000800009000BF00BF00BF00BF00BF002020
:106E000000900846006840F00800086008460068E6
:106E100000F00800009000BF00BF00BF00BF0020CE
:106E2000009058480830006840F00100554908318A
:106E300008600846006800F00100009000BF00BF35
:106E400000BF002000904F48006840F008004D4906
:106E500008600846006800F00800009000BF00BF0E
:106E600000BF002000900846006840F01000086055
:106E70000846006800F01000009000BF00BF00BF8F
:106E8000002000900846006840F020000860084696
:106E9000006800F02000009000BF00BF00BF00208D
:106EA00000900846006840F040000860084600680E
:106EB00000F04000009000BF00BF081508900220BD
:106EC000099001200A9002200B900C200C9008A938
:106ED0002D48F9F70DFE2020089008A92B48F9F756
:106EE00007FE1020089008A92848F9F701FE4FF680
:106EF000037008900220099001200A9002200B9054
:106F000008A92248F9F7F4FD4FF68370089008A904
:106F10001F48F9F7EDFD4FF23F00089008A91D4802
:106F2000F9F7E6FD3F20089008A91748F9F7E0FDBA
:106F30004FF02040184908601848486004208860D5
:106F400000211548C160016110214161002181616A
:106F5000C16141624FF4805181620021C1620163CD
:106F6000416381630020019002900620039000207D
:106F70000490079001AA01A90748FAF711FB0DB088
:106F800000BD00003038024000180240000C0240F2
:106F9000001002400014024080020020040100A002
:106FA0001CB52048006840F078001E4908600120A8
:106FB000032100230246CDE900104EF233011A48A6
:106FC000FAF79CFF0120032100230246CDE90010BF
:106FD0004EF22F011548FAF791FF012003210023FB
:106FE0000246CDE9001040F233411148FAF786FF1E
:106FF0000120032100230246CDE900104FF4F06187
:107000000C48FAF77BFF01200B4908600B49C1F8D7
:10701000A8020949091F086000200849C1F8800238
:107020001CBD000030380240000C02400014024039
:107030000018024000100240948241420000434286
:107040002DE9FC410446002500260027FFF7A8FF94
:1070500000206B49086001F063FF00BF10E00020D2
:1070600067490860674931F81500FBF785FA01F0B8
:1070700057FF01206449C1F8940201F051FF6D1CD3
:10708000052DECDB01206149086000205E49C1F854
:107090009402200AFBF7C2FA01F042FF012058498E
:1070A000086001F03DFF00205749C1F89402E0B2AA
:1070B000FBF7B4FA01F034FF01205149086001F0F8
:1070C0002FFF00205049C1F894025148006840F059
:1070D00078004F4908600120032103460022CDE9D2
:1070E00000104FF4F0614B48FAF708FF012003212C
:1070F00003460022CDE900104CF203014648FAF79E
:10710000FDFE00203E49091F0860091D086001F0CE
:1071100007FF01203C49C1F8940201F001FF384803
:107120005C3800683849D1F83C1240EA41003649E1
:10713000D1F8001240EA81003349D1F8041240EA44
:10714000C1003649D1F81C1240EA01103349D1F888
:10715000201240EA41103149D1F8241240EA81104E
:107160002E49D1F8281240EAC110C6B201F0D8FE6B
:1071700000202349086001F0D3FE01202249C1F814
:10718000940201F0CDFE1E485C3800681E49D1F81B
:107190003C1240EA41001C49D1F8001240EA81004B
:1071A0001949D1F8041240EAC1001C49D1F81C1257
:1071B00040EA01101949D1F8201240EA411017495C
:1071C000D1F8241240EA81101449D1F8281240EA7B
:1071D000C110C7B201F0A4FE00200C49283108609C
:1071E000012007490860091F086001F099FE01208D
:1071F00006492831086047EA0620BDE8FC81000006
:1072000094824142080100200080414280024342B2
:107210003038024000100240000C024000004242A0
:1072200070B504460D460026FFF7BAFE01F078FE61
:1072300000BF10E000202F4908602F4931F81600E8
:10724000FBF79AF901F06CFE01202C49C1F8940279
:1072500001F066FE761C052EECDB01202849086053
:1072600000202649C1F89402802141EA1420FBF74E
:10727000D5F901F055FE01201E49086001F050FECD
:1072800000201E49C1F89402E0B2FBF7C7F901F0F3
:1072900047FE01201749086001F042FE002017490F
:1072A000C1F89402280AFBF7B9F901F039FE012070
:1072B0001049086001F034FE00201049C1F8940222
:1072C000E8B2FBF7ABF901F02BFE01200949086099
:1072D00001F026FE00200A492831086001200549F6
:1072E0000860091F086001F01BFE012004492831D5
:1072F000086070BD94824142080100200080414234
:10730000800243421CB5044600F070F9194800237E
:107310001A464FF47A71009017A001F04DFD1849FC
:1073200008600846006810B116A0F9F785F81B48F8
:10733000002301224FF47A71009019A001F03CFD66
:10734000194908600846006810B118A0F9F774F8E8
:107350001C48022100238022CDE900101AA11C48FC
:1073600001F0F2F91B48006800F052FB00F08AF9C6
:107370001CBD0000197E000874696D657230000044
:107380000C000020B6A8CAB1C6F730B4B4BDA8B38B
:10739000C9B9A6A3A1A3A10D0A000000417E00085F
:1073A00074696D657231000010000020B6A8CAB182
:1073B000C6F731B4B4BDA8B3C9B9A6A3A1A3A10DA2
:1073C0000A000000080000207461736B31000000A7
:1073D000A5740008040000202DE9F04192B0804619
:1073E0000C4615461E46002700BF002000902A4884
:1073F000006840F08050284908600846006800F0A6
:107400008050009000BF00BF00BF002000902348C4
:10741000006840F48040214908600846006800F494
:107420008040009000BF00BF012001900004029046
:107430000220079041050891CDF8288009940B950A
:107440000C9601A8F9F75EFE07461FB1012012B0A5
:10745000BDE8F0810F200D9002200E9000200F90CB
:107460004FF4A05010904FF48050119004210DA8BB
:10747000F9F708FD07460FB10120E8E7F9F748FCE6
:1074800041F20101884205D10548006840F480704E
:10749000034908600020DAE74038024000700040ED
:1074A000003C024008B5002435E00020FBF710FA4C
:1074B0000446012C18D101F087F90546A01E0023CF
:1074C0002A46012100901448006801F0D1FC01F027
:1074D0007BF90546A01E00232A46012100900F4893
:1074E000006801F0C5FC13E0022C11D1E01E00235E
:1074F0001A46032100900848006801F0B9FCE01E1C
:1075000000231A46032100900448006801F0B0FCF3
:107510000A2000F03BFAC8E70C0000201000002011
:1075200010B5044609480A4908600846446000212D
:107530008160C160016181610C214161FAF7C8FB82
:10754000012204490248FAF763FC10BD0010014013
:10755000DC0100203E00002001460A69D1E901302B
:107560009860D1E9010358605068884201D1886869
:107570005060002008611068401E1060106870475D
:1075800000F1080141604FF0FF31816000F1080116
:10759000C1600161002101607047002101617047F5
:1075A00010B502460B685C1C0CB9106907E002F1CB
:1075B000080000E04068446824689C42FAD94468A6
:1075C0004C604C68A160886041600A611468641C6A
:1075D000146010BD42684A6093688B60936859607C
:1075E0009160086103685B1C0360704710B500BFC1
:1075F000502080F31188BFF34F8FBFF36F8F00BF10
:107600000B480068401C0A490860084600680128C9
:107610000DD108480068C0B208B9012000E0002080
:1076200028B94FF4DB7204A112A0F8F705FF10BDD2
:10763000FC00002004ED00E02E2E5C2E2E5C4D6937
:1076400064646C6577617265735C467265655254FB
:107650004F535C706F727461626C655C5256445338
:107660005C41524D5F434D34465C706F72742E63C3
:10767000000000004572726F723A2025732C20259D
:10768000640D0A0010B50B48006828B940F2BD121D
:1076900009A118A0F8F7D0FE06480068401E054969
:1076A00008600846006820B9002080F3118800BFF8
:1076B00000BF10BDFC0000202E2E5C2E2E5C4D69FC
:1076C00064646C6577617265735C4672656552547B
:1076D0004F535C706F727461626C655C52564453B8
:1076E0005C41524D5F434D34465C706F72742E6343
:1076F000000000004572726F723A2025732C20251D
:10770000640D0A0070B506463546002E3AD0083D95
:107710002C461D4960680968084008B1012000E056
:10772000002028B94FF4927218A126A0F8F784FE21
:10773000206808B9012000E0002028B940F2251295
:1077400012A120A0F8F778FE0F4960680968084088
:10775000C0B12068B0B90C496068096888436060AE
:1077600000F0D6FA1B4960680968084419490860A6
:107770002046FEF751FF18480068401C1649086073
:1077800001F04AFA70BD0000F80000202E2E5C2E99
:107790002E5C4D6964646C6577617265735C4672DA
:1077A000656552544F535C706F727461626C655CB6
:1077B0004D656D4D616E675C686561705F342E6309
:1077C000000000004572726F723A2025732C20254C
:1077D000640D0A00E8000020F400002000204FF0B3
:1077E000E02108618861064800684FF47A71B0FBB7
:1077F000F1F0401E4FF0E02148610720086170471A
:107800000000002070B5F8F775FD0546102D11D366
:1078100005F1E02090F8F04310480078844201DB45
:10782000012000E0002028B940F217320CA11BA073
:10783000F8F702FE1D48006800F4E0601C49096882
:10784000884201D8012000E0002028B940F2273208
:1078500003A112A0F8F7F0FD70BD000000010020A8
:107860002E2E5C2E2E5C4D6964646C6577617265AA
:10787000735C4672656552544F535C706F727461ED
:10788000626C655C525644535C41524D5F434D34CB
:10789000465C706F72742E63000000004572726F58
:1078A000723A2025732C2025640D0A000CED00E0AF
:1078B000040100202DE9F04106460F462EB940F69E
:1078C000C82211A119A0F8F7B7FD0025BFB1002407
:1078D00012E01A4800EBC4004068B04203D11748D8
:1078E00000EBC4050AE035B9144850F8340010B96B
:1078F000124800EBC405641C082CEAD300BF0DB18C
:107900002F606E60BDE8F0812E2E5C2E2E5C4D69DE
:1079100064646C6577617265735C46726565525428
:107920004F535C71756575652E6300004572726F0B
:10793000723A2025732C2025640D0A00E081012075
:107940002DE9F04105460E4617462C46FFF74EFE40
:1079500094F94400401C10B9002084F8440094F9C4
:107960004500401C10B9002084F84500FFF78AFE4E
:10797000A06B28B93A46314604F1240000F01EF904
:107980002046FFF7EAF8BDE8F081000070B5044634
:107990000025ACB10F48006808B9012000E00020C4
:1079A00028B940F249520CA114A0F8F745FD00F0A7
:1079B000AFF900212046FEF727FB01F02DF905461F
:1079C0003DB94FF0805011490860BFF34F8FBFF3AE
:1079D0006F8F70BDBC0000202E2E5C2E2E5C4D697A
:1079E00064646C6577617265735C46726565525458
:1079F0004F535C7461736B732E6300004572726F3A
:107A0000723A2025732C2025640D0A0004ED00E055
:107A100070B50546FFF7EAFD15B92F48006800E08C
:107A200028460446201DFFF797FD78B9E06A00EB71
:107A300080002A4951F8200040B994F82C10012008
:107A4000884027490968814325480160A06A18B128
:107A500004F11800FFF780FD22480068401C21490E
:107A600008601D480068844209D1211D1E48FFF7A7
:107A7000B1FD1E480068401C1C49086006E01C4817
:107A80000068401E1A490860FEF7CAFFFFF7FAFDBA
:107A900011480068844202D02046FEF73BFC15489E
:107AA0000068C0B10C480068844214D112480068D4
:107AB00008B9012000E0002028B940F2DC420FA103
:107AC00017A0F8F7B9FC4FF0805019490860BFF3D0
:107AD0004F8FBFF36F8F70BD800000202082012088
:107AE00098000020AC000020DC8401208C000020E5
:107AF000900000209C000020BC0000202E2E5C2E58
:107B00002E5C4D6964646C6577617265735C467266
:107B1000656552544F535C7461736B732E63000040
:107B20004572726F723A2025732C2025640D0A006D
:107B300004ED00E0034909680160034909684160F8
:107B400070470000A8000020940000200120014997
:107B500008607047A400002070B504460D462CB99B
:107B600040F61C4207A110A0F8F766FC1248016815
:107B700018312046FFF714FD01212846FEF744FA8C
:107B800070BD00002E2E5C2E2E5C4D6964646C6509
:107B900077617265735C4672656552544F535C74CD
:107BA00061736B732E6300004572726F723A202509
:107BB000732C2025640D0A008000002070B5044657
:107BC0000E4615462CB940F6524211A119A0F8F7FD
:107BD00033FC60681B490968C8611A4982680968F2
:107BE0000A621849096818318268516015490968A4
:107BF00018318160134909688C622168491C216031
:107C00000DB14FF0FF3629463046FEF7FDF970BD45
:107C10002E2E5C2E2E5C4D6964646C6577617265F6
:107C2000735C4672656552544F535C7461736B7339
:107C30002E6300004572726F723A2025732C202546
:107C4000640D0A00800000201CB51C4800210B4672
:107C50008022CDE900101AA11B4800F075FD0446F2
:107C6000012C02D101F0C4F80446012C17D100BF49
:107C7000502080F31188BFF34F8FBFF36F8F00BF89
:107C80004FF0FF30114908600120114908600020C1
:107C900010490860F8F740FE00F0E6F80BE0601CC1
:107CA00008B1012000E0002028B94FF404620AA1C5
:107CB00012A0F8F7C1FB154800681CBDB4000020F5
:107CC00049444C4500000000CD630008B00000208E
:107CD0009C000020940000202E2E5C2E2E5C4D690E
:107CE00064646C6577617265735C46726565525455
:107CF0004F535C7461736B732E6300004572726F37
:107D0000723A2025732C2025640D0A00B80000204B
:107D100002480068401C014908607047BC00002010
:107D200010B52848006818B101202749086047E0CD
:107D30000020254908602548006825490860084654
:107D400000682449096888420BD92349096801F170
:107D50005400496D1E4A12681E4B1B68D21A11440A
:107D600001601B4800681B4908601C480068B0FAA5
:107D700080F0C0F11F0404EB8400194951F8200081
:107D800008B1012000E0002028B940F6024215A108
:107D90001DA0F8F751FB04EB8401114A02EB8100AE
:107DA00041684968416000F1080142688A4202D195
:107DB0004168496841604168C968074A116000BF6D
:107DC00010BD0000BC000020A400002058000020CE
:107DD000C4000020C0000020800000209800002087
:107DE000208201202E2E5C2E2E5C4D6964646C6511
:107DF00077617265735C4672656552544F535C746B
:107E000061736B732E6300004572726F723A2025A6
:107E1000732C2025640D0A0010B504460448006840
:107E2000401C034A0146106002A0F8F705FB10BD94
:107E30002C00002074696D65303A2025640D0A001D
:107E400010B5044604480068401C034A014610600F
:107E500002A0F8F7F1FA10BD3000002074696D65DA
:107E6000313A2025640D0A001CB55048006850497D
:107E7000884201D0012000E0002028B940F24312DE
:107E80004CA15BA0F8F7D8FA484800684849491E59
:107E9000884201D0012000E0002028B94FF4A272EE
:107EA00044A153A0F8F7C8FA554C20460078019039
:107EB000FF20214608700846007800909DF80000D9
:107EC00000F0F0009DF80010884201D1012000E090
:107ED000002028B940F25D1236A145A0F8F7ACFAAF
:107EE0009DF8000000F05000464908700720464900
:107EF000086009E044480068401E434908609DF856
:107F000000004006000E00909DF8000000F0800088
:107F10008028EFD03C480068C0F10700042801D158
:107F2000012000E0002028B940F2711221A130A008
:107F3000F8F782FA34480068C0F10700042801D13C
:107F4000012000E0002028B94FF4BD7219A128A03B
:107F5000F8F772FA2C48006800022B4908600846BE
:107F6000008800F4E06008602549019808700F4817
:107F70002030006840F470000C4920310860084649
:107F8000006840F070400860FFF728FC00201F499F
:107F90000860F8F777F91E48006840F040401C4937
:107FA0000860F8F75BF900201CBD000000ED00E060
:107FB00071C20F412E2E5C2E2E5C4D6964646C657F
:107FC00077617265735C4672656552544F535C709D
:107FD0006F727461626C655C525644535C41524DE1
:107FE0005F434D34465C706F72742E630000000076
:107FF0004572726F723A2025732C2025640D0A0099
:1080000000E400E00001002004010020FC0000204A
:1080100034EF00E010B500BF502080F31188BFF3AB
:108020004F8FBFF36F8F00BF00F0D4FB18B14FF03C
:1080300080500449086000BF002080F3118800BF11
:1080400010BD000004ED00E02DE9F84305460E46A2
:1080500017460024E5B1601EB0FBF5F0B04217D31F
:1080600005FB06F010F1550F12D805FB06F909F1D2
:108070005400FEF7BBFD04468CB1A04608F154083D
:108080003B464246314628460094FEF7B3F906E0E7
:108090002CB94FF4E37203A10BA0F8F7CDF92046F9
:1080A000BDE8F8832E2E5C2E2E5C4D6964646C65F1
:1080B00077617265735C4672656552544F535C71AB
:1080C000756575652E6300004572726F723A2025E2
:1080D000732C2025640D0A002DE9F04105460E465B
:1080E00001272C462CB94FF488722CA134A0F8F744
:1080F000A3F9002C42D0E06B00283FD04FF0FF31B5
:10810000E06BB1FBF0F0216C884237D3FFF76EFAD9
:10811000D4E90F12206801FB0200A0600020A063D8
:1081200020686060E06B401E226C216800FB021139
:10813000E160FF2084F8440084F845009EB920697E
:1081400008B9012000E00020A8B904F1100000F0F7
:10815000BDFC80B14FF080501D490860BFF34F8FC8
:10816000BFF36F8F07E004F11000FFF709FA04F185
:108170002400FFF705FAFFF785FA00E000270FB1AA
:10818000012000E0002028B940F2451203A10CA014
:10819000F8F752F93846BDE8F08100002E2E5C2E2B
:1081A0002E5C4D6964646C6577617265735C4672C0
:1081B000656552544F535C71756575652E6300009B
:1081C0004572726F723A2025732C2025640D0A00C7
:1081D00004ED00E02DE9FF4782B0064688461D46C3
:1081E0004FF0000934462CB940F22E3264A16DA044
:1081F000F8F722F9B8F1000F01D1206C08B901207D
:1082000000E0002028B940F22F325DA165A0F8F708
:1082100013F9022D02D1E06B012801D1012000E009
:10822000002028B94FF44C7255A15EA0F8F704F96C
:1082300000F0BAFA08B9049808B9012000E000205B
:1082400028B940F233324EA156A0F8F7F5F800BF36
:10825000FFF7CCF9A06BE16B884201D3022D3ED130
:10826000D4F838A02A4641462046FEF714F80746BF
:10827000A06C88B1022D02D1BAF1000F29D120469D
:10828000FEF746FA28B34FF080504A490860BFF322
:108290004F8FBFF36F8F1CE0606A08B9012000E0C8
:1082A000002068B904F1240000F010FC88B14FF000
:1082B000805040490860BFF34F8FBFF36F8F08E0D5
:1082C0003FB14FF080503B490860BFF34F8FBFF381
:1082D0006F8FFFF7D7F9012006B0BDE8F08704984B
:1082E00018B9FFF7CFF90020F6E7B9F1000F04D174
:1082F0006846FFF71FFC4FF00109FFF7C3F9FFF7CE
:1083000007FDFFF773F994F94400401C10B90020F1
:1083100084F8440094F94500401C10B9002084F80A
:108320004500FFF7AFF904A9684600F0A7F9F8B9CE
:108330002046FEF7DEF9A8B104F110000499FFF71A
:108340000BFC2046FEF709FC00F066FC00287FF4D9
:108350007FAF4FF0805017490860BFF34F8FBFF3D6
:108360006F8F75E72046FEF7F8FB00F055FC6FE7CE
:108370002046FEF7F2FB00F04FFC0020ACE70000C7
:108380002E2E5C2E2E5C4D6964646C65776172657F
:10839000735C4672656552544F535C7175657565C3
:1083A0002E6300004572726F723A2025732C2025CF
:1083B000640D0A0004ED00E02DE9F84F80468B467D
:1083C00015461E4644462CB940F202423EA147A043
:1083D000F8F732F8BBF1000F01D1206C08B9012089
:1083E00000E0002028B940F2034237A13FA0F8F78F
:1083F00023F8022E02D1E06B012801D1012000E018
:10840000002028B940F204422FA138A0F8F714F850
:10841000FFF7F8F900BF5021EFF3118081F31188C5
:10842000BFF34F8FBFF36F8F00BF0746A06BE16BA9
:10843000884201D3022E3ED194F945A0A06B009052
:10844000324659462046FDF726FF0AF10100E8B9F9
:10845000A06C60B1022E02D10098002828D12046DD
:10846000FEF756F920B31DB30120286020E0606AB2
:1084700008B9012000E00020D0B904F1240000F088
:1084800025FBA8B1A5B10120286011E0BAF17F0F4A
:1084900001D0012000E0002028B940F28D420AA15D
:1084A00012A0F7F7C9FF0AF1010040B284F84500B5
:1084B0004FF0010901E04FF0000900BF87F3118878
:1084C00000BF4846BDE8F88F2E2E5C2E2E5C4D690D
:1084D00064646C6577617265735C4672656552545D
:1084E0004F535C71756575652E6300004572726F40
:1084F000723A2025732C2025640D0A002DE9F741DE
:1085000083B005460E464FF000082C462CB940F2C9
:1085100051524CA154A0F7F78FFF0EB9206C08B947
:10852000012000E0002028B940F2555245A14EA09C
:10853000F7F782FF00F038F908B9059808B901206B
:1085400000E0002028B940F25A523EA146A0F7F7B9
:1085500073FF00BFFFF74AF8A76BF7B1314620461B
:10856000FDF784FE781EA063206908B9012000E0B1
:10857000002060B904F1100000F0A8FA38B14FF003
:1085800080503D490860BFF34F8FBFF36F8FFFF7F7
:1085900079F8012006B0BDE8F081059818B9FFF719
:1085A00071F80020F6E7B8F1000F04D101A8FFF739
:1085B000C1FA4FF00108FFF765F8FFF7A9FBFFF7D5
:1085C00015F894F94400401C10B9002084F84400C8
:1085D00094F94500401C10B9002084F84500FFF7CD
:1085E00051F805A901A800F049F8F0B92046FEF7B6
:1085F00073F8A0B104F124000599FFF7ADFA204605
:10860000FEF7ABFA00F008FB0028A3D14FF0805032
:1086100019490860BFF34F8FBFF36F8F9AE7204669
:10862000FEF79BFA00F0F8FA94E72046FEF795FA79
:1086300000F0F2FA2046FEF74FF800288AD000201A
:10864000A8E700002E2E5C2E2E5C4D6964646C65DC
:1086500077617265735C4672656552544F535C7105
:10866000756575652E6300004572726F723A20253C
:10867000732C2025640D0A0004ED00E070B5064659
:108680000C462EB940F6FD421FA128A0F7F7D4FEF4
:108690002CB940F6FE421CA124A0F7F7CDFEFEF750
:1086A000A5FF264802687068131A2548006890F8EC
:1086B0005D0030B100202249096881F85D00012584
:1086C0001EE02068401C08B9002519E01D493068EB
:1086D0000968884206D07068904203D801250020BE
:1086E00020600DE02068984207D92068C01A2060F9
:1086F0003046FFF71FFA002502E000202060012528
:10870000FEF7C0FF284670BD2E2E5C2E2E5C4D69F4
:1087100064646C6577617265735C4672656552541A
:108720004F535C7461736B732E6300004572726FFC
:10873000723A2025732C2025640D0A009400002035
:1087400080000020A80000202DE9FF4F85B0804662
:1087500089461746DDE912ABB800FEF747FA064630
:1087600056B16020FEF742FA04460CB1266304E0DD
:108770003046FEF7C7FF00E000247CB10020CDE9C1
:1087800000ABCDE902403A4649464046089BFDF71A
:1087900049FE2046FDF79EFC012501E04FF0FF3524
:1087A000284609B0BDE8F08F0549096809B90120DC
:1087B00005E00449096809B9022000E0002070477B
:1087C0009C000020BC0000200149086870470000A0
:1087D000940000202DE9F0414FF000085F48006848
:1087E00000287DD15E480068451C5D480560002D6D
:1087F0001DD15C480068006808B9012000E0002035
:1088000028B940F6C72258A160A0F7F715FE5548D1
:10881000076862480068534908606048076060481C
:108820000068401C5E490860FEF7FAF800BF5D482A
:108830000068854277D300BF4A480068006808B9DD
:10884000012000E0002020B14FF0FF3055490860C2
:1088500068E044480068C068C4686668B54202D2EF
:10886000504806605EE06069D4E902128A60D4E98B
:1088700002214A60211D42688A4201D1E1684160BB
:10888000002262610168491E0160A06A98B1A06A75
:10889000D4E907128A60D4E907214A6004F118017B
:1088A00042688A4201D1216A41600022A2620168C5
:1088B000491E016000BF94F82C10012088403A49FD
:1088C0000968084338490860E16A01EB8101374AC9
:1088D00002EB81014868A0608268E260211D00E02F
:1088E00033E0826851608160E16A01EB81012F4AC7
:1088F00002EB81026261E16A01EB81012B4A52F8CD
:108900002110491CE26A02EB8202284B43F8221034
:108910002749E06A0968C96A88428DD34FF0010887
:108920008AE700E000BF22480068C06A00EB8000D0
:108930001E4951F82000012801D94FF001081D48B7
:10894000006808B14FF0010804E01B480068401CB3
:10895000194908604046BDE8F0810000BC000020D5
:1089600094000020840000202E2E5C2E2E5C4D6989
:1089700064646C6577617265735C467265655254B8
:108980004F535C7461736B732E6300004572726F9A
:10899000723A2025732C2025640D0A0088000020DF
:1089A000A8000020B00000209800002020820120B4
:1089B00080000020A4000020A000002070B5054623
:1089C0002C460026002D5ED030480068844201D13C
:1089D000012000E0002028B941F24F022CA135A06F
:1089E000F7F72AFD206D28B941F2500228A131A0E5
:1089F000F7F722FD206D401E2065E16CE06A884299
:108A000041D0206D00283ED1201DFEF7A5FD40B9C4
:108A100094F82C10012088402A490968814329488C
:108A20000160E06CE062E06AC0F12000A06194F8AF
:108A30002C10012088402349096808432149086017
:108A4000E16A01EB8101204A02EB81014868A060E4
:108A50008268E260211D826851608160E16A01EBF9
:108A60008101194A02EB81026261E16A01EB810135
:108A7000154A52F82110491CE26A02EB8202124B9D
:108A800043F822100126304670BD0000800000200F
:108A90002E2E5C2E2E5C4D6964646C657761726568
:108AA000735C4672656552544F535C7461736B73AB
:108AB0002E6300004572726F723A2025732C2025B8
:108AC000640D0A00980000202082012070B506463F
:108AD000F068C4682CB940F682423CA144A0F7F784
:108AE000ABFCA06AD4E907128A60D4E907214A6086
:108AF00004F1180142688A4201D1216A41600022D2
:108B0000A2620168491E01603D48006800283DD10D
:108B10006069D4E902128A60D4E902214A60211D09
:108B200042688A4201D1E1684160002262610168C5
:108B3000491E016094F82C100120884031490968D1
:108B4000084330490860E16A01EB81012E4A02EBDB
:108B500081014868A0608268E260211D82685160DE
:108B60008160E16A01EB8101274A02EB81026261C7
:108B7000E16A01EB8101244A52F82110491CE26AA2
:108B800002EB8202204B43F8221010E01F49486894
:108B9000E0618268226204F118018268516081609C
:108BA0001A4AA26211460968491C116000BF18499F
:108BB000E06A0968C96A884204D90125012015497B
:108BC000086000E00025284670BD00002E2E5C2EB7
:108BD0002E5C4D6964646C6577617265735C467286
:108BE000656552544F535C7461736B732E63000060
:108BF0004572726F723A2025732C2025640D0A008D
:108C0000BC0000209800002020820120C8840120A0
:108C100080000020A400002070B5002400265048E9
:108C2000006828B940F6B3024EA157A0F7F704FC3C
:108C3000FEF7DCFC4A480068401E494908600846C7
:108C4000006800287ED15448006800287AD05BE094
:108C50005248C068C468A06AD4E907128A60D4E99F
:108C600007214A6004F1180142688A4201D1216A51
:108C700041600022A2620168491E01606069D4E976
:108C800002128A60D4E902214A60211D42688A42A8
:108C900001D1E1684160002262610168491E016002
:108CA00094F82C10012088403D49096808433C494C
:108CB0000860E16A01EB81013A4A02EB81014868F0
:108CC000A0608268E260211D826851608160E16A73
:108CD00001EB8101334A02EB81026261E16A01EB3F
:108CE0008101304A52F82110491CE26A02EB8202EB
:108CF0002C4B43F822102C49E06A0968C96A884263
:108D000002D30120294908602448006808B90120DD
:108D100000E0002000289BD00CB1FDF781FE244824
:108D2000056865B100BFFFF755FD10B101201F496F
:108D300008606D1E002DF6D100201D4908601B48FB
:108D4000006800E008E038B10126300719490860E2
:108D5000BFF34F8FBFF36F8FFEF794FC304670BDAB
:108D6000BC0000202E2E5C2E2E5C4D6964646C6568
:108D700077617265735C4672656552544F535C74DB
:108D800061736B732E6300004572726F723A202517
:108D9000732C2025640D0A0090000020C884012057
:108DA000980000202082012080000020A4000020E4
:108DB000A000002004ED00E02DE9FC4705460E462A
:108DC00017469846DDF828902C20FDF70FFF044643
:108DD00054B1002084F8280043463A4631462846DC
:108DE000CDE90094FDF7A2FB2046BDE8FC8700001A
:108DF0001CB50024FDF7E4F90B48006858B10B4896
:108E00001F2100234FF48072CDE9001008A10A4809
:108E1000FFF79AFC04462CB940F2191207A110A0E2
:108E2000F7F70AFB20461CBDD0000020D40000202C
:108E3000546D722053766300416B00082E2E5C2E19
:108E40002E5C4D6964646C6577617265735C467213
:108E5000656552544F535C74696D6572732E63007F
:108E60004572726F723A2025732C2025640D0A001A
:108E70002DE9FF4704460D4616461F46DDF83080B3
:108E80004FF000092CB940F28B1217A11FA0F7F781
:108E9000D3FA2248006810B3009501960294062D7B
:108EA00015DAFFF781FC022808D100234246694603
:108EB0001A480068FFF78EF9814610E000231A4631
:108EC000694616480068FFF785F9814607E00023E8
:108ED0003A46694611480068FFF76EFA81464846EF
:108EE00004B0BDE8F08700002E2E5C2E2E5C4D698C
:108EF00064646C6577617265735C46726565525433
:108F00004F535C74696D6572732E63004572726FA6
:108F1000723A2025732C2025640D0A00D000002011
:108F200044F2A01001E000BF401E0028FBD17047B2
:108F30004FEA1153A3F58063D3F11E03A8BFD3F109
:108F4000200C08DB4FF0004242EAC12252EA5052A4
:108F500032FA03F0704709420BD4102BC4BF002033
:108F6000704703F5787CBCF1FF3F05D04FF0FF3030
:108F700070474FF00000704770B500F0C3F800BFB5
:108F80004992248000207047F0E7B0FA80F310FA8D
:108F900003F10AD0C3F11D0303F580634FEA41508A
:108FA0004FEA035202EBD12170474FF000007047A7
:108FB000DFF848C170B51CEA111E1EBF1CEA13156C
:108FC0009EEA0C0F95EA0C0F00F06F8081EA030413
:108FD00023EA4C134EEAD47E21EA4C1141F480116D
:108FE00043F48013AE44A1FB024CA0FB0365AEF139
:108FF0007F7E361955EB0C05A1FB034C4CF10003A9
:10900000A0FB021C16EB0C06654153F1000309425C
:1090100018BF46F0010613F4007F0BD14FEA03316D
:109020004FEA0530340341EA155140EA16506FF01B
:1090300003020AE04FEAC3214FEAC520F40241EAE5
:10904000555140EA56506FF0020202EB2E4201EBFE
:10905000025585EACE710AD05FEA440C18BF24F0AD
:10906000004450F1000041F1000120EAD47040F2C8
:10907000FE7C624500D270BDA84214BF4FF0804410
:109080004FF04044002E08BF0024BEF1806FA8BFFF
:10909000A1F1C041BDE8704080F282804FF0000035
:1090A00001F1C04101F0004170479EEA0C0F0CEA4B
:1090B000131518BF95EA0C0F06D04FF0000081EA97
:1090C000030E0EF0004170BD00F01CF88900013E57
:1090D00000F007B800F009B84FEA430C5FEA5C5CA7
:1090E00008D081EA030100F05BB84FEA410C5FEA67
:1090F0005C5CF6D14FF00000014970470000FF07AB
:109100000000F87F0EF1020E2EF0030E5EF8046BE5
:10911000364205D4012A43EB030515F5001F12D88A
:10912000012841EB010C1CF5001F0CD80ED14FEAB1
:10913000D17C15F5001F0CEB4C0C0CF1020C08BF98
:109140004CEBD37C04E04FF0080C01E04FEAD37CF9
:109150000CEB4C0526FA05F606F00706B6F1040CF2
:1091600006D20EEB860CBDE870404CF0010C604757
:10917000DFE80CF0090B02024FF000414FF0000055
:10918000A1F5002170BD19461046012851EB0104DC
:1091900018BFD4F5001484BF002001F0004170BD59
:1091A0000808A0F500114FEA310170474FF04070F8
:1091B000E1EE100A7047000000000000000001020C
:1091C0000304060708090000000001020304000070
:1091D00000000000000000000000000000003F4010
:1091E000000000000000000030004000300040009F
:1091F000000009000BC03D000BC03D00090018C075
:1092000024407FE0224031800000180024C01B0071
:109210000D803240018003801C4027401C800740A5
:10922000004010006000000000000000000000008E
:10923000000000001F80204040200000402020400F
:109240001F8000000000090006001F8006000900C2
:109250000000040004003F8004000400000000102F
:109260000060000000000000000004000400040092
:1092700004000400000000000040000000000000A6
:109280000000002001C006003800400000001F80E0
:109290002040204020401F800000000010403FC0C0
:1092A00000400000000018C0214022402440184027
:1092B000000010802040244024401B800000020059
:1092C0000D0011003FC0014000003C8024402440BC
:1092D0002440238000001F80244024403440038029
:1092E00000003000200027C03800200000001B8054
:1092F0002440244024401B8000001C0022C0224047
:1093000022401F8000000000000008400000000014
:1093100000000000000004600000000000000000E9
:1093200004000A00110020804040090009000900E3
:1093300009000900000000004040208011000A00E0
:1093400004001800200023402400180000001F80A3
:109350002040274029401F400000004007C039003E
:109360000F0001C0004020403FC0244024401B802B
:1093700000001F802040204020403080000020401E
:109380003FC0204020401F80000020403FC02440BC
:109390002E4030C0000020403FC024402E0030004E
:1093A00000000F0010802040224033800200204047
:1093B0003FC0040004003FC02040204020403FC088
:1093C0002040204000000060202020203FC02000DE
:1093D000200020403FC024400B0030C020402040EF
:1093E0003FC020400040004000C03FC03C0003C0E0
:1093F0003C003FC0000020403FC00C4023003FC065
:1094000020001F802040204020401F80000020407E
:109410003FC024402400180000001F80214021404C
:1094200020E01FA0000020403FC02440260019C0BB
:10943000004018C024402440224031800000300009
:1094400020403FC020403000000020003F8000400E
:1094500000403F80200020003E0001C0070038008F
:109460002000380007C03C0007C038000000204042
:1094700039C0060039C0204000002000384007C035
:10948000384020000000304021C02640384020C035
:109490000000000000007FE04020402000000000AD
:1094A00070000C00038000400000000040204020BD
:1094B0007FE00000000000002000400020000000CD
:1094C000000000100010001000100010001000003C
:1094D0000000400000000000000000000280054085
:1094E000054003C0004020003FC00440044003800A
:1094F000000000000380044004400640000000001B
:109500000380044024403FC0004000000380054029
:10951000054003400000000004401FC024402440D8
:109520002000000002E005500550065004202040B5
:109530003FC00440040003C000400000044027C0B6
:1095400000400000000000100010041027E00000A0
:10955000000020403FC00140070004C004402040FC
:1095600020403FC000400040000007C0040007C08A
:10957000040003C00000044007C00440040003C00E
:1095800000400000038004400440038000000410F9
:1095900007F00450044003800000000003800440F2
:1095A000045007F00010044007C00240040004000B
:1095B0000000000006400540054004C00000000017
:1095C00004001F80044000400000040007800040A9
:1095D000044007C000400400070004C001800600EA
:1095E0000400060001C0070001C00600000004409E
:1095F00006C0010006C0044000000410071004E08B
:109600000180060004000000044005C0064004403C
:1096100000000000000004007BE04020000000008B
:1096200000000000FFF000000000000040207BE090
:1096300004000000000040008000400020002000E6
:1096400040000000000000000000000000000000DA
:1096500000000000000000001FCC000C0000000013
:1096600000000000080030006000080030006000CA
:109670000000022003FC1E20022003FC1E2002200A
:10968000000000000E1811043FFF10840C78000049
:1096900000000F0010840F3800C00778188400788D
:1096A000000000780F8410C411240E9800E4008498
:1096B00000080800680070000000000000000000C2
:1096C000000000000000000007E01818200440021D
:1096D0000000000040022004181807E0000000000D
:1096E00000000240024001800FF001800240024071
:1096F00000000080008000800FF800800080008063
:1097000000000001000D000E00000000000000003D
:109710000000000000800080008000800080008049
:1097200000800000000C000C0000000000000000A1
:10973000000000000006001800600180060018000C
:109740002000000007F0080810041004080807F0C3
:1097500000000000080408041FFC000400040000CE
:10976000000000000E0C10141024104411840E0C84
:10977000000000000C1810041104110412880C7071
:109780000000000000E00320042408241FFC002443
:10979000000000001F98108411041104108810703C
:1097A0000000000007F008881104110418880070F8
:1097B000000000001C00100010FC13001C00100032
:1097C000000000000E3811441084108411440E383B
:1097D000000000000700088C10441044088807F0BF
:1097E0000000000000000000030C030C000000005B
:1097F0000000000000000001010600000000000061
:10980000000000000080014002200410080810043D
:10981000000002200220022002200220022002205A
:10982000000000001004080804100220014000801D
:10983000000000000E001200100C106C10800F00D1
:10984000000003E00C1813E4142417C4082807D000
:1098500000000004003C03C41C40074000E4001C5E
:10986000000410041FFC1104110411040E88007080
:10987000000003E00C1810041004100410081C1061
:10988000000010041FFC100410041004080807F066
:10989000000010041FFC1104110417C41004081860
:1098A000000010041FFC1104110017C01000080074
:1098B000000003E00C181004100410441C78004051
:1098C000000010041FFC10840080008010841FFC26
:1098D00010040000100410041FFC10041004000009
:1098E000000000030001100110011FFE1000100015
:1098F000000010041FFC110403801464181C1004E1
:10990000000010041FFC1004000400040004000CFC
:10991000000010041FFC1F0000FC1F001FFC1004AF
:10992000000010041FFC0C04030000E010181FFCD2
:10993000100007F00808100410041004080807F0CD
:10994000000010041FFC10841080108010800F0095
:10995000000007F0081810241024101C080A07F251
:10996000000010041FFC1104110011C011300E0C76
:10997000000400000E1C11041084108410441C38D4
:1099800000001800100010041FFC10041000180044
:10999000000010001FF810040004000410041FF859
:1099A000100010001E0011E0001C007013801C004D
:1099B00010001FC0103C00E01F0000E0103C1FC062
:1099C00000001004180C163401C001C01634180C25
:1099D000100410001C00130400FC13041C001000F1
:1099E00000000804101C1064108413041C041018D8
:1099F00000000000000000007FFE40024002400224
:109A00000000000030000C0003800060001C000318
:109A1000000000004002400240027FFE0000000003
:109A20000000000000002000400040004000200036
:109A3000000000010001000100010001000100011F
:109A40000001000040004000200000000000000075
:109A5000000000000098012401440144014400FC7E
:109A6000000410001FFC008801040104008800703D
:109A70000000000000700088010401040104008857
:109A800000000000007000880104010411081FFCA0
:109A90000004000000F8014401440144014400C8EE
:109AA00000000000010401040FFC11041104110066
:109AB0001800000000D601290129012901C9010669
:109AC000000010041FFC008401000100010400FCE0
:109AD000000400000104190419FC00040004000043
:109AE00000000000000300010101190119FE00003F
:109AF000000010041FFC0024004001B4010C01040C
:109B000000000000100410041FFC0004000400000A
:109B10000000010401FC0104010001FC010401003A
:109B200000FC010401FC008401000100010400FCB0
:109B30000004000000F8010401040104010400F81D
:109B40000000010101FF008501040104008800708C
:109B5000000000000070008801040104010501FFFD
:109B600000010104010401FC0084010401000180E2
:109B70000000000000CC01240124012401240198EC
:109B8000000000000100010007F8010401040000CA
:109B90000000010001F8000400040004010801FCB9
:109BA0000004010001800170000C001001600180C0
:109BB000010001F0010C003001C00030010C01F087
:109BC000010000000104018C00740170018C01048B
:109BD0000000010101810171000E00180160018087
:109BE000010000000184010C013401440184010CD6
:109BF0000000000000000000000001003EFC4002E8
:109C000040020000000000000000FFFF0000000014
:109C100000000000400240023EFC01000000000085
:109C20000000000060008000800040004000200034
:109C30002000000000000000000000000000000004
:109C40000000000000000000000000000000000014
:109C50000000000000000000000000000000000004
:109C600000000000000F80380FFE380F8038000021
:109C700000000000000000000000000000000000E4
:109C80000100000600000C00003800003100000652
:109C900000000C0000380000300000000000000050
:109CA000000061800067F807F98000618000618032
:109CB0000061800061800067F807F9800061800022
:109CC000000000000000000001C0E003E0F00630EA
:109CD000080418081FFFFE040E080787F00381E040
:109CE00000000000000001F000060C00040408065B
:109CF0000C7001F9C0000E00003BE000EC180708F2
:109D000008040C180003E00000000001E00007F068
:109D100003F818041C0804170807E1D003C0E0008A
:109D200023B0003C080020080000100000000000E4
:109D3000000100003100003200001C0000000000A3
:109D40000000000000000000000000000000000013
:109D50000000000000000000000000000000000003
:109D600000007F0001FFC00780F00C001810000405
:109D70002000020000000000002000021000040C7F
:109D800000180780F001FFC0007F00000000000005
:109D90000000000000000000000000000000420081
:109DA000006600006600003C0000180003FFC000D1
:109DB0001800003C00006600006600004200000041
:109DC000000008000008000008000008000008006B
:109DD00001FFC000080000080000080000080000A3
:109DE0000800000000000001000031000032000007
:109DF0001C00000000000000000000000000000047
:109E00000000000000000000000008000008000042
:109E10000800000800000800000800000800000812
:109E20000000080000080000000000000000000022
:109E3000000038000038000038000000000000007A
:109E40000000000000000000000000000000000012
:109E50000000000600001C000070000180000E00E1
:109E600000380000C0000700001C000030000000A7
:109E70000000000000007F8001FFE003807006000A
:109E80001804000804000806001803807001FFE0B1
:109E9000007F8000000000000000000001000801B9
:109EA000000801000803FFF807FFF80000080000A1
:109EB0000800000800000000000000000001C03899
:109EC00002C058040098040118040218040418067B
:109ED0001C1803F81801E0F8000000000000000062
:109EE0000001C0E003C0F0040008040808040808EA
:109EF00006180803F41801E7F00001E00000000074
:109F00000000000000000300000D000011000061CF
:109F10000000810803010807FFF80FFFF80001089F
:109F20000001080000000000000000E007FCD0066F
:109F30000808061008061008061008061838060F4C
:109F4000F00607C0000000000000000000003F8095
:109F500001FFE0038430020818041008041008040C
:109F60001008071810030FF00007C00000000000E1
:109F70000000000003C0000700000600000600F813
:109F80000607F806180006E00007000006000000BB
:109F9000000000000001E1E003F7F00634100418AF
:109FA00008041808040C08040C0806161803F3F03B
:109FB00001C1E000000000000000F80003FC3003D5
:109FC0000638040208040208040208040410030806
:109FD000F001FFC0007F0000000000000000000052
:109FE0000000000000000000000070380070380021
:109FF00070380000000000000000000000000000B9
:10A000000000000000000000000000000000301A06
:10A0100000301C00000000000000000000000000F4
:10A0200000000000000000000008000014000022F2
:10A030000000410000808001004002002004001068
:10A0400008000800000000000000210000210000BE
:10A05000210000210000210000210000210000213A
:10A0600000002100002100000000000000000000AE
:10A070000800080400100200200100400080800059
:10A080004100002200001400000800000000000051
:10A090000003C00004C000040000080038080F38A6
:10A0A0000808380810000C300007E00003C000006A
:10A0B0000000000000003F8000FFE0038070020FFE
:10A0C0001006708804C088048308047F8802C0904A
:10A0D00003012000FE400000080000180001F80005
:10A0E0003E0801C20007020007E20000FE00001F58
:10A0F000C80001F800003800000804000807FFF855
:10A1000007FFF804080804080804080804080806FB
:10A11000180803F41801E7F00001E0000000000057
:10A1200000003F8001FFE003807002001804000877
:10A130000400080400080400100600200780C00086
:10A14000000004000807FFF807FFF80400080400F7
:10A150000804000804001802001003807001FFE0EA
:10A16000007F8000000004000807FFF807FFF804E4
:10A170000808040808040808040808043E08040045
:10A180000806001801006000000004000807FFF83E
:10A1900007FFF80408080408000408000408000485
:10A1A0003E000600000600000180000000000000E4
:10A1B00000003F8001FFE0038070060018040008E3
:10A1C0000402080402080203F00783F00002000002
:10A1D000020004000807FFF807FFF8040808000859
:10A1E0000000080000080000080004080807FFF845
:10A1F00007FFF80400080000000000000400080445
:10A20000000804000807FFF807FFF804000804002E
:10A210000804000800000000000000000000000624
:10A22000000007000001040001040001040003070E
:10A23000FFFE07FFFC04000004000004000004000F
:10A240000807FFF807FFF8040C08001800003E009C
:10A2500004C7800503C80600F8040038040018008D
:10A26000000804000807FFF807FFF80400080000D2
:10A27000080000080000080000080000080000189E
:10A2800000006000000004000807FFF807800807CE
:10A29000FC00007FC00003F80007C00078000780C2
:10A2A0000807FFF807FFF804000804000807FFF894
:10A2B00007000803C00000E000003800001E000096
:10A2C00007000001C00400F007FFF80400000000D0
:10A2D00000007F8001FFE003807006001804000882
:10A2E00004000806001803003001FFE0007F800032
:10A2F000000004000807FFF807FFF804040804043E
:10A3000000040400040400040400060C0003F80028
:10A3100001F000000000000000007F8001FFE0036A
:10A3200080700600880400880400C806003C030012
:10A330003E01FFE6007F8400000004000807FFF8EC
:10A3400007FFF8040808040800040C00040F0004C8
:10A350000BC00610F003F03801E008000008000010
:10A360000001E0F803F03006301004180804180863
:10A37000040C08040C080206180207F00781E0002C
:10A38000000001800006000004000004000004003A
:10A390000807FFF807FFF8040008040000040000A5
:10A3A00006000001800004000007FFE007FFF00442
:10A3B0000018000008000008000008000008000065
:10A3C0000804001007FFE00400000400000600007D
:10A3D00007E00007FE00041FE00001F8000038005D
:10A3E00001E0043E0007C000060000040000040075
:10A3F0000007E00007FFC0041FF80007C007F800CF
:10A4000007FF80043FF80007C004F80007000004BD
:10A41000000000000004000806001807C07805F1DD
:10A42000C8003E00001F800463E80780F80600189B
:10A430000400080000000400000600000780000778
:10A44000E008047C08001FF80007F800180804E082
:10A4500008070000060000040000000000010008DA
:10A460000600380400F80403E8040F08047C08051B
:10A47000F00807C008070018040060000000000092
:10A48000000000000000000000000000003FFFFE90
:10A490002000022000022000022000022000020012
:10A4A000000000000000000008000007000000C0DD
:10A4B000000038000006000001C000003000000E5F
:10A4C0000000010000000000000000002000022049
:10A4D00000022000022000022000023FFFFE0000D8
:10A4E000000000000000000000000000000000006C
:10A4F00000000008000010000030000020000030C4
:10A500000000100000080000000000000000000033
:10A510000100000100000100000100000100000135
:10A520000000010000010000010000010000010026
:10A5300000010000000000000000002000002000DA
:10A5400000100000100000000000000000000000EB
:10A550000000000000000000000000F00019F800FA
:10A560001B18002208002608002408002410003FC1
:10A57000F8001FF8000008000018000000040000A8
:10A5800007FFF80FFFF0001818001008002008005F
:10A590002008003018001FF0000FC000000000006D
:10A5A000000007C0001FF00018300020080020083D
:10A5B000002008003C08001C1000006000000000A3
:10A5C00000000000000007C0001FF0003818002045
:10A5D0000800200800200804101007FFF80FFFF003
:10A5E0000000100000000000000000000007C00094
:10A5F0001FF000123000221800220800220800324A
:10A6000008001E10000E20000000000000002000C6
:10A6100000200800200801FFF803FFF806200804C6
:10A6200020080420080720000300000000000000AC
:10A630000000000E000E6E001FF30031B10020B1CB
:10A640000020B1003191001F13002E1E00200E00CB
:10A65000300000000004000807FFF80FFFF80010AA
:10A6600008002000002000002008003FF8001FF82C
:10A6700000000800000000000000000000200800AA
:10A680002008002008063FF8063FF80000080000F8
:10A6900008000008000000000000000000000000AA
:10A6A0000000030000030020010020010020030639
:10A6B0003FFE063FFC00000000000000000000001C
:10A6C0000004000807FFF80FFFF8000188000300EE
:10A6D000002FC00038F800203800200800000800D3
:10A6E000000000000000000004000804000804004E
:10A6F0000807FFF80FFFF800000800000800000836
:10A70000000000000000002008003FF8003FF800B3
:10A710001008002000003FF8003FF800100800205B
:10A7200000003FF8003FF80000080000000020088B
:10A73000003FF8003FF80010080010000020000063
:10A740002008003FF8001FF800000800000000008B
:10A75000000007C0000FF00018300030080020088B
:10A76000002008003008001830000FF00007C0007B
:10A770000000000000002001003FFF003FFF00102C
:10A7800011002009002008002008003038001FF0C8
:10A79000000FC00000000000000007C0001FF00014
:10A7A0003818002008002008002009001011001FA0
:10A7B000FF003FFF0000010000000020080020080B
:10A7C000002008003FF8003FF800080800100800CB
:10A7D00020080020000030000030000000000000D1
:10A7E00000000000000C78001E1800330800230849
:10A7F0000021080021880021980030F00038600016
:10A80000000000000000200000200000200000FFE9
:10A81000F003FFF8002008002008002008000030A6
:10A82000000000000000000000002000003FF000D9
:10A830007FF8000018000008000008002010003F0A
:10A84000F8007FF000001000000000000000200071
:10A85000003000003C00003F800023F00000780042
:10A860000070002380003C00003000002000002029
:10A8700000003C00003FE00023F80000E00027005B
:10A88000003E00003FE00021F80001E0003E000033
:10A890002000000000002008002008003838003E9A
:10A8A000680027800003C8002CF800383800201802
:10A8B000002008000000000000002000003003001D
:10A8C0003C01003F830023EC000070002380003C2B
:10A8D0000000200000200000000000000000000038
:10A8E0000038080020380020F80023E8002F8800F6
:10A8F0003E0800380800201800007000000000002A
:10A90000000000000000000000000000000008003F
:10A910000014001FF7FC30000620000200000000B9
:10A920000000000000000000000000000000000027
:10A9300000000000FFFFFF0000000000000000001A
:10A9400000000000000000000000000020000230B5
:10A9500000061FF7FC0014000008000000000000C3
:10A9600000000000000000000000000000180000CF
:10A9700060000040000040000020000010000008BF
:10A9800000000400000400000C00001000000000A3
:10A9900000000000000000000000000000000000B7
:10A9A00000000000000000000000000000000000A7
:10A9B0000000000000000000000000000000000097
:10A9C0000000000000000000000000000000000087
:10A9D0000000000000000000000000000000000077
:10A9E00000000000000007F000C007FFE1E007F0F2
:10A9F00001E0000000C000000000000000000000B6
:10AA00000000000000000000000000000000000046
:10AA10000000000000000020000001C000000780CE
:10AA200000001F0000001E0000001C20000001C0EC
:10AA30000000078000001F0000001E0000001C0036
:10AA40000000000000000000000000000000000006
:10AA5000000000180C0000180C0000180FE0001F88
:10AA6000FC0003F80C0000180C0000180C00001883
:10AA70000C0000180C0000180FE0001FFC0003F889
:10AA80000C0000180C0000180C0000000000000072
:10AA900000000000000000000780007807C000FCF4
:10AAA0000640010E002003070020020380200FFF54
:10AAB000FFFC0201C0200200E0600130704001F0A4
:10AAC0003F8000F01F00000000000000000000FEBA
:10AAD000000001FF0000030180000200806003010C
:10AAE00081C001FF070000FE18000000E000000325
:10AAF000BF00000CFFC00071806001C10020030195
:10AB000080600000FFC000003F0000000000000067
:10AB10001F0000007FC000FCC0C001FF8060030375
:10AB2000E0200202782002061E2003FC074001F00C
:10AB30000380000103C000011C600001E02000014F
:10AB40000020000100400000018000000000000023
:10AB50000000002000001C6000001C4000001F805E
:10AB600000000F00000000000000000000000000D6
:10AB700000000000000000000000000000000000D5
:10AB800000000000000000000000000000000000C5
:10AB900000000000000000000000000000000000B5
:10ABA000000000000000000000000007F800003F67
:10ABB000FF00007807C001C000E00300003004007F
:10ABC000000808000004100000020000000000005F
:10ABD0000000100000020800000404000008030048
:10ABE000003001C000E0007807C0003FFF00000710
:10ABF000F80000000000000000000000000000005D
:10AC00000000000000000000000000000000000044
:10AC1000000000000000000C1800000E3800000EBC
:10AC2000380000063000000360000061438000FF30
:10AC3000FF80006143000003600000063000000E4A
:10AC40003800000E3800000C180000000000000062
:10AC500000000000000000008000000080000000F4
:10AC60008000000080000000800000008000007F65
:10AC7000FF00000080000000800000008000000055
:10AC80008000000080000000800000000000000044
:10AC9000000000000001000000E3000000E20000EE
:10ACA00000FC000000780000000000000000000030
:10ACB0000000000000000000000000000000000094
:10ACC0000000000000000000000000000000000084
:10ACD00000000000800000008000000080000000F4
:10ACE0008000000080000000800000008000000064
:10ACF0008000000080000000800000008000000054
:10AD000080000000800000008000000000000000C3
:10AD1000000000000000000000C0000001E0000092
:10AD200001E0000000C00000000000000000000082
:10AD30000000000000000000000000000000000013
:10AD40000000000000000000000000000000000003
:10AD500000000000000C00000038000000E00000CF
:10AD6000038000000E00000038000000E000000337
:10AD70008000000E00000038000000E000000380AA
:10AD800000000E000000180000000000000000009D
:10AD9000000000000000000FF800007FFF0000F03E
:10ADA0000780018000C00300006002000020020054
:10ADB00000200200002003000060018000C000E0CD
:10ADC0000380007FFF00000FF8000000000000007B
:10ADD0000000000000000000000000800020008053
:10ADE0000020008000200080006001FFFFE003FFE2
:10ADF000FFE00000006000000020000000200000D4
:10AE00000020000000000000000000000000000022
:10AE1000000000000000007800E0009801600100E0
:10AE2000026002000460020008600200106002007C
:10AE3000206002004060030080600183006001FE2A
:10AE400000E0007C0780000000000000000000001F
:10AE500000000000000000F0078001F007C00100C2
:10AE60000040020000200201002002010020020137
:10AE70000020030380200186804001FCC0C00078D0
:10AE80007F8000001E0000000000000000000000A5
:10AE90000000000008000000380000004800000129
:10AEA000880000060800000C081000300810004060
:10AEB000081001FFFFF003FFFFF003FFFFF00000A9
:10AEC000081000000810000008100000000000003A
:10AED00000000000000000000780001F864003E122
:10AEE00000200302002003040020030400200304C8
:10AEF00000200304002003060040030301C00301F7
:10AF0000FF8003007E000000000000000000000041
:10AF10000000000000000007FC00003FFF00007080
:10AF2000C380008180C00101006003020020020292
:10AF3000002002020020020200200203004001C1A2
:10AF400080C000C0FF8000007E0000000000000004
:10AF500000000000000000F0000003C000000380BB
:10AF6000000003000000030007E003003FE00301CE
:10AF7000C000030600000318000003600000038007
:10AF800000000300000000000000000000000000BE
:10AF9000000000001F0000783F8000FC60C0018EB0
:10AFA000C04003078020020300200201802002012C
:10AFB00080200201C0200301E040018670C000FC37
:10AFC0003F8000781F00000000000000000000002B
:10AFD0000000003F000000FF81C001C0C1C00100AF
:10AFE0006020020020200200202002002020020019
:10AFF0002060020040C00100C18000C18F00007FBE
:10B00000FE00001FF0000000000000000000000033
:10B010000000000000000000000000000000000030
:10B02000000000000000000300C0000781E00007EE
:10B0300081E0000300C000000000000000000000EC
:10B040000000000000000000000000000000000000
:10B0500000000000000000000000000000000000F0
:10B0600000000000000000060066000600780000F6
:10B0700000000000000000000000000000000000D0
:10B0800000000000000000000000000000000000C0
:10B09000000000000000000080000001C00000036C
:10B0A000600000063000000C180000180C00003092
:10B0B00006000060030000C00180010000400200A3
:10B0C000002004000010000000000000000000004C
:10B0D0000000000410000004100000041000000430
:10B0E0001000000410000004100000041000000410
:10B0F0001000000410000004100000041000000400
:10B100001000000410000004100000000000000007
:10B1100000000000000004000010020000200100F8
:10B12000004000C0018000600300003006000018ED
:10B130000C00000C18000006300000036000000145
:10B14000C0000000800000000000000000000000BF
:10B150000000000000000078000001F80000023844
:10B16000000002000000040000C0040079E00400B8
:10B1700081E0040100C00403000002020000030695
:10B18000000001FC000000F80000000000000000CA
:10B190000000000FF800003FFE000070078000C0B4
:10B1A00000C00101F8400307FC20021E0420023009
:10B1B000082002203020023FFC20013F0440018093
:10B1C0000CC000E03180001FC20000000000000041
:10B1D000002000000060000003E000003E200003AB
:10B1E000E020003E200003E020000380200007FC58
:10B1F0002000003FE0000003FE2000003FE00000D0
:10B2000001E000000020000000200000000000001D
:10B210000000020000200200002003FFFFE003FF07
:10B22000FFE00201002002010020020100200201D3
:10B23000002002010020030300200186806001FC41
:10B24000C0C000F87F8000001F0000000000000068
:10B2500000000007F800003FFF000070078000C0FA
:10B2600000C0010000400300002002000020020096
:10B2700000200200002002000020010000400180A8
:10B2800000C003C001800030060000000000000084
:10B290000000020000200200002003FFFFE003FF87
:10B2A000FFE0020000200200002002000020020057
:10B2B00000200300006001000040018000C000F099
:10B2C0000780007FFE00000FF80000000000000073
:10B2D0000000020000200200002003FFFFE003FF47
:10B2E000FFE0020100200201002002010020020113
:10B2F00000200201002002038020020FE020030052
:10B30000006003C000E000600300000000000000D7
:10B310000000020000200200002003FFFFE003FF06
:10B32000FFE00201002002010020020100000201F2
:10B330000000020100000201000002038000030F70
:10B34000E0000300000003C00000006000000000F7
:10B3500000000007F800003FFE000070078001C0F9
:10B3600001C0010000400300002002000020020094
:10B37000002002000020010020200100204003C026
:10B380003F8000303F8000002000000020000200CD
:10B3900000200200002003FFFFE003FFFFE00200A7
:10B3A000802002008020000080000000800000005B
:10B3B0008000020080200200802003FFFFE003FFE6
:10B3C000FFE002000020020000200000000000005A
:10B3D0000000000000000000000002000020020049
:10B3E0000020020000200200002003FFFFE003FF16
:10B3F000FFE0020000200200002002000020020006
:10B40000002000000000000000000000000000001C
:10B4100000000000000E0000000F0000000F000000
:10B42000000102000001020000010200000302000E
:10B43000000603FFFFFC03FFFFF80200000002000C
:10B4400000000200000002000000000000000000F8
:10B450000000020000200200002003FFFFE003FFC5
:10B46000FFE00200C0200201002000078000000F62
:10B47000E0000030F80002603E2003800F2003004F
:10B4800003E0020000E002000020000000200000B5
:10B490000000020000200200002003FFFFE003FF85
:10B4A000FFE0020000200200002000000020000059
:10B4B000002000000020000000200000002000000C
:10B4C0000060000000E00000030000000000020037
:10B4D00000200200002003FFFFE003E0002003FF44
:10B4E0000020001FF0000001FF8000000FE00000BE
:10B4F0001E000003E000003E002003E0002003FFE8
:10B50000FFE003FFFFE00200002002000020020035
:10B5100000200200002003FFFFE00380002003F072
:10B52000002000FC0000001F00000007C000000118
:10B53000F00000007C0002001F80020007E003FF13
:10B54000FFE0020000000200000000000000000018
:10B550000000000FF800003FFE0000F007800180AF
:10B5600000C0010000400200002002000020020094
:10B5700000200200002001000040018000C000F017
:10B580000380003FFE00000FF800000000000000F4
:10B590000000020000200200002003FFFFE003FF84
:10B5A000FFE00200802002008020020080000200F4
:10B5B00080000200800002008000030180000183FF
:10B5C000000000FE0000007C000000000000000001
:10B5D0000000000FF800007FFF0000F003800180F2
:10B5E00001C0010006400200042002000420020005
:10B5F0000620020003E0010000F80180005C00E08A
:10B60000038C003FFF0C000FFC180000000000003E
:10B610000000020000200200002003FFFFE003FF03
:10B62000FFE002010020020100200201800002016F
:10B63000E0000201FC0003033F80018607E001FCFB
:10B6400000E000F8002000000020000000000000E2
:10B650000000000000000078060000FE01E0018606
:10B6600000C0030300400203002002018020020109
:10B6700080200201C0200200C0200100E0600180A3
:10B6800070C003E03F8000001F00000000000000C9
:10B6900000000060000003800000030000000200C2
:10B6A0000000020000200200002003FFFFE003FF73
:10B6B000FFE0020000200200002002000000020063
:10B6C00000000380000000E0000000000000020015
:10B6D00000000200000003FFFF0003FFFFC00200A4
:10B6E0000040020000600000002000000020000078
:10B6F000002000000020020000400200008003FF44
:10B70000FF00020000000200000000000000000036
:10B710000000020000000200000003C0000003FC63
:10B720000000023FC0000003F80000007F8000001E
:10B7300007E000000780000078000203C000023C20
:10B74000000003C000000200000002000000020030
:10B75000000003C0000003FF8000023FFE00020063
:10B760007FE000000F000200F00003EF000003FF85
:10B770008000020FFE0000003FE000001F000207F3
:10B78000E00003F8000003000000020000000000D9
:10B7900000000200002002000020038000E003F00F
:10B7A000032002FC0C20021F30000007C00000072D
:10B7B000F00002187C0002601F20038003E00200FA
:10B7C00000E0020000200000002000000000000057
:10B7D0000000020000000300000003C0000003F8A6
:10B7E0000000023E0020020FC0200001FFE0000028
:10B7F0007FE000038020021C002002700000038014
:10B800000000020000000200000000000000000034
:10B81000000000000020006000E0038003E003005F
:10B820000FA002003E200200F8200203E020020FD9
:10B830008020023E00200278002003E000600380A8
:10B8400000E0020003000000000000000000000013
:10B8500000000000000000000000000000000000E8
:10B860000000000000001FFFFFFC1000000410009B
:10B870000004100000041000000410000004100078
:10B8800000041000000400000000000000000000A0
:10B89000000000000000000000000700000003C0DE
:10B8A000000000780000001E00000003C00000003F
:10B8B000F00000001E0000000780000000F0000003
:10B8C000003C000000060000000000000000000036
:10B8D0000000000000001000000410000004100030
:10B8E0000004100000041000000410000004100008
:10B8F00000041FFFFFFC000000000000000000002B
:10B900000000000000000000000000000000000037
:10B910000000000000000000000000000000020025
:10B9200000000400000008000000180000001000E3
:10B9300000001800000018000000040000000200D1
:10B9400000000000000000000000000000000000F7
:10B9500000010000000100000001000000010000E3
:10B9600000010000000100000001000000010000D3
:10B9700000010000000100000001000000010000C3
:10B9800000010000000100000001000000010000B3
:10B990000000000000000000000010000000100087
:10B9A0000000100000001800000008000000040063
:10B9B0000000000000000000000000000000000087
:10B9C0000000000000000000000000000000000077
:10B9D00000000000038000018FC000038C6000069F
:10B9E000182000041020000410200004202000046F
:10B9F0002040000620400003FFC00001FFE00000DF
:10BA0000002000000020000000C000000000000036
:10BA10000000020000000200000003FFFFE007FF3B
:10BA2000FFC0000180C0000200600002002000048E
:10BA30000020000400200004002000060040000355
:10BA400000C00001FF800000FE00000000000000B8
:10BA500000000000000000007E000001FF800003E5
:10BA600081C0000200400006002000040020000405
:10BA7000002000040020000600200003C040000158
:10BA8000C080000003000000000000000000000073
:10BA900000000000000000007E000001FF800003A5
:10BAA00080C00006006000040020000400200004A4
:10BAB0000020020400400202008003FFFFE007FFB5
:10BAC000FFC0000000400000004000000000000037
:10BAD00000000000000000007E000001FF80000365
:10BAE00011C0000210400004106000041020000487
:10BAF0001020000410200006102000031040000158
:10BB0000F0C0000071000000000000000000000014
:10BB100000000000000000040000000400200004F9
:10BB2000002000040020007FFFE001FFFFE001048F
:10BB3000002003040020020400200204002002046C
:10BB400000000200000001C0000001C00000000071
:10BB50000000000000000000001C0000E33E0003A5
:10BB6000FFC200020CC3000404C1000404C10004AD
:10BB700004C1000404C100060CC10003F8C30005A1
:10BB8000F0620006007E0006003C0000000000009D
:10BB90000000020000200200002003FFFFE007FF7A
:10BBA000FFE0000100200002002000060000000469
:10BBB0000000000400000004002000060020000334
:10BBC000FFE00001FFE00000002000000020000076
:10BBD000000000000000000000000004002000043D
:10BBE000002000040020000400200387FFE0038FF2
:10BBF000FFE0038000200000002000000020000083
:10BC00000020000000000000000000000000000014
:10BC1000000000000000000000000000000600001E
:10BC20000007000000010000000100040001000402
:10BC3000000100040003000400060387FFFC038FDB
:10BC4000FFF803800000000000000000000000007A
:10BC50000000020000200200002003FFFFE007FFB9
:10BC6000FFE000000820000010200000300000006D
:10BC7000FC0000058E00000707A0000601E000049C
:10BC800000E0000400200000002000000000000090
:10BC90000000000000000000000002000020020080
:10BCA0000020020000200200002003FFFFE007FF49
:10BCB000FFE0000000200000002000000020000045
:10BCC0000020000000000000000000000000000054
:10BCD0000000000400200007FFE0000FFFE000026A
:10BCE000002000040000000400200007FFE0000323
:10BCF000FFE0000200200004000000040020000714
:10BD0000FFE00003FFE00000002000000000000052
:10BD1000000000040020000400200007FFE0000FE6
:10BD2000FFE00001002000020020000200000004EB
:10BD300000000004000000040020000600200003B2
:10BD4000FFE00001FFE000000020000000200000F4
:10BD500000000000000000007E000000FF800003E3
:10BD600081C0000200400006002000040020000402
:10BD70000020000400200006002000020040000314
:10BD800081C00001FF8000007E0000000000000074
:10BD9000000000040001000400010007FFFF000F85
:10BDA000FFFF000100C10002004100040020000468
:10BDB00000200004002000040020000600400003D2
:10BDC00001C00001FF8000007E00000000000000B4
:10BDD00000000000000000007E000001FF80000362
:10BDE00080C0000200600004002000040020000465
:10BDF00000200004002000020041000300C10003F5
:10BE0000FFFF0007FFFF000000010000000100002D
:10BE100000000004002000040020000400200004B2
:10BE20000020000FFFE0000FFFE00000C020000135
:10BE30000020000200200006002000040000000492
:10BE400000000007000000030000000000000000E8
:10BE5000000000000000000003E00001C0E000035B
:10BE6000E0400006302000043020000418200004C8
:10BE700018200004182000040C2000020C600003AD
:10BE800007C00007838000000000000000000000E1
:10BE90000000000000000004000000040000000496
:10BEA0000000000C0000001FFF8000FFFFC0000426
:10BEB00000600004002000040020000400200004B2
:10BEC00000400000018000000000000000000000B1
:10BED000000000040000000400000007FF80000FC5
:10BEE000FFC00000006000000020000000200000F3
:10BEF0000020000000200004004000040080000733
:10BF0000FFE0000FFFC00000004000000040000004
:10BF1000000000040000000400000007800000078B
:10BF2000F0000004FE0000041FC0000003E0000059
:10BF3000038000001C000004600000078000000671
:10BF400000000004000000000000000000000004E9
:10BF50000000000600000007C0000007FC0000040D
:10BF60003F80000003E000040F800006F00000079F
:10BF7000F0000007FF8000040FE0000003800004D1
:10BF80003C000007C00000060000000400000000A4
:10BF900000000000002000040020000400600007F2
:10BFA00000E0000783200007E6000004F80000001E
:10BFB0003C0000045E20000587A0000601E00004AC
:10BFC00000600004002000000020000000000000CD
:10BFD0000000000400000004000300070003000745
:10BFE000E0010004F80100041F02000007FC00004B
:10BFF00000E000000700000438000007C000000651
:10C000000000000400000004000000000000000028
:10C0100000000000000000078060000600E000044F
:10C0200003E0000407A000040E2000043C200004EC
:10C0300070200005E0200007802000070060000459
:10C0400000E000000380000000000000000000008D
:10C0500000000000000000000000000000000000E0
:10C060000000000000000000000000008000000050
:10C0700080000001400007FE3FF8080000041000A7
:10C08000000210000002000000000000000000009C
:10C0900000000000000000000000000000000000A0
:10C0A0000000000000000000000000000000FFFF92
:10C0B000FFFF000000000000000000000000000082
:10C0C0000000000000000000000000000000000070
:10C0D0000000000000001000000210000002080034
:10C0E000000407FE3FF8000140000000800000004F
:10C0F00080000000000000000000000000000000C0
:10C10000000000000000000000000000000000002F
:10C110000000180000003000000040000000400057
:10C120000000400000002000000030000000080077
:10C1300000000400000002000000020000000200F5
:10C1400000000C00000018000000000000000000CB
:10C15000400B000080070000607800002000000015
:10C1600020000000200000000068010000F0000036
:10C17000000C0F0030313233343536373839414214
:10C180004344454640305800303132333435363739
:10C19000383961626364656640307800BCC100086C
:10C1A0000000002014010000C4010008D0C20008F3
:10C1B000140100207CB00100E00100080024F4001C
:10C1C000000000000000000000000000000000006F
:10C1D000FFFF00001F0000F81FF8E007FF07E0FF67
:10C1E00040BC07FC3084000000000000000000009C
:10C1F000000000000000000000000000000000003F
:10C20000100000000100000000F80000FFFF000027
:10C210000100000000000000715F0008B55F000829
:10C22000600300200000001000000068606B012027
:10C2300000F00010000C0F6800000000000000007B
:10C2400000000000000000000000000000000000EE
:10C2500000000000000000000000000000000000DE
:10C2600000000000000000000000000000000000CE
:10C27000000000001F00000000000000000000009F
:10C2800000000000000000000000000000000000AE
:10C29000000000000000000000000000000000009E
:10C2A000000000000000000000000000000000008E
:10C2B0000000000000000000AAAAAAAA00000000D6
:10C2C0000000000030059007D008400AC0060000BA
:040000050800018965
:00000001FF
