:020000040800F2
:100000002808002029020008473F0008B312000812
:10001000453F0008C50300083945000800000000FE
:100020000000000000000000000000004B3F00083E
:10003000C703000800000000493F0008E13F000836
:10004000430200084302000843020008430200087C
:10005000430200084302000843020008430200086C
:10006000430200084302000843020008430200085C
:10007000430200084302000843020008430200084C
:10008000430200084302000843020008430200083C
:10009000430200084302000843020008430200082C
:1000A000430200084302000843020008430200081C
:1000B00043020008394000084302000843020008D8
:1000C00043020008430200084302000843020008FC
:1000D000430200080D4500084302000843020008DF
:1000E00043020008430200084302000843020008DC
:1000F00043020008430200084302000843020008CC
:1001000043020008430200084302000843020008BB
:1001100043020008430200084302000843020008AB
:10012000430200084302000843020008430200089B
:10013000430200084302000843020008430200088B
:10014000430200084302000843020008430200087B
:10015000430200084302000843020008430200086B
:10016000430200084302000843020008430200085B
:100170004302000843020008430200080000000098
:10018000430200084302000800F002F800F03CF8C7
:100190000AA090E8000C82448344AAF10107DA45E2
:1001A00001D100F031F8AFF2090EBAE80F0013F0F8
:1001B000010F18BFFB1A43F001031847388F0000E6
:1001C000588F0000103A24BF78C878C1FAD8520777
:1001D00024BF30C830C144BF04680C6070470000C1
:1001E0000023002400250026103A28BF78C1FBD840
:1001F000520728BF30C148BF0B6070471FB504F0DD
:10020000C7FB1FBD10B510BD00F0AAF81146FFF7DF
:10021000F5FF04F0D5F900F0C8F803B4FFF7F2FFDA
:1002200003BC04F09AF900000948804709480047D8
:10023000FEE7FEE7FEE7FEE7FEE7FEE7FEE7FEE796
:10024000FEE7FEE704480549054A064B70470000F3
:10025000E53F000889010008280200202808002046
:100260002804002028040020704753EA020C00F004
:1002700069802DE9F04B4FF00006002B1FBFB3FA49
:1002800083F503FA05F424FA05F65E4012BF16431F
:10029000B2FA82F502FA05F4C5F120051EBF22FA72
:1002A00005FC44EA0C04203556EA044C4FEA144499
:1002B00018BF641C4FF000084FF00009904271EB2A
:1002C000030C39D3002919BFB1FA81F701FA07F6F7
:1002D000B0FA80F700FA07F6C7F120071EBF20FA30
:1002E00007FC46EA0C062037B6FBF4FCA7EB050733
:1002F000103F07F01F0BCBF120060CFA0BFB2CFA7A
:1003000006F644BFB3460026202FA4BF5E464FF03A
:10031000000B5BEA060C08BF4FF0010B19EB0B0951
:10032000ABFB027C48EB0608C01B06FB02CC0BFBB8
:1003300003CC71EB0C01C1E70B460246414648462F
:10034000BDE8F08B13B54FF000004FF00001AFF3A4
:100350000080BDE81C407047704770477047704789
:10036000754600F02BF8AE4605006946534620F06E
:100370000700854618B020B5FFF764FFBDE82040B0
:100380004FF000064FF000074FF000084FF0000B51
:1003900021F00701AC46ACE8C009ACE8C009ACE804
:1003A000C009ACE8C0098D46704710B50446AFF3EC
:1003B00000802046BDE81040FFF72FBF004870477F
:1003C000C8010020FEE7704770B5B3F5804F05D037
:1003D0006FF0704140F82210002070BD50F82230BC
:1003E000084C2340D1E9004544EA05148D688E8904
:1003F0002D0245EA064589692C430C431C4340F80D
:100400002240E9E70000F0CFF0B50C6850F8245026
:10041000114A1540D1E90123D1E903671A433E434C
:1004200032434E6932438E693243CE6932430E6A9B
:1004300032434E6A32438E6A3243CE6A3243CE6BC7
:10044000096B32430A432A43082B01D142F0400290
:1004500040F824200020F0BD8000F0FF30B500EB14
:1004600082004268D1E9003443EA04138C688D8924
:10047000240244EA054423430C8A084D02F040421A
:1004800005EB045423430C7D6D0105EB046489697D
:1004900023430B4313434360002030BD0000F0FFB3
:1004A00090F83510022903D0802141650120704762
:1004B000052180F835100068016821F00101016014
:1004C000002070472DE9F84FDFF88C91002209F1E8
:1004D000040A0AF1040B4FF00F080BF1040E012679
:1004E0000B6896403340B34271D14C68022C01D066
:1004F000122C11D1D40800EB84073D6A5407E40E96
:1005000008FA04FC25EA0C05D1F810C00CFA04FC2A
:100510004CEA050CC7F820C007685400032591F881
:1005200004C0A5400CF0030CAF430CFA04FC4CEAE9
:10053000070CC0F800C04F68012F05D0022F03D070
:10054000112F01D0122F11D18768D1F80CC0AF4301
:100550000CFA04FC4CEA070CC0F808C04768B74323
:100560000E79C6F3001696403E434660C668AE4319
:100570008D68A5403543C5604C68E40065D5374CAF
:10058000256845F480452560246822F0030504F4BD
:1005900080440094324C2E19D6F808789407250F21
:1005A00008FA05F4A7432F4CA04201D1002424E00F
:1005B0002D4CA04201D101241FE02C4CA04201D1BE
:1005C00002241AE02A4CA04202D1032415E03CE0A8
:1005D000284CA04201D104240FE0274CA04201D1B5
:1005E00005240AE0254CA04201D1062405E0244C54
:1005F000A04201D1072400E00824AC403C43C6F8E7
:100600000848D9F800404D464E689C43F60300D593
:100610001C432C60DAF8004055464E689C43B603F4
:1006200000D51C432C60DBF800405D464E689C43BF
:10063000F60200D51C432C60DEF8004075464E687B
:100640009C43B60200D51C432C60521C102AFFF4B8
:1006500046AFBDE8F88F0000003C0140443802403E
:100660000030014000000240000402400008024047
:10067000000C02400010024000140240001802402A
:10068000001C02400AB1816170470904FBE70000C9
:1006900001480068000C7047002004E001488068B1
:1006A000704700000400002002488168027811446D
:1006B0008160704704000020094810B5016841F4CA
:1006C00000710160016841F480610160052000F063
:1006D00057F80F2000F006F800F024F8002010BDB5
:1006E000003C024070B50D4D04464FF47A712878F5
:1006F000B1FBF0F00A490968B1FBF0F000F058FBDB
:1007000048B9102C07D200222146501E00F018F8DC
:1007100000206C6070BD012070BD0000040000204E
:10072000000000207047002809DB00F01F020121B3
:1007300091404009800000F1E020C0F800117047AE
:10074000F0B40E4B1B68C3F30223C3F10704042C5F
:1007500000D904241D1D072D01D2002300E0DB1E5B
:10076000012606FA04F56D1E0D409D409E40761E42
:10077000164045EA0601F0BC03F0DFBE0CED00E0D8
:10078000064A00F0070110684FF6FF03184040EAE0
:100790000120034908431060704700000CED00E0A1
:1007A0000000FA052DE9F0470D46040065D0DFF89A
:1007B0001491D9F80000EFB200F00F00A84207D260
:1007C00089F80070D9F8000000F00F00A84254D159
:1007D00020683D4E810712D5400703D5306840F4AC
:1007E000E05030602078000703D5306840F4604066
:1007F00030603068A16820F0F00008433060207855
:10080000C0072DD0304960680839012812D002286D
:1008100013D0032811D00968890700292DDA31681F
:1008200021F0030101433160FFF738FF804641F2B8
:10083000883A0EE009688903EFE709688901ECE767
:10084000FFF72CFFA0EB0801514502D90320BDE8BA
:10085000F0873068616800F00C00B0EB810FEFD1D9
:10086000D9F80010484601F00F01A94207D90770D6
:10087000006800F00F00A84201D00120E7E72078CF
:10088000400705D53068E16820F4E0500843306047
:100890002078000706D53068216920F4604040EADE
:1008A000C100306000F036F83168084AC1F3031126
:1008B000515CC840064908600F20FFF713FF002075
:1008C000C5E70000003C0240083802409A49000891
:1008D000000000200448054900680968044AC1F383
:1008E0008221515CC8407047000000200838024057
:1008F000AA4900080448054900680968044AC1F388
:100900004231515CC8407047000000200838024066
:10091000AA490008154810B5006810F00C011448E9
:1009200013D0431004290FD008290ED10F4C241FD7
:10093000216801F03F022168490207D52068C0F311
:100940008810A0FB030106E0184610BD2168C1F322
:100950008811A1FB00010023FFF787FC2168C1F388
:100960000141491C4900B0FBF1F010BD08380240BC
:100970000024F4002DE9F84F040073D02078BD4D19
:10098000C00748D0BB4808300168C1F38101012984
:1009900008D00068C0F3810002280AD1281D006831
:1009A000400206D52868800335D560680028E4D069
:1009B00031E06068B0F5803F10D0B0F5A02F286816
:1009C00010D020F480302860286820F4802028602F
:1009D0006068A0B1FFF762FE06460CE0286840F4AC
:1009E0008030F4E740F480202860F7E7FFF756FEF8
:1009F000801B642872D828688003F7D50BE0FFF7C6
:100A00004DFE064604E0FFF749FE801B6428F1D83E
:100A100028688003F7D42078DFF85C9280074FF0D5
:100A2000000A3ED593480830016811F00C0F09D038
:100A30000068C0F3810002280BD18E48001D0068B9
:100A4000400206D42868800715D5E068012809D13E
:100A500011E0E068B8B10120C9F80000FFF71EFE00
:100A6000064605E003E1FFF719FE801B0228C1D806
:100A700028688007F7D52868216920F0F80040EA47
:100A8000C10028600DE0C9F800A0FFF707FE064688
:100A900004E0FFF703FE801B02281FD828688007A8
:100AA000F7D42078000722D5724F744960697437F3
:100AB00070B101200860FFF7F1FD064604E0FFF782
:100AC000EDFD801B022809D838688007F7D50EE0B5
:100AD000C1F800A0FFF7E2FD064605E081E0FFF760
:100AE000DDFD801B02287CD838688007F7D4207889
:100AF000400769D5DFF87CB14FF000080BF1400BDF
:100B0000DBF80000C0000CD4DBF8001041F080518D
:100B1000CBF80010DBF800004FF0010800F0805027
:100B20000090574F3868C0050FD4386840F4807083
:100B30003860FFF7B3FD064604E0FFF7AFFD801B0A
:100B400002284ED83868C005F7D54A4FA0687037DC
:100B500001280FD00528386810D020F00100386037
:100B6000386820F004003860A068B0B1FFF796FD47
:100B700006460EE0386840F00100F4E740F004005B
:100B80003860F7E7FFF78AFD811B41F28830814228
:100B900065D838688007F5D50DE0FFF77FFD06467C
:100BA00006E0FFF77BFD811B41F28830814256D879
:100BB00038688007F5D4B8F1000F05D0DBF80010D5
:100BC00021F08051CBF80010A069C8B32949083141
:100BD0000968C1F38101022949D00228504607D093
:100BE00000E03CE0C9F86000FFF758FD044639E03A
:100BF0004F46C9F86000FFF751FD064604E0FFF7D5
:100C00004DFD801B02282AD828688001F7D4D4E93A
:100C100007010843A16A1B4A490802EB0141626AC5
:100C200041EA8211084394F82C1040EA016111480E
:100C3000001D016001203866FFF730FD044605E025
:100C400013E0FFF72BFD001B022808D8286880015D
:100C5000F7D50AE0FFF722FD001B022802D9032086
:100C6000BDE8F88F28688001F4D40020F8E701205F
:100C7000F6E700000038024000004742800E47427D
:100C8000007000400000FFFF70B515460E460400DE
:100C900003D094F8490010B107E0012070BD002096
:100CA00084F84800204600F01BF804F10801206891
:100CB000FFF7AAFB3146A2682068FFF7CFFBD4E913
:100CC00001022946236BFFF77FFBA168206850F8DB
:100CD000212042F0010240F82120002070BD0000D8
:100CE000284810B5016886B041F001010160006834
:100CF00000F00100059023480838016841F0080120
:100D00000160016801F008010591016841F01001DE
:100D10000160016801F010010591016841F02001B6
:100D20000160016801F020010591016841F0400176
:100D300001600068694600F0400005904CF2337095
:100D400000900220019001200290032003900C20CB
:100D500004900D48FFF7B6FB4FF68070009069468F
:100D60000A48FFF7AFFB4FF48054694608480094E7
:100D7000FFF7A8FB694607480094FFF7A3FB06B0FE
:100D800010BD000038380240000C02400010024044
:100D900000140240001802404FF0E02104280869C6
:100DA00003D020F004000861704740F00400FAE727
:100DB00010B5401EB0F1807F01D3012010BD4FF06F
:100DC000E02460610F21601703F0B7FB0020A061F1
:100DD00007202061002010BD7047704710B5040047
:100DE00003D094F83D0010B107E0012010BD0020B1
:100DF00084F83C00204600F00DF8022084F83D0005
:100E0000211D206803F034F9012084F83D00002002
:100E100010BD000008B500680B49884212D10B488C
:100E2000016841F0020101600068032200F0020045
:100E3000009001211D20FFF783FCBDE808401D2024
:100E4000FFF771BC08BD00000004004040380240BC
:100E50000168CA6842F00102CA600068816801F056
:100E60000701062903D0016841F00101016000205B
:100E70007047704770B50446006801694FF000057F
:100E8000C943890715D4C168C943890711D4E91E2C
:100E9000016101202077206880698007204602D008
:100EA000FFF7E7FF04E000F098F8204600F096F81E
:100EB000257720680169C943490717D4C168C94328
:100EC000490713D46FF004010161022020772068E4
:100ED000806910F4407F204602D0FFF7CAFF04E08B
:100EE00000F07BF8204600F079F82577206801694A
:100EF000C943090716D4C168C943090712D46FF062
:100F000008010161042020772068C069800720461D
:100F100002D0FFF7AEFF04E000F05FF8204600F0DB
:100F20005DF8257720680169C943C90617D4C168EF
:100F3000C943C90613D46FF010010161082020775E
:100F40002068C06910F4407F204602D0FFF791FF6F
:100F500004E000F042F8204600F040F825772068D1
:100F60000169C943C90708D1C168C943C90704D188
:100F7000891E0161204600F033F820680169C943E9
:100F8000090609D4C168C943090605D46FF0800178
:100F900001612046FFF720FF20680169C943490627
:100FA00009D4C168C943490605D46FF04001016105
:100FB000204600F027F820680169C94389060BD450
:100FC000C168C943890607D46FF02001016120463A
:100FD000BDE87040FFF701BF70BD7047704700006B
:100FE0000649884206D10649D1F8A80218B1002066
:100FF000C1F8A80270470120FAE70000880100202C
:10100000008042427047704710F8391F407808430B
:101010007047000070B5026804461068D1685369D3
:1010200010F00F0F50D003F0010501F49076354316
:101030005DD0C20705D0CA0503D5E26B42F00102BC
:10104000E263420705D5DA0703D0E26B42F0020201
:10105000E263820705D5DA0703D0E26B42F00402AF
:10106000E263020705D5DA0703D0E26B42F008021B
:10107000E263E26B002A33D0800604D5880602D5ED
:10108000204603F06FF820684069E16BC0F38010E0
:10109000090700D428B3204603F056F820684169B8
:1010A00049061AD5416921F040014161606BA0B148
:1010B0001B490165606BFFF7F3F9002810D0606BE6
:1010C000016DBDE870400847830610D58B060ED52C
:1010D0002046BDE8704003F045B82046FFF793FF77
:1010E00070BD2046FFF78FFF0020E06370BD030650
:1010F00006D50B0604D52046BDE8704003F0D4B9F0
:101100004006F3D54806F1D5D168204621F04001CC
:10111000D160202184F8391000F0CAF870BD0000B9
:101120003941000870B5040004D094F83900002556
:1011300010B106E0012070BD84F83850204600F060
:1011400023F8242084F839002068C16821F4005174
:10115000C160204603F052F82068016921F49041F3
:1011600001612068416921F02A0141612068C1685C
:1011700041F40051C160E563202084F8390084F80F
:101180003A00002070BD000010B500681A4986B012
:1011900088422FD11948016841F0010101600068BF
:1011A00000F00100059015481430016841F010016D
:1011B00001600068012100F0100005904FF40070FC
:1011C00000900220CDE90101039007200C4C04900F
:1011D00069462046FFF776F92115009169462046B9
:1011E000FFF770F92520FFF79EFA0322114625200C
:1011F000FFF7A6FA06B010BD0010014030380240DB
:101200000000024090F83A30202B22D1F9B1F2B11F
:1012100090F83830012B1CD081628285C285002174
:10122000C163222280F83A2080F838100168CA6829
:1012300042F48072CA6001684A6942F001024A6160
:101240000068C16841F02001C160002070470120A2
:10125000704702207047000030B50068114988428D
:101260000CD1114A5088010408D41146440409786D
:101270004FF0000306D50A2901D0538030BD40F459
:1012800000400DE00D2909D0C0F30D04074D401CAE
:1012900080B229555080C728EFD830BD40F4804037
:1012A000508030BD001001401400002020000020BC
:1012B0007047FEE770B5144886B00025016841F01C
:1012C00001010160016801F001010591016841F02F
:1012D000100101600068032400F010000590022056
:1012E0000126CDE90204CDE9006569460748FFF70C
:1012F000E9F81C2003948DE8610069460448FFF773
:10130000E1F806B070BD0000303802400000024035
:101310000010024070B506460A480024018845883E
:1013200020464D43214602F0ADFC02F0D3FDB1B2A0
:101330004FF0D84002E0A0F88010641CAC42FAD311
:1013400070BD0000780100202DE9F04F2B4B2C27B9
:10135000194698712B2589884FF4305A4FF4285B31
:101360004FF4487441F6631E2A264FF0F00845F208
:1013700010594FF4A07C4FF4F072C8B1A3F800C02C
:10138000A3F80280494533D1A3F808A0A3F80AB016
:10139000280298811C805A80A1F5A640103802D1FD
:1013A0001A80A3F802C0BDE8F04F002002F09ABBFB
:1013B000A3F80080A3F802C0494507D1A3F808A00C
:1013C000A3F80AB04FF42C50988104E071451F81B6
:1013D00004D15D819E811A805C8001E05E819D81E7
:1013E000A1F5A6401038DED1A3F800C05A80DAE794
:1013F0001F815E8171459D81CCD0CDE778010020B1
:101400002DE9F041314D90460C460246060AA98866
:101410002846270A4089A1F5AA43103B0FD0A1F521
:10142000C853633B24D002F049FD304602F03AFD38
:10143000D0B202F037FDA88902F040FD36E002F09C
:101440003DFD304602F02EFD6889401C80B202F05E
:1014500035FDD0B202F026FDA88902F02FFD3846F6
:1014600002F020FDA889401C80B202F027FD20E098
:10147000A97919B92988891A491E8AB202F01EFD74
:10148000160A304602F00EFDD0B202F00BFD3046D7
:1014900002F008FDD0B202F005FDA88902F00EFDB1
:1014A000384602F0FFFCE0B202F0FCFC384602F0E5
:1014B000F9FCE0B202F0F6FC4FF0D841288921F89F
:1014C0007E0FA1F80280BDE8F081000078010020C5
:1014D0002DE9F04FFD4895B00024016841F002016C
:1014E000016000680EA900F0020013904FF4004064
:1014F0000E9001200F90109003201190F448FEF7F9
:10150000E1FFF448F4494FF0204AC0E900A1062168
:10151000C0E902141021C0E9044184610902C461D8
:10152000C0E909418900C0E90B4189014463C0E970
:101530000E410F20CDE907043C2009900920CDE998
:10154000000408200D94029003946A4607A90694AB
:10155000E048FFF799FB322003F00AF8D32002F0AD
:10156000ADFC02F08DFADB4F5037B88002F088FAFC
:101570003946888002F084FA4FF6FF7B39460BEA41
:101580000020888002F07CFA394649F24136898889
:1015900045F210380843394645F21055888041F627
:1015A000631947F28974B04275D0042002F086FCBA
:1015B00002F066FAB88002F063FAB88002F060FACE
:1015C0000BEA0020B88002F05BFAB9880843A0F566
:1015D0000541B88052397DD0A0425CD0D42002F0C1
:1015E0006DFC02F04DFAB88002F04AFAB88002F0C1
:1015F00047FA0BEA0020B88002F042FAB9880843A3
:10160000B880404547D055214FF4704002F06CFC43
:10161000AA214FF2010002F067FC52214FF20200B2
:1016200002F062FC08214FF2030002F05DFC012190
:101630004FF2040002F058FC4FF4454002F03EFC2B
:1016400002F01EFA0BEA0020B8804CF2015002F0C2
:1016500035FC02F015FAB9880843B880052002F07D
:1016600087FFB888B0F5004F7ED0A84213D0A120E4
:1016700002F024FC02F004FAB88002F001FA0BEA4E
:101680000020B88002F0FCF9B9880843A0F5AE410B
:10169000B880613969D0B888B04267D1CF2002F0F4
:1016A0000DFC002002F0FEFBC12002F0FBFB30200D
:1016B00002F0F8FBED2002F001FC642002F0F2FBE6
:1016C000032002F0EFFB122002F0ECFB812002F07D
:1016D000E9FB00E002E1E82002F0F0FB852002F0E7
:1016E000E1FB102002F0DEFB7A2002F0DBFBCB20D6
:1016F00002F0E4FB392002F0D5FB2C2002F0D2FBF3
:10170000002002F0CFFB342002F0CCFB022002F0DC
:10171000C9FBF72002F0D2FB202002F0C3FBEA2035
:1017200002F0CCFB002002F0BDFB002002F0BAFB6F
:10173000C02002F0C3FB1B2002F0B4FBC12002F06A
:10174000BDFB012002F0AEFBC52002F0B7FB30204C
:1017500002F0A8FB302002F0A5FBC72002F0AEFB90
:10176000B72002F09FFB02E0BEE0B9E0BFE0362008
:1017700002F0A4FB482002F095FB3A2002F09EFB09
:10178000552002F08FFBB12002F098FB002002F000
:1017900089FB1A2002F086FBB62002F08FFB0A209C
:1017A00002F080FBA22002F07DFBF22002F086FB1B
:1017B000002002F077FB262002F080FB012002F0DF
:1017C00071FBE02002F07AFB0F2002F06BFB2A2075
:1017D00002F068FB282002F065FB082002F062FBA3
:1017E0000E2002F05FFB082002F05CFB542002F0A8
:1017F00059FBA92002F056FB432002F053FB0A20BC
:1018000002F050FB0F2002F04DFB002002F04AFBDB
:10181000002002F047FB002002F044FB002002F011
:1018200041FBE12002F04AFB002002F03BFB1520C7
:1018300002F038FB172002F035FB072002F032FBE4
:10184000112002F02FFB062002F02CFB2B2002F0CF
:1018500029FB562002F026FB3C2002F023FB05204A
:1018600002F020FB102002F01DFB0F2002F01AFBFB
:101870003F2002F017FB3F2002F014FB0F2002F084
:1018800011FB2B2002F01AFB002002F00BFB0020C2
:1018900002F008FB012002F005FB3F2002F002FBF2
:1018A0002A2002F00BFB002002F0FCFA002002F0DC
:1018B000F9FA002002F0F6FAEF2002F0F3FA112014
:1018C00002F0FCFA782002F053FEE3E030380240E8
:1018D0000004024028010020040100A0BC8008E0B0
:1018E000A7F8049001F0DCBFBD8001F054B8A0421D
:1018F0007ED1112002F0E2FA782002F039FE362083
:1019000002F0DCFA002002F0CDFA3A2002F0D6FA1A
:10191000052002F0C7FAB22002F0D0FA0C2002F043
:10192000C1FA0C2002F0BEFA002002F0BBFA33200C
:1019300002F0B8FA332002F0B5FAB72002F0BEFA8E
:10194000352002F0AFFABB2002F0B8FA322002F0E4
:10195000A9FAC02002F0B2FA0C2002F0A3FAC220C9
:1019600002F0ACFA012002F09DFAC32002F0A6FAC0
:10197000102002F097FAC42002F0A0FA202002F012
:1019800091FAC62002F09AFA0F2002F08BFAD020CA
:1019900002F094FAA42002F085FAA12002F082FA63
:1019A000E02002F08BFAD02002F07CFA002002F056
:1019B00079FA022002F076FA072002F073FA0A2080
:1019C00002F070FA282002F06DFA322002F06AFA72
:1019D000442002F067FA422002F064FA062002F086
:1019E00061FA0E2002F05EFA122002F05BFA00E0CB
:1019F00053E0142002F056FA172002F053FAE120C7
:101A000002F05CFAD02002F04DFA002002F04AFA0F
:101A1000022002F047FA072002F044FA0A2002F0FE
:101A200041FA282002F03EFA312002F03BFA54201D
:101A300002F038FA472002F035FA0E2002F032FAAE
:101A40001C2002F02FFA172002F02CFA1B2002F0C3
:101A500029FA1E2002F026FA2A2002F02FFA00208E
:101A600002F020FA002002F01DFA002002F01AFA1B
:101A7000EF2002F017FA2B2002F020FA002002F0EB
:101A800011FA002002F00EFA012002F00BFA3F20BA
:101A900002F008FA292001F0FEBE40457ED1ED207B
:101AA00002F00CFA012002F0FDF9FE2002F0FAF932
:101AB000EE2002F003FADE2002F0F4F9212002F019
:101AC000F1F9F12002F0FAF9012002F0EBF9DF2040
:101AD00002F0F4F9102002F0E5F9C42002F0EEF96A
:101AE0008F2002F0DFF9C62002F0E8F9002002F0B2
:101AF000D9F9E22002F0D6F9E22002F0D3F9E2208F
:101B000002F0D0F9BF2002F0D9F9AA2002F0CAF9F8
:101B1000B02002F0D3F90D2002F0C4F9002002F049
:101B2000C1F90D2002F0BEF9002002F0BBF911202E
:101B300002F0B8F9002002F0B5F9192002F0B2F96C
:101B4000002002F0AFF9212002F0ACF9002002F0F1
:101B5000A9F92D2002F0A6F9002002F0A3F93D20FA
:101B600002F0A0F9002002F09DF95D2002F09AF940
:101B7000002002F097F95D2002F094F9002002F0B5
:101B800091F9B12002F09AF9802002F08BF900203F
:101B900002F088F98B2002F085F900E0FDE30020D7
:101BA00002F080F9962002F07DF9002002F07AF927
:101BB000B22002F083F9002002F074F9002002F054
:101BC00071F9022002F06EF9002002F06BF9032097
:101BD00002F068F9002002F065F9B32002F06EF916
:101BE000002002F05FF9002002F05CF9002002F012
:101BF00059F9002002F056F9002002F053F90020B4
:101C000002F050F9002002F04DF9002002F04AF9EC
:101C1000002002F047F9002002F044F9002002F011
:101C200041F9002002F03EF9002002F03BF90020CB
:101C300002F038F9002002F035F9002002F032F904
:101C4000002002F02FF9002002F02CF9002002F011
:101C500029F9002002F026F9002002F023F90020E3
:101C600002F020F9002002F01DF9002002F01AF91C
:101C7000B42002F023F98B2002F014F9002002F0C6
:101C800011F9962002F00EF9002002F00BF9A120C4
:101C900002F008F9002002F005F9B52002F00EF973
:101CA000022002F0FFF8002002F0FCF8032002F00E
:101CB000F9F8002002F0F6F8042002F0F3F8002012
:101CC00002F0F0F8B62002F0F9F8002002F0EAF88D
:101CD000002002F0E7F8B72002F0F0F8002002F050
:101CE000E1F8002002F0DEF83F2002F0DBF80020EF
:101CF00002F0D8F85E2002F0D5F8002002F0D2F809
:101D0000642002F0CFF8002002F0CCF88C2002F022
:101D1000C9F8002002F0C6F8AC2002F0C3F8002099
:101D200002F0C0F8DC2002F0BDF8002002F0BAF8A2
:101D3000702002F0B7F8002002F0B4F8902002F012
:101D4000B1F8002002F0AEF8EB2002F0ABF8002072
:101D500002F0A8F8DC2002F0A5F8002002F0A2F8BA
:101D6000B82002F0ABF8002002F09CF8002002F04E
:101D700099F8002002F096F8002002F093F8002075
:101D800002F090F8002002F08DF8002002F08AF8AE
:101D9000002002F087F8BA2002F090F8242002F028
:101DA00081F8002002F07EF8002002F07BF800208D
:101DB00002F078F8C12002F081F8202002F072F8D9
:101DC000002002F06FF8542002F06CF8002002F0BE
:101DD00069F8FF2002F066F8002002F063F8C220E4
:101DE00002F06CF80A2002F05DF8002002F05AF8C8
:101DF000042002F057F8002002F054F8C32002F04B
:101E00005DF83C2002F04EF8002002F04BF83A203A
:101E100002F048F8002002F045F8392002F042F8BC
:101E2000002002F03FF8372002F03CF8002002F0DA
:101E300039F83C2002F036F8002002F033F8362062
:101E400002F030F8002002F02DF8322002F02AF8DB
:101E5000002002F027F82F2002F024F8002002F0E2
:101E600021F82C2002F01EF8002002F01BF8292097
:101E700002F018F8002002F015F8262002F012F8FF
:101E8000002002F00FF8242002F00CF8002002F0ED
:101E900009F8242002F006F8002002F003F82320BD
:101EA00002F000F8002001F0FDFF3C2001F0FAFFF5
:101EB000002001F0F7FF362001F0F4FF002001F0D0
:101EC000F1FF322001F0EEFF002001F0EBFF2F20A8
:101ED00001F0E8FF002001F0E5FF2C2001F0E2FF17
:101EE000002001F0DFFF292001F0DCFF002001F0DD
:101EF000D9FF262001F0D6FF002001F0D3FF2420D7
:101F000001F0D0FF002001F0CDFF242001F0CAFF36
:101F1000002001F0C7FF232001F0C4FF002001F0E2
:101F2000C1FFC42001F0CAFF622001F0BBFF002006
:101F300001F0B8FF052001F0B5FF002001F0B2FF6D
:101F4000842001F0AFFF002001F0ACFFF02001F091
:101F5000A9FF002001F0A6FF182001F0A3FF002038
:101F600001F0A0FFA42001F09DFF002001F09AFFE6
:101F7000182001F097FF002001F094FF502001F09D
:101F800091FF002001F08EFF0C2001F08BFF00205C
:101F900001F088FF172001F085FF002001F082FF8B
:101FA000952001F07FFF002001F07CFFF32001F07D
:101FB00079FF002001F076FFE62001F073FF00209A
:101FC00001F070FFC52001F079FF322001F06AFFB7
:101FD000002001F067FF442001F064FF002001F0C1
:101FE00061FF652001F05EFF002001F05BFF7620BD
:101FF00001F058FF002001F055FF882001F052FF4A
:10200000002001F04FFFC62001F058FF202001F012
:1020100049FF002001F046FF172001F043FF002098
:1020200001F040FF012001F03DFF002001F03AFFE8
:10203000C72001F043FF002001F034FF002001F031
:1020400031FF002001F02EFF002001F02BFFC820FF
:1020500001F034FF002001F025FF002001F022FFF5
:10206000002001F01FFF002001F01CFFC92001F03B
:1020700025FF002001F016FF002001F013FF0020D3
:1020800001F010FF002001F00DFF002001F00AFF19
:10209000002001F007FF002001F004FF002001F004
:1020A00001FF002001F0FEFE002001F0FBFE0020F9
:1020B00001F0F8FE002001F0F5FE002001F0F2FE34
:1020C000002001F0EFFE002001F0ECFE002001F006
:1020D000E9FEE02001F0F2FE162001F0E3FE002010
:1020E00001F0E0FE1C2001F0DDFE002001F0DAFE30
:1020F000212001F0D7FE002001F0D4FE362001F0AF
:10210000D1FE002001F0CEFE462001F0CBFE0020E3
:1021100001F0C8FE522001F0C5FE002001F0C2FE11
:10212000642001F0BFFE002001F0BCFE7A2001F027
:10213000B9FE002001F0B6FE8B2001F0B3FE0020B6
:1021400001F0B0FE992001F0ADFE002001F0AAFEE2
:10215000A82001F0A7FE002001F0A4FEB92001F0A4
:10216000A1FE002001F09EFEC42001F09BFE002095
:1021700001F098FECA2001F095FE002001F092FEC9
:10218000D22001F08FFE002001F08CFED92001F05A
:1021900089FE002001F086FEE02001F083FE002091
:1021A00001F080FEF32001F07DFE002001F07AFEB8
:1021B000E12001F083FE162001F074FE002001F002
:1021C00071FE1C2001F06EFE002001F06BFE22204B
:1021D00001F068FE002001F065FE362001F062FE8D
:1021E000002001F05FFE452001F05CFE002001F0C0
:1021F00059FE522001F056FE002001F053FE6420EB
:1022000001F050FE002001F04DFE7A2001F04AFE60
:10221000002001F047FE8B2001F044FE002001F079
:1022200041FE992001F03EFE002001F03BFEA82077
:1022300001F038FE002001F035FEB92001F032FE39
:10224000002001F02FFEC42001F02CFE002001F040
:1022500029FECA2001F026FE002001F023FED22034
:1022600001F020FE002001F01DFED82001F01AFE32
:10227000002001F017FEE02001F014FE002001F024
:1022800011FEF32001F00EFE002001F00BFEE22013
:1022900001F014FE052001F005FE002001F002FE11
:1022A0000B2001F0FFFD002001F0FCFD1B2001F0E0
:1022B000F9FD002001F0F6FD342001F0F3FD0020CF
:1022C00001F0F0FD442001F0EDFD002001F0EAFDF9
:1022D0004F2001F0E7FD002001F0E4FD612001F056
:1022E000E1FD002001F0DEFD792001F0DBFD0020A2
:1022F00001F0D8FD882001F0D5FD002001F0D2FDCD
:10230000972001F0CFFD002001F0CCFDA62001F0C8
:10231000C9FD002001F0C6FDB72001F0C3FD00207B
:1023200001F0C0FDC22001F0BDFD002001F0BAFDAA
:10233000C72001F0B7FD002001F0B4FDD12001F06D
:10234000B1FD002001F0AEFDD62001F0ABFD002074
:1023500001F0A8FDDD2001F0A5FD002001F0A2FDA7
:10236000F32001F09FFD002001F09CFDE32001F02F
:10237000A5FD052001F096FD002001F093FD0A2047
:1023800001F090FD002001F08DFD1C2001F08AFD80
:10239000002001F087FD332000E0FAE201F082FD29
:1023A000002001F07FFD442001F07CFD002001F0C1
:1023B00079FD502001F076FD002001F073FD6220D0
:1023C00001F070FD002001F06DFD782001F06AFD44
:1023D000002001F067FD882001F064FD002001F07D
:1023E00061FD972001F05EFD002001F05BFDA6205D
:1023F00001F058FD002001F055FDB72001F052FD1D
:10240000002001F04FFDC22001F04CFD002001F042
:1024100049FDC72001F046FD002001F043FDD12019
:1024200001F040FD002001F03DFDD52001F03AFD16
:10243000002001F037FDDD2001F034FD002001F027
:1024400031FDF32001F02EFD002001F02BFDE420F2
:1024500001F034FD012001F025FD002001F022FDF6
:10246000012001F01FFD002001F01CFD022001F001
:1024700019FD002001F016FD2A2001F013FD0020B7
:1024800001F010FD3C2001F00DFD002001F00AFDDF
:102490004B2001F007FD002001F004FD5D2001F05C
:1024A00001FD002001F0FEFC742001F0FBFC002087
:1024B00001F0F8FC842001F0F5FC002001F0F2FCB2
:1024C000932001F0EFFC002001F0ECFCA22001F0D1
:1024D000E9FC002001F0E6FCB32001F0E3FC002061
:1024E00001F0E0FCBE2001F0DDFC002001F0DAFC90
:1024F000C42001F0D7FC002001F0D4FCCD2001F075
:10250000D1FC002001F0CEFCD32001F0CBFC002058
:1025100001F0C8FCDD2001F0C5FC002001F0C2FC88
:10252000F32001F0BFFC002001F0BCFCE52001F02D
:10253000C5FC002001F0B6FC002001F0B3FC002037
:1025400001F0B0FC002001F0ADFC022001F0AAFC7B
:10255000002001F0A7FC292001F0A4FC002001F0DC
:10256000A1FC3C2001F09EFC002001F09BFC4B20D4
:1025700001F098FC002001F095FC5D2001F092FC38
:10258000002001F08FFC742001F08CFC002001F091
:1025900089FC842001F086FC002001F083FC93205C
:1025A00001F080FC002001F07DFCA22001F07AFC0B
:1025B000002001F077FCB32001F074FC002001F052
:1025C00071FCBE2001F06EFC002001F06BFCC42009
:1025D00001F068FC002001F065FCCD2001F062FCF8
:1025E000002001F05FFCD32001F05CFC002001F032
:1025F00059FCDC2001F056FC002001F053FCF320D4
:1026000001F050FC002001F04DFCE62001F056FCEA
:10261000112001F047FC002001F044FC342001F0BF
:1026200041FC002001F03EFC562001F03BFC002064
:1026300001F038FC762001F035FC002001F032FC7E
:10264000772001F02FFC002001F02CFC662001F027
:1026500029FC002001F026FC882001F023FC00204A
:1026600001F020FC992001F01DFC002001F01AFC73
:10267000BB2001F017FC002001F014FC992001F0B0
:1026800011FC002001F00EFC662001F00BFC002084
:1026900001F008FC552001F005FC002001F002FCCF
:1026A000552001F0FFFB002001F0FCFB452001F06C
:1026B000F9FB002001F0F6FB432001F0F3FB0020C2
:1026C00001F0F0FB442001F0EDFB002001F0EAFBFB
:1026D000E72001F0F3FB322001F0E4FB002001F0E1
:1026E000E1FB552001F0DEFB002001F0DBFB762052
:1026F00001F0D8FB002001F0D5FB662001F0D2FBF1
:10270000002001F0CFFB672001F0CCFB002001F09E
:10271000C9FB672001F0C6FB002001F0C3FB872046
:1027200001F0C0FB002001F0BDFB992001F0BAFBD5
:10273000002001F0B7FBBB2001F0B4FB002001F04A
:10274000B1FB992001F0AEFB002001F0ABFB77203C
:1027500001F0A8FB002001F0A5FB442001F0A2FB42
:10276000002001F09FFB562001F09CFB002001F0AF
:1027700099FB232001F096FB002001F093FB33200E
:1027800001F090FB002001F08DFB452001F08AFB59
:10279000002001F087FBE82001F090FB002001F011
:1027A00081FB002001F07EFB992001F07BFB0020E3
:1027B00001F078FB872001F075FB002001F072FB2F
:1027C000882001F06FFB002001F06CFB772001F006
:1027D00069FB002001F066FB662001F063FB00202E
:1027E00001F060FB882001F05DFB002001F05AFB46
:1027F000AA2001F057FB002001F054FBBB2001F0A0
:1028000051FB002001F04EFB992001F04BFB002012
:1028100001F048FB662001F045FB002001F042FB7F
:10282000552001F03FFB002001F03CFB552001F05A
:1028300039FB002001F036FB442001F033FB00207F
:1028400001F030FB442001F02DFB002001F02AFBB9
:10285000552001F027FB002001F024FBE92001F0C6
:102860002DFBAA2001F01EFB002001F01BFB002025
:1028700001F018FB002001F015FB002001F01EFB09
:10288000AA2001F00FFBCF2001F018FB002001F07F
:1028900009FB002001F006FB002001F003FB0020F3
:1028A00001F000FB002001F0FDFA002001F0FAFA2F
:1028B000002001F0F7FA002001F0F4FA002001F006
:1028C000F1FA002001F0EEFA002001F0EBFA00200E
:1028D00001F0E8FA002001F0E5FA002001F0E2FA48
:1028E000002001F0DFFA002001F0DCFA002001F006
:1028F000D9FAF02001F0E2FA002001F0D3FA5020DA
:1029000001F0D0FA002001F0CDFA002001F0CAFA5F
:10291000002001F0C7FAF32001F0D0FA002001F006
:10292000C1FAF92001F0CAFA062001F0BBFA102022
:1029300001F0B8FA292001F0B5FA002001F0B2FA4E
:102940003A2001F0BBFA552001F0ACFA112001F059
:10295000B5FA642001F00CFE292001F0AFFA352011
:1029600001F0ACFA002001F09DFA512001F0A6FA26
:10297000FF2001F097FA532001F0A0FA2C2001F07B
:1029800091FA552001F09AFA822001F08BFA2C205E
:10299000FDE3A8427ED155214FF4704001F0A4FA26
:1029A000AA214FF2010001F09FFA52214FF20200DA
:1029B00001F09AFA08214FF2030001F095FA4FF264
:1029C00004030121184601F08FFA0D214FF4304025
:1029D00001F08AFA0D214BF2010001F085FA0D2178
:1029E0004BF2020001F080FA34214FF4364001F03E
:1029F0007BFA34214BF2016001F076FA34214BF27C
:102A0000026001F071FA0D214FF4314001F06CFACF
:102A10000D214BF2011001F067FA0D214BF202106B
:102A200001F062FA34214FF4374001F05DFA3421AD
:102A30004BF2017001F058FA34214BF2027001F0B0
:102A400053FA00214FF4324001F04EFA00214BF2CC
:102A5000012001F049FA00214BF2022001F044FA72
:102A600024214FF4384001F03FFA24214BF60100B5
:102A700001F03AFA24214BF6020001F035FA012167
:102A80004FF43F4001F030FA0F214FF4334001F092
:102A90002BFA00E0FEE30F214BF2013001F024FAA3
:102AA0000F214BF2023001F01FFA34214FF439406C
:102AB00001F01AFA34214BF6011001F015FA342115
:102AC0004BF6021001F010FA08214FF4354001F0E6
:102AD0000BFA08214BF2015001F006FA08214BF2E3
:102AE000025001F001FA03214FF4424001F0FCF9D9
:102AF00024214FF43A4001F0F7F924214BF601204C
:102B000001F0F2F924214BF6022001F0EDF9002149
:102B10004FF43C4001F0E8F978214BF6014001F018
:102B2000E3F900214BF6024001F0DEF900214FF4F9
:102B30003D4001F0D9F978214BF6015001F0D4F96C
:102B400000214BF6025001F0CFF900214FF43E4036
:102B500001F0CAF964214BF6016001F0C5F90021CA
:102B60004FF4514001F0C0F933214DF2011001F052
:102B7000BBF900214DF2021001F0B6F934214DF2FB
:102B8000031001F0B1F900214DF2041001F0ACF98D
:102B90003A214DF2051001F0A7F900214DF206107F
:102BA00001F0A2F94A214DF2071001F09DF9002130
:102BB0004DF2081001F098F95C214DF2091001F076
:102BC00093F900214DF20A1001F08EF981214DF2A6
:102BD0000B1001F089F900214DF20C1001F084F97D
:102BE000A6214DF20D1001F07FF900214DF20E10DB
:102BF00001F07AF9E5214DF20F1001F075F901218C
:102C00004DF2101001F070F913214DF2111001F086
:102C10006BF901214DF2121001F066F954214DF2C9
:102C2000131001F061F901214DF2141001F05CF96B
:102C300082214DF2151001F057F901214DF21610C5
:102C400001F052F9CA214DF2171001F04DF902219D
:102C50004DF2181001F048F900214DF2191001F061
:102C600043F902214DF21A1001F03EF901214DF213
:102C70001B1001F039F902214DF21C1001F034F95A
:102C800034214DF21D1001F02FF902214DF21E10DA
:102C900001F02AF967214DF21F1001F025F90221F8
:102CA0004DF2201001F020F984214DF2211001F0A5
:102CB0001BF902214DF2221001F016F9A4214DF268
:102CC000231001F011F902214DF2241001F00CF94A
:102CD000B7214DF2251001F007F902214DF226101F
:102CE00001F002F9CF214DF2271001F0FDF8022189
:102CF0004DF2281001F0F8F8DE214DF2291001F014
:102D0000F3F802214DF22A1001F0EEF8F2214DF213
:102D10002B1001F0E9F802214DF22C1001F0E4F83B
:102D2000FE214DF22D1001F0DFF803214DF22E109F
:102D300001F0DAF810214DF22F1001F0D5F803213F
:102D40004DF2301001F0D0F833214DF2311001F086
:102D5000CBF803214DF2321001F0C6F86D214DF28F
:102D6000331001F0C1F800214FF4524001F0BCF8DB
:102D700033214DF2012001F0B7F800214DF202207D
:102D800001F0B2F834214DF2032001F0ADF800213A
:102D90004DF2042001F0A8F83A214DF2052001F08F
:102DA000A3F800214DF2062001F09EF84A214DF2D1
:102DB000072001F099F800214DF2082001F094F865
:102DC0005C214DF2092001F08FF800214DF20A201C
:102DD00001F08AF881214DF20B2001F085F80021E5
:102DE0004DF20C2001F080F8A6214DF20D2001F0EB
:102DF0007BF800214DF20E2001F076F8E5214DF22E
:102E00000F2001F071F801214DF2102001F06CF853
:102E100013214DF2112001F067F801214DF212202B
:102E200001F062F854214DF2132001F05DF8012108
:102E30004DF2142001F058F882214DF2152001F0D6
:102E400053F801214DF2162001F04EF8CA214DF23F
:102E5000172001F049F802214DF2182001F044F842
:102E600000214DF2192001F03FF802214DF21A2005
:102E700001F03AF801214DF21B2001F035F8022152
:102E80004DF21C2001F030F834214DF21D2001F0EC
:102E90002BF802214DF21E2001F026F867214DF299
:102EA0001F2001F021F802214DF2202001F01CF832
:102EB00084214DF2212001F017F802214DF2222049
:102EC00001F012F8A4214DF2232001F00DF80221A7
:102ED0004DF2242001F008F8B7214DF2252001F031
:102EE00003F802214DF2262000F0FEFFCF214DF223
:102EF000272000F0F9FF02214DF2282000F0F4FF16
:102F0000DE214DF2292000F0EFFF02214DF22A20B0
:102F100000F0EAFFF2214DF22B2000F0E5FF022144
:102F20004DF22C2000F0E0FFFE214DF22D2000F0AC
:102F3000DBFF03214DF22E2000F0D6FF10214DF2D1
:102F40002F2000F0D1FF03214DF2302000F0CCFF04
:102F500033214DF2312000F0C7FF03214DF2322022
:102F600000F0C2FF6D214DF2332000F0BDFF0021C3
:102F70004FF4534000F0B8FF33214DF2013000F020
:102F8000B3FF00214DF2023000F0AEFF34214DF2CC
:102F9000033000F0A9FF00214DF2043000F0A4FF3F
:102FA0003A214DF2053000F09FFF00214DF206302E
:102FB00000F09AFF4A214DF2073000F095FF002102
:102FC0004DF2083000F090FF5C214DF2093000F026
:102FD0008BFF00214DF20A3000F086FF81214DF277
:102FE0000B3000F081FF00214DF20C3000F07CFF2F
:102FF000A6214DF20D3000F077FF00214DF20E308A
:1030000000F072FFE5214DF20F3000F06DFF01215D
:103010004DF2103000F068FF13214DF2113000F036
:1030200063FF01214DF2123000F05EFF54214DF29A
:10303000133000F059FF01214DF2143000F054FF1D
:1030400082214DF2153000F04FFF01214DF2163074
:1030500000F04AFFCA214DF2173000F045FF02216F
:103060004DF2183000F040FF00214DF2193000F011
:103070003BFF02214DF21A3000F036FF01214DF2E4
:103080001B3000F031FF02214DF21C3000F02CFF0C
:1030900034214DF21D3000F027FF02214DF21E3089
:1030A00000F022FF67214DF21F3000F01DFF0221CA
:1030B0004DF2203000F018FF84214DF2213000F055
:1030C00013FF02214DF2223000F00EFFA4214DF239
:1030D000233000F009FF02214DF2243000F004FFFC
:1030E000B7214DF2253000F0FFFE02214DF22630CF
:1030F00000F0FAFECF214DF2273000F0F5FE02215C
:103100004DF2283000F0F0FEDE214DF2293000F0C3
:10311000EBFE02214DF22A3000F0E6FEF2214DF2E4
:103120002B3000F0E1FE02214DF22C3000F0DCFEED
:10313000FE214DF22D3000F0D7FE03214DF22E304E
:1031400000F0D2FE10214DF22F3000F0CDFE032111
:103150004DF2303000F0C8FE33214DF2313000F036
:10316000C3FE03214DF2323000F0BEFE6D214DF260
:10317000333000F0B9FE00214FF4544000F0B4FEAB
:1031800033214DF2014000F0AFFE002100E082E368
:103190004DF2024000F0A8FE34214DF2034000F051
:1031A000A3FE00214DF2044000F09EFE3A214DF2B4
:1031B000054000F099FE00214DF2064000F094FE1B
:1031C0004A214DF2074000F08FFE00214DF20840E9
:1031D00000F08AFE5C214DF2094000F085FE0021DE
:1031E0004DF20A4000F080FE81214DF20B4000F0CC
:1031F0007BFE00214DF20C4000F076FEA6214DF240
:103200000D4000F071FE00214DF20E4000F06CFE0A
:10321000E5214DF20F4000F067FE01214DF2104014
:1032200000F062FE13214DF2114000F05DFE01211D
:103230004DF2124000F058FE54214DF2134000F0C0
:1032400053FE01214DF2144000F04EFE82214DF25A
:10325000154000F049FE01214DF2164000F044FEF9
:10326000CA214DF2174000F03FFE02214DF21840F6
:1032700000F03AFE00214DF2194000F035FE022127
:103280004DF21A4000F030FE01214DF21B4000F0DB
:103290002BFE00E002E302214DF21C4000F024FE70
:1032A00034214DF21D4000F01FFE02214DF21E4060
:1032B00000F01AFE67214DF21F4000F015FE0221BA
:1032C0004DF2204000F010FE84214DF2214000F02C
:1032D0000BFE02214DF2224000F006FEA4214DF229
:1032E000234000F001FE02214DF2244000F0FCFDDD
:1032F000B7214DF2254000F0F7FD02214DF22640A6
:1033000000F0F2FDCF214DF2274000F0EDFD02214B
:103310004DF2284000F0E8FDDE214DF2294000F09A
:10332000E3FD02214DF22A4000F0DEFDF2214DF2D4
:103330002B4000F0D9FD02214DF22C4000F0D4FDCD
:10334000FE214DF22D4000F0CFFD03214DF22E4025
:1033500000F0CAFD10214DF22F4000F0C5FD032101
:103360004DF2304000F0C0FD33214DF2314000F00D
:10337000BBFD03214DF2324000F0B6FD6D214DF250
:10338000334000F0B1FD00214FF4554000F0ACFD9A
:1033900033214DF2015000F0A7FD00214DF2025003
:1033A00000F0A2FD34214DF2035000F09DFD0021FC
:1033B0004DF2045000F098FD3A214DF2055000F016
:1033C00093FD00214DF2065000F08EFD4A214DF292
:1033D000075000F089FD00214DF2085000F084FDF7
:1033E0005C214DF2095000F07FFD00214DF20A50A2
:1033F00000F07AFD81214DF20B5000F075FD0021A7
:103400004DF20C5000F070FDA6214DF20D5000F071
:103410006BFD00214DF20E5000F066FDE5214DF2EE
:103420000F5000F061FD01214DF2105000F05CFDE5
:1034300013214DF2115000F057FD01214DF21250B1
:1034400000F052FD54214DF2135000F04DFD0121CA
:103450004DF2145000F048FD82214DF2155000F05D
:1034600043FD01214DF2165000F03EFDCA214DF200
:10347000175000F039FD02214DF2185000F034FDD4
:1034800000214DF2195000F02FFD02214DF21A508B
:1034900000F02AFD01214DF21B5000F025FD022114
:1034A0004DF21C5000F020FD34214DF21D5000F073
:1034B0001BFD02214DF21E5000F016FD67214DF25A
:1034C0001F5000F011FD02214DF2205000F00CFDC4
:1034D00084214DF2215000F007FD02214DF22250CF
:1034E00000F002FDA4214DF2235000F0FDFC02216A
:1034F0004DF2245000F0F8FCB7214DF2255000F0B9
:10350000F3FC02214DF2265000F0EEFCCF214DF2EB
:10351000275000F0E9FC02214DF2285000F0E4FCB5
:10352000DE214DF2295000F0DFFC02214DF22A503D
:1035300000F0DAFCF2214DF22B5000F0D5FC022114
:103540004DF22C5000F0D0FCFE214DF22D5000F039
:10355000CBFC03214DF22E5000F0C6FC10214DF2A1
:103560002F5000F0C1FC03214DF2305000F0BCFCA4
:1035700033214DF2315000F0B7FC03214DF23250AF
:1035800000F0B2FC6D214DF2335000F0ADFC002193
:103590004FF4564000F0A8FC33214DF2016000F0DA
:1035A000A3FC00214DF2026000F09EFC34214DF29C
:1035B000036000F099FC00214DF2046000F094FCDF
:1035C0003A214DF2056000F08FFC00214DF20660BB
:1035D00000F08AFC4A214DF2076000F085FC0021D2
:1035E0004DF2086000F080FC5C214DF2096000F0B3
:1035F0007BFC00214DF20A6000F076FC81214DF247
:103600000B6000F071FC00214DF20C6000F06CFCCE
:10361000A6214DF20D6000F067FC00214DF20E6016
:1036200000F062FCE5214DF20F6000F05DFC01212D
:103630004DF2106000F058FC13214DF2116000F0C3
:1036400053FC01214DF2126000F04EFC54214DF26A
:10365000136000F049FC01214DF2146000F044FCBD
:1036600082214DF2156000F03FFC01214DF2166001
:1036700000F03AFCCA214DF2176000F035FC02213F
:103680004DF2186000F030FC00214DF2196000F09E
:103690002BFC02214DF21A6000F026FC01214DF2B4
:1036A0001B6000F021FC02214DF21C6000F01CFCAC
:1036B00034214DF21D6000F017FC02214DF21E6016
:1036C00000F012FC67214DF21F6000F00DFC02219A
:1036D0004DF2206000F008FC84214DF2216000F0E2
:1036E00003FC02214DF2226000F0FEFBA4214DF20A
:1036F000236000F0F9FB02214DF2246000F0F4FB9E
:10370000B7214DF2256000F0EFFB02214DF226605B
:1037100000F0EAFBCF214DF2276000F0E5FB02212B
:103720004DF2286000F0E0FBDE214DF2296000F050
:10373000DBFB02214DF22A6000F0D6FBF2214DF2B4
:103740002B6000F0D1FB02214DF22C6000F0CCFB8D
:10375000FE214DF22D6000F0C7FB03214DF22E60DB
:1037600000F0C2FB10214DF22F6000F0BDFB0321E1
:103770004DF2306000F0B8FB33214DF2316000F0C3
:10378000B3FB03214DF2326000F0AEFB6D214DF230
:10379000336000F0A9FB55214FF4704000F0A4FB0A
:1037A000AA214FF2010000F09FFB52214FF20200CC
:1037B00000F09AFB08214FF2030000F095FB002176
:1037C000184600F091FBCC214FF4314000F08CFB07
:1037D00000214BF2011000F087FB05214FF4364029
:1037E00000F082FB70214FF4374000F07DFB702128
:1037F0004BF2017000F078FB01214FF4384000F0EB
:1038000073FB03214BF6010000F06EFB03214BF626
:10381000020000F069FB03214BF6030000F064FB9B
:1038200002214FF43C4000F05FFB00214BF60140C9
:1038300000F05AFB00214BF6024000F055FBD0216E
:103840004FF4494000F050FB02214CF6011000F00B
:103850004BFB50214CF6021000F046FB50214CF679
:10386000031000F041FB50214CF6041000F03CFB2B
:1038700000214FF4545000F037FB55214FF46850AD
:1038800000F032FB4FF4885000F018FB782000F075
:103890007DFE4FF4245000F011FBB9E04845FCD107
:1038A000E22000F00BFB1D2000F0FCFA022000F0EB
:1038B000F9FA042000F0F6FA642000F067FEE02038
:1038C00000F0FCFA012000F0EDFA0A2000F050FEB2
:1038D000E02000F0F3FA032000F0E4FA0C2000F0FE
:1038E00047FE012000F0EAFA0A2000F041FEE6203F
:1038F00000F0E4FA2F2000F0D5FAFF2000F0D2FA11
:10390000FF2000F0CFFAB02000F0D8FA202000F01D
:10391000C9FA002000F0C6FA032000F0C3FA40F212
:103920001F3000F0BFFA012000F0BCFA40F2DF10B7
:1039300000F0B8FA002000F0B5FAB42000F0BEFAAA
:10394000042000F0AFFA40F21F4000F0ABFA002074
:1039500000F0A8FA2E2000F0A5FA002000F0A2FA4C
:10396000002000F09FFA002000F09CFA002000F0F8
:1039700099FAB62000F0A2FA022000F093FA4FF470
:10398000037000F08FFA002000F08CFA172000F08E
:1039900089FA152000F086FA002000F083FA002052
:1039A00000F080FAF02000F089FA032000F07AFAA3
:1039B000292000F083FAD02000F080FA002000F0E7
:1039C00071FABE2000F07AFA052000F06BFAFE20B2
:1039D00000F068FA012000F065FA002000F062FAB9
:1039E000002000F05FFA002000F05CFAB82000F040
:1039F00065FA032000F056FA012000F053FABA20CD
:103A000000F05CFA012000F04DFA642000F042F86A
:103A1000B888B04207D0A04205D0404503D0A842A4
:103A200001D048451DD1DAF81C21514622F00F0281
:103A3000CAF81C21DAF81C2122F47062CAF81C2191
:103A4000DAF81C2142F00302CAF81C21A042DAF87D
:103A50001C0102D140F4407001E040F40070C1F854
:103A60001C010020FDF770FC04480121C0F8BC12C5
:103A70005846FDF74FFC15B0BDE8F08F008040427E
:103A800008B54FF0D840B0F88000ADF80000BDF8A0
:103A9000000008BD10B50246BE2000F00FFA052058
:103AA00000F000FA104600F062FE9FED0C1B53EC94
:103AB000112B00F06FFE00F02DFE80B200F0F2F945
:103AC000012000F0EFF9FF2000F0ECF9002000F0F9
:103AD000E9F9BDE81040002000F0E4B966666666CA
:103AE0006666044070B5664C00232146A279898839
:103AF00041F66315012A01D01AB11BE0A94202D197
:103B000018E0A94216D1082814D2DFE800F0040614
:103B1000080A0C0E101206200CE007200AE0042010
:103B200008E0052006E0012004E0002002E0032078
:103B300000E00220082812D2DFE800F01104060895
:103B40000A0C0E1080230AE0402308E0C02306E0A0
:103B5000202304E0602302E0A02300E0E02345F2FC
:103B60001056B14202D14FF4585000E03620A1F572
:103B70001342413A03D0A1F5EE42893A01D143F014
:103B80000803194600F0B0F9A288AA420AD09806A4
:103B90002088618802D5884202D303E0884201D997
:103BA000218060806089B24240D100F087F9002016
:103BB00000F078F96089401C80B200F07FF90020A5
:103BC00000F070F96089801C80B200F077F92088DD
:103BD000401EC0F30F2000F065F96089C01C80B260
:103BE00000F06CF92078401EC0B200F05BF9A089AB
:103BF00000F064F9002000F055F9A089401C80B263
:103C000000F05CF9002000F04DF9A089801C80B222
:103C100000F054F96088401EC0F30F2000F042F914
:103C2000A089C01C80B200F049F921E000F046F9FB
:103C3000002000F037F9002000F034F92088401E01
:103C4000C0F30F2000F02EF92078401EC0B200F023
:103C500029F9A08900F032F9002000F023F90020B2
:103C600000F020F96088401EC0F30F2000F01AF920
:103C7000A078BDE87040401EC0B200F013B900004B
:103C800078010020F0B53A4D0C460246060AA98894
:103C90002846270A4089A1F5C853633B16D0A1F5F1
:103CA000AA43103B4BD000F009F9304600F0FAF877
:103CB000D0B200F0F7F8A88900F000F9384600F01B
:103CC000F1F8E0B2BDE8F04000F0ECB8A97929B312
:103CD00000F0F4F8304600F0E5F8D0B200F0E2F879
:103CE0002888401EC0F30F2000F0DCF82878401E22
:103CF000C0B200F0D7F8A88900F0E0F8384600F02C
:103D0000D1F8E0B200F0CEF86888401EC0F30F2072
:103D100000F0C8F8A878401EC0B2D3E72988891AF5
:103D2000491E8AB200F0CAF8002000F0BBF800205B
:103D300000F0B8F8100A00F0B5F8D0B2D9E700F0FA
:103D4000BDF8304600F0AEF86889401C80B200F043
:103D5000B5F8D0B200F0A6F8A88900F0AFF8384660
:103D600000F0A0F8A889401C80B200F0A7F8A8E7EE
:103D7000780100202DE9F84F82461F460E468B46FB
:103D8000580700D0012000EBD700790810FB01F0A4
:103D9000203AC0B202F0FF090025009047E00C2F46
:103DA00010D0102F12D0182F14D0202F42D122491A
:103DB00001EBC9104FF00008445D200610D51F48E4
:103DC000026811E009EB49001D4906E01D4901EBBD
:103DD0000910EFE71C4909EBC90001EB8000E9E796
:103DE0000A9828B91548426831465046FDF708FB45
:103DF0006006040E1548761CB6B24088B04219D948
:103E0000A6EB0B00B84209D10AF101001FFA80FAB3
:103E10000E485E46018851450CD906E008F10100C4
:103E200000F0FF08B8F1080FC7D36D1CEDB2009881
:103E30008542B4D3BDE8F88F7261000818000020F5
:103E4000B2490008264E00081654000878010020E8
:103E50002DE9F84F044600F0FF0810190D46DDE982
:103E60000A761FFA80FA58191FFA80F94FF0000BF2
:103E700011E0544502D3E819444685B24D450FD2AE
:103E80003B4629462046CDF800B0FFF773FF04EB10
:103E9000570084B2761C3278A2F120005E28E8D95F
:103EA000BDE8F88F01B5BDF80000ADF80000BDF821
:103EB00000004FF0D841A1F8800008BD01B5BDF861
:103EC0000000ADF80000BDF800004FF0D841A1F8A7
:103ED0007E0008BD03484FF0D8410089A1F87E005C
:103EE00070470000780100204FF0D84222F87E0F82
:103EF00051807047114810B5016886B041F020012B
:103F0000016000680E4C00F0200005904FF4C06086
:103F10000090012001900290032003906946204602
:103F2000FCF7D0FA012251022046FCF7ABFB01223C
:103F300091022046FCF7A6FB06B010BD30380240C7
:103F400000140240FEE770477047704770B5214C7F
:103F500092B00025266846F080562660246804F05A
:103F6000805411941C4C266846F4804626602468D0
:103F70000DF1240C04F480441194012400942404D1
:103F80000194022406948CE80D006605CDE90761D2
:103F90006846FCF7EFFC00B1FEE70CA90F2081E8B2
:103FA00031004FF4A0500F904FF480501090052135
:103FB0000CA8FCF7F7FB00B1FEE7FCF769FB41F248
:103FC0000101884204D10548016841F48071016013
:103FD00012B070BD4038024000700040003C02400A
:103FE000FCF762BB1048016841F4700101600F48A2
:103FF000016841F0010101600C4A002108321160A2
:1040000002680B4B1A400260031D0A4A1A600268DC
:1040100022F48022026005480C30016002495806F3
:10402000803908607047000088ED00E000380240E9
:10403000FFFFF6FE103000240148FCF71BBF000014
:1040400088010020094A10B5074BC2E90031002160
:10405000C2E9021010461161FCF7C0FEBDE8104035
:104060000248FCF7F5BE0000000400408801002073
:10407000F0B50268254D264E264FDFF89CC0274B31
:104080004FF0804EA84209D0704507D0B04205D00D
:10409000B84203D0604501D0984203D122F07004A9
:1040A0004A682243A8421BD0704519D0B04217D0AD
:1040B000B84215D0604513D0984211D0184CA04298
:1040C0000ED0184CA0420BD0174CA04208D0174C71
:1040D000A04205D0164CA04202D0164CA04203D1FB
:1040E00022F44074CA6822434C6922F080022243C1
:1040F00002608A68C2620A688262A84201D098425D
:1041000001D10969016301214161F0BD0000014055
:104110000004004000080040000C00400004014082
:1041200000400140004401400048014000180040A8
:10413000001C00400020004010B5806B0021C185AC
:10414000C184FCF760FF10BD0168CA6822F4907258
:10415000CA6001684A6922F001024A61202180F8A0
:104160003A10704710B590F83A10222901D0022079
:1041700010BD8168B1F5805F11D001690029016827
:104180001FD0496801F07F03816A4A1C82620B706C
:10419000C18D491E0904090CC18518D02BE00269A4
:1041A000816A002A0268526805D0D2B20A80816A08
:1041B000491C8162ECE7C2F308020A80816A891C0B
:1041C000F7E74A68816A4B1C83620A70E0E701687E
:1041D000CA6822F02002CA600168CA6822F48072AC
:1041E000CA6001684A6922F001024A61202180F810
:1041F0003A10FDF731F8002010BD00002DE9F04124
:10420000044600680169E26821F4405111430161EC
:10421000A1682069E2690143606910430143206895
:10422000C26849F20C639A430A43C260206841693C
:10423000A26921F4407111434161E0696425B0F540
:10424000004F974A974920684FF032083FD0884284
:1042500001D090427CD1FCF74DFB00EBC00101EB9B
:10426000001061688900B0FBF1F6FCF743FB00EB3E
:10427000C00101EB001061688900B0FBF1F0B0FBF8
:10428000F5F06FF01801484306EB800108EB0110D0
:10429000B0FBF5F000F0F006FCF72CFB00EBC001E2
:1042A00001EB001061688900B0FBF1F0B0FBF5F0A4
:1042B00006EB0016FCF71EFB00EBC00101EB001043
:1042C00061688900B0FBF1F7FCF714FBD2E088428B
:1042D00001D090423DD1FCF70DFB00EBC00101EB9A
:1042E000001061684900B0FBF1F0B0FBF5F0060189
:1042F000FCF700FB00EBC00101EB00106168490016
:10430000B0FBF1F7FCF7F6FA00EBC00101EB00108F
:1043100061684900B0FBF1F0B0FBF5F06FF01801F7
:10432000484307EB800108EBC100B0FBF5F000F05B
:10433000F80006EB4006FCF7DDFA00EBC00101EBEC
:10434000001061684900B0FBF1F7FCF7D3FA3CE0DC
:1043500055E0FCF7BFFA00EBC00101EB001061680B
:104360004900B0FBF1F0B0FBF5F00601FCF7B2FA42
:1043700000EBC00101EB001061684900B0FBF1F7F0
:10438000FCF7A8FA00EBC00101EB001061684900DE
:10439000B0FBF1F0B0FBF5F06FF01801484307EB0C
:1043A000800108EBC100B0FBF5F000F0F80006EB6F
:1043B0004006FCF78FFA00EBC00101EB00106168CA
:1043C0004900B0FBF1F7FCF785FA00EBC00101EB07
:1043D000001061684900B0FBF1F0B0FBF5F06FF040
:1043E0001801484307EB800108EBC100B0FBF5F072
:1043F00000F00700216830448860BDE8F081FCF7D8
:1044000069FA00EBC00101EB001061688900B0FBA4
:10441000F1F6FCF75FFA00EBC00101EB00106168F8
:104420008900B0FBF1F0B0FBF5F06FF018014843E4
:1044300006EB800108EB0110B0FBF5F000F0F00690
:10444000FCF748FA00EBC00101EB0010616889003D
:10445000B0FBF1F0B0FBF5F006EB0016FCF73AFA12
:1044600000EBC00101EB001061688900B0FBF1F7BF
:10447000FCF730FA00EBC00101EB00106168890025
:10448000B0FBF1F0B0FBF5F06FF01801484307EB1B
:10449000800108EB0110B0FBF5F000F00F00A9E778
:1044A000001401400010014090F83910212901D07A
:1044B000022070478168B1F5805F016A0BD04A1C09
:1044C0000262026809785160C18C491E0904090C16
:1044D000C1840ED017E009880268C1F30801516059
:1044E00001690029016A02D0491C0162ECE7891CBC
:1044F000FBE70168CA6822F08002CA600068C168F0
:1045000041F04001C16000207047000010B508482C
:10451000FCF780FD0648FCF777FD2028FAD1012240
:1045200004490348FCF76EFE0028F8D110BD0000D6
:10453000E800002014000020FEE70907090E00280B
:1045400004DB00F1E02080F80014704700F00F0059
:1045500000F1E02080F8141D7047704710B5044644
:104560000420FCF719FC0148046010BD1000002075
:1045700070B5054600244FF47A7603E0304600F02B
:1045800005F8641CAC42F9D370BD000070B54FF063
:10459000E02500216C69094AAB6912685043AA6999
:1045A0009A42FCD002D2A3EB020302E0A4EB020683
:1045B0003344194413468142F1D370BD10000020EA
:1045C0001CB5FCF779F80723022208214FF4A870E4
:1045D000FFF7BCFCA820FFF7C1FF4FF4E13000F06B
:1045E0007DF8FFF787FCFCF765FEFCF771FF42F2F0
:1045F0000F7142F2CF00FFF725FD224D4FF47840B6
:104600002024286020A0CDE900401023C8220A21E0
:104610001E20FFF71DFC21A0CDE9004010234FF420
:10462000967232211E20FFF713FC20A0CDE9004036
:104630001023C8225A211E20FFF70AFC1FA0CDE933
:1046400000401023C82282211E20FFF701FC1EA07B
:10465000CDE900401023C822AA211E20FFF7F8FB55
:104660001F2000261C4C28604FF4FA750127C4F85F
:10467000A4622846FFF77CFFC4F8A4722846FFF71F
:1046800077FFF4E71800002041706F6C6C6F2053C7
:10469000544D333246342F463700000054494D45BF
:1046A00020494E54544552525550540041544F4D98
:1046B00040414C49454E54454B00000032303236A3
:1046C0002F362F3134000000617574686F723A2004
:1046D000636875616E000000008042420B4910B5AE
:1046E000094AC1E9002000208860C860086188612B
:1046F0000C2048610846FCF715FDBDE8104001227A
:1047000003490248FCF77EBD00100140E80000208C
:10471000140000204FEA1153A3F58063D3F11E0368
:10472000A8BFD3F1200C08DB4FF0004242EAC122BF
:1047300052EA505232FA03F0704709420BD4102B60
:10474000C4BF0020704703F5787CBCF1FF3F05D063
:104750004FF0FF3070474FF00000704770B500F029
:10476000C3F800BF4992248000207047F0E7B0FAF8
:1047700080F310FA03F10AD0C3F11D0303F580633F
:104780004FEA41504FEA035202EBD12170474FF0FC
:1047900000007047DFF848C170B51CEA111E1EBF4B
:1047A0001CEA13159EEA0C0F95EA0C0F00F06F80BF
:1047B00081EA030423EA4C134EEAD47E21EA4C1129
:1047C00041F4801143F48013AE44A1FB024CA0FBE2
:1047D0000365AEF17F7E361955EB0C05A1FB034C4A
:1047E0004CF10003A0FB021C16EB0C06654153F1D3
:1047F0000003094218BF46F0010613F4007F0BD1F5
:104800004FEA03314FEA0530340341EA155140EADB
:1048100016506FF003020AE04FEAC3214FEAC520A9
:10482000F40241EA555140EA56506FF0020202EBA1
:104830002E4201EB025585EACE710AD05FEA440CA4
:1048400018BF24F0004450F1000041F1000120EABB
:10485000D47040F2FE7C624500D270BDA84214BF05
:104860004FF080444FF04044002E08BF0024BEF1BA
:10487000806FA8BFA1F1C041BDE8704080F2828086
:104880004FF0000001F1C04101F0004170479EEA85
:104890000C0F0CEA131518BF95EA0C0F06D04FF059
:1048A000000081EA030E0EF0004170BD00F01CF81C
:1048B0008900013E00F007B800F009B84FEA430C48
:1048C0005FEA5C5C08D081EA030100F05BB84FEA64
:1048D000410C5FEA5C5CF6D14FF000000149704783
:1048E0000000FF070000F87F0EF1020E2EF0030E0D
:1048F0005EF8046B364205D4012A43EB030515F537
:10490000001F12D8012841EB010C1CF5001F0CD828
:104910000ED14FEAD17C15F5001F0CEB4C0C0CF1BD
:10492000020C08BF4CEBD37C04E04FF0080C01E014
:104930004FEAD37C0CEB4C0526FA05F606F0070689
:10494000B6F1040C06D20EEB860CBDE870404CF0BC
:10495000010C6047DFE80CF0090B02024FF0004148
:104960004FF00000A1F5002170BD19461046012846
:1049700051EB010418BFD4F5001484BF002001F0EE
:10498000004170BD0808A0F500114FEA31017047E1
:104990004FF04070E1EE100A704700000000000088
:1049A00000000102030406070809000000000102DC
:1049B00003040000000000000000000000000000F0
:1049C00000003F40000000000000000030004000F8
:1049D00030004000000009000BC03D000BC03D004E
:1049E000090018C024407FE02240318000001800F8
:1049F00024C01B000D803240018003801C402740F2
:104A00001C80074000401000600000000000000013
:104A100000000000000000001F8020404020000037
:104A2000402020401F8000000000090006001F8079
:104A3000060009000000040004003F800400040098
:104A400000000010006000000000000000000400F2
:104A50000400040004000400000000000040000006
:104A6000000000000000002001C0060038004000E7
:104A700000001F802040204020401F8000000000D8
:104A800010403FC000400000000018C021402240FC
:104A900024401840000010802040244024401B8007
:104AA000000002000D0011003FC0014000003C80EA
:104AB000244024402440238000001F8024402440C0
:104AC0003440038000003000200027C03800200060
:104AD00000001B802440244024401B8000001C0058
:104AE00022C0224022401F80000000000000084039
:104AF0000000000000000000000004600000000052
:104B00000000000004000A0011002080404009005D
:104B10000900090009000900000000004040208051
:104B200011000A000400180020002340240018008F
:104B300000001F802040274029401F400000004007
:104B400007C039000F0001C0004020403FC0244092
:104B500024401B8000001F802040204020403080E7
:104B6000000020403FC0204020401F800000204027
:104B70003FC024402E4030C0000020403FC02440B1
:104B80002E00300000000F001080204022403380B3
:104B9000020020403FC0040004003FC020402040ED
:104BA00020403FC020402040000000602020202006
:104BB0003FC02000200020403FC024400B0030C0F8
:104BC000204020403FC020400040004000C03FC087
:104BD0003C0003C03C003FC0000020403FC00C40F0
:104BE00023003FC020001F802040204020401F8025
:104BF000000020403FC024402400180000001F8017
:104C00002140214020E01FA0000020403FC0244060
:104C1000260019C0004018C02440244022403180A2
:104C20000000300020403FC0204030000000200045
:104C30003F80004000403F80200020003E0001C037
:104C4000070038002000380007C03C0007C03800CB
:104C50000000204039C0060039C02040000020007C
:104C6000384007C0384020000000304021C02640B6
:104C7000384020C00000000000007FE040204020BD
:104C80000000000070000C000380004000000000E5
:104C9000402040207FE00000000000002000400095
:104CA0002000000000000010001000100010001094
:104CB00000100000000040000000000000000000A4
:104CC00002800540054003C0004020003FC0044072
:104CD00004400380000000000380044004400640BC
:104CE000000000000380044024403FC0004000005A
:104CF00003800540054003400000000004401FC041
:104D0000244024402000000002E0055005500650D9
:104D1000042020403FC00440040003C000400000C5
:104D2000044027C0004000000000001000100410E4
:104D300027E00000000020403FC00140070004C001
:104D40000440204020403FC000400040000007C019
:104D5000040007C0040003C00000044007C0044072
:104D6000040003C0004000000380044004400380AE
:104D70000000041007F0045004400380000000000D
:104D800003800440045007F00010044007C00240B4
:104D9000040004000000000006400540054004C077
:104DA0000000000004001F800440004000000400D8
:104DB00007800040044007C000400400070004C012
:104DC000018006000400060001C0070001C00600C3
:104DD0000000044006C0010006C0044000000410AA
:104DE000071004E00180060004000000044005C034
:104DF0000640044000000000000004007BE040206A
:104E00000000000000000000FFF0000000000000B3
:104E100040207BE0040000000000400080004000D3
:104E20002000200040000000000000000000000002
:104E30000000000000000000000000001FCC000C7B
:104E400000000000000000000800300060000800C2
:104E5000300060000000022003FC1E20022003FC42
:104E60001E200220000000000E1811043FFF1084D5
:104E70000C78000000000F0010840F3800C0077885
:104E800018840078000000780F8410C411240E9854
:104E900000E40084000808006800700000000000C2
:104EA00000000000000000000000000007E01818EB
:104EB000200440020000000040022004181807E00F
:104EC0000000000000000240024001800FF001805D
:104ED0000240024000000080008000800FF8008047
:104EE0000080008000000001000D000E00000000A6
:104EF00000000000000000000080008000800080B2
:104F00000080008000800000000C000C0000000009
:104F10000000000000000000000600180060018092
:104F2000060018002000000007F008081004100414
:104F3000080807F000000000080408041FFC000433
:104F400000040000000000000E0C10141024104497
:104F500011840E0C000000000C1810041104110440
:104F600012880C700000000000E0032004240824D4
:104F70001FFC0024000000001F981084110411047D
:104F8000108810700000000007F008881104110458
:104F900018880070000000001C00100010FC1300B6
:104FA0001C001000000000000E3811441084108412
:104FB00011440E38000000000700088C1044104413
:104FC000088807F00000000000000000030C030C3C
:104FD00000000000000000000000000101060000C9
:104FE00000000000000000000080014002200410CA
:104FF00008081004000002200220022002200220E3
:105000000220022000000000100408080410022002
:1050100001400080000000000E001200100C106C17
:1050200010800F00000003E00C1813E4142417C4D0
:10503000082807D000000004003C03C41C400740BF
:1050400000E4001C000410041FFC110411041104EE
:105050000E880070000003E00C1810041004100407
:1050600010081C10000010041FFC10041004100491
:10507000080807F0000010041FFC1104110417C4F5
:1050800010040818000010041FFC1104110017C0C0
:1050900010000800000003E00C1810041004104475
:1050A0001C780040000010041FFC10840080008069
:1050B00010841FFC10040000100410041FFC1004D6
:1050C00010040000000000030001100110011FFE89
:1050D00010001000000010041FFC11040380146471
:1050E000181C1004000010041FFC1004000400042D
:1050F0000004000C000010041FFC1F0000FC1F0037
:105100001FFC1004000010041FFC0C04030000E04E
:1051100010181FFC100007F00808100410041004F9
:10512000080807F0000010041FFC10841080108095
:1051300010800F00000007F0081810241024101C25
:10514000080A07F2000010041FFC1104110011C02E
:1051500011300E0C000400000E1C11041084108489
:1051600010441C3800001800100010041FFC10042C
:1051700010001800000010001FF8100400040004C4
:1051800010041FF8100010001E0011E0001C007039
:1051900013801C0010001FC0103C00E01F0000E046
:1051A000103C1FC000001004180C163401C001C0D0
:1051B0001634180C100410001C00130400FC130417
:1051C0001C00100000000804101C1064108413045C
:1051D0001C04101800000000000000007FFE4002C8
:1051E000400240020000000030000C00038000601C
:1051F000001C0003000000004002400240027FFE4D
:1052000000000000000000000000200040004000FE
:105210004000200000000001000100010001000129
:1052200000010001000100004000400020000000DB
:105230000000000000000000009801240144014427
:10524000014400FC000410001FFC0088010401045C
:105250000088007000000000007000880104010454
:1052600001040088000000000070008801040104AF
:1052700011081FFC0004000000F80144014401442F
:10528000014400C800000000010401040FFC1104E7
:10529000110411001800000000D60129012901297C
:1052A00001C90106000010041FFC00840100010078
:1052B000010400FC000400000104190419FC0004AE
:1052C00000040000000000000003000101011901BA
:1052D00019FE0000000010041FFC0024004001B46F
:1052E000010C010400000000100410041FFC000465
:1052F000000400000000010401FC0104010001FCA5
:105300000104010000FC010401FC00840100010013
:10531000010400FC0004000000F801040104010481
:10532000010400F80000010101FF008501040104EF
:105330000088007000000000007000880104010473
:10534000010501FF00010104010401FC00840104C6
:10535000010001800000000000CC01240124012490
:1053600001240198000000000100010007F8010479
:10537000010400000000010001F800040004000422
:10538000010801FC0004010001800170000C001004
:1053900001600180010001F0010C003001C000300B
:1053A000010C01F0010000000104018C0074017087
:1053B000018C01040000010101810171000E00183F
:1053C00001600180010000000184010C01340144EE
:1053D0000184010C0000000000000000000001003A
:1053E0003EFC400240020000000000000000FFFF01
:1053F0000000000000000000400240023EFC0100EE
:1054000000000000000000006000800080004000FC
:10541000400020002000000000000000000000000C
:10542000000000000000000000000000000000007C
:10543000000000000000000000000000000000006C
:105440000000000000000000000F80380FFE380F41
:105450008038000000000000000000000000000094
:10546000000000000100000600000C0000380000F1
:105470003100000600000C00003800003000000081
:1054800000000000000061800067F807F9800061FB
:10549000800061800061800061800067F807F9800A
:1054A00000618000000000000000000001C0E00377
:1054B000E0F00630080418081FFFFE040E080787F6
:1054C000F00381E000000000000001F000060C0085
:1054D000040408060C7001F9C0000E00003BE00057
:1054E000EC18070808040C180003E0000000000195
:1054F000E00007F003F818041C0804170807E1D0BF
:1055000003C0E00023B0003C0800200800001000A9
:1055100000000000000100003100003200001C000B
:10552000000000000000000000000000000000007B
:10553000000000000000000000000000000000006B
:105540000000000000007F0001FFC00780F00C0099
:1055500018100004200002000000000000200002DB
:105560001000040C00180780F001FFC0007F00004D
:10557000000000000000000000000000000000002B
:1055800000004200006600006600003C00001800B9
:1055900003FFC0001800003C000066000066000029
:1055A0004200000000000800000800000800000899
:1055B0000000080001FFC00008000008000008000B
:1055C0000008000008000000000000010000310099
:1055D000003200001C00000000000000000000007D
:1055E00000000000000000000000000000000800B3
:1055F0000008000008000008000008000008000083
:10560000080000080000080000080000000000007A
:1056100000000000000038000038000038000000E2
:10562000000000000000000000000000000000007A
:10563000000000000000000600001C0000700001D7
:1056400080000E0000380000C0000700001C0000B1
:10565000300000000000000000007F8001FFE00338
:105660008070060018040008040008060018038073
:105670007001FFE0007F80000000000000000000DB
:1056800001000801000801000803FFF807FFF80007
:1056900000080000080000080000000000000000F2
:1056A0000001C03802C05804009804011804021810
:1056B000040418061C1803F81801E0F800000000A4
:1056C000000000000001C0E003C0F004000804086E
:1056D0000804080806180803F41801E7F00001E0C0
:1056E000000000000000000000000300000D0000AA
:1056F000110000610000810803010807FFF80FFF97
:10570000F80001080001080000000000000000E0AF
:1057100007FCD00608080610080610080610080640
:105720001838060FF00607C0000000000000000057
:1057300000003F8001FFE0038430020818041008D5
:10574000041008041008071810030FF00007C00029
:10575000000000000000000003C000070000060079
:10576000000600F80607F806180006E0000700002B
:1057700006000000000000000001E1E003F7F00671
:105780003410041808041808040C08040C08061641
:105790001803F3F001C1E000000000000000F80071
:1057A00003FC30030638040208040208040208045B
:1057B00004100308F001FFC0007F0000000000009B
:1057C0000000000000000000000000000000703831
:1057D0000070380070380000000000000000000079
:1057E00000000000000000000000000000000000B9
:1057F0000000301A00301C00000000000000000013
:105800000000000000000000000000000008000090
:1058100014000022000041000080800100400200CE
:105820002004001008000800000000000000210013
:1058300000210000210000210000210000210000C3
:1058400021000021000021000021000000000000D4
:1058500000000000080008040010020020010040C1
:1058600000808000410000220000140000080000B9
:10587000000000000003C00004C000040000080095
:1058800038080F380808380810000C300007E0000E
:1058900003C000000000000000003F8000FFE003A4
:1058A0008070020F1006708804C088048308047F8B
:1058B0008802C09003012000FE400000080000188C
:1058C0000001F8003E0801C20007020007E20000E4
:1058D000FE00001FC80001F80000380000080400A6
:1058E0000807FFF807FFF804080804080804080878
:1058F00004080806180803F41801E7F00001E000A6
:105900000000000000003F8001FFE0038070020003
:105910001804000804000804000804001006002011
:105920000780C000000004000807FFF807FFF80424
:105930000008040008040008040018020010038096
:105940007001FFE0007F8000000004000807FFF8FE
:1059500007FFF804080804080804080804080804F5
:105960003E08040008060018010060000000040062
:105970000807FFF807FFF8040808040800040800F7
:10598000040800043E00060000060000018000003C
:105990000000000000003F8001FFE003807006006F
:1059A000180400080402080402080203F00783F048
:1059B00000020000020004000807FFF807FFF804D7
:1059C000080800080000080000080000080004089B
:1059D0000807FFF807FFF8040008000000000000B7
:1059E00004000804000804000807FFF807FFF80493
:1059F0000008040008040008000000000000000087
:105A0000000000060000070000010400010400017E
:105A100004000307FFFE07FFFC040000040000046D
:105A2000000004000807FFF807FFF8040C0800183E
:105A300000003E0004C7800503C80600F8040038D3
:105A400004001800000804000807FFF807FFF80426
:105A5000000800000800000800000800000800001E
:105A60000800001800006000000004000807FFF8AC
:105A700007800807FC00007FC00003F80007C00093
:105A8000780007800807FFF807FFF8040008040003
:105A90000807FFF807000803C00000E00000380016
:105AA000001E000007000001C00400F007FFF8041A
:105AB0000000000000007F8001FFE003807006000E
:105AC0001804000804000806001803003001FFE075
:105AD000007F8000000004000807FFF807FFF804BB
:105AE0000408040400040400040400040400060C78
:105AF0000003F80001F000000000000000007F80BB
:105B000001FFE00380700600880400880400C806D6
:105B1000003C03003E01FFE6007F8400000004001B
:105B20000807FFF807FFF8040808040800040C0041
:105B3000040F00040BC00610F003F03801E0080069
:105B4000000800000001E0F803F0300630100418EF
:105B500008041808040C08040C080206180207F0D0
:105B60000781E0000000018000060000040000043E
:105B7000000004000807FFF807FFF804000804000D
:105B80000004000006000001800004000007FFE0A0
:105B900007FFF004001800000800000800000800DB
:105BA000000800000804001007FFE00400000400E3
:105BB0000006000007E00007FE00041FE00001F8F7
:105BC0000000380001E0043E0007C00006000004A9
:105BD000000004000007E00007FFC0041FF80007F2
:105BE000C007F80007FF80043FF80007C004F80072
:105BF0000700000400000000000400080600180769
:105C0000C07805F1C8003E00001F800463E80780EB
:105C1000F806001804000800000004000006000058
:105C200007800007E008047C08001FF80007F80060
:105C3000180804E008070000060000040000000047
:105C4000000100080600380400F80403E8040F0807
:105C5000047C0805F00807C008070018040060006D
:105C60000000000000000000000000000000000034
:105C7000003FFFFE20000220000220000220000260
:105C800020000200000000000000000008000007E3
:105C9000000000C0000038000006000001C0000045
:105CA0003000000E000001000000000000000000B5
:105CB0002000022000022000022000022000023FFB
:105CC000FFFE0000000000000000000000000000D7
:105CD000000000000000000800001000003000007C
:105CE000200000300000100000080000000000004C
:105CF00000000000010000010000010000010000A0
:105D0000010000010000010000010000010000018D
:105D10000000010000010000000000000000002061
:105D20000000200000100000100000000000000033
:105D3000000000000000000000000000000000F073
:105D40000019F8001B18002208002608002408008B
:105D50002410003FF8001FF80000080000180000A1
:105D60000004000007FFF80FFFF0001818001008EB
:105D7000002008002008003018001FF0000FC000AD
:105D800000000000000007C0001FF00018300020D5
:105D900008002008002008003C08001C10000060DB
:105DA0000000000000000000000007C0001FF0001D
:105DB000381800200800200800200804101007FFF1
:105DC000F80FFFF0000010000000000000000000CD
:105DD0000007C0001FF00012300022180022080047
:105DE0002208003208001E10000E200000000000F3
:105DF0000000200000200800200801FFF803FFF841
:105E000006200804200804200807200003000000E2
:105E1000000000000000000E000E6E001FF30031B5
:105E2000B10020B10020B1003191001F13002E1EDF
:105E300000200E00300000000004000807FFF80FEB
:105E4000FFF8001008002000002000002008003F9C
:105E5000F8001FF80000080000000000000000002B
:105E6000002008002008002008063FF8063FF80040
:105E7000000800000800000800000000000000000A
:105E800000000000000003000003002001002001CA
:105E9000002003063FFE063FFC000000000000005B
:105EA000000000000004000807FFF80FFFF80001E1
:105EB00088000300002FC00038F8002038002008B8
:105EC00000000800000000000000000004000804BA
:105ED000000804000807FFF80FFFF80000080000A2
:105EE00008000008000000000000002008003FF843
:105EF000003FF8001008002000003FF8003FF800C5
:105F00001008002000003FF8003FF80000080000E3
:105F100000002008003FF8003FF8001008001000C3
:105F2000002000002008003FF8001FF800000800D3
:105F300000000000000007C0000FF0001830003023
:105F400008002008002008003008001830000FF07A
:105F50000007C0000000000000002001003FFF001B
:105F60003FFF001011002009002008002008003029
:105F700038001FF0000FC00000000000000007C044
:105F8000001FF00038180020080020080020090039
:105F90001011001FFF003FFF000001000000002063
:105FA00008002008002008003FF8003FF80008081B
:105FB0000010080020080020000030000030000021
:105FC0000000000000000000000C78001E180033E4
:105FD000080023080021080021880021980030F0E3
:105FE00000386000000000000000200000200000D9
:105FF000200000FFF003FFF8002008002008002028
:106000000800003000000000000000000000200038
:10601000003FF0007FF800001800000800000800B2
:106020002010003FF8007FF000001000000000008A
:1060300000002000003000003C00003F800023F002
:10604000000078000070002380003C000030000059
:106050002000002000003C00003FE00023F800008A
:10606000E0002700003E00003FE00021F80001E0D2
:10607000003E000020000000000020080020080072
:106080003838003E680027800003C8002CF800382C
:106090003800201800200800000000000000200048
:1060A000003003003C01003F830023EC000070003F
:1060B0002380003C000020000020000000000000C1
:1060C000000000000038080020380020F80023E815
:1060D000002F88003E0800380800201800007000DB
:1060E00000000000000000000000000000000000B0
:1060F000000008000014001FF7FC3000062000021A
:10610000000000000000000000000000000000008F
:106110000000000000000000FFFFFF000000000082
:10612000000000000000000000000000000000006F
:106130002000023000061FF7FC00140000080000D9
:10614000000000000000000000000000000000004F
:106150000018000060000040000040000020000027
:106160001000000800000400000400000C000010F3
:10617000000000000000000000000000000000001F
:10618000000000000000000000000000000000000F
:1061900000000000000000000000000000000000FF
:1061A00000000000000000000000000000000000EF
:1061B00000000000000000000000000000000000DF
:1061C00000000000000000000000000000000000CF
:1061D00000000000000000000000000000000000BF
:1061E00000000000000000000000000000000000AF
:1061F000000000000000000000000000000000009F
:106200000000000000000000000007F000C007FFD1
:10621000E1E007F001E0000000C000000000000025
:10622000000000000000000000000000000000006E
:10623000000000000000000000000000000000005E
:10624000000000000000000000000000000000004E
:10625000000000000000000000000000000000003E
:10626000000000000000000000000000000000002E
:10627000000000000000000000000020000001C03D
:106280000000078000001F0000001E0000001C200E
:10629000000001C00000078000001F0000001E0079
:1062A00000001C00000000000000000000000000D2
:1062B00000000000000000000000000000000000DE
:1062C00000000000000000000000000000000000CE
:1062D00000000000000000000000000000000000BE
:1062E00000000000000000000000000000000000AE
:1062F00000000000000000180C0000180C0000183E
:106300000FE0001FFC0003F80C0000180C00001840
:106310000C0000180C0000180C0000180FE0001F03
:10632000FC0003F80C0000180C0000180C00000022
:10633000000000000000000000000000000000005D
:10634000000000000000000000000000000000004D
:10635000000000000000000000000000000000003D
:10636000000000000000000000000000000000002D
:10637000000000000000000000000000078000781E
:1063800007C000FC0640010E0020030700200203A6
:1063900080200FFFFFFC0201C0200200E0600130FE
:1063A000704001F03F8000F01F000000000000007E
:1063B00000000000000000000000000000000000DD
:1063C00000000000000000000000000000000000CD
:1063D00000000000000000000000000000000000BD
:1063E00000000000000000000000000000000000AD
:1063F000000000FE000001FF000003018000020019
:106400008060030181C001FF070000FE180000004A
:10641000E0000003BF00000CFFC00071806001C1FC
:106420000020030180600000FFC000003F0000006A
:10643000000000000000000000000000000000005C
:10644000000000000000000000000000000000004C
:10645000000000000000000000000000000000003C
:10646000000000000000000000000000000000002C
:10647000000000001F0000007FC000FCC0C001FF42
:1064800080600303E0200202782002061E2003FC45
:10649000074001F00380000103C000011C600001FF
:1064A000E020000100200001004000000180000009
:1064B00000000000000000000000000000000000DC
:1064C00000000000000000000000000000000000CC
:1064D00000000000000000000000000000000000BC
:1064E00000000000000000000000000000000000AC
:1064F000000000000000002000001C6000001C40A4
:1065000000001F8000000F000000000000000000DD
:10651000000000000000000000000000000000007B
:10652000000000000000000000000000000000006B
:10653000000000000000000000000000000000005B
:10654000000000000000000000000000000000004B
:10655000000000000000000000000000000000003B
:10656000000000000000000000000000000000002B
:10657000000000000000000000000000000000001B
:106580000000000000000000000000000000000704
:10659000F800003FFF00007807C001C000E00300E2
:1065A0000030040000080800000410000002000091
:1065B00000000000000000000000000000000000DB
:1065C00000000000000000000000000000000000CB
:1065D00000000000000000000000000000000000BB
:1065E00000000000000000000000000000000000AB
:1065F0000000000000001000000208000004040079
:1066000000080300003001C000E0007807C0003F30
:10661000FF000007F800000000000000000000007C
:10662000000000000000000000000000000000006A
:10663000000000000000000000000000000000005A
:10664000000000000000000000000000000000004A
:10665000000000000000000000000000000000003A
:10666000000000000000000000000000000000002A
:1066700000000000000000000000000C1800000EE8
:106680003800000E38000006300000036000006192
:10669000438000FFFF8000614300000360000006AC
:1066A0003000000E3800000E3800000C180000000A
:1066B00000000000000000000000000000000000DA
:1066C00000000000000000000000000000000000CA
:1066D00000000000000000000000000000000000BA
:1066E00000000000000000000000000000000000AA
:1066F000000000000000000000000000800000001A
:106700008000000080000000800000008000000089
:106710008000007FFF00000080000000800000007B
:106720008000000080000000800000008000000069
:106730000000000000000000000000000000000059
:106740000000000000000000000000000000000049
:106750000000000000000000000000000000000039
:106760000000000000000000000000000000000029
:1067700000000000000000000001000000E3000035
:1067800000E2000000FC00000078000000000000B3
:1067900000000000000000000000000000000000F9
:1067A00000000000000000000000000000000000E9
:1067B00000000000000000000000000000000000D9
:1067C00000000000000000000000000000000000C9
:1067D00000000000000000000000000000000000B9
:1067E00000000000000000000000000000000000A9
:1067F0000000000000000000800000008000000099
:106800008000000080000000800000008000000088
:106810008000000080000000800000008000000078
:106820008000000080000000800000008000000068
:106830000000000000000000000000000000000058
:106840000000000000000000000000000000000048
:106850000000000000000000000000000000000038
:106860000000000000000000000000000000000028
:1068700000000000000000000000000000C0000058
:1068800001E0000001E0000000C000000000000086
:1068900000000000000000000000000000000000F8
:1068A00000000000000000000000000000000000E8
:1068B00000000000000000000000000000000000D8
:1068C00000000000000000000000000000000000C8
:1068D00000000000000000000000000000000000B8
:1068E00000000000000000000000000000000000A8
:1068F0000000000000000000000C00000038000054
:1069000000E00000038000000E00000038000000DE
:10691000E00000038000000E00000038000000E0EE
:106920000000038000000E000000180000000000BE
:106930000000000000000000000000000000000057
:106940000000000000000000000000000000000047
:106950000000000000000000000000000000000037
:106960000000000000000000000000000000000027
:1069700000000000000000000000000FF800007F91
:10698000FF0000F00780018000C0030000600200EB
:1069900000200200002002000020030000600180AF
:1069A00000C000E00380007FFF00000FF80000003F
:1069B00000000000000000000000000000000000D7
:1069C00000000000000000000000000000000000C7
:1069D00000000000000000000000000000000000B7
:1069E00000000000000000000000000000000000A7
:1069F0000000000000000000000000000000008017
:106A0000002000800020008000200080006001FF46
:106A1000FFE003FFFFE00000006000000020000036
:106A20000020000000200000000000000000000026
:106A30000000000000000000000000000000000056
:106A40000000000000000000000000000000000046
:106A50000000000000000000000000000000000036
:106A60000000000000000000000000000000000026
:106A700000000000000000000000007800E0009826
:106A80000160010002600200046002000860020070
:106A900010600200206002004060030080600183FB
:106AA000006001FE00E0007C0780000000000000A4
:106AB00000000000000000000000000000000000D6
:106AC00000000000000000000000000000000000C6
:106AD00000000000000000000000000000000000B6
:106AE00000000000000000000000000000000000A6
:106AF0000000000000000000000000F0078001F02E
:106B000007C0010000400200002002010020020135
:106B1000002002010020030380200186804001FC48
:106B2000C0C000787F8000001E0000000000000050
:106B30000000000000000000000000000000000055
:106B40000000000000000000000000000000000045
:106B50000000000000000000000000000000000035
:106B60000000000000000000000000000000000025
:106B700000000000000000000800000038000000D5
:106B800048000001880000060800000C08100030D2
:106B900008100040081001FFFFF003FFFFF003FFA3
:106BA000FFF00000081000000810000008100000AE
:106BB00000000000000000000000000000000000D5
:106BC00000000000000000000000000000000000C5
:106BD00000000000000000000000000000000000B5
:106BE00000000000000000000000000000000000A5
:106BF0000000000000000000000000000780001FEF
:106C0000864003E100200302002003040020030467
:106C100000200304002003040020030600400303B7
:106C200001C00301FF8003007E000000000000009F
:106C30000000000000000000000000000000000054
:106C40000000000000000000000000000000000044
:106C50000000000000000000000000000000000034
:106C60000000000000000000000000000000000024
:106C7000000000000000000000000007FC00003FD2
:106C8000FF000070C380008180C00101006003022A
:106C90000020020200200202002002020020020363
:106CA000004001C180C000C0FF8000007E000000E5
:106CB00000000000000000000000000000000000D4
:106CC00000000000000000000000000000000000C4
:106CD00000000000000000000000000000000000B4
:106CE00000000000000000000000000000000000A4
:106CF0000000000000000000000000F0000003C0E1
:106D000000000380000003000000030007E0030010
:106D10003FE00301C0000306000003180000036009
:106D200000000380000003000000000000000000DD
:106D30000000000000000000000000000000000053
:106D40000000000000000000000000000000000043
:106D50000000000000000000000000000000000033
:106D60000000000000000000000000000000000023
:106D700000000000000000001F0000783F8000FCC1
:106D800060C0018EC0400307802002030020020182
:106D90008020020180200201C0200301E040018622
:106DA00070C000FC3F8000781F0000000000000061
:106DB00000000000000000000000000000000000D3
:106DC00000000000000000000000000000000000C3
:106DD00000000000000000000000000000000000B3
:106DE00000000000000000000000000000000000A3
:106DF000000000000000003F000000FF81C001C053
:106E0000C1C00100602002002020020020200200FA
:106E1000202002002060020040C00100C18000C1AB
:106E20008F00007FFE00001FF00000000000000047
:106E30000000000000000000000000000000000052
:106E40000000000000000000000000000000000042
:106E50000000000000000000000000000000000032
:106E60000000000000000000000000000000000022
:106E70000000000000000000000000000000000012
:106E800000000000000000000000000300C0000738
:106E900081E0000781E0000300C000000000000066
:106EA00000000000000000000000000000000000E2
:106EB00000000000000000000000000000000000D2
:106EC00000000000000000000000000000000000C2
:106ED00000000000000000000000000000000000B2
:106EE00000000000000000000000000000000000A2
:106EF0000000000000000000000000000000000092
:106F0000000000000000000000000006006600060F
:106F100000780000000000000000000000000000F9
:106F20000000000000000000000000000000000061
:106F30000000000000000000000000000000000051
:106F40000000000000000000000000000000000041
:106F50000000000000000000000000000000000031
:106F60000000000000000000000000000000000021
:106F70000000000000000000000000008000000190
:106F8000C0000003600000063000000C180000186C
:106F90000C00003006000060030000C0018001000A
:106FA000004002000020040000100000000000006B
:106FB00000000000000000000000000000000000D1
:106FC00000000000000000000000000000000000C1
:106FD00000000000000000000000000000000000B1
:106FE00000000000000000000000000000000000A1
:106FF0000000000000000004100000041000000465
:107000001000000410000004100000041000000430
:107010001000000410000004100000041000000420
:107020001000000410000004100000041000000014
:107030000000000000000000000000000000000050
:107040000000000000000000000000000000000040
:107050000000000000000000000000000000000030
:107060000000000000000000000000000000000020
:1070700000000000000000000000040000100200FA
:1070800000200100004000C00180006003000030CB
:10709000060000180C00000C180000063000000369
:1070A00060000001C000000080000000000000003F
:1070B00000000000000000000000000000000000D0
:1070C00000000000000000000000000000000000C0
:1070D00000000000000000000000000000000000B0
:1070E00000000000000000000000000000000000A0
:1070F000000000000000000000000078000001F81F
:1071000000000238000002000000040000C004007B
:1071100079E0040081E0040100C0040300000202E1
:1071200000000306000001FC000000F80000000061
:10713000000000000000000000000000000000004F
:10714000000000000000000000000000000000003F
:10715000000000000000000000000000000000002F
:10716000000000000000000000000000000000001F
:10717000000000000000000FF800003FFE0000705B
:10718000078000C000C00101F8400307FC20021E78
:1071900004200230082002203020023FFC20013F62
:1071A000044001800CC000E03180001FC2000000DC
:1071B00000000000000000000000000000000000CF
:1071C00000000000000000000000000000000000BF
:1071D00000000000000000000000000000000000AF
:1071E000000000000000000000000000000000009F
:1071F00000000000002000000060000003E000002C
:107200003E200003E020003E200003E02000038039
:10721000200007FC2000003FE0000003FE200000EB
:107220003FE0000001E0000000200000002000001E
:10723000000000000000000000000000000000004E
:10724000000000000000000000000000000000003E
:10725000000000000000000000000000000000002E
:10726000000000000000000000000000000000001E
:10727000000000000000020000200200002003FFC8
:10728000FFE003FFFFE002010020020100200201F5
:1072900000200201002002010020030300200186DB
:1072A000806001FCC0C000F87F8000001F0000006B
:1072B00000000000000000000000000000000000CE
:1072C00000000000000000000000000000000000BE
:1072D00000000000000000000000000000000000AE
:1072E000000000000000000000000000000000009E
:1072F0000000000000000007F800003FFF000070E1
:10730000078000C000C00100004003000020020010
:1073100000200200002002000020020000200100E6
:107320000040018000C003C0018000300600000062
:10733000000000000000000000000000000000004D
:10734000000000000000000000000000000000003D
:10735000000000000000000000000000000000002D
:10736000000000000000000000000000000000001D
:10737000000000000000020000200200002003FFC7
:10738000FFE003FFFFE002000020020000200200F7
:107390000020020000200300006001000040018086
:1073A00000C000F00780007FFE00000FF800000022
:1073B00000000000000000000000000000000000CD
:1073C00000000000000000000000000000000000BD
:1073D00000000000000000000000000000000000AD
:1073E000000000000000000000000000000000009D
:1073F000000000000000020000200200002003FF47
:10740000FFE003FFFFE00201002002010020020173
:107410000020020100200201002002038020020F50
:10742000E0200300006003C000E0006003000000F3
:10743000000000000000000000000000000000004C
:10744000000000000000000000000000000000003C
:10745000000000000000000000000000000000002C
:10746000000000000000000000000000000000001C
:10747000000000000000020000200200002003FFC6
:10748000FFE003FFFFE002010020020100200201F3
:1074900000000201000002010000020100000203DE
:1074A0008000030FE0000300000003C00000006044
:1074B00000000000000000000000000000000000CC
:1074C00000000000000000000000000000000000BC
:1074D00000000000000000000000000000000000AC
:1074E000000000000000000000000000000000009C
:1074F0000000000000000007F800003FFE000070E0
:10750000078001C001C0010000400300002002000C
:1075100000200200002002000020010020200100C5
:10752000204003C03F8000303F800000200000006A
:10753000200000000000000000000000000000002B
:10754000000000000000000000000000000000003B
:10755000000000000000000000000000000000002B
:10756000000000000000000000000000000000001B
:107570000000020000200200002003FFFFE003FFE4
:10758000FFE0020080200200802000008000000058
:10759000800000008000020080200200802003FFA5
:1075A000FFE003FFFFE002000020020000200000D7
:1075B00000000000000000000000000000000000CB
:1075C00000000000000000000000000000000000BB
:1075D00000000000000000000000000000000000AB
:1075E000000000000000000000000000000000009B
:1075F0000000000000000000000000000000020089
:10760000002002000020020000200200002003FFF2
:10761000FFE003FFFFE00200002002000020020064
:107620000020020000200000000000000000000018
:10763000000000000000000000000000000000004A
:10764000000000000000000000000000000000003A
:10765000000000000000000000000000000000002A
:10766000000000000000000000000000000000001A
:107670000000000000000000000E0000000F0000ED
:10768000000F0000000102000001020000010200E2
:1076900000030200000603FFFFFC03FFFFF80200E7
:1076A00000000200000002000000020000000000D4
:1076B00000000000000000000000000000000000CA
:1076C00000000000000000000000000000000000BA
:1076D00000000000000000000000000000000000AA
:1076E000000000000000000000000000000000009A
:1076F000000000000000020000200200002003FF44
:10770000FFE003FFFFE00200C020020100200007AD
:107710008000000FE0000030F80002603E2003808F
:107720000F20030003E0020000E002000020000040
:107730000020000000000000000000000000000029
:107740000000000000000000000000000000000039
:107750000000000000000000000000000000000029
:107760000000000000000000000000000000000019
:10777000000000000000020000200200002003FFC3
:10778000FFE003FFFFE002000020020000200000F5
:107790000020000000200000002000000020000069
:1077A000002000000060000000E000000300000076
:1077B00000000000000000000000000000000000C9
:1077C00000000000000000000000000000000000B9
:1077D00000000000000000000000000000000000A9
:1077E0000000000000000000000000000000000099
:1077F0000000020000200200002003FFFFE003E081
:10780000002003FF0020001FF0000001FF800000A7
:107810000FE000001E000003E000003E002003E037
:10782000002003FFFFE003FFFFE002000020020052
:107830000020000000000000000000000000000028
:107840000000000000000000000000000000000038
:107850000000000000000000000000000000000028
:107860000000000000000000000000000000000018
:107870000000020000200200002003FFFFE0038060
:10788000002003F0002000FC0000001F00000007A3
:10789000C0000001F00000007C0002001F80020018
:1078A00007E003FFFFE0020000000200000000000C
:1078B00000000000000000000000000000000000C8
:1078C00000000000000000000000000000000000B8
:1078D00000000000000000000000000000000000A8
:1078E0000000000000000000000000000000000098
:1078F000000000000000000FF800003FFE0000F054
:107900000780018000C0010000400200002002004A
:107910000020020000200200002001000040018041
:1079200000C000F00380003FFE00000FF8000000E0
:107930000000000000000000000000000000000047
:107940000000000000000000000000000000000037
:107950000000000000000000000000000000000027
:107960000000000000000000000000000000000017
:10797000000000000000020000200200002003FFC1
:10798000FFE003FFFFE002008020020080200200F1
:1079900080000200800002008000020080000301DD
:1079A00080000183000000FE0000007C0000000059
:1079B00000000000000000000000000000000000C7
:1079C00000000000000000000000000000000000B7
:1079D00000000000000000000000000000000000A7
:1079E0000000000000000000000000000000000097
:1079F000000000000000000FF800007FFF0000F012
:107A00000380018001C00100064002000420020042
:107A1000042002000620020003E0010000F80180BB
:107A2000005C00E0038C003FFF0C000FFC1800001E
:107A30000000000000000000000000000000000046
:107A40000000000000000000000000000000000036
:107A50000000000000000000000000000000000026
:107A60000000000000000000000000000000000016
:107A7000000000000000020000200200002003FFC0
:107A8000FFE003FFFFE002010020020100200201ED
:107A900080000201E0000201FC0003033F80018638
:107AA00007E001FC00E000F80020000000200000DA
:107AB00000000000000000000000000000000000C6
:107AC00000000000000000000000000000000000B6
:107AD00000000000000000000000000000000000A6
:107AE0000000000000000000000000000000000096
:107AF000000000000000000000000078060000FE0A
:107B000001E0018600C003030040020300200201DF
:107B10008020020180200201C0200200C02001005C
:107B2000E060018070C003E03F8000001F000000A3
:107B30000000000000000000000000000000000045
:107B40000000000000000000000000000000000035
:107B50000000000000000000000000000000000025
:107B60000000000000000000000000000000000015
:107B7000000000000000006000000380000003001F
:107B8000000002000000020000200200002003FFAD
:107B9000FFE003FFFFE002000020020000200200DF
:107BA0000000020000000380000000E00000000070
:107BB00000000000000000000000000000000000C5
:107BC00000000000000000000000000000000000B5
:107BD00000000000000000000000000000000000A5
:107BE0000000000000000000000000000000000095
:107BF0000000020000000200000003FFFF0003FF7E
:107C0000FFC00200004002000060000000200000F1
:107C100000200000002000000020020000400200C0
:107C2000008003FFFF0002000000020000000000CF
:107C30000000000000000000000000000000000044
:107C40000000000000000000000000000000000034
:107C50000000000000000000000000000000000024
:107C60000000000000000000000000000000000014
:107C7000000000000000020000000200000003C03D
:107C8000000003FC0000023FC0000003F8000000F9
:107C90007F80000007E000000780000078000203FA
:107CA000C000023C000003C000000200000002000F
:107CB00000000000000000000000000000000000C4
:107CC00000000000000000000000000000000000B4
:107CD00000000000000000000000000000000000A4
:107CE0000000000000000000000000000000000094
:107CF00000000200000003C0000003FF8000023FFC
:107D0000FE0002007FE000000F000200F00003EF21
:107D1000000003FF8000020FFE0000003FE00000B3
:107D20001F000207E00003F800000300000002004B
:107D30000000000000000000000000000000000043
:107D40000000000000000000000000000000000033
:107D50000000000000000000000000000000000023
:107D60000000000000000000000000000000000013
:107D7000000000000000020000200200002003803C
:107D800000E003F0032002FC0C20021F300000077B
:107D9000C0000007F00002187C0002601F20038072
:107DA00003E0020000E002000020000000200000CC
:107DB00000000000000000000000000000000000C3
:107DC00000000000000000000000000000000000B3
:107DD00000000000000000000000000000000000A3
:107DE0000000000000000000000000000000000093
:107DF000000000000000020000000300000003C0BB
:107E0000000003F80000023E0020020FC020000125
:107E1000FFE000007FE000038020021C00200270D1
:107E200000000380000002000000020000000000CB
:107E30000000000000000000000000000000000042
:107E40000000000000000000000000000000000032
:107E50000000000000000000000000000000000022
:107E60000000000000000000000000000000000012
:107E700000000000000000000020006000E003801F
:107E800003E003000FA002003E200200F8200203DE
:107E9000E020020F8020023E00200278002003E054
:107EA0000060038000E0020003000000000000000A
:107EB00000000000000000000000000000000000C2
:107EC00000000000000000000000000000000000B2
:107ED00000000000000000000000000000000000A2
:107EE0000000000000000000000000000000000092
:107EF0000000000000000000000000000000000082
:107F0000000000000000000000001FFFFFFC100048
:107F10000004100000041000000410000004100011
:107F20000004100000041000000400000000000025
:107F30000000000000000000000000000000000041
:107F40000000000000000000000000000000000031
:107F50000000000000000000000000000000000021
:107F60000000000000000000000000000000000011
:107F700000000000000000000000000000000700FA
:107F8000000003C0000000780000001E0000000395
:107F9000C0000000F00000001E000000078000008C
:107FA00000F00000003C000000060000000000009F
:107FB00000000000000000000000000000000000C1
:107FC00000000000000000000000000000000000B1
:107FD00000000000000000000000000000000000A1
:107FE0000000000000000000000000000000000091
:107FF000000000000000000000001000000410005D
:108000000004100000041000000410000004100020
:108010000004100000041FFFFFFC0000000000002F
:108020000000000000000000000000000000000050
:108030000000000000000000000000000000000040
:108040000000000000000000000000000000000030
:108050000000000000000000000000000000000020
:108060000000000000000000000000000000000010
:108070000000000000000000000000000000000000
:1080800000000200000004000000080000001800CA
:10809000000010000000180000001800000004009C
:1080A00000000200000000000000000000000000CE
:1080B00000000000000000000000000000000000C0
:1080C00000000000000000000000000000000000B0
:1080D00000000000000000000000000000000000A0
:1080E0000000000000000000000000000000000090
:1080F000000000000001000000010000000100007D
:10810000000100000001000000010000000100006B
:10811000000100000001000000010000000100005B
:10812000000100000001000000010000000100004B
:10813000000100000000000000000000000000003E
:10814000000000000000000000000000000000002F
:10815000000000000000000000000000000000001F
:10816000000000000000000000000000000000000F
:1081700000000000000000000000000000001000EF
:1081800000001000000010000000180000000800AF
:1081900000000400000000000000000000000000DB
:1081A00000000000000000000000000000000000CF
:1081B00000000000000000000000000000000000BF
:1081C00000000000000000000000000000000000AF
:1081D000000000000000000000000000000000009F
:1081E000000000000000000000000000000000008F
:1081F0000000000000000000038000018FC00003A9
:108200008C600006182000041020000410200004D8
:10821000202000042040000620400003FFC0000191
:10822000FFE00000002000000020000000C000006F
:10823000000000000000000000000000000000003E
:10824000000000000000000000000000000000002E
:10825000000000000000000000000000000000001E
:10826000000000000000000000000000000000000E
:10827000000000000000020000000200000003FFF8
:10828000FFE007FFFFC0000180C0000200600002A5
:10829000002000040020000400200004002000064C
:1082A0000040000300C00001FF800000FE0000004D
:1082B00000000000000000000000000000000000BE
:1082C00000000000000000000000000000000000AE
:1082D000000000000000000000000000000000009E
:1082E000000000000000000000000000000000008E
:1082F0000000000000000000000000007E000001FF
:10830000FF80000381C0000200400006002000043E
:1083100000200004002000040020000600200003CC
:10832000C0400001C0800000030000000000000009
:10833000000000000000000000000000000000003D
:10834000000000000000000000000000000000002D
:10835000000000000000000000000000000000001D
:10836000000000000000000000000000000000000D
:108370000000000000000000000000007E0000017E
:10838000FF80000380C0000600600004002000049D
:10839000002000040020020400400202008003FFCD
:1083A000FFE007FFFFC000000040000000400000A9
:1083B00000000000000000000000000000000000BD
:1083C00000000000000000000000000000000000AD
:1083D000000000000000000000000000000000009D
:1083E000000000000000000000000000000000008D
:1083F0000000000000000000000000007E000001FE
:10840000FF80000311C0000210400004106000044F
:10841000102000041020000410200006102000038B
:1084200010400001F0C000007100000000000000DA
:10843000000000000000000000000000000000003C
:10844000000000000000000000000000000000002C
:10845000000000000000000000000000000000001C
:10846000000000000000000000000000000000000C
:1084700000000000000000000000000400000004F4
:1084800000200004002000040020007FFFE001FF26
:10849000FFE0010400200304002002040020020485
:1084A0000020020400000200000001C0000001C022
:1084B00000000000000000000000000000000000BC
:1084C00000000000000000000000000000000000AC
:1084D000000000000000000000000000000000009C
:1084E000000000000000000000000000000000008C
:1084F000000000000000000000000000001C000060
:10850000E33E0003FFC200020CC3000404C10004E8
:1085100004C1000404C1000404C100060CC100032E
:10852000F8C30005F0620006007E0006003C000073
:10853000000000000000000000000000000000003B
:10854000000000000000000000000000000000002B
:10855000000000000000000000000000000000001B
:10856000000000000000000000000000000000000B
:10857000000000000000020000200200002003FFB5
:10858000FFE007FFFFE000010020000200200006DE
:1085900000000004000000040000000400200006A9
:1085A00000200003FFE00001FFE0000000200000C9
:1085B000002000000000000000000000000000009B
:1085C00000000000000000000000000000000000AB
:1085D000000000000000000000000000000000009B
:1085E000000000000000000000000000000000008B
:1085F0000000000000000000000000000000000477
:108600000020000400200004002000040020038754
:10861000FFE0038FFFE00380002000000020000047
:10862000002000000020000000000000000000000A
:10863000000000000000000000000000000000003A
:10864000000000000000000000000000000000002A
:10865000000000000000000000000000000000001A
:10866000000000000000000000000000000000000A
:1086700000000000000000000000000000000000FA
:1086800000060000000700000001000000010004D7
:108690000001000400010004000300040006038739
:1086A000FFFC038FFFF803800000000000000000C3
:1086B00000000000000000000000000000000000BA
:1086C00000000000000000000000000000000000AA
:1086D000000000000000000000000000000000009A
:1086E000000000000000000000000000000000008A
:1086F000000000000000020000200200002003FF34
:10870000FFE007FFFFE0000008200000102000004D
:1087100030000000FC0000058E00000707A00006E6
:1087200001E0000400E00004002000000020000040
:108730000000000000000000000000000000000039
:108740000000000000000000000000000000000029
:108750000000000000000000000000000000000019
:108760000000000000000000000000000000000009
:1087700000000000000000000000000000000200F7
:10878000002002000020020000200200002003FF61
:10879000FFE007FFFFE000000020000000200000D5
:1087A0000020000000200000000000000000000089
:1087B00000000000000000000000000000000000B9
:1087C00000000000000000000000000000000000A9
:1087D0000000000000000000000000000000000099
:1087E0000000000000000000000000000000000089
:1087F000000000000000000400200007FFE0000F60
:10880000FFE0000200200004000000040020000738
:10881000FFE00003FFE0000200200004000000046D
:1088200000200007FFE00003FFE000000020000040
:108830000000000000000000000000000000000038
:108840000000000000000000000000000000000028
:108850000000000000000000000000000000000018
:108860000000000000000000000000000000000008
:1088700000000000000000040020000400200007A9
:10888000FFE0000FFFE000010020000200200002D6
:1088900000000004000000040000000400200006A6
:1088A00000200003FFE00001FFE0000000200000C6
:1088B0000020000000000000000000000000000098
:1088C00000000000000000000000000000000000A8
:1088D0000000000000000000000000000000000098
:1088E0000000000000000000000000000000000088
:1088F0000000000000000000000000007E000000FA
:10890000FF80000381C00002004000060020000438
:1089100000200004002000040020000600200002C7
:108920000040000381C00001FF8000007E000000C5
:108930000000000000000000000000000000000037
:108940000000000000000000000000000000000027
:108950000000000000000000000000000000000017
:108960000000000000000000000000000000000007
:1089700000000000000000040001000400010007E6
:10898000FFFF000FFFFF000100C1000200410004D3
:108990000020000400200004002000040020000645
:1089A0000040000301C00001FF8000007E000000C5
:1089B00000000000000000000000000000000000B7
:1089C00000000000000000000000000000000000A7
:1089D0000000000000000000000000000000000097
:1089E0000000000000000000000000000000000087
:1089F0000000000000000000000000007E000001F8
:108A0000FF80000380C0000200600004002000041A
:108A100000200004002000040020000200410003A8
:108A200000C10003FFFF0007FFFF0000000100007E
:108A30000001000000000000000000000000000035
:108A40000000000000000000000000000000000026
:108A50000000000000000000000000000000000016
:108A60000000000000000000000000000000000006
:108A700000000000000000040020000400200004AA
:108A8000002000040020000FFFE0000FFFE00000C6
:108A9000C020000100200002002000060020000489
:108AA00000000004000000070000000300000000B8
:108AB00000000000000000000000000000000000B6
:108AC00000000000000000000000000000000000A6
:108AD0000000000000000000000000000000000096
:108AE0000000000000000000000000000000000086
:108AF00000000000000000000000000003E0000192
:108B0000C0E00003E04000063020000430200004F4
:108B10001820000418200004182000040C20000273
:108B20000C60000307C00007838000000000000005
:108B30000000000000000000000000000000000035
:108B40000000000000000000000000000000000025
:108B50000000000000000000000000000000000015
:108B60000000000000000000000000000000000005
:108B700000000000000000000000000400000004ED
:108B8000000000040000000C0000001FFF8000FF38
:108B9000FFC0000400600004002000040020000466
:108BA00000200004004000000180000000000000E0
:108BB00000000000000000000000000000000000B5
:108BC00000000000000000000000000000000000A5
:108BD0000000000000000000000000000000000095
:108BE0000000000000000000000000000000000085
:108BF0000000000000000004000000040000000766
:108C0000FF80000FFFC00000006000000020000097
:108C100000200000002000000020000400400004AC
:108C200000800007FFE0000FFFC0000000400000D0
:108C300000400000000000000000000000000000F4
:108C40000000000000000000000000000000000024
:108C50000000000000000000000000000000000014
:108C60000000000000000000000000000000000004
:108C700000000000000000040000000400000007E5
:108C800080000007F0000004FE0000041FC0000088
:108C900003E00000038000001C00000460000007E7
:108CA000800000060000000400000000000000003A
:108CB00000000000000000000000000000000000B4
:108CC00000000000000000000000000000000000A4
:108CD0000000000000000000000000000000000094
:108CE0000000000000000000000000000000000084
:108CF000000000040000000600000007C00000079C
:108D0000FC0000043F80000003E000040F80000628
:108D1000F0000007F0000007FF8000040FE00000F3
:108D2000038000043C000007C000000600000004AF
:108D30000000000000000000000000000000000033
:108D40000000000000000000000000000000000023
:108D50000000000000000000000000000000000013
:108D60000000000000000000000000000000000003
:108D700000000000000000000020000400200004AB
:108D80000060000700E0000783200007E600000401
:108D9000F80000003C0000045E20000587A00006EB
:108DA00001E000040060000400200000002000003A
:108DB00000000000000000000000000000000000B3
:108DC00000000000000000000000000000000000A3
:108DD0000000000000000000000000000000000093
:108DE0000000000000000000000000000000000083
:108DF0000000000000000004000000040003000761
:108E000000030007E0010004F80100041F02000055
:108E100007FC000000E00000070000043800000725
:108E2000C000000600000004000000040000000074
:108E30000000000000000000000000000000000032
:108E40000000000000000000000000000000000022
:108E50000000000000000000000000000000000012
:108E60000000000000000000000000000000000002
:108E70000000000000000000000000078060000605
:108E800000E0000403E0000407A000040E2000043A
:108E90003C20000470200005E0200007802000072F
:108EA0000060000400E000000380000000000000FB
:108EB00000000000000000000000000000000000B2
:108EC00000000000000000000000000000000000A2
:108ED0000000000000000000000000000000000092
:108EE0000000000000000000000000000000000082
:108EF0000000000000000000000000000000000072
:108F00000000000000000000000000000000000061
:108F10008000000080000001400007FE3FF80800CC
:108F20000004100000021000000200000000000019
:108F30000000000000000000000000000000000031
:108F40000000000000000000000000000000000021
:108F50000000000000000000000000000000000011
:108F60000000000000000000000000000000000001
:108F700000000000000000000000000000000000F1
:108F800000000000000000000000000000000000E1
:108F90000000FFFFFFFF00000000000000000000D5
:108FA00000000000000000000000000000000000C1
:108FB00000000000000000000000000000000000B1
:108FC00000000000000000000000000000000000A1
:108FD0000000000000000000000000000000000091
:108FE0000000000000000000000000000000000081
:108FF000000000000000000000001000000210004F
:1090000000020800000407FE3FF8000140000000D5
:109010008000000080000000000000000000000050
:109020000000000000000000000000000000000040
:109030000000000000000000000000000000000030
:109040000000000000000000000000000000000020
:109050000000000000000000000000000000000010
:109060000000000000000000000000000000000000
:109070000000000000001800000030000000400068
:109080000000400000004000000020000000300010
:1090900000000800000004000000020000000200C0
:1090A0000000020000000C0000001800000000009A
:1090B00000000000000000000000000000000000B0
:1090C00000000000000000000000000000000000A0
:1090D0000000000000000000000000000000000090
:1090E0000000000000000000000000000000000080
:1090F0000000000014910008000000202000000083
:10910000C401000834910008200000200808000075
:10911000E00100080024F40001000000100000003D
:10912000000000000000000000000000000000FF40
:04913000FFFFFFFF3F
:040000050800018965
:00000001FF
