:020000040800F2
:1000000090B10120FD020008431D00083B1D0008BF
:100010003F1D0008150900087922000800000000B3
:100020000000000000000000000000003D02000889
:10003000190900080000000099020008231E0008AA
:100040002103000821030008210300082103000800
:1000500021030008210300082103000821030008F0
:1000600021030008210300082103000821030008E0
:1000700021030008210300082103000821030008D0
:1000800021030008210300082103000821030008C0
:1000900021030008210300082103000821030008B0
:1000A00021030008210300082103000821030008A0
:1000B000210300084D1E0008210300082103000849
:1000C0002103000821030008210300082103000880
:1000D0002103000869220008210300082103000809
:1000E0002103000821030008210300082103000860
:1000F0002103000821030008210300082103000850
:10010000210300082103000821030008210300083F
:100110002103000821030008210300085D1E0008D8
:10012000210300082103000821030008210300081F
:10013000210300082103000821030008210300080F
:1001400021030008210300082103000821030008FF
:1001500021030008210300082103000821030008EF
:1001600021030008210300082103000821030008DF
:1001700021030008210300082103000800000000FB
:10018000210300082103000800F002F800F047F8FE
:100190000AA090E8000C82448344AAF10107DA45E2
:1001A00001D100F03CF8AFF2090EBAE80F0013F0ED
:1001B000010F18BFFB1A43F00103184768B5000090
:1001C00088B50000103A24BF78C878C1FAD8520721
:1001D00024BF30C830C144BF04680C6070470000C1
:1001E0000023002400250026103A28BF78C1FBD840
:1001F000520728BF30C148BF0B607047642900F028
:100200008581782900F0BE81732900F0E382002007
:1002100070471FB508F08EFA1FBD10B510BD00F075
:1002200047FB1146FFF7F5FF05F0B8FC00F065FB52
:1002300003B4FFF7F2FF03BC02F054F82C4B19682B
:100240000868B0E8F04F80F30988BFF36F8F4FF074
:10025000000080F311887047000000000848006823
:10026000006880F308884FF0000080F3148862B6BD
:1002700061B6BFF34F8FBFF36F8F00DF00BF00BFCA
:1002800008ED00E0DFF80C00016841F47001016046
:10029000704700BF88ED00E0EFF30980BFF36F8F78
:1002A000134B1A681EF0100F08BF20ED108A20E9CA
:1002B000F04F106009B44FF0500080F31188BFF385
:1002C0004F8FBFF36F8F07F03FFA4FF0000080F3BE
:1002D000118809BC19680868B0E8F04F1EF0100FCB
:1002E00008BFB0EC108A80F30988BFF36F8F7047A6
:1002F0006C000020EFF30580704700000C48016897
:1003000041F4700101600B4880470B480047FEE74D
:10031000FEE7FEE7FEE7FEE7FEE7FEE7FEE7FEE7B5
:10032000FEE7000005480649044A064B70470000F6
:1003300088ED00E0391E00088901000890AD012019
:1003400090B1012090AD0120704753EA020C00F0FB
:1003500069802DE9F04B4FF00006002B1FBFB3FA68
:1003600083F503FA05F424FA05F65E4012BF16433E
:10037000B2FA82F502FA05F4C5F120051EBF22FA91
:1003800005FC44EA0C04203556EA044C4FEA1444B8
:1003900018BF641C4FF000084FF00009904271EB49
:1003A000030C39D3002919BFB1FA81F701FA07F616
:1003B000B0FA80F700FA07F6C7F120071EBF20FA4F
:1003C00007FC46EA0C062037B6FBF4FCA7EB050752
:1003D000103F07F01F0BCBF120060CFA0BFB2CFA99
:1003E00006F644BFB3460026202FA4BF5E464FF05A
:1003F000000B5BEA060C08BF4FF0010B19EB0B0971
:10040000ABFB027C48EB0608C01B06FB02CC0BFBD7
:1004100003CC71EB0C01C1E70B460246414648464E
:10042000BDE8F08B13B54FF000004FF00001AFF3C3
:100430000080BDE81C4070470FB4044910B503AA02
:10044000029800F0CBF910BC5DF814FB2C000020E2
:100450002DE9F0410E460446002020622046E16866
:10046000884730B3252805D0D4E901219047206A78
:10047000401CF2E7E168204600278847050018D0B5
:10048000A5F14100192802D820354FF40067324603
:10049000294620462760FFF7B1FE40B1012804D06D
:1004A000F61D26F007060836D8E7361DD6E728469B
:1004B000DAE7206ABDE8F08170B50C460546012AEE
:1004C00005D02878800600D5EA69002302E00123E0
:1004D00005E05B1C934202D2E05C0028F9D1A869D8
:1004E000E618C01AA861286A184428622846AFF3A3
:1004F000008004E0D5E9012114F8010B9047B442D3
:10050000F8D32846AFF3008070BD00002DE9F0411C
:100510000646002410687529314616A510D0AFF3A1
:100520000080002802DA404213A507E031688A07FC
:1005300001D512A502E0490704D511A5012401E067
:10054000AFF3008000210A2206F1240709E0B0FB86
:10055000F2FCB0FBF2F302FB1C003030785418467A
:10056000491C0028F3D123462A463046BDE8F04115
:1005700000F0ACB8000000002D0000002B000000CF
:100580002000000070B504460D4621461068AFF308
:1005900000802188090502D50F4A7A4402E00E4AFC
:1005A0007A440E32002104F1240305E000F00F0626
:1005B0000009965D5E54491C0028F7D1207800237D
:1005C000000704D5702D02D009B102231132204654
:1005D000BDE8704000F07AB85EB10000032A40F236
:1005E000308010F0030C00F0158011F8013BBCF1D5
:1005F000020F624498BF11F801CB00F8013B38BFED
:1006000011F8013BA2F1040298BF00F801CB38BFFA
:1006100000F8013B11F0030300F0F280083AC0F04B
:10062000088051F8043B083A51F804CBA0E80810C0
:10063000F5E7121D5CBF51F8043B40F8043BAFF3F3
:100640000080D20724BF11F8013B11F801CB48BF4D
:1006500011F8012B24BF00F8013B00F801CB48BF83
:1006600000F8012B704702F0FF0343EA032242EA3D
:10067000024200F0F9B84FF0000200B5134694466C
:100680009646203922BFA0E80C50A0E80C50B1F1EA
:100690002001BFF4F7AF090728BFA0E80C5048BFFE
:1006A0000CC05DF804EB890028BF40F8042B08BF9C
:1006B000704748BF20F8022B11F0804F18BF00F898
:1006C000012B704770477047704770472DE9F0471E
:1006D0000D4699469246044600F1240801688806B2
:1006E00004D5E06921F01001216000E00120A8425A
:1006F00001DD471B00E00027A1697A1902EB090020
:10070000081AA0612078C00602D42046AFF300800A
:10071000002608E0D4E901211AF806009047206A73
:10072000401C761C20624E45F4DB2078C0060AD5BA
:100730002046AFF3008006E0D4E901213020904745
:10074000206A401C2062381EA7F10107F4DC07E094
:10075000D4E9012118F805009047206A401C206266
:10076000281EA5F10105F3DC2046AFF300802078B8
:10077000000602D50220BDE8F0870120FBE700005B
:1007800001694A1C02610878704700B58FB0CDE955
:1007900001310021059105497944CDE90310114645
:1007A0006846FFF755FE0FB000BD0000E5FFFFFFF4
:1007B00010B5436913B1AFF3008001E0FFF77CFE91
:1007C000012010BD127800F124010A7000224A7045
:1007D0000122EDE711684FF0FF32E9E7074B70B5F2
:1007E0000D467B44FFF7D1FF0446284600F05CF835
:1007F00010B14FF0FF3070BD204670BD6B1C000083
:1008000010B5203AC0F00B80B1E81850203AA0E8AB
:100810001850B1E81850A0E81850BFF4F5AF5FEADF
:10082000027C24BFB1E81850A0E8185044BF18C992
:1008300018C0BDE810405FEA827C24BF51F8043B39
:1008400040F8043B08BF7047D20728BF31F8023B8D
:1008500048BF11F8012B28BF20F8023B48BF00F821
:10086000012B70474FF000020429C0F0128010F0F5
:10087000030C3FF402AFCCF1040CBCF1020F18BF23
:1008800000F8012BA8BF20F8022BA1EB0C01FFF709
:10089000F4BE5FEAC17C24BF00F8012B00F8012BF5
:1008A00048BF00F8012B7047007B00F080007047C4
:1008B000754600F02BF8AE4605006946534620F019
:1008C0000700854618B020B5FFF72CFDBDE8204095
:1008D0004FF000064FF000074FF000084FF0000BFC
:1008E00021F00701AC46ACE8C009ACE8C009ACE8AF
:1008F000C009ACE8C0098D46704710B50446AFF397
:1009000000802046BDE81040FFF792BC00487047C9
:100910002CAD012000BFFEE77047000070B5044613
:100920001D460023B5F5804F13D154F822300C48F2
:100930000340D1E9000640EA06108E6840EA06202E
:100940008E8940EA06408E693043034344F82230E2
:1009500003E06FF0704044F82200002070BD0000FA
:100960000000F0CF10B503460022086853F820209D
:1009700012480240D1E901042043CC6820430C69AD
:1009800020434C6920438C692043CC6920430C6A86
:1009900020434C6A20438C6A2043CC6A2043CC6BB2
:1009A00020430C6B204302438868082801D142F0A1
:1009B0004002086843F82020002010BD8000F0FFAE
:1009C00030B503460024501C53F8204004F0404446
:1009D000D1E9000540EA05108D6840EA05208D89BF
:1009E00040EA0545088A401E45EA0055087D801EFC
:1009F00045EA00608D6928430443501C43F82040B9
:100A0000002030BD70B50446A56D00F073F90646B0
:100A100094F83500022808D08020606500BF0020CF
:100A200084F8340000BF012070BD2068006820F009
:100A30001600216808602068406920F08000216865
:100A40004861206C08B9A06C28B12068006820F0CB
:100A50000800216808602068006820F00100216813
:100A600008600FE000F046F9801B05280AD9202015
:100A7000606500BF002084F8340000BF032084F8C4
:100A80003500D1E72068006800F001000028E9D1B6
:100A900094F85C103F208840A86000BF002084F8D4
:100AA000340000BF012084F835000020BCE7014677
:100AB00091F83500022803D0802048650120704756
:100AC000052081F835000868006820F001000A68F8
:100AD00010600020F3E70000F8B502460B46002541
:100AE000002400200021DEE0012606FA01F51E6840
:100AF00006EA0504AC4275D11E7906F00306012E04
:100B000004D01E7906F00306022E13D190684F0020
:100B10000326BE40B0434F00DE68BE4030439060C5
:100B2000506801268E40B0431E79C6F300168E40F1
:100B3000304350601E7906F00306032E09D0D068BA
:100B40004F000326BE40B0434F009E68BE40304376
:100B5000D0601E7906F00306022E13D1CF0802F1F1
:100B6000200656F827004E07F70E0F26BE40B0436A
:100B70004F07FF0E1E69BE403043CF0802F120062A
:100B800046F8270010684F000326BE40B0431E7988
:100B900006F003064F00BE40304310605E6806F06A
:100BA0008056B6F1805F7DD100BF00260096404E92
:100BB000366846F480463E4F3E603E46366806F450
:100BC0008046009600BF00BF3A4E8F0856F82700B7
:100BD0008E07370F0F26BE40B043374EB24202D1C8
:100BE000002624E05EE0354EB24201D101261EE02F
:100BF000334EB24201D1022619E0324EB24201D147
:100C0000032614E0304EB24201D104260FE02F4EED
:100C1000B24201D105260AE02D4EB24201D106268C
:100C200005E02C4EB24201D1072600E008268F07CE
:100C30003F0FBE4030431F4E8F0846F82700264E18
:100C40003068A0435E6806F48036B6F5803F00D178
:100C50002043214E3060361D3068A0435E6806F4A4
:100C60000036B6F5003F00D120431B4E361D3060E4
:100C7000361D3068A0435E6806F48016B6F5801F06
:100C800000D12043144E08363060361D3068A04332
:100C90005E6806F40016B6F5001F00D120430E4E24
:100CA0000C363060491C1029FFF41EAFF8BD00005F
:100CB000443802400838014000000240000402406D
:100CC00000080240000C02400010024000140240E4
:100CD00000180240001C0240003C01400AB1816142
:100CE00001E00B048361704701480068000C704705
:100CF000002004E001480068704700003400002034
:100D000003480068034909780844014908607047AE
:100D1000340000203C00002010B50A48006840F470
:100D20000070084908600846006840F48060086068
:100D3000032000F07FF80F2000F006F800F02AF8FA
:100D4000002010BD003C024070B504460E480078FB
:100D50004FF47A71B1FBF0F00C490968B1FBF0F582
:100D6000284600F09BFC08B1012070BD102C07D272
:100D700000222146501E00F01EF80548046001E0E4
:100D80000120F2E70020F0E73C00002000000020F6
:100D900038000020704701460846002809DB00F0B3
:100DA0001F0301229A4043099B0003F1E023C3F88B
:100DB000002100BF70472DE9F05F80460D461646C2
:100DC000002701F073FA074639462A46334601F0F8
:100DD0000700C0F1070ABAF1040F02D94FF0040A64
:100DE00001E0C0F1070AD14600F1040ABAF1070F89
:100DF00002D24FF0000A01E0A0F1030AD4464FF0FE
:100E0000010A0AFA09FAAAF1010A0AEA020A0AFA26
:100E10000CFA4FF0010B0BFA0CFBABF1010B0BEAD8
:100E2000030B4AEA0B042146404601F047FABDE8AD
:100E3000F09F000000BF00F00702064B19684FF654
:100E4000FF031940044B0B4343EA0221014B196095
:100E500000BF70470CED00E00000FA0570B50446D5
:100E60000D460CB9012070BD5848006800F007001D
:100E7000A84209D255490D700846006800F00700E5
:100E8000A84201D00120EEE7207800F002000228FD
:100E90001DD1207800F00400042805D14C480068DA
:100EA00040F4E0504A490860207800F00800082823
:100EB00005D14748006840F460404549086044480F
:100EC000006820F0F000A1680843414908602078DC
:100ED00000F00100A8B36068012807D13C48083839
:100EE0000068C0F34040B8B90120BCE76068022840
:100EF00002D06068032807D1354808380068C0F37D
:100F0000406048B90120AEE7314808380068C0F3B6
:100F1000400008B90120A6E72D48006820F0030032
:100F2000616808432A490860FFF7E4FE064609E0C5
:100F3000FFF7E0FE801B41F28831884202D903208E
:100F400091E707E02248006800F00C006168B0EB10
:100F5000810FEDD11D48006800F00700A84209D9B3
:100F60001A490D700846006800F00700A84201D039
:100F7000012078E7207800F00400042807D1144805
:100F8000006820F4E050E1680843114908602078C7
:100F900000F00800082808D10D48006820F46040DF
:100FA000216940EAC1000A49086000F03FF8084999
:100FB0000968C1F30311074A515CC840064908603B
:100FC00006480068FFF7C0FE00204CE7003C0240E6
:100FD000083802403E87000800000020380000204A
:100FE00001480068704700000000002000B5FFF7CE
:100FF000F7FF04490968C1F38221034A515CC840E4
:1010000000BD0000083802404E87000800B5FFF719
:10101000E7FF04490968C1F34231034A515CC84003
:1010200000BD0000083802404E8700082DE9F04757
:10103000002400250026A1462548006800F00C0089
:1010400020B1042805D008283AD105E0DFF88490C3
:1010500039E0DFF8849036E01D48001F006800F09A
:101060003F041B48001F006800F4800078B11A4854
:101070001749091F0968C1F38811A0FB01700146D7
:10108000224600233846FFF760F905460EE0114876
:101090000F49091F0968C1F38811A0FB01700146BF
:1010A000224600233846FFF750F905460848001F3E
:1010B0000068C0F30140401C4600B5FBF6F902E0B1
:1010C000DFF8109000BF00BF4846BDE8F087000081
:1010D000083802400024F40000127A00F8B50446F3
:1010E0000CB90120F8BD207800F00100002874D070
:1010F000F948006800F00C0004280DD0F64800689C
:1011000000F00C00082813D1F348001F006800F419
:101110008000B0F5800F0BD1EF4808380068C0F3AD
:101120004040002859D06068002856D10120D9E7F6
:1011300000BF6068B0F5803F08D1E7480838006814
:1011400040F48030E449083908601EE06068B0F57A
:10115000A02F0DD1E0480838006840F48020DE4917
:10116000083908600846006840F4803008600CE0E8
:10117000D9480838006820F48030D7490839086019
:101180000846006820F48020086000BF606890B1C5
:10119000FFF7B0FD054606E0FFF7ACFD401B6428F5
:1011A00001D903209EE7CC4808380068C0F34040CE
:1011B0000028F1D011E0FFF79DFD054606E0FFF79E
:1011C00099FD401B642801D903208BE7C2480838E9
:1011D0000068C0F340400028F1D1207800F0020000
:1011E00002285FD1BC48006800F00C0058B1BA4832
:1011F000006800F00C0008281CD1B748001F0068E8
:1012000000F48000B0B9B44808380068C0F340006A
:1012100020B1E068012801D0012063E7AE4808381A
:10122000006820F0F800216940EAC100AA490839A5
:10123000086037E0E06800B30120A8490860FFF7C4
:1012400059FD054606E0FFF755FD401B022801D970
:10125000032047E7A04808380068C0F34000002892
:10126000F1D09D480838006820F0F800216940EA74
:10127000C10099490839086014E0002097490860C6
:10128000FFF738FD054606E0FFF734FD401B022856
:1012900001D9032026E7904808380068C0F34000D1
:1012A0000028F1D1207800F0080008282CD16069CE
:1012B000A8B101208A490860FFF71CFD054606E039
:1012C000FFF718FD401B022801D903200AE78248D6
:1012D0006C300068C0F340000028F1D014E000201A
:1012E0007F490860FFF706FD054606E0FFF702FDAF
:1012F000401B022801D90320F4E677486C300068CF
:10130000C0F340000028F1D1207800F00400042848
:1013100070D1002770483830006800F0805090B9D4
:1013200000BF002000906C483830006840F08050CA
:101330006949383108600846006800F08050009024
:1013400000BF00BF01276748006800F48070B0B993
:101350006448006840F4807062490860FFF7CAFC86
:10136000054606E0FFF7C6FC401B022801D9032012
:10137000B8E65C48006800F480700028F2D000BF36
:10138000A068012808D154486830006840F0010086
:101390005149683108601DE0A06805280DD14E480C
:1013A0006830006840F004004B4968310860084626
:1013B000006840F0010008600CE0474868300068B1
:1013C00020F001004449683108600846006820F0B8
:1013D0000400086000BFA068A8B1FFF78BFC0546B9
:1013E00009E0FFF787FC401B41F28831884202D9AF
:1013F000032077E626E0384868300068C0F34000F4
:101400000028EED013E0FFF775FC054608E0FFF773
:1014100071FC401B41F28831884201D9032061E60A
:101420002D4868300068C0F340000028EFD1012F3C
:1014300007D129483830006820F0805026493831DB
:10144000086000BFA069002845D02348006800F06C
:101450000C0008285DD0A069022845D100201F4952
:101460000866FFF747FC054606E0FFF743FC401B14
:10147000022801D9032035E6174808380068C0F370
:1014800040600028F1D1D4E907010843616A40EACD
:1014900081110122A06AC2EB500041EA00412C20D8
:1014A000005D41EA00600C49091F086001200B49FA
:1014B0000866FFF71FFC054606E0FFF71BFC401B14
:1014C000022801D903200DE6034808380068C0F35C
:1014D00040600028F1D049E008380240000047424F
:1014E000800E474200700040002021490866FFF747
:1014F00001FC054606E0FFF7FDFB401B022801D971
:101500000320EFE51B480068C0F340600028F2D1DB
:101510002CE0A069012800D1E4E51648001D06680A
:10152000A069012820D006F48001E06981421BD126
:1015300006F03F01206A814216D147F6C070304064
:10154000616AB0EB811F0FD106F440310122A06A1D
:10155000C2EB5000B1EB004F06D106F070612C20B9
:10156000005DB1EB006F01D00120BBE50020B9E5C3
:10157000000047420038024070B504460E4615464A
:101580000CB9012070BD94F8490028B9002084F8F6
:101590004800204600F01CF804F108012068FFF71D
:1015A000E1F93146A2682068FFF70AFA2946236B61
:1015B000D4E90102FFF7B2F9A168206850F82100D0
:1015C00040F00100A268216841F822000020D9E71C
:1015D00010B586B0044600BF002000902248006885
:1015E00040F00100204908600846006800F0010052
:1015F000009000BF00BF00BF002000901A480838CC
:10160000006840F00800184908390860084600687A
:1016100000F00800009000BF00BF00BF0020009055
:101620000846006840F0100008600846006800F0B6
:101630001000009000BF00BF4CF203700190022028
:10164000029001200390022004900C20059001A933
:101650000648FFF741FA4FF68070019001A904484F
:10166000FFF73AFA06B010BD38380240000C0240CD
:1016700000100240042808D14FF0E021096941F030
:1016800004014FF0E022116107E04FF0E021096909
:1016900021F004014FF0E0221161704770B504465B
:1016A0002546681EB0F1807F01D301200FE0681E3F
:1016B0004FF0E02148610F214FF0FF3000F0FEFDB8
:1016C00000204FF0E021886107200861002070BDF4
:1016D00070477047704710B5044620680069C0F332
:1016E0004000D8B12068C068C0F34000B0B16FF0CE
:1016F000020021680861012020772068806900F0DD
:10170000030018B12046FFF7E5FF05E0204600F092
:10171000ADF8204600F0ABF8002020772068006983
:10172000C0F38000D8B12068C068C0F38000B0B1B9
:101730006FF004002168086102202077206880692A
:1017400000F4407018B12046FFF7C4FF05E02046C2
:1017500000F08CF8204600F08AF8002020772068FE
:101760000069C0F3C000D8B12068C068C0F3C000F1
:10177000B0B16FF00800216808610420207720686C
:10178000C06900F0030018B12046FFF7A3FF05E091
:10179000204600F06BF8204600F069F80020207722
:1017A00020680069C0F30010D8B12068C068C0F399
:1017B0000010B0B16FF01000216808610820207798
:1017C0002068C06900F4407018B12046FFF782FF1E
:1017D00005E0204600F04AF8204600F048F80020D6
:1017E00020772068006900F0010058B12068C068C7
:1017F00000F0010030B16FF001002168086120465F
:1018000000F036F820680069C0F3C01058B12068B5
:10181000C068C0F3C01030B16FF08000216808616B
:101820002046FFF755FF20680069C0F3801058B1CB
:101830002068C068C0F3801030B16FF040002168AC
:101840000861204600F03CF820680069C0F34010B1
:1018500058B12068C068C0F3401030B16FF020006C
:10186000216808612046FFF734FF10BD70477047BC
:1018700010B504460648844203D106A0FEF7DCFDFD
:1018800005E00948844202D108A0FEF7D5FD10BD4D
:10189000B402002054494D33CAE4B3F62E2E2E2E46
:1018A0002E2E2E0D0A000000FC02002054494D3758
:1018B000CAE4B3F62E2E2E2E2E2E2E0D0A00000078
:1018C00070477047704700002DE9F84F04462068C4
:1018D00005682068C668206847694FF00009CA4655
:1018E00005F00F09B9F1000F0AD105F0200038B159
:1018F00006F0200020B1204600F0EDFABDE8F88F98
:10190000B9F1000F72D007F0010018B906F4907019
:1019100000286BD005F0010030B106F4807018B1DA
:10192000206C40F00100206405F0040030B107F0A5
:10193000010018B1206C40F00200206405F00200A4
:1019400030B107F0010018B1206C40F004002064B1
:1019500005F0080048B106F0200010B907F00100BA
:1019600018B1206C40F008002064206C70B305F0C2
:10197000200028B106F0200010B1204600F0ABFA9C
:1019800020684069C0F3801A206C00F0080010B98C
:10199000BAF1000F23D0204600F072FA20684069A7
:1019A00000F04000402816D12068406920F0400037
:1019B00021684861A06B50B15648A16B0865A06BC7
:1019C000FFF775F810B1A06B016D88470CE0204659
:1019D000FFF778FF08E02046FFF774FF04E0204699
:1019E000FFF770FF0020206488E7FFE7206B0128E5
:1019F00079D105F01000002875D006F010000028FD
:101A000071D000BF0020009020680068009020681E
:101A10004068009000BF00BF2068406900F04000AF
:101A2000402839D1A06B006840681FFA80F8B8F1EF
:101A3000000F30D0A08D40452DDDA4F82E80A06B86
:101A4000C069B0F5807F1FD02068C06820F4807026
:101A50002168C8602068406920F001002168486161
:101A60002068406920F0400021684861202084F807
:101A70003E00002020632068C06820F0100021682C
:101A8000C860A06BFEF7BEFFA08DE28D801A81B208
:101A90002046FFF716FF31E7A08DE18D401A1FFAAF
:101AA00080F8E08DE8B1B8F1000F1AD02068C06866
:101AB00020F490702168C8602068406920F001001F
:101AC00021684861202084F83E00002020632068BF
:101AD000C06820F010002168C86041462046FFF72A
:101AE000F0FE0BE7FFE705F0800030B106F0800064
:101AF00018B1204600F087FB00E705F0400030B148
:101B000006F0400018B1204600F0D5F9F6E600BF17
:101B1000F4E600006D1E000810B504460CB9012063
:101B200010BDA06900B100E000BF94F83D0028B9E5
:101B3000002084F83C00204600F028F8242084F897
:101B40003D002068C06820F400502168C86020462D
:101B500000F020FA2068006920F4904021680861B4
:101B60002068406920F02A00216848612068C06828
:101B700040F400502168C86000202064202084F8D0
:101B80003D0084F83E000020CAE7000010B586B092
:101B900004462E492068884255D100BF00BF00206E
:101BA00000902B48006840F0100029490860084662
:101BB000006800F01000009000BF00BF00BF00BF31
:101BC00000BF0020009022481438006840F0010057
:101BD0001F49143908600846006800F001000090B1
:101BE00000BF00BF00BF00BF00BF0020009008463C
:101BF000006840F0010008600846006800F001003D
:101C0000009000BF00BF00BF481501900220029065
:101C100001200390022004900720059001A90D489F
:101C2000FEF75AFF4FF4806001900720059001A94C
:101C30000848FEF751FF2520FFF7ADF803221146B3
:101C40002520FFF7B8F806B010BD000000100140D5
:101C5000443802400000024070B504460D46164666
:101C600094F83E00202816D105B10EB9012070BDB0
:101C700000BF94F83C00012801D10220F7E70120C1
:101C800084F83C0000BF00202063324629462046ED
:101C900000F096FAEBE70220E9E7000010B50446F1
:101CA0002049206888423BD11F48008800F400404A
:101CB00088BB1D48008800F4804070B11B48007844
:101CC0000A2803D000201849088024E0164800881C
:101CD00040F40040144908801DE0144800780D28A5
:101CE00006D11148008840F480400F49088012E076
:101CF0000E4800780C490988C1F30D010C4A505474
:101D000009480088401C0849088008460088C72800
:101D100001DD00200880012204490648FFF79CFFEE
:101D200010BD0000001001403000002032000020F3
:101D3000F8000020C0010020704700BFFEE700BF90
:101D4000FEE770472DE9F0470C46DDE90867002102
:101D500000258C4600BF60E04FF0010808FA01F54D
:101D600004EA050CAC4557D1D0F800804FEA410A8F
:101D70004FF0030909FA0AF928EA0908C0F80080B7
:101D8000D0F800804FEA410902FA09F948EA090847
:101D9000C0F80080012A01D0022A27D1D0F808809B
:101DA0004FEA410A4FF0030909FA0AF928EA09083B
:101DB000C0F80880D0F808804FEA410906FA09F90E
:101DC00048EA0908C0F80880D0F804904FF00108EC
:101DD00008FA01F829EA0809C0F80490D0F804804C
:101DE00003FA01F948EA0908C0F80480D0F80C8029
:101DF0004FEA410A4FF0030909FA0AF928EA0908EB
:101E0000C0F80C80D0F80C804FEA410907FA09F9B4
:101E100048EA0908C0F80C80491C10299CD3BDE889
:101E2000F08710B5FEF76CFF05F0F6FF012801D032
:101E300005F0BCFD10BD00000348006840F47000D0
:101E4000014908607047000088ED00E010B50248C5
:101E5000FFF741FC10BD0000B402002010B502489D
:101E6000FFF739FC10BD0000FC02002070B50546EC
:101E7000AC6B0020E085E0842046FFF723FD70BDB9
:101E80000168C96821F490710268D16001684969EC
:101E900021F0010102685161016B012905D101683E
:101EA000C96821F010010268D160202180F83E103D
:101EB00000210163704710B504462068C06820F017
:101EC00040002168C860202084F83D002046FFF7CC
:101ED00033FF002010BD70B5044694F83E00222860
:101EE00056D1A068B0F5805F0CD1206950B90025AB
:101EF000A66A20684068C0F308003080A06A801C91
:101F0000A06215E0A56A0026A068B0F5805F03D046
:101F1000A06828B9206918B920684068287004E0D2
:101F20002068406800F07F002870A06A401CA06212
:101F3000E08D401E80B2E08540BB2068C06820F084
:101F400020002168C8602068C06820F48070216883
:101F5000C8602068406920F00100216848612020A5
:101F600084F83E00206B01280AD12068C06820F068
:101F700010002168C860A18D2046FFF7A2FC02E096
:101F80002046FFF78BFE0020206370BD0020FCE799
:101F90000220FAE72DE9F84F04462068006920F492
:101FA0004050E1680843216808612169A06808433E
:101FB00061690843E169084300902068C06849F2FC
:101FC0000C618843009908432168C8602068406913
:101FD00020F44070A169084321684861764920686F
:101FE000884203D075492068884203D1FFF70EF874
:101FF000814602E0FEF7FAFF8146E069B0F5004F46
:102000006CD102206168A0FB015003461920A9FB96
:10201000007001462A463846FEF797F96421B0FB66
:10202000F1F04FEA001A02206168A0FB01510B4653
:102030001920A9FB00712A463846FEF786F9834627
:1020400002206168A0FB015003461920A9FB007122
:102050002A463846FEF779F96421B0FBF1F000EB2F
:10206000C00101EB0010ABEB8000322101EBC0009E
:102070006421B0FBF1F000F0F8000AEB400A022006
:102080006168A0FB015003461920A9FB00700146BE
:102090002A463846FEF759F9834602206168A0FBBC
:1020A000015003461920A9FB00712A463846FEF765
:1020B0004CF96421B0FBF1F000EBC00101EB001022
:1020C000ABEB8000322101EBC0006421B0FBF1F0EA
:1020D00000F007005044216888606AE004206168CD
:1020E000A0FB015003461920A9FB007001462A46B7
:1020F0003846FEF72AF9824604206168A0FB0150A9
:1021000003461920A9FB007001462A463846FEF70F
:102110001CF96421B0FBF1F000EBC00101EB0010F1
:10212000AAEB8000322101EB00106421B0FBF1F03A
:1021300000F0F00A04206168A0FB0170034619203A
:10214000A9FB00513A462846FEF7FFF86421B0FB90
:10215000F1F00AEB001A04206168A0FB01510B4664
:102160001920A9FB00712A463846FEF7EEF883468F
:1021700004206168A0FB015003461920A9FB0070F0
:1021800001462A463846FEF7E0F86421B0FBF1F03C
:1021900000EBC00101EB0010ABEB8000322101EB42
:1021A00000106421B0FBF1F000F00F0050442168F2
:1021B0008860BDE8F88F0000001001400014014065
:1021C00010B5034699629A85DA85002018642220AA
:1021D00083F83E0000BF002083F83C0000BF186871
:1021E000C06840F480701C68E0601868406940F086
:1021F00001001C6860611868C06840F020001C681D
:10220000E060002010BD014691F83D00212828D152
:102210008868B0F5805F0BD1086948B90A6A1088F0
:10222000C0F308000B685860086A801C086205E06B
:102230000B6A581C086218780B685860C88C401EDE
:1022400080B2C88458B90868C06820F080000B6864
:10225000D8600868C06840F040000B68D860002073
:1022600070470220FCE7000010B50248FFF72CFB86
:1022700010BD0000C001002000BFFEE770B50621C0
:10228000302004F0BBFD302004F0C8FC0546062DCC
:1022900003D00621302004F0B1FD002403E006F055
:1022A00003F9601C84B2C82CF9DB70BD02480068D9
:1022B000C0F30220704700000CED00E010B50028CC
:1022C00004DB0A07130E054A135406E00A07140E2E
:1022D000034A00F00F031B1FD45410BD00E400E0BC
:1022E00018ED00E000BF704700F00101194A1160CD
:1022F000C0F34001184AC2F88412C0F38001154AA5
:1023000008321160C0F30011121F1160C0F34011B8
:10231000104A3C321160C0F38011104A1160C0F3C2
:10232000C0110C4A38321160C0F300210B4A121D53
:102330001160C0F34021074A34321160C0F380219C
:10234000044A14321160C0F3C021024A0C321160F9
:1023500070470000808242420000434290024342A4
:1023600000F00101104A1160C0F340010F4AC2F8A9
:10237000BC12C0F380010C4A383A1160C0F3C001AE
:10238000121D1160C0F30011094A1160C0F3401121
:10239000121D1160C0F38011121D1160C109054AA0
:1023A000C2F8A81270470000B88241420080414242
:1023B0009C0242420000424270B504460420FFF7EE
:1023C00059F90A48046025464CF2503045434FF015
:1023D000E020006940F002004FF0E021086108466B
:1023E0004561006940F00100086170BD28000020CF
:1023F00030B50446002504E04FF47A7000F004F88C
:102400006D1CA542F8D330BD70B5034600224FF0D5
:10241000E02675690D4E366803FB06F44FF0E026A2
:10242000B16910E04FF0E026B06988420BD08842D5
:1024300002D20E1A324402E02E1A0E4432440146F1
:10244000A24200D300E0EDE700BF70BD28000020ED
:1024500000BF054A126802F04002002AF9D0C2B259
:10246000014B5A6070470000001001400EB54FF458
:10247000784019A120221346CDE900210290DC22E8
:102480000A21084603F0ACFA4FF4784014A1182250
:102490001346CDE900210290DC222F210A2003F00F
:1024A0009FFA4FF4784013A110221346CDE9002182
:1024B0000290DC224C210A2003F092FA11480121FB
:1024C00000238022CDE900100FA1124805F074FC12
:1024D00005F0D0F80EBD000053544D33320000001B
:1024E0004672656552544F5320506F7274696E671F
:1024F0000000000041544F4D40414C49454E544569
:102500004B0000000400002073746172745F7461FA
:10251000736B0000E16E000800B587B000BF00BF1C
:10252000002001903848006840F0100036490860EB
:102530000846006800F01000019000BF00BF00BF17
:1025400000BF00BF002001900846006840F0100066
:1025500008600846006800F01000019000BF00BF4E
:1025600000BF00BF00BF002001900846006840F097
:10257000100008600846006800F01000019000BFDD
:1025800000BF00BF00BF00BF0020019008460068E8
:1025900040F0010008600846006800F0010001906A
:1025A00000BF00BF00BF1020029000200390012058
:1025B00004900220059002A91448FEF78DFA082025
:1025C000029000200390012004900220059002A9AF
:1025D0000E48FEF781FA04200290002003900120AB
:1025E00004900220059002A90848FEF775FA012020
:1025F00002900020039002200490059002A9044854
:10260000FEF76AFA07B000BD303802400010024001
:102610000000024070B5044600260948058840883D
:1026200045430021084603F0ABF803F057FA00BF1A
:1026300002E004480480761CAE42FAD370BD00006C
:10264000540200208000006C10B504465848847184
:10265000002C58D1F020564908804FF4A0704880D3
:102660000846808845F21051884210D14FF430500E
:102670004F4908814FF4285048814FF42C508881ED
:102680004FF4F07008804FF4487048801AE04848D2
:10269000808841F6631188420DD12C20444908817D
:1026A0002B2048812A2088814FF4F07008804FF455
:1026B0004870488006E02C203D4908812A20488146
:1026C0002B2088813A48808845F21031884205D015
:1026D0003748808847F29671884206D14FF4A0703F
:1026E000334908804FF4F07048803148808849F6BB
:1026F0000601884258D14FF4F0702D4908804FF4FC
:102700004870488050E04FF4A07029490880F020BC
:1027100048800846808845F21051884210D14FF415
:102720003050234908814FF4285048814FF42C50F1
:1027300088814FF4487008804FF4F070488020E0A2
:102740001B48808841F66311884205D0184880886C
:1027500049F6060188420DD12C20154908812A200E
:1027600048812B2088814FF4487008804FF4F07026
:10277000488006E02C200E4908812A2048812B2021
:1027800088810B48808845F21031884205D008487E
:10279000808847F29671884206D14FF4F070044960
:1027A00008804FF4A0704880002002F0CBFE10BDDE
:1027B0005402002070B505460E46144631462846A0
:1027C00002F0DEFF03F08AF901490C8070BD0000C1
:1027D0008000006C10B5CF2003F074F9002003F0E6
:1027E00065F9C12003F062F9302003F05FF9ED20B4
:1027F00003F068F9642003F059F9032003F056F957
:10280000122003F053F9812003F050F9E82003F07F
:1028100059F9852003F04AF9102003F047F97A208E
:1028200003F044F9CB2003F04DF9392003F03EF9D1
:102830002C2003F03BF9002003F038F9342003F09A
:1028400035F9022003F032F9F72003F03BF920209C
:1028500003F02CF9EA2003F035F9002003F026F903
:10286000002003F023F9C02003F02CF91B2003F013
:102870001DF9C12003F026F9012003F017F9C52046
:1028800003F020F9302003F011F9302003F00EF9A5
:10289000C72003F017F9B72003F008F9362003F03A
:1028A00011F9482003F002F93A2003F00BF9552002
:1028B00003F0FCF8B12003F005F9002003F0F6F86E
:1028C0001A2003F0F3F8B62003F0FCF80A2003F016
:1028D000EDF8A22003F0EAF8F22003F0F3F800206C
:1028E00003F0E4F8262003F0EDF8012003F0DEF811
:1028F000E02003F0E7F80F2003F0D8F82A2003F0D7
:10290000D5F8282003F0D2F8082003F0CFF80E20E5
:1029100003F0CCF8082003F0C9F8542003F0C6F8FF
:10292000A92003F0C3F8432003F0C0F80A2003F005
:10293000BDF80F2003F0BAF8002003F0B7F800202C
:1029400003F0B4F8002003F0B1F8002003F0AEF873
:10295000E12003F0B7F8002003F0A8F8152003F0F9
:10296000A5F8172003F0A2F8072003F09FF8112024
:1029700003F09CF8062003F099F82B2003F096F85A
:10298000562003F093F83C2003F090F8052003F064
:102990008DF8102003F08AF80F2003F087F83F200D
:1029A00003F084F83F2003F081F80F2003F07EF855
:1029B0002B2003F087F8002003F078F8002003F0C4
:1029C00075F8012003F072F83F2003F06FF82A2019
:1029D00003F078F8002003F069F8002003F066F8AF
:1029E000002003F063F8EF2003F060F8112003F0FB
:1029F00069F87820FFF7FCFC292003F063F810BD8C
:102A000010B5FF2003F05EF8FF2003F04FF8982088
:102A100003F04CF8062003F049F8BC2003F052F80C
:102A2000012003F043F80F2003F040F8612003F089
:102A30003DF8FF2003F03AF8012003F037F80120B9
:102A400003F034F80B2003F031F8102003F02EF8D7
:102A5000372003F02BF8632003F028F8FF2003F061
:102A600025F8FF2003F022F8012003F01FF80120D1
:102A700003F01CF8002003F019F8002003F016F80A
:102A8000FF2003F013F8522003F010F8012003F0A8
:102A90000DF8002003F00AF8402003F007F8BD20ED
:102AA00003F010F8012003F001F8232002F0FEFFEC
:102AB000452002F0FBFF672002F0F8FF012002F042
:102AC000F5FF232002F0F2FF452002F0EFFF672020
:102AD00002F0ECFFBE2002F0F5FF002002F0E6FF5E
:102AE000012002F0E3FFAB2002F0E0FF602002F0E3
:102AF000DDFF222002F0DAFF222002F0D7FF2220A1
:102B000002F0D4FF222002F0D1FF222002F0CEFFFB
:102B1000C72002F0D7FF362002F0C8FFED2002F0F8
:102B2000D1FF7F2002F0C2FF0F2002F0BFFFC020C4
:102B300002F0C8FF0F2002F0B9FF0B2002F0B6FF31
:102B40000A2002F0B3FFFC2002F0BCFF082002F0D4
:102B5000ADFFDF2002F0B6FF002002F0A7FF00204B
:102B600002F0A4FF002002F0A1FF002002F09EFF6F
:102B7000002002F09BFF202002F098FFF32002F0DB
:102B8000A1FF742002F092FFB42002F09BFF00200E
:102B900002F08CFF002002F089FF002002F086FF87
:102BA000F72002F08FFF822002F080FFB12002F0B8
:102BB00089FF002002F07AFF132002F077FF132034
:102BC00002F074FFF22002F07DFF802002F06EFF21
:102BD000042002F06BFF402002F068FF282002F082
:102BE00065FFC12002F06EFF172002F05FFF882012
:102BF00002F05CFF882002F059FF202002F056FF0F
:102C0000E02002F05FFF002002F050FF0A2002F0F7
:102C10004DFF122002F04AFF102002F047FF0E2065
:102C200002F044FF202002F041FFCC2002F03EFFE2
:102C3000072002F03BFF062002F038FF0B2002F0D5
:102C400035FF0E2002F032FF0F2002F02FFF0D2083
:102C500002F02CFF152002F029FF102002F026FFC1
:102C6000002002F023FFE12002F02CFF002002F000
:102C70001DFF0B2002F01AFF132002F017FF0D209A
:102C800002F014FF0E2002F011FF1B2002F00EFFD5
:102C9000712002F00BFF062002F008FF062002F070
:102CA00005FF0A2002F002FF0F2002F0FFFE0E20B7
:102CB00002F0FCFE0F2002F0F9FE152002F0F6FEF5
:102CC0000C2002F0F3FE002002F0F0FE2A2002F0B9
:102CD000F9FE002002F0EAFE002002F0E7FE0120EB
:102CE00002F0E4FEDF2002F0E1FE2B2002F0EAFE1B
:102CF000002002F0DBFE002002F0D8FE032002F0EC
:102D0000D5FE1F2002F0D2FE3A2002F0DBFE552055
:102D100002F0CCFE362002F0D5FE002002F0C6FE06
:102D2000112002F0CFFE7820FFF762FB292002F08D
:102D3000C9FE1420FFF75CFB2C2002F0C3FE10BD7F
:102D400010B5ED2002F0BEFE012002F0AFFEFE2025
:102D500002F0ACFEEE2002F0B5FEDE2002F0A6FE90
:102D6000212002F0A3FEF12002F0ACFE012002F0CF
:102D70009DFEDF2002F0A6FE102002F097FEC42088
:102D800002F0A0FE8F2002F091FEC62002F09AFE13
:102D9000002002F08BFEE22002F088FEE22002F02A
:102DA00085FEE22002F082FEBF2002F08BFEAA2008
:102DB00002F07CFEB02002F085FE0D2002F076FECF
:102DC000002002F073FE0D2002F070FE002002F0E1
:102DD0006DFE112002F06AFE002002F067FE19204D
:102DE00002F064FE002002F061FE212002F05EFE8F
:102DF000002002F05BFE2D2002F058FE002002F0C1
:102E000055FE3D2002F052FE002002F04FFE5D20F4
:102E100002F04CFE002002F049FE5D2002F046FE6A
:102E2000002002F043FEB12002F04CFE802002F0B0
:102E30003DFE002002F03AFE8B2002F037FE00201B
:102E400002F034FE962002F031FE002002F02EFE49
:102E5000B22002F037FE002002F028FE002002F02F
:102E600025FE022002F022FE002002F01FFE0320B9
:102E700002F01CFE002002F019FEB32002F022FE38
:102E8000002002F013FE002002F010FE002002F0ED
:102E90000DFE002002F00AFE002002F007FE0020D6
:102EA00002F004FE002002F001FE002002F0FEFD10
:102EB000002002F0FBFD002002F0F8FD002002F0EF
:102EC000F5FD002002F0F2FD002002F0EFFD0020F1
:102ED00002F0ECFD002002F0E9FD002002F0E6FD2A
:102EE000002002F0E3FD002002F0E0FD002002F0EF
:102EF000DDFD002002F0DAFD002002F0D7FD002009
:102F000002F0D4FD002002F0D1FD002002F0CEFD41
:102F1000B42002F0D7FD8B2002F0C8FD002002F0A3
:102F2000C5FD962002F0C2FD002002F0BFFDA120E9
:102F300002F0BCFD002002F0B9FDB52002F0C2FD98
:102F4000022002F0B3FD002002F0B0FD032002F0E9
:102F5000ADFD002002F0AAFD042002F0A7FD002034
:102F600002F0A4FDB62002F0ADFD002002F09EFDAF
:102F7000002002F09BFDB72002F0A4FD002002F02B
:102F800095FD002002F092FD3F2002F08FFD002011
:102F900002F08CFD5E2002F089FD002002F086FD2B
:102FA000642002F083FD002002F080FD8C2002F0FE
:102FB0007DFD002002F07AFDAC2002F077FD0020BC
:102FC00002F074FDDC2002F071FD002002F06EFDC5
:102FD000702002F06BFD002002F068FD902002F0EE
:102FE00065FD002002F062FDEB2002F05FFD002095
:102FF00002F05CFDDC2002F059FD002002F056FDDD
:10300000B82002F05FFD002002F050FD002002F029
:103010004DFD002002F04AFD002002F047FD002097
:1030200002F044FD002002F041FD002002F03EFDD0
:10303000002002F03BFDBA2002F044FD242002F003
:1030400035FD002002F032FD002002F02FFD0020AF
:1030500002F02CFDC12002F035FD202002F026FDFB
:10306000002002F023FD542002F020FD002002F099
:103070001DFDFF2002F01AFD002002F017FDC22006
:1030800002F020FD0A2002F011FD002002F00EFDEA
:10309000042002F00BFD002002F008FDC32002F026
:1030A00011FD3C2002F002FD002002F0FFFC3A205E
:1030B00002F0FCFC002002F0F9FC392002F0F6FCE2
:1030C000002002F0F3FC372002F0F0FC002002F0B8
:1030D000EDFC3C2002F0EAFC002002F0E7FC362088
:1030E00002F0E4FC002002F0E1FC322002F0DEFC01
:1030F000002002F0DBFC2F2002F0D8FC002002F0C0
:10310000D5FC2C2002F0D2FC002002F0CFFC2920BC
:1031100002F0CCFC002002F0C9FC262002F0C6FC24
:10312000002002F0C3FC242002F0C0FC002002F0CA
:10313000BDFC242002F0BAFC002002F0B7FC2320E2
:1031400002F0B4FC002002F0B1FC3C2002F0AEFC26
:10315000002002F0ABFC362002F0A8FC002002F0B8
:10316000A5FC322002F0A2FC002002F09FFC2F20E0
:1031700002F09CFC002002F099FC2C2002F096FC4E
:10318000002002F093FC292002F090FC002002F0C5
:103190008DFC262002F08AFC002002F087FC24200F
:1031A00002F084FC002002F081FC242002F07EFC6E
:1031B000002002F07BFC232002F078FC002002F0CB
:1031C00075FCC42002F07EFC622002F06FFC00203F
:1031D00002F06CFC052002F069FC002002F066FCA5
:1031E000842002F063FC002002F060FCF02002F07A
:1031F0005DFC002002F05AFC182002F057FC002071
:1032000002F054FCA42002F051FC002002F04EFC1D
:10321000182002F04BFC002002F048FC502002F085
:1032200045FC002002F042FC0C2002F03FFC002094
:1032300002F03CFC172002F039FC002002F036FCC2
:10324000952002F033FC002002F030FCF32002F065
:103250002DFC002002F02AFCE62002F027FC0020D2
:1032600002F024FCC52002F02DFC322002F01EFCEE
:10327000002002F01BFC442002F018FC002002F0A9
:1032800015FC652002F012FC002002F00FFC7620F5
:1032900002F00CFC002002F009FC882002F006FC81
:1032A000002002F003FCC62002F00CFC202002F0FB
:1032B000FDFB002002F0FAFB172002F0F7FB0020D4
:1032C00002F0F4FB012002F0F1FB002002F0EEFB23
:1032D000C72002F0F7FB002002F0E8FB002002F01C
:1032E000E5FB002002F0E2FB002002F0DFFBC8203B
:1032F00002F0E8FB002002F0D9FB002002F0D6FB30
:10330000002002F0D3FB002002F0D0FBC92002F025
:10331000D9FB002002F0CAFB002002F0C7FB00200E
:1033200002F0C4FB002002F0C1FB002002F0BEFB53
:10333000002002F0BBFB002002F0B8FB002002F0EE
:10334000B5FB002002F0B2FB002002F0AFFB002032
:1033500002F0ACFB002002F0A9FB002002F0A6FB6B
:10336000002002F0A3FB002002F0A0FB002002F0EE
:103370009DFBE02002F0A6FB162002F097FB002048
:1033800002F094FB1C2002F091FB002002F08EFB67
:10339000212002F08BFB002002F088FB362002F097
:1033A00085FB002002F082FB462002F07FFB00201C
:1033B00002F07CFB522002F079FB002002F076FB49
:1033C000642002F073FB002002F070FB7A2002F010
:1033D0006DFB002002F06AFB8B2002F067FB0020EF
:1033E00002F064FB992002F061FB002002F05EFB1A
:1033F000A82002F05BFB002002F058FBB92002F08D
:1034000055FB002002F052FBC42002F04FFB0020CD
:1034100002F04CFBCA2002F049FB002002F046FB00
:10342000D22002F043FB002002F040FBD92002F042
:103430003DFB002002F03AFBE02002F037FB0020C9
:1034400002F034FBF32002F031FB002002F02EFBEF
:10345000E12002F037FB162002F028FB002002F0EA
:1034600025FB1C2002F022FB002002F01FFB222083
:1034700002F01CFB002002F019FB362002F016FBC4
:10348000002002F013FB452002F010FB002002F0A8
:103490000DFB522002F00AFB002002F007FB642023
:1034A00002F004FB002002F001FB7A2002F0FEFA99
:1034B000002002F0FBFA8B2002F0F8FA002002F064
:1034C000F5FA992002F0F2FA002002F0EFFAA820B3
:1034D00002F0ECFA002002F0E9FAB92002F0E6FA74
:1034E000002002F0E3FAC42002F0E0FA002002F02B
:1034F000DDFACA2002F0DAFA002002F0D7FAD22070
:1035000002F0D4FA002002F0D1FAD82002F0CEFA6C
:10351000002002F0CBFAE02002F0C8FA002002F00E
:10352000C5FAF32002F0C2FA002002F0BFFAE2204E
:1035300002F0C8FA052002F0B9FA002002F0B6FA4B
:103540000B2002F0B3FA002002F0B0FA1B2002F0C8
:10355000ADFA002002F0AAFA342002F0A7FA002007
:1035600002F0A4FA442002F0A1FA002002F09EFA30
:103570004F2002F09BFA002002F098FA612002F03E
:1035800095FA002002F092FA792002F08FFA0020DA
:1035900002F08CFA882002F089FA002002F086FA04
:1035A000972002F083FA002002F080FAA62002F0B1
:1035B0007DFA002002F07AFAB72002F077FA0020B4
:1035C00002F074FAC22002F071FA002002F06EFAE2
:1035D000C72002F06BFA002002F068FAD12002F056
:1035E00065FA002002F062FAD62002F05FFA0020AD
:1035F00002F05CFADD2002F059FA002002F056FADF
:10360000F32002F053FA002002F050FAE32002F017
:1036100059FA052002F04AFA002002F047FA0A207F
:1036200002F044FA002002F041FA1C2002F03EFAB7
:10363000002002F03BFA332002F038FA002002F0BA
:1036400035FA442002F032FA002002F02FFA50201E
:1036500002F02CFA002002F029FA622002F026FA89
:10366000002002F023FA782002F020FA002002F075
:103670001DFA882002F01AFA002002F017FA9720AB
:1036800002F014FA002002F011FAA62002F00EFA5D
:10369000002002F00BFAB72002F008FA002002F036
:1036A00005FAC22002F002FA002002F0FFF9C7205A
:1036B00002F0FCF9002002F0F9F9D12002F0F6F94D
:1036C000002002F0F3F9D52002F0F0F9002002F01A
:1036D000EDF9DD2002F0EAF9002002F0E7F9F3202D
:1036E00002F0E4F9002002F0E1F9E42002F0EAF946
:1036F000012002F0DBF9002002F0D8F9012002F0ED
:10370000D5F9002002F0D2F9022002F0CFF9002012
:1037100002F0CCF92A2002F0C9F9002002F0C6F923
:103720003C2002F0C3F9002002F0C0F94B2002F067
:10373000BDF9002002F0BAF95D2002F0B7F90020CF
:1037400002F0B4F9742002F0B1F9002002F0AEF9F1
:10375000842002F0ABF9002002F0A8F9932002F0D7
:10376000A5F9002002F0A2F9A22002F09FF90020A2
:1037700002F09CF9B32002F099F9002002F096F9CA
:10378000BE2002F093F9002002F090F9C42002F06C
:103790008DF9002002F08AF9CD2002F087F900208F
:1037A00002F084F9D32002F081F9002002F07EF9C2
:1037B000DD2002F07BF9002002F078F9F32002F01E
:1037C00075F9002002F072F9E52002F07BF9002083
:1037D00002F06CF9002002F069F9002002F066F9AD
:1037E000002002F063F9022002F060F9002002F0EC
:1037F0005DF9292002F05AF9002002F057F93C2027
:1038000002F054F9002002F051F94B2002F04EF979
:10381000002002F04BF95D2002F048F9002002F090
:1038200045F9742002F042F9002002F03FF98420AB
:1038300002F03CF9002002F039F9932002F036F949
:10384000002002F033F9A22002F030F9002002F04B
:103850002DF9B32002F02AF9002002F027F9BE204A
:1038600002F024F9002002F021F9C42002F01EF930
:10387000002002F01BF9CD2002F018F9002002F020
:1038800015F9D32002F012F9002002F00FF9DC2024
:1038900002F00CF9002002F009F9F32002F006F919
:1038A000002002F003F9E62002F00CF9112002F0EA
:1038B000FDF8002002F0FAF8342002F0F7F80020BA
:1038C00002F0F4F8562002F0F1F8002002F0EEF8D1
:1038D000762002F0EBF8002002F0E8F8772002F002
:1038E000E5F8002002F0E2F8662002F0DFF80020A0
:1038F00002F0DCF8882002F0D9F8002002F0D6F8B7
:10390000992002F0D3F8002002F0D0F8BB2002F09A
:10391000CDF8002002F0CAF8992002F0C7F8002084
:1039200002F0C4F8662002F0C1F8002002F0BEF8F0
:10393000552002F0BBF8002002F0B8F8552002F044
:10394000B5F8002002F0B2F8452002F0AFF80020F0
:1039500002F0ACF8432002F0A9F8002002F0A6F82B
:10396000442002F0A3F8002002F0A0F8E72002F0C3
:10397000A9F8322002F09AF8002002F097F85520BA
:1039800002F094F8002002F091F8762002F08EF810
:10399000002002F08BF8662002F088F8002002F088
:1039A00085F8672002F082F8002002F07FF8672097
:1039B00002F07CF8002002F079F8872002F076F817
:1039C000002002F073F8992002F070F8002002F055
:1039D0006DF8BB2002F06AF8002002F067F8992029
:1039E00002F064F8002002F061F8772002F05EF83F
:1039F000002002F05BF8442002F058F8002002F0AA
:103A000055F8562002F052F8002002F04FF823201B
:103A100002F04CF8002002F049F8332002F046F89A
:103A2000002002F043F8452002F040F8002002F0A8
:103A30003DF8E82002F046F8002002F037F80020B8
:103A400002F034F8992002F031F8002002F02EF84C
:103A5000872002F02BF8002002F028F8882002F0DE
:103A600025F8002002F022F8772002F01FF800204D
:103A700002F01CF8662002F019F8002002F016F897
:103A8000882002F013F8002002F010F8AA2002F0BB
:103A90000DF8002002F00AF8BB2002F007F8002021
:103AA00002F004F8992002F001F8002001F0FEFF76
:103AB000662001F0FBFF002001F0F8FF552001F027
:103AC000F5FF002001F0F2FF552001F0EFFF00208C
:103AD00001F0ECFF442001F0E9FF002001F0E6FFD7
:103AE000442001F0E3FF002001F0E0FF552001F049
:103AF000DDFF002001F0DAFFE92001F0E3FFAA205A
:103B000001F0D4FF002001F0D1FF002001F0CEFF32
:103B1000002001F0CBFF002001F0D4FFAA2001F02B
:103B2000C5FFCF2001F0CEFF002001F0BFFF002035
:103B300001F0BCFF002001F0B9FF002001F0B6FF4A
:103B4000002001F0B3FF002001F0B0FF002001F0E1
:103B5000ADFF002001F0AAFF002001F0A7FF002028
:103B600001F0A4FF002001F0A1FF002001F09EFF62
:103B7000002001F09BFF002001F098FF002001F0E1
:103B800095FF002001F092FF002001F08FFFF02050
:103B900001F098FF002001F089FF502001F086FF1E
:103BA000002001F083FF002001F080FF002001F0E1
:103BB0007DFFF32001F086FF002001F077FFF92060
:103BC00001F080FF062001F071FF102001F06EFF70
:103BD000292001F06BFF002001F068FF3A2001F07E
:103BE00071FF552001F062FF112001F06BFF64208E
:103BF000FEF7FEFB292001F065FF352001F062FF92
:103C0000002001F053FF512001F05CFFFF2001F084
:103C10004DFF532001F056FF2C2001F047FF5520A7
:103C200001F050FF822001F041FF2C2001F04AFFFB
:103C300010BD10B555214FF4704001F059FFAA2175
:103C40004FF2010001F054FF52214FF2020001F047
:103C50004FFF08214FF2030001F04AFF01214FF20C
:103C6000040001F045FF0D214FF4304001F040FF0A
:103C70000D214BF2010001F03BFF0D214BF2020040
:103C800001F036FF34214FF4364001F031FF34218A
:103C90004BF2016001F02CFF34214BF2026001F085
:103CA00027FF0D214FF4314001F022FF0D214BF28F
:103CB000011001F01DFF0D214BF2021001F018FF61
:103CC00034214FF4374001F013FF34214BF20170DF
:103CD00001F00EFF34214BF2027001F009FF0021C8
:103CE0004FF4324001F004FF00214BF2012001F0BB
:103CF000FFFE00214BF2022001F0FAFE24214FF4D6
:103D0000384001F0F5FE24214BF6010001F0F0FEF1
:103D100024214BF6020001F0EBFE01214FF43F405D
:103D200001F0E6FE0F214FF4334001F0E1FE0F21D8
:103D30004BF2013001F0DCFE0F214BF2023001F0BA
:103D4000D7FE34214FF4394001F0D2FE34214BF636
:103D5000011001F0CDFE34214BF6021001F0C8FE37
:103D600008214FF4354001F0C3FE08214BF2015009
:103D700001F0BEFE08214BF2025001F0B9FE032112
:103D80004FF4424001F0B4FE24214FF43A4001F0D8
:103D9000AFFE24214BF6012001F0AAFE24214BF6B0
:103DA000022001F0A5FE00214FF43C4001F0A0FEEE
:103DB00078214BF6014001F09BFE00214BF60240BA
:103DC00001F096FE00214FF43D4001F091FE782174
:103DD0004BF6015001F08CFE00214BF6025001F031
:103DE00087FE00214FF43E4001F082FE64214BF635
:103DF000016001F07DFE00214FF4514001F078FE9A
:103E000033214DF2011001F073FE00214DF202103A
:103E100001F06EFE34214DF2031001F069FE002125
:103E20004DF2041001F064FE3A214DF2051001F04C
:103E30005FFE00214DF2061001F05AFE4A214DF2BC
:103E4000071001F055FE00214DF2081001F050FE60
:103E50005C214DF2091001F04BFE00214DF20A10D9
:103E600001F046FE81214DF20B1001F041FE0021D0
:103E70004DF20C1001F03CFEA6214DF20D1001F0A8
:103E800037FE00214DF20E1001F032FEE5214DF219
:103E90000F1001F02DFE01214DF2101001F028FE4F
:103EA00013214DF2111001F023FE01214DF21210E9
:103EB00001F01EFE54214DF2131001F019FE0121F4
:103EC0004DF2141001F014FE82214DF2151001F094
:103ED0000FFE01214DF2161001F00AFECA214DF22B
:103EE000171001F005FE02214DF2181001F000FE3E
:103EF00000214DF2191001F0FBFD02214DF21A10C4
:103F000001F0F6FD01214DF21B1001F0F1FD02213F
:103F10004DF21C1001F0ECFD34214DF21D1001F0AA
:103F2000E7FD02214DF21E1001F0E2FD67214DF286
:103F30001F1001F0DDFD02214DF2201001F0D8FD2F
:103F400084214DF2211001F0D3FD02214DF2221007
:103F500001F0CEFDA4214DF2231001F0C9FD022194
:103F60004DF2241001F0C4FDB7214DF2251001F0EF
:103F7000BFFD02214DF2261001F0BAFDCF214DF216
:103F8000271001F0B5FD02214DF2281001F0B0FD1F
:103F9000DE214DF2291001F0ABFD02214DF22A1075
:103FA00001F0A6FDF2214DF22B1001F0A1FD02213E
:103FB0004DF22C1001F09CFDFE214DF22D1001F070
:103FC00097FD03214DF22E1001F092FD10214DF2CC
:103FD0002F1001F08DFD03214DF2301001F088FD0E
:103FE00033214DF2311001F083FD03214DF23210E7
:103FF00001F07EFD6D214DF2331001F079FD0021BD
:104000004FF4524001F074FD33214DF2012001F0D4
:104010006FFD00214DF2022001F06AFD34214DF2C6
:10402000032001F065FD00214DF2042001F060FD48
:104030003A214DF2052001F05BFD00214DF20620F2
:1040400001F056FD4A214DF2072001F051FD0021FB
:104050004DF2082001F04CFD5C214DF2092001F0E9
:1040600047FD00214DF20A2001F042FD81214DF271
:104070000B2001F03DFD00214DF20C2001F038FD38
:10408000A6214DF20D2001F033FD00214DF20E204E
:1040900001F02EFDE5214DF20F2001F029FD012157
:1040A0004DF2102001F024FD13214DF2112001F0FA
:1040B0001FFD01214DF2122001F01AFD54214DF295
:1040C000132001F015FD01214DF2142001F010FD27
:1040D00082214DF2152001F00BFD01214DF2162039
:1040E00001F006FDCA214DF2172001F001FD022169
:1040F0004DF2182001F0FCFC00214DF2192001F0D6
:10410000F7FC02214DF21A2001F0F2FC01214DF2E0
:104110001B2001F0EDFC02214DF21C2001F0E8FC17
:1041200034214DF21D2001F0E3FC02214DF21E204E
:1041300001F0DEFC67214DF21F2001F0D9FC0221C5
:104140004DF2202001F0D4FC84214DF2212001F019
:10415000CFFC02214DF2222001F0CAFCA4214DF235
:10416000232001F0C5FC02214DF2242001F0C0FC07
:10417000B7214DF2252001F0BBFC02214DF2262093
:1041800001F0B6FCCF214DF2272001F0B1FC022155
:104190004DF2282001F0ACFCDE214DF2292001F087
:1041A000A7FC02214DF22A2001F0A2FCF2214DF2DF
:1041B0002B2001F09DFC02214DF22C2001F098FCF7
:1041C000FE214DF22D2001F093FC03214DF22E2013
:1041D00001F08EFC10214DF22F2001F089FC03210B
:1041E0004DF2302001F084FC33214DF2312001F0FA
:1041F0007FFC03214DF2322001F07AFC6D214DF25B
:10420000332001F075FC00214FF4534001F070FCA5
:1042100033214DF2013001F06BFC00214DF20230F0
:1042200001F066FC34214DF2033001F061FC002105
:104230004DF2043001F05CFC3A214DF2053001F002
:1042400057FC00214DF2063001F052FC4A214DF29C
:10425000073001F04DFC00214DF2083001F048FC20
:104260005C214DF2093001F043FC00214DF20A308F
:1042700001F03EFC81214DF20B3001F039FC0021B0
:104280004DF20C3001F034FCA6214DF20D3001F05E
:104290002FFC00214DF20E3001F02AFCE5214DF2F9
:1042A0000F3001F025FC01214DF2103001F020FC0F
:1042B00013214DF2113001F01BFC01214DF212309F
:1042C00001F016FC54214DF2133001F011FC0121D4
:1042D0004DF2143001F00CFC82214DF2153001F04A
:1042E00007FC01214DF2163001F002FCCA214DF20B
:1042F000173001F0FDFB02214DF2183001F0F8FB00
:1043000000214DF2193001F0F3FB02214DF21A3079
:1043100001F0EEFB01214DF21B3001F0E9FB02211F
:104320004DF21C3001F0E4FB34214DF21D3001F060
:10433000DFFB02214DF21E3001F0DAFB67214DF266
:104340001F3001F0D5FB02214DF2203001F0D0FBEF
:1043500084214DF2213001F0CBFB02214DF22230BD
:1043600001F0C6FBA4214DF2233001F0C1FB022174
:104370004DF2243001F0BCFBB7214DF2253001F0A5
:10438000B7FB02214DF2263001F0B2FBCF214DF2F6
:10439000273001F0ADFB02214DF2283001F0A8FBDF
:1043A000DE214DF2293001F0A3FB02214DF22A302B
:1043B00001F09EFBF2214DF22B3001F099FB02211E
:1043C0004DF22C3001F094FBFE214DF22D3001F026
:1043D0008FFB03214DF22E3001F08AFB10214DF2AC
:1043E0002F3001F085FB03214DF2303001F080FBCE
:1043F00033214DF2313001F07BFB03214DF232309D
:1044000001F076FB6D214DF2333001F071FB00219C
:104410004FF4544001F06CFB33214DF2014001F0A8
:1044200067FB00214DF2024001F062FB34214DF2A6
:10443000034001F05DFB00214DF2044001F058FB08
:104440003A214DF2054001F053FB00214DF20640A8
:1044500001F04EFB4A214DF2074001F049FB0021DB
:104460004DF2084001F044FB5C214DF2094001F09F
:104470003FFB00214DF20A4001F03AFB81214DF251
:104480000B4001F035FB00214DF20C4001F030FBF8
:10449000A6214DF20D4001F02BFB00214DF20E4004
:1044A00001F026FBE5214DF20F4001F021FB012137
:1044B0004DF2104001F01CFB13214DF2114001F0B0
:1044C00017FB01214DF2124001F012FB54214DF275
:1044D000134001F00DFB01214DF2144001F008FBE7
:1044E00082214DF2154001F003FB01214DF21640EF
:1044F00001F0FEFACA214DF2174001F0F9FA02214B
:104500004DF2184001F0F4FA00214DF2194001F08B
:10451000EFFA02214DF21A4001F0EAFA01214DF2C0
:104520001B4001F0E5FA02214DF21C4001F0E0FAD7
:1045300034214DF21D4001F0DBFA02214DF21E4004
:1045400001F0D6FA67214DF21F4001F0D1FA0221A5
:104550004DF2204001F0CCFA84214DF2214001F0CF
:10456000C7FA02214DF2224001F0C2FAA4214DF215
:10457000234001F0BDFA02214DF2244001F0B8FAC7
:10458000B7214DF2254001F0B3FA02214DF2264049
:1045900001F0AEFACF214DF2274001F0A9FA022135
:1045A0004DF2284001F0A4FADE214DF2294001F03D
:1045B0009FFA02214DF22A4001F09AFAF2214DF2BF
:1045C0002B4001F095FA02214DF22C4001F090FAB7
:1045D000FE214DF22D4001F08BFA03214DF22E40C9
:1045E00001F086FA10214DF22F4001F081FA0321EB
:1045F0004DF2304001F07CFA33214DF2314001F0B0
:1046000077FA03214DF2324001F072FA6D214DF23A
:10461000334001F06DFA00214FF4554001F068FA83
:1046200033214DF2015001F063FA00214DF20250A6
:1046300001F05EFA34214DF2035001F059FA0021E5
:104640004DF2045001F054FA3A214DF2055001F0B8
:104650004FFA00214DF2065001F04AFA4A214DF27C
:10466000075001F045FA00214DF2085001F040FAE0
:104670005C214DF2095001F03BFA00214DF20A5045
:1046800001F036FA81214DF20B5001F031FA002190
:104690004DF20C5001F02CFAA6214DF20D5001F014
:1046A00027FA00214DF20E5001F022FAE5214DF2D9
:1046B0000F5001F01DFA01214DF2105001F018FACF
:1046C00013214DF2115001F013FA01214DF2125055
:1046D00001F00EFA54214DF2135001F009FA0121B4
:1046E0004DF2145001F004FA82214DF2155001F000
:1046F000FFF901214DF2165001F0FAF9CA214DF2ED
:10470000175001F0F5F902214DF2185001F0F0F9BF
:1047100000214DF2195001F0EBF902214DF21A502F
:1047200001F0E6F901214DF21B5001F0E1F90221FF
:104730004DF21C5001F0DCF934214DF21D5001F016
:10474000D7F902214DF21E5001F0D2F967214DF246
:104750001F5001F0CDF902214DF2205001F0C8F9AF
:1047600084214DF2215001F0C3F902214DF2225073
:1047700001F0BEF9A4214DF2235001F0B9F9022154
:104780004DF2245001F0B4F9B7214DF2255001F05B
:10479000AFF902214DF2265001F0AAF9CF214DF2D6
:1047A000275001F0A5F902214DF2285001F0A0F99F
:1047B000DE214DF2295001F09BF902214DF22A50E1
:1047C00001F096F9F2214DF22B5001F091F90221FE
:1047D0004DF22C5001F08CF9FE214DF22D5001F0DC
:1047E00087F903214DF22E5001F082F910214DF28C
:1047F0002F5001F07DF903214DF2305001F078F98E
:1048000033214DF2315001F073F903214DF2325052
:1048100001F06EF96D214DF2335001F069F900217C
:104820004FF4564001F064F933214DF2016001F07C
:104830005FF900214DF2026001F05AF934214DF286
:10484000036001F055F900214DF2046001F050F9C8
:104850003A214DF2056001F04BF900214DF206605E
:1048600001F046F94A214DF2076001F041F90021BB
:104870004DF2086001F03CF95C214DF2096001F055
:1048800037F900214DF20A6001F032F981214DF231
:104890000B6001F02DF900214DF20C6001F028F9B8
:1048A000A6214DF20D6001F023F900214DF20E60BA
:1048B00001F01EF9E5214DF20F6001F019F9012117
:1048C0004DF2106001F014F913214DF2116001F066
:1048D0000FF901214DF2126001F00AF954214DF255
:1048E000136001F005F901214DF2146001F000F9A7
:1048F00082214DF2156001F0FBF801214DF21660A6
:1049000001F0F6F8CA214DF2176001F0F1F802212A
:104910004DF2186001F0ECF800214DF2196001F041
:10492000E7F802214DF21A6001F0E2F801214DF2A0
:104930001B6001F0DDF802214DF21C6001F0D8F897
:1049400034214DF21D6001F0D3F802214DF21E60BA
:1049500001F0CEF867214DF21F6001F0C9F8022185
:104960004DF2206001F0C4F884214DF2216001F085
:10497000BFF802214DF2226001F0BAF8A4214DF2F5
:10498000236001F0B5F802214DF2246001F0B0F887
:10499000B7214DF2256001F0ABF802214DF22660FF
:1049A00001F0A6F8CF214DF2276001F0A1F8022115
:1049B0004DF2286001F09CF8DE214DF2296001F0F3
:1049C00097F802214DF22A6001F092F8F2214DF29F
:1049D0002B6001F08DF802214DF22C6001F088F877
:1049E000FE214DF22D6001F083F803214DF22E607F
:1049F00001F07EF810214DF22F6001F079F80321CB
:104A00004DF2306001F074F833214DF2316001F065
:104A10006FF803214DF2326001F06AF86D214DF21A
:104A2000336001F065F855214FF4704001F060F8F3
:104A3000AA214FF2010001F05BF852214FF202006F
:104A400001F056F808214FF2030001F051F800215F
:104A50004FF2040001F04CF8CC214FF4314001F04A
:104A600047F800214BF2011001F042F805214FF404
:104A7000364001F03DF870214FF4374001F038F82E
:104A800070214BF2017001F033F801214FF43840EE
:104A900001F02EF803214BF6010001F029F8032163
:104AA0004BF6020001F024F803214BF6030001F05D
:104AB0001FF802214FF43C4001F01AF800214BF698
:104AC000014001F015F800214BF6024001F010F80A
:104AD000D0214FF4494001F00BF802214CF60110AF
:104AE00001F006F850214CF6021001F001F85021B7
:104AF0004CF6031000F0FCFF50214CF6041000F0BF
:104B0000F7FF00214FF4545000F0F2FF55214FF40D
:104B1000685000F0EDFF4FF4885000F0D3FF78208C
:104B2000FDF772FC4FF4245000F0CCFF10BD10B51F
:104B3000E22000F0C7FF1D2000F0B8FF022000F0C7
:104B4000B5FF042000F0B2FF6420FDF75DFCE0201B
:104B500000F0B8FF012000F0A9FF0A20FDF748FC93
:104B6000E02000F0AFFF032000F0A0FF0C20FDF7D5
:104B70003FFC012000F0A6FF0A20FDF739FCE620EB
:104B800000F0A0FF2F2000F091FFFF2000F08EFF2B
:104B9000FF2000F08BFFB02000F094FF202000F0F9
:104BA00085FF002000F082FF032000F07FFF40F22D
:104BB0001F3000F07BFF012000F078FF40F2DF1093
:104BC00000F074FF002000F071FFB42000F07AFFC5
:104BD000042000F06BFF40F21F4000F067FF002050
:104BE00000F064FF2E2000F061FF002000F05EFF67
:104BF000002000F05BFF002000F058FF002000F0D4
:104C000055FFB62000F05EFF022000F04FFF4FF48A
:104C1000037000F04BFF002000F048FF172000F069
:104C200045FF152000F042FF002000F03FFF00206C
:104C300000F03CFFF02000F045FF032000F036FFBD
:104C4000292000F03FFFD02000F03CFF002000F0C2
:104C50002DFFBE2000F036FF052000F027FFFE20CC
:104C600000F024FF012000F021FF002000F01EFFD3
:104C7000002000F01BFF002000F018FFB82000F01B
:104C800021FF032000F012FF012000F00FFFBA20E7
:104C900000F018FF012000F009FF10BD10B5112031
:104CA00000F010FF7820FDF7A3FB362000F00AFF8C
:104CB000002000F0FBFE3A2000F004FF052000F089
:104CC000F5FEB22000F0FEFE0C2000F0EFFE0C20FE
:104CD00000F0ECFE002000F0E9FE332000F0E6FEDC
:104CE000332000F0E3FEB72000F0ECFE352000F0AA
:104CF000DDFEBB2000F0E6FE322000F0D7FEC02033
:104D000000F0E0FE0C2000F0D1FEC22000F0DAFE40
:104D1000012000F0CBFEC32000F0D4FE102000F0F4
:104D2000C5FEC42000F0CEFE202000F0BFFEC6204D
:104D300000F0C8FE0F2000F0B9FED02000F0C2FE47
:104D4000A42000F0B3FEA12000F0B0FEE02000F0AF
:104D5000B9FED02000F0AAFE002000F0A7FE02203D
:104D600000F0A4FE072000F0A1FE0A2000F09EFE45
:104D7000282000F09BFE322000F098FE442000F036
:104D800095FE422000F092FE062000F08FFE0E20DD
:104D900000F08CFE122000F089FE142000F086FE48
:104DA000172000F083FEE12000F08CFED02000F000
:104DB0007DFE002000F07AFE022000F077FE072042
:104DC00000F074FE0A2000F071FE282000F06EFE54
:104DD000312000F06BFE542000F068FE472000F008
:104DE00065FE0E2000F062FE1C2000F05FFE172022
:104DF00000F05CFE1B2000F059FE1E2000F056FE65
:104E00002A2000F05FFE002000F050FE002000F09D
:104E10004DFE002000F04AFEEF2000F047FE2B2060
:104E200000F050FE002000F041FE002000F03EFEA9
:104E3000012000F03BFE3F2000F038FE292000F06A
:104E400041FE10BD10B5112000F03CFE7820FDF7AA
:104E5000CFFA362000F036FE482000F027FE3A2038
:104E600000F030FE552000F021FEF02000F02AFE78
:104E7000C32000F01BFEF02000F024FE962000F07E
:104E800015FEB42000F01EFE012000F00FFEB6203B
:104E900000F018FE0A2000F009FEA22000F006FE35
:104EA000B72000F00FFEC62000F000FEB92000F091
:104EB00009FE022000F0FAFDE02000F0F7FDC0201E
:104EC00000F000FE802000F0F1FD162000F0EEFD65
:104ED000C12000F0F7FD192000F0E8FDC22000F02D
:104EE000F1FDA72000F0E2FDC52000F0EBFD16204B
:104EF00000F0DCFDE82000F0E5FD402000F0D6FDEC
:104F00008A2000F0D3FD002000F0D0FD002000F04A
:104F1000CDFD292000F0CAFD192000F0C7FDA52015
:104F200000F0C4FD332000F0C1FDE02000F0CAFD18
:104F3000F02000F0BBFD072000F0B8FD0D2000F0D0
:104F4000B5FD042000F0B2FD052000F0AFFD1420F7
:104F500000F0ACFD362000F0A9FD542000F0A6FDC5
:104F60004C2000F0A3FD382000F0A0FD132000F03D
:104F70009DFD142000F09AFD2E2000F097FD3420B6
:104F800000F094FDE12000F09DFDF02000F08EFD8A
:104F9000102000F08BFD142000F088FD0E2000F0A2
:104FA00085FD0C2000F082FD082000F07FFD3520FB
:104FB00000F07CFD442000F079FD4C2000F076FDEF
:104FC000262000F073FD102000F070FD122000F08C
:104FD0006DFD2C2000F06AFD322000F067FDF0200E
:104FE00000F070FD3C2000F061FDF02000F06AFD53
:104FF000692000F05BFD7820FDF7FAF9212000F030
:1050000061FD292000F05EFD10BD000000B595B0E7
:1050100000BF00BF00200190F848006840F0400049
:10502000F64908600846006800F04000019000BFA3
:1050300000BF00BF00BF00BF00200190084600680D
:1050400040F0080008600846006800F00800019081
:1050500000BF00BF00BF00BF00BF00200190084696
:10506000006840F0080008600846006800F008008A
:10507000019000BF00BF00BF00BF00BF0020019033
:105080000846006840F0400008600846006800F0EC
:105090004000019000BF00BF00BF00BF00BF002064
:1050A00001900846006840F0020008600846006869
:1050B00000F00200019000BF00BF00BF88141090F4
:1050C0000220119001201290022013900C201490C5
:1050D00010A9CB48FBF700FD2020109010A9C9486B
:1050E000FBF7FAFC1020109010A9C648FBF7F4FC5F
:1050F0004FF48050109010A9C348FBF7EDFC4FF41B
:10510000004010900120119010A9C048FBF7E4FC6A
:105110004FF02040BE490860BE48486006208860C5
:105120000021BB48C1601021416100218161C16142
:1051300041624FF4805181620021C1624FF480418D
:1051400001630021416381630F20099000200A90D0
:105150003C200B9000200F9009200290002003902B
:10516000092004900020089002AA09A9A848FCF789
:1051700003FA3220FDF73CF9D32000F0A3FC00F045
:10518000D5F9A549888000F0D1F9A349888000F0BD
:10519000CDF9A1498880084680884FF6FF7101EA61
:1051A00000209D49888000F0C1F99B498988084307
:1051B000994988800846808849F2413188427CD0EC
:1051C000042000F07FFC00F0B1F99349888000F0E2
:1051D000ADF99149888000F0A9F98F498880084687
:1051E00080884FF6FF7101EA00208B49888000F02B
:1051F0009DF98949898808438749888008468088BD
:1052000048F25251884203D147F28970824988801E
:105210008148808847F289718842D0D0D42000F03C
:1052200051FC00F083F97C49888000F07FF97A49CD
:10523000888000F07BF978498880084680884FF69E
:10524000FF7101EA00207449888000F06FF972490B
:1052500089880843704988800846808845F2103163
:105260008842ACD0D32000F02DFC00F05FF96A49F1
:10527000888000F05BF96849888000F057F966493A
:105280008880084680884FF6FF7101EA0020624955
:10529000888000F04BF96049898808435E4988801E
:1052A0000846808847F29671884288D055214FF48D
:1052B000704000F01DFCAA2100E07EE04FF20100EA
:1052C00000F016FC52214FF2020000F011FC082100
:1052D0004FF2030000F00CFC01214FF2040000F03B
:1052E00007FC4FF4454000F0EDFB00F01FF94A4980
:1052F0008880084680884FF6FF7101EA0020464901
:1053000088804CF2015000F0DDFB00F00FF94249BB
:1053100089880843404988800520FDF769F83E48A0
:10532000808845F21051884247D0D32000F0CAFB54
:1053300000F0FCF83849888000F0F8F83649888099
:1053400000F0F4F834498880084680884FF6FF71F1
:1053500001EA00203049888000F0E8F82E49898869
:1053600008432D4988800846808849F6060188420E
:1053700023D0A12000F0A6FB00F0D8F826498880B1
:1053800000F0D4F824498880084680884FF6FF71E1
:1053900001EA00202049888000F0C8F81E49898869
:1053A00008431D4988800846808845F2617188421B
:1053B00003D141F66310184988801748818817A0E7
:1053C000FBF73AF81448808847F28971884202D185
:1053D000FFF764FC4EE01048808849F24131884272
:1053E00002D1FDF7F7F945E00B48808845F210310E
:1053F000884219D1FDF7A4FC3CE00000303802409F
:1054000000180240000C0240001402400004024058
:1054100004020020040100A0540200204C43442058
:1054200049443A25780D0A003A48808847F2967137
:10543000884202D1FFF706FD1CE03648808845F21D
:105440001051884202D1FEF7F4FB13E03148808806
:1054500049F60601884202D1FDF7D2FA0AE02D484A
:10546000808841F66311884204D1FFF760FB642015
:1054700000F0ECFA2748808847F2897188420BD007
:105480002448808849F24131884205D021488088EB
:1054900041F6631188420AD10320029004901E490C
:1054A0000B6B8A68486802A9FBF738FA21E01948B3
:1054B000808845F21031884211D01648808847F222
:1054C000967188420BD01348808845F2105188426B
:1054D00005D01048808849F60601884209D102208B
:1054E000029004900C490B6B8A68486802A9FBF78C
:1054F00015FA0020FDF7A8F800BF0122D1030748E4
:10550000FBF7ECFB00BF4FF6FF70FDF783F815B01B
:1055100000BD0000540200200402002000040240EC
:1055200000BF011EA0F10100FBD1704708B50220A9
:10553000FFF7F6FF024800880090BDF8000008BDA4
:105540008000006CF0B50546002400278B48807968
:10555000012805D18948808841F66311884208D125
:1055600086488079F0B98548808841F66311884281
:1055700018D1082D15D2DFE805F00406080A0C0E34
:10558000101206250DE007250BE0042509E005258E
:1055900007E0012505E0002503E0032501E00225E1
:1055A00000BF00BF082D1CD2DFE805F00406090C7F
:1055B0000F12151800BF14E044F0800411E044F00D
:1055C00040040EE044F0C0040BE044F0200408E086
:1055D00044F0600405E044F0A00402E044F0E0047C
:1055E00000BF00BF36276548808845F210518842C9
:1055F00000D13F026148808849F2413188420BD096
:105600005E48808847F28971884205D05B4880886F
:1056100047F29671884201D144F008042146384689
:1056200000F066FA5548808841F6631188421DD023
:1056300004F0200068B151480088504949888842E8
:1056400014DA4E48068840884C490880084646804F
:105650000CE04A48008849494988884206DD4748A5
:105660000688408845490880084646804348808827
:1056700045F21051884252D14049488900F022FA3F
:10568000002000F013FA3D494989491C88B200F016
:1056900019FA002000F00AFA38494989891C88B2B1
:1056A00000F010FA35490988491EC1F30F2000F0B7
:1056B000FDF932494989C91C88B200F003FA2F4923
:1056C0000978491EC8B200F0F1F92C49888900F028
:1056D000F9F9002000F0EAF928498989491C88B2C3
:1056E00000F0F0F9002000F0E1F924498989891CD3
:1056F00088B200F0E7F921494988491EC1F30F201B
:1057000000F0D4F91D498989C91C88B200F0DAF982
:105710001A498978491EC8B200F0C8F92DE0174926
:10572000488900F0CFF9002000F0C0F9002000F017
:10573000BDF912490988491EC1F30F2000F0B6F9DE
:105740000E490978491EC8B200F0B0F90B498889A2
:1057500000F0B8F9002000F0A9F9002000F0A6F947
:1057600006494988491EC1F30F2000F09FF90349FB
:105770008978491EC8B200F099F9F0BD54020020A2
:1057800010B502460C464548808841F663118842B0
:1057900047D142488079A8B940480088401E801A05
:1057A00082B23E49488900F08DF9002000F07EF970
:1057B000002000F07BF9101200F078F9D0B200F070
:1057C00075F916E03549488900F07CF9101200F0AF
:1057D0006DF9D0B200F06AF930490988491EC1F369
:1057E0000F2000F063F92D490978491EC8B200F076
:1057F0005DF92A49888900F065F9201200F056F910
:10580000E0B200F053F925494988491EC1F30F2041
:1058100000F04CF921498978491EC8B200F046F9D8
:105820003AE01E48808845F21051884220D11B4939
:10583000488900F047F9101200F038F917494989F2
:10584000491C88B200F03EF9D0B200F02FF913499C
:10585000888900F037F9201200F028F90F4989896A
:10586000491C88B200F02EF9E0B200F01FF913E0F5
:105870000A49488900F026F9101200F017F9D0B251
:1058800000F014F90549888900F01CF9201200F095
:105890000DF9E0B200F00AF910BD0000540200203A
:1058A0002DE9FC4F80460E4615461C46B3460020A7
:1058B000019000902046E31704EB5373DB10214660
:1058C0004FEAE47C04EB5C7C4FEAEC0CA4EBCC0CE0
:1058D000BCF1000F02D04FF0010C01E04FF0000CC2
:1058E0006344224604EBD27C4FEA6C0C03FB0CF3BE
:1058F000DBB20193A5F12000C5B20C2C06D0102C10
:105900000BD0182C0ED0202C18D112E005EB45003E
:105910002D4901EB8000009012E02C4800EB0510AF
:1059200000900DE005EBC500294901EB80000090D7
:1059300006E0284800EB8510009001E0BDE8FC8FF0
:1059400000BF00273AE0009810F807904FF0000AD7
:105950002EE009F0800028B1314640460C9AFCF751
:1059600029FF07E00B9828B91B48314602684046DA
:10597000FCF720FF4FEA49604FEA1069701C86B2BD
:1059800016484088B04200DCD8E7A6EB0B00A042E6
:105990000AD15E4608F101001FFA80F80F4800881E
:1059A000404500DCCAE706E00AF1010000F0FF0A0A
:1059B000BAF1080FCDDB00BF781CC7B2019887424F
:1059C000C1DB00BFBAE7000056870008CA8B000899
:1059D000BA910008169F00084400002054020020DD
:1059E0002DE9FC4F04460D4690469946DDE90C7AB8
:1059F0000B9E04F0FF0B08EB04001FFA80F809EB84
:105A000005001FFA80F917E0444502DB5C46A8193F
:105A100085B24D4500DB15E00020CDE9000A3A785B
:105A2000334629462046FFF73BFF304606EBD07150
:105A300004EB61018CB27F1C38787E2802DC387858
:105A40002028E1DA00BFBDE8FC8F000070B52DED25
:105A5000048B0446BE2000F035F8052000F026F83F
:105A6000204602F056FD41EC190B9FED0E0B53EC56
:105A7000102B02F061FD41EC180B02F01DFD85B208
:105A8000284600F013F8012000F010F8FF2000F085
:105A90000DF8002000F00AF8002000F007F8BDEC37
:105AA000048B70BD666666666666044001B5BDF827
:105AB00000000090BDF800000149088008BD00000A
:105AC0008000006C01B5BDF800000090BDF800003A
:105AD0000149088008BD00007E00006C0248008972
:105AE0000249088070470000540200207E00006CCC
:105AF000034A10804FF0D842A2F88010704700008F
:105B00007E00006C00B587B000BF00BF0020019090
:105B10002048006840F020001E49086008460068E0
:105B200000F02000019000BF00BF00BF00BF00BF19
:105B3000002001900846006840F0200008600846F8
:105B4000006800F02000019000BF00BF00BF4815B2
:105B500002900120039004900220059002A90E48B3
:105B6000FAF7BAFF4FF48060029002A90A48FAF7E8
:105B7000B3FF00BF012251020748FBF7AFF800BF97
:105B800000BF012291020448FBF7A8F800BF07B04C
:105B900000BD0000303802400014024010B5032060
:105BA000FBF748F9FBF7B8F80723022208214FF466
:105BB000A87001F0C7F9A820FCF7FEFB4FF4E13014
:105BC00001F05EFAFFF79EFFFFF720FAFCF7A4FC56
:105BD00000F0DAFE002000F00BF8022000F008F8D8
:105BE000012000F005F8FCF741FC002010BD00008A
:105BF00010B504460C4951F824104A000B4951F8DD
:105C00002400002100F036F8094951F82420074902
:105C10000C3951F82400002100F02CF80121034830
:105C20000C30015510BD0000D8B600085C00002003
:105C3000F0B6000810B501460023002207E00B482B
:105C400050F8210030F8120000B15B1C521C0848CB
:105C500050F821009042F2D84FF47A705843044C27
:105C600054F82140B0FBF4F080B210BD5C0000207D
:105C7000D8B6000830B5034601E003F8011B141E36
:105C8000A2F10102F9D130BD2DE9F04105460E46E1
:105C90002948076800202949096881F859002748E0
:105CA0000068001D01F008FA50B92448006890F817
:105CB0002C10012088402249096881432048016056
:105CC000681CD8B9D6B11F4948681C490968886062
:105CD0001A4982680968CA6018490968091D8268FA
:105CE000516016490968091D8160164A13490968FF
:105CF0004A6111460968491C11601AE07C190F4875
:105D000000684460BC4207D20C480168091D0E4877
:105D1000006801F0F5F90CE008480168091D0B481E
:105D2000006801F0EDF90A480068844201D2084891
:105D30000460BDE8F0810000800000206C000020BD
:105D400084000020F08401207400002070000020F6
:105D50009C00002010B5044601F0F8F931480068B5
:105D6000401C304908603048006840B92E48046043
:105D70000846006801280DD100F016FA0AE02B4809
:105D8000006838B928480068C06AE16A884201D8CA
:105D90002548046026480068401C254908600846DC
:105DA0000068606494F82C1001208840214909683B
:105DB000084320490860E16A01EB81011E4A02EBB9
:105DC00081014868A0608268E260211D826851609C
:105DD0008160E16A01EB8101174A02EB8102626195
:105DE000E16A01EB8101144A52F82110491CE26A70
:105DF00002EB8202104B43F8221001F0F3F90B483A
:105E0000006868B108480068C06AE16A884207D241
:105E10004FF0805009490860BFF34F8FBFF36F8F79
:105E200010BD00007C0000206C00002088000020D5
:105E300098000020840000202082012004ED00E072
:105E400010B501F083F910480068D0B90F4801F08F
:105E500047F90F4801F044F90C480E4908600C4816
:105E60000D49086000221021052001F0B9FD064906
:105E700008600846006820B108A10348006801F0E6
:105E800071FA01F0AFF910BDB400002004850120C3
:105E900018850120AC000020B0000020546D725124
:105EA0000000000010B516E001F050F90C48C06881
:105EB000C468201D01F000F90A480068401E094925
:105EC000086009480068401E0749086001F08AF927
:105ED000204600F05FF8044800680028E4D110BDB7
:105EE000DC8401207C0000207800002070B504468E
:105EF0000D46206C70B1216CE0680144E160D4E98A
:105F00000210884201D32168E1602846226CE168D2
:105F1000FAF764FB70BD2DE9F04104460F461546C3
:105F20004FF00008A66B206C48B9206800282CD1DF
:105F3000A06802F07BF880460020A06025E07DB9D3
:105F40003946226C6068FAF749FB216C60680844A6
:105F50006060D4E90101884217D32068606014E0D2
:105F60003946226CE068FAF739FB216CE068411A87
:105F7000E1602168E068884203D2216CA068411A80
:105F8000E160022D01D106B1761E701CA06340466F
:105F9000BDE8F08110B50446206B01F063F920469E
:105FA00001F060F910BD00000146084A126812684D
:105FB0000AB9012200E000220A600A6822B9034AF5
:105FC0001268D268106800E000207047AC00002022
:105FD00030B54FF42053174800F007042CB1C01D12
:105FE00020F00700134C041B1B1B0246124C2260BE
:105FF0000024114D6C60D018083820F007000F4CB9
:10600000206000240D4D2D686C600C4D2D682C60B7
:106010001146441A4C60094C24680C60084D4C68C9
:106020002C60084D4C682C604FF00044064D2C60ED
:1060300030BD00002C850120C0000020C8000020D9
:10604000D0000020CC000020DC00002000BFFFF7C3
:1060500029FF064800680128F9D94FF0805004490B
:106060000860BFF34F8FBFF36F8FF0E720820120EE
:1060700004ED00E02DE9F04106460D46174698462E
:10608000069C0DB9246000E02760E66325640121C9
:10609000204601F0EDFC84F850800020A064BDE8AB
:1060A000F08100002DE9F05F82460F4690469B4646
:1060B0000A9E0C9C4FEA8801A522206BFAF7D3FABE
:1060C000A8F10100216B01EB800929F0070909F013
:1060D000070008B9012000E0002028B94FF45872E9
:1060E00024A12DA0FAF7A8F987B1002507E0795D72
:1060F00004F134004155785D00B902E06D1C102DAB
:10610000F5D300BF00214320015502E0002084F8B0
:106110003400202E01D2012000E0002028B940F2F6
:10612000973214A11CA0FAF787F9202E00D31F265E
:10613000E662E66400202065201D00F0DEFF04F129
:10614000180000F0DAFF2461C6F12000A06164624B
:106150000020606584F8580084F859005A4651467A
:10616000484600F0FBFB20600B9808B10B980460D8
:10617000BDE8F09F2E2E5C2E2E5C4D6964646C652C
:1061800077617265735C4672656552544F535C74F7
:1061900061736B732E6300004572726F723A202533
:1061A000732C2025640D0A0010B5002407E004EBD1
:1061B00084010F4A02EB810000F092FF641C202C46
:1061C000F5D30C4800F08CFF0B4800F089FF0B481A
:1061D00000F086FF0A4800F083FF0A4800F080FFC5
:1061E00004480949086004480849086010BD0000D7
:1061F00020820120A0840120B4840120C8840120D1
:10620000DC840120F0840120700000207400002054
:1062100010B50146164800E0006803688B42FBD3C6
:106220000246436813448B4204D143684C682344BC
:10623000436001460A464B6813440468A34211D1E7
:106240000C4C03682468A34208D04B680468646857
:1062500023444B6003681B680B6005E0054B1B681B
:106260000B6001E003680B60884200D0016010BD44
:10627000C0000020C80000202DE9F04104460D4672
:1062800016461F464FF0000865602461B5420CD8E1
:10629000F01BA169884202D34FF0010811E0211DD3
:1062A0000948006800F02CFF0BE0BE4204D2BD425A
:1062B00002D34FF0010804E0211D0448006800F0FB
:1062C0001FFF4046BDE8F081B0000020AC00002078
:1062D00070B5054600F03AFFA86B08B9012400E04C
:1062E000002400F07FFF204670BD0000F1B500984B
:1062F000846C00262CB940F6D53220A128A0FAF7EC
:106300009BF8A06BE16B884201D2012000E00020E5
:1063100028B940F6D63219A121A0FAF78DF8A06B62
:10632000E16B884227D294F9455000226946204605
:10633000FFF7F1FD0646681C60B9606A08B90120E4
:1063400000E00020B0B904F1240001F0F7FE88B1AC
:1063500001260FE07F2D01D0012000E0002028B9A8
:1063600040F6F63205A10EA0FAF766F8681C40B2B6
:1063700084F8450000BF3046F8BD00002E2E5C2E8C
:106380002E5C4D6964646C6577617265735C4672FE
:10639000656552544F535C71756575652E630000D9
:1063A0004572726F723A2025732C2025640D0A0005
:1063B00070B505460E460E480068C068C468201DCA
:1063C00000F07AFE94F8280000F0040028B132466C
:1063D0002946204600F0FEF805E094F8280000F079
:1063E000FE0084F828002046216A884770BD00001E
:1063F000AC00002070B586B08AE0029800280CDA64
:1064000003AE2EB940F2063247A150A0FAF714F8B5
:10641000D6E90020B168904700BF0298002877DBDA
:10642000049C606908B9012000E0002010B9201D1B
:1064300000F042FE01A800F0F9F8054602980A288B
:1064400064D2DFE800F06305072E365306082F37C5
:1064500000BF00BF00BF94F8280040F0010084F89E
:1064600028000398A269811803462A462046FFF7B0
:1064700003FFA8B194F8280000F0040038B1039895
:10648000A26981182A46204600F0A4F805E094F895
:10649000280000F0FE0084F828002046216A884782
:1064A00035E000BF94F8280000F0FE0084F82800D2
:1064B0002DE000BF94F8280040F0010084F8280087
:1064C0000398A061A06908B1012000E0002028B96C
:1064D00040F2593214A11DA0F9F7AEFFA06941198D
:1064E0002B462A462046FFF7C7FE10E094F8280006
:1064F00000F0020018B9204600F0B4FE05E094F860
:10650000280000F0FE0084F8280000E000BF00BF73
:10651000002202A91148006801F028FB00287FF43E
:106520006CAF06B070BD00002E2E5C2E2E5C4D6947
:1065300064646C6577617265735C4672656552541C
:106540004F535C74696D6572732E63004572726F90
:10655000723A2025732C2025640D0A00B400002017
:10656000F8B505460C4601F0E7F8684600F05EF81D
:106570000646009820BB44B9B54206D801F084FE17
:1065800031462846FFF714FF1CE03CB10E48006876
:10659000006808B9012000E000200446A91B22463B
:1065A0000A48006800F024FF01F06EFE50B94FF079
:1065B000805007490860BFF34F8FBFF36F8F01E032
:1065C00001F062FEF8BD0000B0000020B400002021
:1065D00004ED00E070B504460D46164604E0A069DF
:1065E00005442046216A8847A06941192B46324656
:1065F0002046FFF741FE0028F1D170BD0948006830
:10660000006808B9012000E0002020B14FF0FF3001
:106610000549086005E003480068C0680068024951
:1066200008607047700000209C00002070B5044690
:1066300001F002FC054607480068854204D200F0DC
:106640000BF80120206001E0002020600148056077
:10665000284670BDBC00002070B508E00D480068F9
:10666000C06804684FF0FF312046FFF7A1FE0948DB
:106670000068006808B9012000E000200028EDD083
:10668000044805680448006802490860024805603B
:1066900070BD0000AC000020B00000200B48006876
:1066A000401C08B9012000E0002020B9E92208A11F
:1066B00016A0F9F7C1FE00BF502080F31188BFF388
:1066C0004F8FBFF36F8F00BF00BFFEE7E0000020D9
:1066D0002E2E5C2E2E5C4D6964646C65776172654C
:1066E000735C4672656552544F535C706F7274618F
:1066F000626C655C525644535C41524D5F434D346D
:10670000465C706F72742E63000000004572726FF9
:10671000723A2025732C2025640D0A0008B500BFAD
:106720006846FFF741FC044620460099FFF718FF32
:10673000FFF760FEF4E770B5044600F007FD94F93A
:10674000455019E0A06C30B12046FFF7CFFD88B16D
:1067500000F012FF0EE0606A08B9012000E000209E
:1067600038B904F1240001F0E9FC18B100F004FF8D
:1067700000E003E0681E45B2002DE3DC00BFFF200F
:1067800084F8450000F02EFD00F0E0FC94F9445040
:1067900010E0206908B9012000E0002048B904F1A8
:1067A000100001F0CBFC08B100F0E6FE681E45B217
:1067B00000E001E0002DECDC00BFFF2084F8440085
:1067C00000F010FD70BD00002DE9F04104464FF0CF
:1067D000000800F0B1FF4948006808B9FFF7F8FB6E
:1067E000474800682040002875D1002C23D004F1D0
:1067F0000800A0421FD9083404F0070000281BD06D
:1068000004F00700C0F108002044A04211D904F0B0
:106810000700C0F10800044404F0070008B9012093
:1068200000E0002040B99C2236A144A0F9F704FE04
:1068300002E0002400E00024002C4CD04348006813
:10684000844248D8424E3046056801E02E462D6805
:106850006868A04202D228680028F7D1274800685B
:10686000854238D0306800F10808286830606868D0
:10687000001B102813D92F1907F0070008B90120B1
:1068800000E0002020B9CF221EA12CA0F9F7D4FDF2
:106890006868001B78606C603846FFF7B9FC2B49CC
:1068A00068680968081A2949086008460068294983
:1068B0000968884203D225480068264908601049C3
:1068C00068680968084368600020286022480068FA
:1068D000401C2149086001F0D7FC08F0070008B906
:1068E000012000E0002028B94FF4887205A113A010
:1068F000F9F7A2FD4046BDE8F0810000C800002085
:10690000DC0000202E2E5C2E2E5C4D6964646C65CC
:1069100077617265735C4672656552544F535C7063
:106920006F727461626C655C4D656D4D616E675C24
:10693000686561705F342E63000000004572726FFD
:10694000723A2025732C2025640D0A00CC0000200B
:10695000C0000020D0000020D4000020001F4FF015
:1069600080730360001F21F001030360001F054BCB
:10697000036014380260001F6FF0020303602038C8
:10698000704700009D66000800B58DB0FBF776FCEF
:1069900000BF00BF002000907148006840F0400038
:1069A0006F4908600846006800F04000009000BF92
:1069B00000BF00BF00BF00BF002000900846006875
:1069C00040F0080008600846006800F008000090E9
:1069D00000BF00BF00BF00BF00BF002000900846FE
:1069E000006840F0080008600846006800F00800F1
:1069F000009000BF00BF00BF00BF002000905848BB
:106A00000830006840F00100554908310860084628
:106A1000006800F00100009000BF00BF00BF002030
:106A200000904F48006840F008004D490860084653
:106A3000006800F00800009000BF00BF00BF002009
:106A400000900846006840F01000086008460068A2
:106A500000F01000009000BF00BF00BF00200090B9
:106A60000846006840F0200008600846006800F012
:106A70002000009000BF00BF00BF0020009008462B
:106A8000006840F0400008600846006800F04000E0
:106A9000009000BF00BF0815089002200990012057
:106AA0000A9002200B900C200C9008A92D48FAF7B0
:106AB00013F82020089008A92B48FAF70DF81020A9
:106AC000089008A92848FAF707F84FF603700890CD
:106AD0000220099001200A9002200B9008A9224868
:106AE000F9F7FAFF4FF68370089008A91F48F9F7E5
:106AF000F3FF4FF23F00089008A91D48F9F7ECFF9B
:106B00003F20089008A91748F9F7E6FF4FF020400A
:106B1000184908601848486004208860002115481A
:106B2000C16001611021416100218161C161416247
:106B30004FF4805181620021C1620163416381632E
:106B400000200190029006200390002004900790FE
:106B500001AA01A90748FAF70FFD0DB000BD00001A
:106B60003038024000180240000C02400010024081
:106B70000014024064020020040100A01CB520485B
:106B8000006840F078001E490860012003210023BE
:106B90000246CDE900104EF233011A48FBF7D2F855
:106BA0000120032100230246CDE900104EF22F01FF
:106BB0001548FBF7C7F80120032100230246CDE961
:106BC000001040F233411148FBF7BCF801200321CB
:106BD00000230246CDE900104FF4F0610C48FBF7AA
:106BE000B1F801200B4908600B49C1F8A802094916
:106BF000091F086000200849C1F880021CBD000080
:106C000030380240000C02400014024000180240DC
:106C10000010024094824142000043422DE9FC41B1
:106C20000446002500260027FFF7A8FF00206B4937
:106C3000086001F039FC00BF10E0002067490860DF
:106C4000674931F81500FBF74FFB01F02DFC0120DF
:106C50006449C1F8940201F027FC6D1C052DECDBA2
:106C600001206149086000205E49C1F89402200AB1
:106C7000FBF776FB01F018FC01205849086001F091
:106C800013FC00205749C1F89402E0B2FBF768FBFF
:106C900001F00AFC01205149086001F005FC0020C8
:106CA0005049C1F894025148006840F078004F49BB
:106CB00008600120032103460022CDE900104FF4B3
:106CC000F0614B48FBF73EF8012003210346002208
:106CD000CDE900104CF203014648FBF733F80020E1
:106CE0003E49091F0860091D086001F0DDFB012015
:106CF0003C49C1F8940201F0D7FB38485C38006881
:106D00003849D1F83C1240EA41003649D1F8001226
:106D100040EA81003349D1F8041240EAC100364903
:106D2000D1F81C1240EA01103349D1F8201240EA90
:106D300041103149D1F8241240EA81102E49D1F88E
:106D4000281240EAC110C6B201F0AEFB0020234970
:106D5000086001F0A9FB01202249C1F8940201F06A
:106D6000A3FB1E485C3800681E49D1F83C1240EA7B
:106D700041001C49D1F8001240EA81001949D1F8BC
:106D8000041240EAC1001C49D1F81C1240EA01106B
:106D90001949D1F8201240EA41101749D1F82412BC
:106DA00040EA81101449D1F8281240EAC110C7B254
:106DB00001F07AFB00200C492831086001200749C6
:106DC0000860091F086001F06FFB012006492831A7
:106DD000086047EA0620BDE8FC8100009482414239
:106DE000EC000020008041428002434230380240E3
:106DF00000100240000C02400000424270B5044600
:106E00000D460026FFF7BAFE01F04EFB00BF10E072
:106E100000202F4908602F4931F81600FBF764FA6B
:106E200001F042FB01202C49C1F8940201F03CFB27
:106E3000761C052EECDB012028490860002026493D
:106E4000C1F89402802141EA1420FBF789FA01F08D
:106E50002BFB01201E49086001F026FB00201E4983
:106E6000C1F89402E0B2FBF77BFA01F01DFB0120B0
:106E70001749086001F018FB00201749C1F8940277
:106E8000280AFBF76DFA01F00FFB0120104908609A
:106E900001F00AFB00201049C1F89402E8B2FBF7A8
:106EA0005FFA01F001FB01200949086001F0FCFADA
:106EB00000200A4928310860012005490860091F9F
:106EC000086001F0F1FA012004492831086070BD22
:106ED00094824142EC000020008041428002434203
:106EE0001CB5044600F032F90D480221002380222F
:106EF000CDE900100BA10D4800F05EFF0C48022107
:106F000000238022CDE900100AA10C4800F054FFB4
:106F10000B48006800F092FA00F064F91CBD000014
:106F2000080000207461736B3100000011700008CC
:106F30000C0000207461736B32000000497000087F
:106F4000040000202DE9F04192B080460C46154621
:106F50001E46002700BF002000902A48006840F02D
:106F60008050284908600846006800F08050009072
:106F700000BF00BF00BF002000902348006840F41D
:106F80008040214908600846006800F48040009075
:106F900000BF00BF01200190000402900220079072
:106FA00041050891CDF8288009940B950C9601A80D
:106FB000FAF794F807461FB1012012B0BDE8F0813E
:106FC0000F200D9002200E9000200F904FF4A05043
:106FD00010904FF48050119004210DA8F9F73EFF56
:106FE00007460FB10120E8E7F9F77EFE41F2010103
:106FF000884205D10548006840F480700349086064
:107000000020DAE74038024000700040003C0240B7
:1070100000240CE000F09AF8601C0446014604A02D
:10702000F9F70AFA00F0DEF80A20FBF7E1F9F1E7D8
:107030007461736B31B5C4D4CBD0D0B4CECAFDA3C8
:10704000BA25640D0A00000000240CE000F07EF870
:10705000601C0446014604A0F9F7EEF900F0C2F8FE
:107060000A20FBF7C5F9F1E77461736B32B5C4D43C
:10707000CBD0D0B4CECAFDA3BA25640D0A0000005F
:1070800010B5044609480A490860084644600021D2
:107090008160C160016181610C214161FAF73CFDB1
:1070A000012204490248FAF7D7FD10BD0010014043
:1070B000C00100203200002001460A69D1E90130F8
:1070C0009860D1E9010358605068884201D188680E
:1070D0005060002008611068401E10601068704702
:1070E00000F1080141604FF0FF31816000F10801BB
:1070F000C16001610021016070470021016170479A
:1071000010B502460B685C1C0CB9106907E002F16F
:10711000080000E04068446824689C42FAD944684A
:107120004C604C68A160886041600A611468641C0E
:10713000146010BD42684A6093688B609368596020
:107140009160086103685B1C0360704710B500BF65
:10715000502080F31188BFF34F8FBFF36F8F00BFB4
:107160000B480068401C0A4908600846006801286E
:107170000DD108480068C0B208B9012000E0002025
:1071800028B94FF4DB7204A112A0F9F755F910BD2C
:10719000E000002004ED00E02E2E5C2E2E5C4D69F8
:1071A00064646C6577617265735C467265655254A0
:1071B0004F535C706F727461626C655C52564453DD
:1071C0005C41524D5F434D34465C706F72742E6368
:1071D000000000004572726F723A2025732C202542
:1071E000640D0A0010B50B48006828B940F2BD12C2
:1071F00009A118A0F9F720F906480068401E0549C2
:1072000008600846006820B9002080F3118800BF9C
:1072100000BF10BDE00000202E2E5C2E2E5C4D69BC
:1072200064646C6577617265735C4672656552541F
:107230004F535C706F727461626C655C525644535C
:107240005C41524D5F434D34465C706F72742E63E7
:10725000000000004572726F723A2025732C2025C1
:10726000640D0A0070B506463546002E3AD0083D3A
:107270002C461D4960680968084008B1012000E0FB
:10728000002028B94FF4927218A126A0F9F7D4F87B
:10729000206808B9012000E0002028B940F225123A
:1072A00012A120A0F9F7C8F80F49606809680840E2
:1072B000C0B12068B0B90C49606809688843606053
:1072C00000F03AFA1B4960680968084419490860E7
:1072D0002046FEF79DFF18480068401C16490860CC
:1072E00000F0D2FF70BD0000DC0000202E2E5C2ECE
:1072F0002E5C4D6964646C6577617265735C46727F
:10730000656552544F535C706F727461626C655C5A
:107310004D656D4D616E675C686561705F342E63AD
:10732000000000004572726F723A2025732C2025F0
:10733000640D0A00CC000020D800002000204FF08F
:10734000E02108618861064800681421B0FBF1F073
:10735000401E4FF0E021486107200861704700009F
:10736000000000202DE9F04106460F462EB940F6F8
:10737000C82211A119A0F9F75FF80025BFB10024B8
:1073800012E01A4800EBC4004068B04203D117482D
:1073900000EBC4050AE035B9144850F8340010B9C0
:1073A000124800EBC405641C082CEAD300BF0DB1E1
:1073B0002F606E60BDE8F0812E2E5C2E2E5C4D6934
:1073C00064646C6577617265735C4672656552547E
:1073D0004F535C71756575652E6300004572726F61
:1073E000723A2025732C2025640D0A00E0810120CB
:1073F0002DE9F04105460E4617462C46FFF7A6FE3E
:1074000094F94400401C10B9002084F8440094F919
:107410004500401C10B9002084F84500FFF7E2FE4B
:10742000A06B28B93A46314604F1240000F0DCF89C
:107430002046FFF780F9BDE8F081000070B50546F1
:10744000FFF784FE15B92F48006800E0284604467F
:10745000201DFFF731FE78B9E06A00EB80002A4971
:1074600051F8200040B994F82C1001208840274999
:107470000968814325480160A06A18B104F1180029
:10748000FFF71AFE22480068401C214908601D4889
:107490000068844209D1211D1E48FFF74BFE1E489B
:1074A0000068401C1C49086006E01C480068401E3B
:1074B0001A490860FFF7A2F8FFF794FE1148006828
:1074C000844202D02046FEF765FD15480068C0B131
:1074D0000C480068844214D11248006808B90120A1
:1074E00000E0002028B940F2DC420FA117A0F8F715
:1074F000A3FF4FF0805019490860BFF34F8FBFF3CF
:107500006F8F70BD6C00002020820120840000205D
:1075100098000020DC840120780000207C000020FE
:1075200088000020A80000202E2E5C2E2E5C4D69C5
:1075300064646C6577617265735C4672656552540C
:107540004F535C7461736B732E6300004572726FEE
:10755000723A2025732C2025640D0A0004ED00E00A
:1075600003490968016003490968416070470000E8
:10757000940000208000002001200149086070472D
:107580009000002070B504460D462CB940F61C4210
:1075900007A110A0F8F750FF1248016818312046E3
:1075A000FFF7AEFD01212846FEF76EFB70BD00001F
:1075B0002E2E5C2E2E5C4D6964646C65776172655D
:1075C000735C4672656552544F535C7461736B73A0
:1075D0002E6300004572726F723A2025732C2025AD
:1075E000640D0A006C00002070B504460E46154676
:1075F0002CB940F6524211A119A0F8F71DFF60689E
:107600001B490968C8611A49826809680A621849F1
:10761000096818318268516015490968183181601C
:10762000134909688C622168491C21600DB14FF033
:10763000FF3629463046FEF727FB70BD2E2E5C2E06
:107640002E5C4D6964646C6577617265735C46722B
:10765000656552544F535C7461736B732E63000005
:107660004572726F723A2025732C2025640D0A0032
:107670006C0000201CB51B4800210B468022CDE980
:10768000001019A11A4800F097FB0446012C02D102
:1076900000F0CAFE0446012C15D100BF502080F333
:1076A0001188BFF34F8FBFF36F8F00BF4FF0FF30D4
:1076B0001049086001201049086000200F49086047
:1076C00000F09EF80BE0601C08B1012000E00020F3
:1076D00028B94FF404620AA112A0F8F7ADFE1548CC
:1076E00000681CBDA000002049444C45000000007B
:1076F0004D6000089C0000208800002080000020D1
:107700002E2E5C2E2E5C4D6964646C65776172650B
:10771000735C4672656552544F535C7461736B734E
:107720002E6300004572726F723A2025732C20255B
:10773000640D0A00A400002002480068401C0149B2
:1077400008607047A800002010B51B48006818B1F9
:1077500001201A4908602DE00020184908601848E7
:107760000068B0FA80F0C0F11F0404EB84001549F2
:1077700051F8200008B1012000E0002028B940F6AF
:10778000024211A119A0F8F757FE04EB84010D4A3B
:1077900002EB810041684968416000F108014268DC
:1077A0008A4202D14168496841604168C968134A08
:1077B000116000BF10BD0000A80000209000002054
:1077C00084000020208201202E2E5C2E2E5C4D692C
:1077D00064646C6577617265735C4672656552546A
:1077E0004F535C7461736B732E6300004572726F4C
:1077F000723A2025732C2025640D0A006C000020AD
:107800001CB5504800685049884201D0012000E072
:10781000002028B940F243124CA15BA0F8F70CFEFF
:10782000484800684849491E884201D0012000E0CC
:10783000002028B94FF4A27244A153A0F8F7FCFD30
:10784000554C204600780190FF20214608700846DC
:10785000007800909DF8000000F0F0009DF8001006
:10786000884201D1012000E0002028B940F25D12D9
:1078700036A145A0F8F7E0FD9DF8000000F05000AB
:107880004649087007204649086009E044480068F6
:10789000401E434908609DF800004006000E00901D
:1078A0009DF8000000F080008028EFD03C48006880
:1078B000C0F10700042801D1012000E0002028B910
:1078C00040F2711221A130A0F8F7B6FD34480068EB
:1078D000C0F10700042801D1012000E0002028B9F0
:1078E0004FF4BD7219A128A0F8F7A6FD2C48006836
:1078F00000022B4908600846008800F4E060086038
:107900002549019808700F482030006840F4700045
:107910000C49203108600846006840F0704008605B
:10792000FFF70CFD00201F490860F8F7ABFC1E486C
:10793000006840F040401C490860F8F78FFC0020C8
:107940001CBD000000ED00E071C20F412E2E5C2E28
:107950002E5C4D6964646C6577617265735C467218
:10796000656552544F535C706F727461626C655CF4
:10797000525644535C41524D5F434D34465C706FE8
:1079800072742E63000000004572726F723A2025F7
:10799000732C2025640D0A0000E400E0E4000020C0
:1079A000E8000020E000002034EF00E010B500BF48
:1079B000502080F31188BFF34F8FBFF36F8F00BF4C
:1079C00000F040FA18B14FF080500449086000BF41
:1079D000002080F3118800BF10BD000004ED00E01E
:1079E0002DE9F84305460E4617460024E5B1601E12
:1079F000B0FBF5F0B04217D305FB06F010F1550FC0
:107A000012D805FB06F909F15400FEF7DDFE044625
:107A10008CB1A04608F154083B4642463146284600
:107A20000094FEF727FB06E02CB94FF4E37203A1A4
:107A30000BA0F8F701FD2046BDE8F8832E2E5C2E42
:107A40002E5C4D6964646C6577617265735C467227
:107A5000656552544F535C71756575652E63000002
:107A60004572726F723A2025732C2025640D0A002E
:107A70002DE9F04105460E4601272C462CB94FF45E
:107A800088722CA134A0F8F7D7FC002C42D0E06B10
:107A900000283FD04FF0FF31E06BB1FBF0F0216CDC
:107AA000884237D3FFF752FBD4E90F12206801FB5D
:107AB0000200A0600020A06320686060E06B401EB0
:107AC000226C216800FB0211E160FF2084F8440071
:107AD00084F845009EB9206908B9012000E0002023
:107AE000A8B904F1100000F029FB80B14FF08050DC
:107AF0001D490860BFF34F8FBFF36F8F07E004F19C
:107B00001000FFF7EDFA04F12400FFF7E9FAFFF7A0
:107B100069FB00E000270FB1012000E0002028B938
:107B200040F2451203A10CA0F8F786FC3846BDE8E8
:107B3000F08100002E2E5C2E2E5C4D6964646C6515
:107B400077617265735C4672656552544F535C7120
:107B5000756575652E6300004572726F723A202557
:107B6000732C2025640D0A0004ED00E02DE9F74197
:107B700083B005460E464FF000082C462CB940F263
:107B800051524CA154A0F8F757FC0EB9206C08B91B
:107B9000012000E0002028B940F2555245A14EA036
:107BA000F8F74AFC00F038F908B9059808B901203F
:107BB00000E0002028B940F25A523EA146A0F8F752
:107BC0003BFC00BFFFF7C2FAA76BF7B13146204676
:107BD000FEF78CF9781EA063206908B9012000E047
:107BE000002060B904F1100000F0A8FA38B14FF09D
:107BF00080503D490860BFF34F8FBFF36F8FFFF791
:107C0000F1FA012006B0BDE8F081059818B9FFF738
:107C1000E9FA0020F6E7B8F1000F04D101A8FFF758
:107C20009FFC4FF00108FFF7DDFAFFF785FDFFF736
:107C30008DFA94F94400401C10B9002084F84400E7
:107C400094F94500401C10B9002084F84500FFF766
:107C5000C9FA05A901A800F049F8F0B92046FEF7D5
:107C600037FBA0B104F124000599FFF78BFC2046F7
:107C7000FEF761FD00F008FB0028A3D14FF0805013
:107C800019490860BFF34F8FBFF36F8F9AE7204603
:107C9000FEF751FD00F0F8FA94E72046FEF74BFDA1
:107CA00000F0F2FA2046FEF713FB00288AD00020ED
:107CB000A8E700002E2E5C2E2E5C4D6964646C6576
:107CC00077617265735C4672656552544F535C719F
:107CD000756575652E6300004572726F723A2025D6
:107CE000732C2025640D0A0004ED00E070B50646F3
:107CF0000C462EB940F6FD421FA128A0F8F79CFBC8
:107D00002CB940F6FE421CA124A0F8F795FBFFF722
:107D10001DFA264802687068131A2548006890F812
:107D2000590030B100202249096881F85900012525
:107D30001EE02068401C08B9002519E01D49306884
:107D40000968884206D07068904203D80125002057
:107D500020600DE02068984207D92068C01A206092
:107D60003046FFF7FDFB002502E0002020600125E2
:107D7000FFF738FA284670BD2E2E5C2E2E5C4D691A
:107D800064646C6577617265735C467265655254B4
:107D90004F535C7461736B732E6300004572726F96
:107DA000723A2025732C2025640D0A0080000020E3
:107DB0006C000020940000202DE9FF4F85B0804624
:107DC00089461746DDE912ABB800FEF7FDFC064612
:107DD00056B15C20FEF7F8FC04460CB1266304E0C3
:107DE0003046FFF73FFA00E000247CB10020CDE9E7
:107DF00000ABCDE902403A4649464046089BFEF7B3
:107E000051F92046FDF7A6FF012501E04FF0FF35AF
:107E1000284609B0BDE8F08F0549096809B9012075
:107E200005E00449096809B9022000E00020704714
:107E300088000020A8000020014908687047000061
:107E4000800000202DE9F0414FF000085F480068F5
:107E500000287DD15E480068451C5D480560002D06
:107E60001DD15C480068006808B9012000E00020CE
:107E700028B940F6C72258A160A0F8F7DDFA5548A6
:107E800007686248006853490860604807606048B6
:107E90000068401C5E490860FEF7B0FB00BF5D480B
:107EA0000068854277D300BF4A480068006808B977
:107EB000012000E0002020B14FF0FF30554908605C
:107EC00068E044480068C068C4686668B54202D289
:107ED000504806605EE06069D4E902128A60D4E925
:107EE00002214A60211D42688A4201D1E168416055
:107EF000002262610168491E0160A06A98B1A06A0F
:107F0000D4E907128A60D4E907214A6004F1180114
:107F100042688A4201D1216A41600022A26201685E
:107F2000491E016000BF94F82C10012088403A4996
:107F30000968084338490860E16A01EB8101374A62
:107F400002EB81014868A0608268E260211D00E0C8
:107F500033E0826851608160E16A01EB81012F4A60
:107F600002EB81026261E16A01EB81012B4A52F866
:107F70002110491CE26A02EB8202284B43F82210CE
:107F80002749E06A0968C96A88428DD34FF0010821
:107F90008AE700E000BF22480068C06A00EB80006A
:107FA0001E4951F82000012801D94FF001081D4851
:107FB000006808B14FF0010804E01B480068401C4D
:107FC000194908604046BDE8F0810000A800002083
:107FD00080000020700000202E2E5C2E2E5C4D694B
:107FE00064646C6577617265735C46726565525452
:107FF0004F535C7461736B732E6300004572726F34
:10800000723A2025732C2025640D0A00740000208C
:10801000940000209C000020840000202082012089
:108020006C000020900000208C00002070B50546F8
:108030002C460026002D5ED030480068844201D1D5
:10804000012000E0002028B941F24F022CA135A008
:10805000F8F7F2F9206D28B941F2500228A131A0B9
:10806000F8F7EAF9206D401E2065E16CE06A88426D
:1080700041D0206D00283ED1201DFFF71DF840B9EA
:1080800094F82C10012088402A4909688143294826
:108090000160E06CE062E06AC0F12000A06194F849
:1080A0002C100120884023490968084321490860B1
:1080B000E16A01EB8101204A02EB81014868A0607E
:1080C0008268E260211D826851608160E16A01EB93
:1080D0008101194A02EB81026261E16A01EB8101CF
:1080E000154A52F82110491CE26A02EB8202124B37
:1080F00043F822100126304670BD00006C000020BD
:108100002E2E5C2E2E5C4D6964646C657761726501
:10811000735C4672656552544F535C7461736B7344
:108120002E6300004572726F723A2025732C202551
:10813000640D0A00840000202082012070B50646EC
:10814000F068C4682CB940F682423CA144A0F8F71C
:1081500073F9A06AD4E907128A60D4E907214A605A
:1081600004F1180142688A4201D1216A416000226B
:10817000A2620168491E01603D48006800283DD1A7
:108180006069D4E902128A60D4E902214A60211DA3
:1081900042688A4201D1E16841600022626101685F
:1081A000491E016094F82C1001208840314909686B
:1081B000084330490860E16A01EB81012E4A02EB75
:1081C00081014868A0608268E260211D8268516078
:1081D0008160E16A01EB8101274A02EB8102626161
:1081E000E16A01EB8101244A52F82110491CE26A3C
:1081F00002EB8202204B43F8221010E01F4948682E
:10820000E0618268226204F1180182685160816035
:108210001A4AA26211460968491C116000BF184938
:10822000E06A0968C96A884204D901250120154914
:10823000086000E00025284670BD00002E2E5C2E50
:108240002E5C4D6964646C6577617265735C46721F
:10825000656552544F535C7461736B732E630000F9
:108260004572726F723A2025732C2025640D0A0026
:10827000A80000208400002020820120C884012062
:108280006C0000209000002070B5002400265048AB
:10829000006828B940F6B3024EA157A0F8F7CCF811
:1082A000FEF754FF4A480068401E494908600846E6
:1082B000006800287ED15448006800287AD05BE02E
:1082C0005248C068C468A06AD4E907128A60D4E939
:1082D00007214A6004F1180142688A4201D1216AEB
:1082E00041600022A2620168491E01606069D4E910
:1082F00002128A60D4E902214A60211D42688A4242
:1083000001D1E1684160002262610168491E01609B
:1083100094F82C10012088403D49096808433C49E5
:108320000860E16A01EB81013A4A02EB8101486889
:10833000A0608268E260211D826851608160E16A0C
:1083400001EB8101334A02EB81026261E16A01EBD8
:108350008101304A52F82110491CE26A02EB820284
:108360002C4B43F822102C49E06A0968C96A8842FC
:1083700002D30120294908602448006808B9012077
:1083800000E0002000289BD00CB1FEF737F924480C
:10839000056865B100BFFFF755FD10B101201F4909
:1083A00008606D1E002DF6D100201D4908601B4895
:1083B000006800E008E038B101263007194908607C
:1083C000BFF34F8FBFF36F8FFEF70CFF304670BDCA
:1083D000A80000202E2E5C2E2E5C4D6964646C6516
:1083E00077617265735C4672656552544F535C7475
:1083F00061736B732E6300004572726F723A2025B1
:10840000732C2025640D0A007C000020C884012004
:1084100084000020208201206C00002090000020B9
:108420008C00002004ED00E01CB50024FDF708FDE1
:108430000B48006858B10B481F2100234FF480728D
:10844000CDE9001008A10A48FFF7B6FC04462CB994
:1084500040F2191207A110A0F7F7EEFF20461CBD4D
:10846000B4000020B8000020546D722053766300E1
:108470001D6700082E2E5C2E2E5C4D6964646C65B1
:1084800077617265735C4672656552544F535C74D4
:10849000696D6572732E63004572726F723A2025A2
:1084A000732C2025640D0A0044F2A01001E000BFE7
:1084B000401E0028FBD170474FEA1153A3F580639B
:1084C000D3F11E03A8BFD3F1200C08DB4FF000420C
:1084D00042EAC12252EA505232FA03F0704709428E
:1084E0000BD4102BC4BF0020704703F5787CBCF17F
:1084F000FF3F05D04FF0FF3070474FF0000070474E
:1085000070B500F0C3F800BF499224800020704786
:10851000F0E7B0FA80F310FA03F10AD0C3F11D03BB
:1085200003F580634FEA41504FEA035202EBD12139
:1085300070474FF000007047DFF848C170B51CEA83
:10854000111E1EBF1CEA13159EEA0C0F95EA0C0FB4
:1085500000F06F8081EA030423EA4C134EEAD47ED4
:1085600021EA4C1141F4801143F48013AE44A1FB85
:10857000024CA0FB0365AEF17F7E361955EB0C056E
:10858000A1FB034C4CF10003A0FB021C16EB0C06F4
:10859000654153F10003094218BF46F0010613F488
:1085A000007F0BD14FEA03314FEA0530340341EA33
:1085B000155140EA16506FF003020AE04FEAC3215A
:1085C0004FEAC520F40241EA555140EA56506FF097
:1085D000020202EB2E4201EB025585EACE710AD06F
:1085E0005FEA440C18BF24F0004450F1000041F150
:1085F000000120EAD47040F2FE7C624500D270BDDA
:10860000A84214BF4FF080444FF04044002E08BFF2
:108610000024BEF1806FA8BFA1F1C041BDE8704049
:1086200080F282804FF0000001F1C04101F0004172
:1086300070479EEA0C0F0CEA131518BF95EA0C0F51
:1086400006D04FF0000081EA030E0EF0004170BD2D
:1086500000F01CF88900013E00F007B800F009B8EE
:108660004FEA430C5FEA5C5C08D081EA030100F04A
:108670005BB84FEA410C5FEA5C5CF6D14FF000005A
:10868000014970470000FF070000F87F0EF1020E5D
:108690002EF0030E5EF8046B364205D4012A43EB3C
:1086A000030515F5001F12D8012841EB010C1CF53C
:1086B000001F0CD80ED14FEAD17C15F5001F0CEB32
:1086C0004C0C0CF1020C08BF4CEBD37C04E04FF0D7
:1086D000080C01E04FEAD37C0CEB4C0526FA05F6BA
:1086E00006F00706B6F1040C06D20EEB860CBDE8C8
:1086F00070404CF0010C6047DFE80CF0090B0202FF
:108700004FF000414FF00000A1F5002170BD194667
:108710001046012851EB010418BFD4F5001484BFA2
:10872000002001F0004170BD0808A0F500114FEADB
:10873000310170474FF04070E1EE100A70470000C1
:108740000000000000000102030406070809000001
:10875000000001020304000000000000000000000F
:108760000000000000003F4000000000000000008A
:108770003000400030004000000009000BC03D0008
:108780000BC03D00090018C024407FE0224031802A
:108790000000180024C01B000D80324001800380BF
:1087A0001C4027401C800740004010006000000073
:1087B0000000000000000000000000001F802040BA
:1087C00040200000402020401F80000000000900E1
:1087D00006001F80060009000000040004003F801E
:1087E0000400040000000010006000000000000011
:1087F0000000040004000400040004000000000065
:1088000000400000000000000000002001C0060041
:108810003800400000001F802040204020401F8082
:108820000000000010403FC000400000000018C0E1
:108830002140224024401840000010802040244065
:1088400024401B80000002000D0011003FC00140C9
:1088500000003C80244024402440238000001F80EE
:10886000244024403440038000003000200027C012
:108870003800200000001B802440244024401B803E
:1088800000001C0022C0224022401F800000000087
:10889000000008400000000000000000000004602C
:1088A000000000000000000004000A001100208009
:1088B000404009000900090009000900000000000B
:1088C0004040208011000A000400180020002340CE
:1088D0002400180000001F802040274029401F402E
:1088E0000000004007C039000F0001C000402040D8
:1088F0003FC0244024401B8000001F8020402040B7
:1089000020403080000020403FC0204020401F8099
:10891000000020403FC024402E4030C000002040D6
:108920003FC024402E00300000000F001080204087
:1089300022403380020020403FC0040004003FC0BA
:108940002040204020403FC02040204000000060E8
:10895000202020203FC02000200020403FC0244095
:108960000B0030C0204020403FC02040004000406D
:1089700000C03FC03C0003C03C003FC0000020409E
:108980003FC00C4023003FC020001F8020402040FB
:1089900020401F80000020403FC0244024001800D9
:1089A00000001F802140214020E01FA00000204047
:1089B0003FC02440260019C0004018C02440244075
:1089C000224031800000300020403FC02040300075
:1089D000000020003F80004000403F802000200039
:1089E0003E0001C0070038002000380007C03C00EE
:1089F00007C038000000204039C0060039C02040C0
:108A000000002000384007C03840200000003040FF
:108A100021C02640384020C00000000000007FE058
:108A2000402040200000000070000C000380004047
:108A300000000000402040207FE000000000000017
:108A40002000400020000000000000100010001076
:108A500000100010001000000000400000000000A6
:108A60000000000002800540054003C000402000D7
:108A70003FC0044004400380000000000380044025
:108A800004400640000000000380044024403FC032
:108A90000040000003800540054003400000000046
:108AA00004401FC0244024402000000002E0055084
:108AB00005500650042020403FC00440040003C07D
:108AC00000400000044027C00040000000000010EB
:108AD0000010041027E00000000020403FC00140CB
:108AE000070004C00440204020403FC00040004038
:108AF000000007C0040007C0040003C000000440D9
:108B000007C00440040003C000400000038004408C
:108B1000044003800000041007F004500440038068
:108B20000000000003800440045007F000100440DF
:108B300007C0024004000400000000000640054099
:108B4000054004C00000000004001F8004400040F5
:108B50000000040007800040044007C000400400FB
:108B6000070004C0018006000400060001C00700E1
:108B700001C006000000044006C0010006C0044019
:108B800000000410071004E001800600040000004B
:108B9000044005C00640044000000000000004003E
:108BA0007BE040200000000000000000FFF000001B
:108BB0000000000040207BE00400000000004000B6
:108BC0008000400020002000400000000000000065
:108BD0000000000000000000000000000000000095
:108BE0001FCC000C00000000000000000800300056
:108BF00060000800300060000000022003FC1E201E
:108C0000022003FC1E200220000000000E181104A8
:108C10003FFF10840C78000000000F0010840F3814
:108C200000C0077818840078000000780F8410C412
:108C300011240E9800E40084000808006800700009
:108C40000000000000000000000000000000000024
:108C500007E0181820044002000000004002200431
:108C6000181807E0000000000000024002400180E8
:108C70000FF0018002400240000000800080008070
:108C80000FF800800080008000000001000D000E41
:108C900000000000000000000000000000800080D4
:108CA000008000800080008000800000000C000C2C
:108CB0000000000000000000000000000006001896
:108CC00000600180060018002000000007F008087E
:108CD00010041004080807F000000000080408044D
:108CE0001FFC000400040000000000000E0C101423
:108CF0001024104411840E0C000000000C18100405
:108D00001104110412880C700000000000E0032020
:108D1000042408241FFC0024000000001F98108475
:108D200011041104108810700000000007F008887A
:108D30001104110418880070000000001C001000CD
:108D400010FC13001C001000000000000E3811443D
:108D50001084108411440E38000000000700088CB5
:108D600010441044088807F00000000000000000D4
:108D7000030C030C000000000000000000000001D4
:108D8000010600000000000000000000008001401B
:108D90000220041008081004000002200220022013
:108DA0000220022002200220000000001004080817
:108DB0000410022001400080000000000E0012009C
:108DC000100C106C10800F00000003E00C1813E46E
:108DD000142417C4082807D000000004003C03C472
:108DE0001C40074000E4001C000410041FFC110498
:108DF000110411040E880070000003E00C18100428
:108E00001004100410081C10000010041FFC1004B3
:108E100010041004080807F0000010041FFC1104DF
:108E2000110417C410040818000010041FFC1104DA
:108E3000110017C010000800000003E00C18100417
:108E4000100410441C780040000010041FFC108423
:108E50000080008010841FFC100400001004100427
:108E60001FFC1004100400000000000300011001AA
:108E700010011FFE10001000000010041FFC110460
:108E800003801464181C1004000010041FFC10045C
:108E9000000400040004000C000010041FFC1F006C
:108EA00000FC1F001FFC1004000010041FFC0C0439
:108EB000030000E010181FFC100007F00808100461
:108EC00010041004080807F0000010041FFC1084B0
:108ED0001080108010800F00000007F00818102488
:108EE0001024101C080A07F2000010041FFC1104D3
:108EF000110011C011300E0C000400000E1C1104F2
:108F00001084108410441C38000018001000100455
:108F10001FFC100410001800000010001FF81004BF
:108F20000004000410041FF8100010001E0011E0DF
:108F3000001C007013801C0010001FC0103C00E0DB
:108F40001F0000E0103C1FC000001004180C163475
:108F500001C001C01634180C100410001C001304CA
:108F600000FC13041C00100000000804101C106416
:108F7000108413041C0410180000000000000000FE
:108F80007FFE4002400240020000000030000C0062
:108F900003800060001C000300000000400240024B
:108FA00040027FFE000000000000000000002000E2
:108FB00040004000400020000000000100010001CE
:108FC000000100010001000100010000400040001C
:108FD00020000000000000000000000000980124B4
:108FE00001440144014400FC000410001FFC0088FF
:108FF0000104010400880070000000000070008877
:1090000001040104010400880000000000700088D1
:109010000104010411081FFC0004000000F80144D1
:1090200001440144014400C800000000010401049F
:109030000FFC1104110411001800000000D60129D2
:109040000129012901C90106000010041FFC008448
:1090500001000100010400FC0004000001041904E7
:1090600019FC0004000400000000000000030001DF
:109070000101190119FE0000000010041FFC00246A
:10908000004001B4010C01040000000010041004B1
:109090001FFC0004000400000000010401FC0104A6
:1090A000010001FC0104010000FC010401FC00843A
:1090B00001000100010400FC0004000000F80104AC
:1090C00001040104010400F80000010101FF008512
:1090D0000104010400880070000000000070008896
:1090E00001040104010501FF00010104010401FC68
:1090F00000840104010001800000000000CC012474
:109100000124012401240198000000000100010055
:1091100007F80104010400000000010001F8000448
:1091200000040004010801FC00040100018001703A
:10913000000C001001600180010001F0010C003002
:1091400001C00030010C01F0010000000104018C9D
:1091500000740170018C01040000010101810171A2
:10916000000E001801600180010000000184010C64
:10917000013401440184010C0000000000000000E3
:10918000000001003EFC4002400200000000000020
:109190000000FFFF0000000000000000400240024D
:1091A0003EFC0100000000000000000060008000A4
:1091B000800040004000200020000000000000006F
:1091C000000000000000000000000000000000009F
:1091D000000000000000000000000000000000008F
:1091E000000000000000000000000000000F8038B8
:1091F0000FFE380F80380000000000000000000063
:1092000000000000000000000100000600000C004B
:10921000003800003100000600000C00003800009B
:109220003000000000000000000061800067F807C7
:10923000F9800061800061800061800061800067CA
:10924000F807F980006180000000000000000000C5
:1092500001C0E003E0F00630080418081FFFFE0418
:109260000E080787F00381E000000000000001F015
:1092700000060C00040408060C7001F9C0000E0082
:10928000003BE000EC18070808040C180003E0009D
:1092900000000001E00007F003F818041C080417A0
:1092A0000807E1D003C0E00023B0003C080020081C
:1092B000000010000000000000010000310000323A
:1092C00000001C0000000000000000000000000082
:1092D000000000000000000000000000000000008E
:1092E000000000000000000000007F0001FFC00738
:1092F00080F00C00181000042000020000000000A4
:10930000002000021000040C00180780F001FFC0CC
:10931000007F0000000000000000000000000000CE
:109320000000000000004200006600006600003CF3
:109330000000180003FFC0001800003C0000660099
:109340000066000042000000000008000008000065
:10935000080000080000080001FFC0000800000825
:1093600000000800000800000800000000000001E4
:1093700000003100003200001C000000000000006E
:1093800000000000000000000000000000000000DD
:1093900000000800000800000800000800000800A5
:1093A0000008000008000008000008000008000095
:1093B000000000000000000000003800003800003D
:1093C0003800000000000000000000000000000065
:1093D00000000000000000000000000600001C006B
:1093E0000070000180000E0000380000C00007007F
:1093F000001C0000300000000000000000007F8022
:1094000001FFE0038070060018040008040008064D
:10941000001803807001FFE0007F80000000000062
:109420000000000001000801000801000803FFF827
:1094300007FFF80000080000080000080000000016
:10944000000000000001C03802C058040098040168
:1094500018040218040418061C1803F81801E0F890
:1094600000000000000000000001C0E003C0F004A4
:10947000000804080804080806180803F41801E79F
:10948000F00001E000000000000000000000030008
:10949000000D0000110000610000810803010807B1
:1094A000FFF80FFFF80001080001080000000000AD
:1094B000000000E007FCD0060808061008061008A7
:1094C000061008061838060FF00607C00000000056
:1094D0000000000000003F8001FFE003843002082C
:1094E00018041008041008041008071810030FF0DF
:1094F0000007C000000000000000000003C00007DB
:1095000000000600000600F80607F806180006E04E
:109510000007000006000000000000000001E1E07C
:1095200003F7F0063410041808041808040C0804A3
:109530000C0806161803F3F001C1E000000000005B
:109540000000F80003FC3003063804020804020897
:109550000402080404100308F001FFC0007F0000AB
:1095600000000000000000000000000000000000FB
:1095700000007038007038007038000000000000F3
:1095800000000000000000000000000000000000DB
:10959000000000000000301A00301C000000000035
:1095A00000000000000000000000000000000000BB
:1095B000000800001400002200004100008080012B
:1095C0000040020020040010080008000000000015
:1095D00000002100002100002100002100002100E6
:1095E00000210000210000210000210000210000D6
:1095F0000000000000000000080008040010020045
:109600002001004000808000410000220000140082
:1096100000080000000000000003C00004C00004B7
:109620000000080038080F380808380810000C300F
:109630000007E00003C000000000000000003F80C1
:1096400000FFE0038070020F1006708804C08804D9
:109650008308047F8802C09003012000FE400000C0
:10966000080000180001F8003E0801C200070200CF
:1096700007E20000FE00001FC80001F800003800EB
:10968000000804000807FFF807FFF80408080408AA
:109690000804080804080806180803F41801E7F08D
:1096A0000001E0000000000000003F8001FFE00337
:1096B0008070020018040008040008040008040078
:1096C000100600200780C000000004000807FFF813
:1096D00007FFF8040008040008040008040018024A
:1096E000001003807001FFE0007F80000000040094
:1096F0000807FFF807FFF80408080408080408082A
:10970000040808043E080400080600180100600070
:10971000000004000807FFF807FFF8040808040821
:1097200000040800040800043E00060000060000D3
:10973000018000000000000000003F8001FFE00306
:1097400080700600180400080402080402080203DE
:10975000F00783F000020000020004000807FFF891
:1097600007FFF804080800080000080000080000CF
:10977000080004080807FFF807FFF80400080000C5
:109780000000000004000804000804000807FFF8B7
:1097900007FFF804000804000804000800000000A7
:1097A00000000000000000060000070000010400A7
:1097B0000104000104000307FFFE07FFFC04000092
:1097C00004000004000004000807FFF807FFF80485
:1097D0000C08001800003E0004C7800503C80600FE
:1097E000F804003804001800000804000807FFF817
:1097F00007FFF80400080000080000080000080047
:1098000000080000080000180000600000000400CC
:109810000807FFF807800807FC00007FC00003F876
:109820000007C000780007800807FFF807FFF8046A
:10983000000804000807FFF807000803C00000E064
:1098400000003800001E000007000001C00400F006
:1098500007FFF8040000000000007F8001FFE00324
:1098600080700600180400080400080600180300B1
:109870003001FFE0007F8000000004000807FFF8CF
:1098800007FFF804040804040004040004040004AE
:109890000400060C0003F80001F0000000000000C6
:1098A00000007F8001FFE0038070060088040088CC
:1098B0000400C806003C03003E01FFE6007F840070
:1098C000000004000807FFF807FFF8040808040870
:1098D00000040C00040F00040BC00610F003F03865
:1098E00001E00800000800000001E0F803F0300685
:1098F0003010041808041808040C08040C080206A8
:10990000180207F00781E000000001800006000057
:1099100004000004000004000807FFF807FFF80433
:10992000000804000004000006000001800004009C
:109930000007FFE007FFF00400180000080000081F
:1099400000000800000800000804001007FFE00401
:10995000000004000006000007E00007FE00041FEE
:10996000E00001F80000380001E0043E0007C000FC
:1099700006000004000004000007E00007FFC00428
:109980001FF80007C007F80007FF80043FF8000732
:10999000C004F800070000040000000000040008F4
:1099A00006001807C07805F1C8003E00001F8004BB
:1099B00063E80780F80600180400080000000400AF
:1099C0000006000007800007E008047C08001FF87C
:1099D0000007F800180804E008070000060000046B
:1099E00000000000000100080600380400F804032D
:1099F000E8040F08047C0805F00807C008070018F1
:109A000004006000000000000000000000000000F2
:109A100000000000003FFFFE2000022000022000A6
:109A200002200002200002000000000000000000F0
:109A300008000007000000C0000038000006000019
:109A400001C000003000000E000001000000000016
:109A5000000000002000022000022000022000027E
:109A60002000023FFFFE0000000000000000000098
:109A700000000000000000000000000800001000CE
:109A8000003000002000003000001000000800003E
:109A900000000000000000000100000100000100C3
:109AA00000010000010000010000010000010000B1
:109AB00001000001000001000001000000000000A2
:109AC0000000002000002000001000001000000036
:109AD0000000000000000000000000000000000086
:109AE000000000F00019F8001B18002208002608EA
:109AF000002408002410003FF8001FF800000800B0
:109B0000001800000004000007FFF80FFFF0001825
:109B100018001008002008002008003018001FF06E
:109B2000000FC00000000000000007C0001FF00090
:109B30001830002008002008002008003C08001C05
:109B4000100000600000000000000000000007C0DE
:109B5000001FF0003818002008002008002008042A
:109B6000101007FFF80FFFF00000100000000000C9
:109B7000000000000007C0001FF000123000221893
:109B8000002208002208003208001E10000E2000EB
:109B9000000000000000200000200800200801FF55
:109BA000F803FFF806200804200804200807200016
:109BB00003000000000000000000000E000E6E0018
:109BC0001FF30031B10020B10020B1003191001F1E
:109BD00013002E1E00200E003000000000040008BC
:109BE00007FFF80FFFF80010080020000020000019
:109BF0002008003FF8001FF80000080000000000E7
:109C000000000000002008002008002008063FF89F
:109C1000063FF800000800000800000800000000EF
:109C2000000000000000000000000300000300200E
:109C300001002001002003063FFE063FFC0000005B
:109C400000000000000000000004000807FFF80FFB
:109C5000FFF8000188000300002FC00038F8002042
:109C6000380020080000080000000000000000008C
:109C700004000804000804000807FFF80FFFF800BC
:109C8000000800000800000800000000000000209C
:109C900008003FF8003FF8001008002000003FF8DF
:109CA000003FF8001008002000003FF8003FF800D7
:109CB0000008000000002008003FF8003FF80010F6
:109CC00008001000002000002008003FF8001FF8E6
:109CD0000000080000000000000007C0000FF000B6
:109CE0001830003008002008002008003008001854
:109CF00030000FF00007C00000000000000020014D
:109D0000003FFF003FFF0010110020090020080065
:109D10002008003038001FF0000FC00000000000D5
:109D2000000007C0001FF0003818002008002008BD
:109D3000002009001011001FFF003FFF000001007C
:109D40000000002008002008002008003FF8003F25
:109D5000F80008080010080020080020000030006B
:109D6000003000000000000000000000000C78003F
:109D70001E18003308002308002108002188002154
:109D8000980030F000386000000000000000200063
:109D900000200000200000FFF003FFF80020080072
:109DA0002008002008000030000000000000000033
:109DB00000002000003FF0007FF8000018000008BD
:109DC000000008002010003FF8007FF000001000A5
:109DD0000000000000002000003000003C00003FB8
:109DE000800023F0000078000070002380003C0019
:109DF000003000002000002000003C00003FE00098
:109E000023F80000E0002700003E00003FE00021B2
:109E1000F80001E0003E00002000000000002008E3
:109E2000002008003838003E680027800003C80082
:109E30002CF800383800201800200800000000002E
:109E400000002000003003003C01003F830023ECB1
:109E5000000070002380003C000020000020000073
:109E6000000000000000000000380800203800203A
:109E7000F80023E8002F88003E080038080020186A
:109E80000000700000000000000000000000000062
:109E900000000000000008000014001FF7FC300064
:109EA000062000020000000000000000000000008A
:109EB000000000000000000000000000FFFFFF00A5
:109EC0000000000000000000000000000000000092
:109ED000000000002000023000061FF7FC00140004
:109EE000000800000000000000000000000000006A
:109EF000000000000018000060000040000040006A
:109F00000020000010000008000004000004000011
:109F10000C00001000000000000000000000000025
:109F20000000000000000000000000000000000031
:109F30000000000000000000000000000000000021
:109F40000000000000000000000000000000000011
:109F50000000000000000000000000000000000001
:109F6000000000000000000000000000000007F0FA
:109F700000C007FFE1E007F001E0000000C00000C2
:109F800000000000000000000000000000000000D1
:109F900000000000000000000000000000000020A1
:109FA000000001C00000078000001F0000001E002C
:109FB00000001C20000001C00000078000001F00FE
:109FC00000001E0000001C00000000000000000057
:109FD0000000000000000000000000180C00001845
:109FE0000C0000180FE0001FFC0003F80C00001824
:109FF0000C0000180C0000180C0000180C000018D1
:10A000000FE0001FFC0003F80C0000180C00001803
:10A010000C00000000000000000000000000000034
:10A020000780007807C000FC0640010E00200307EF
:10A030000020020380200FFFFFFC0201C02002006D
:10A04000E0600130704001F03F8000F01F00000030
:10A0500000000000000000FE000001FF00000301FE
:10A06000800002008060030181C001FF070000FE44
:10A0700018000000E0000003BF00000CFFC00071EA
:10A08000806001C10020030180600000FFC000006B
:10A090003F000000000000001F0000007FC000FC27
:10A0A000C0C001FF80600303E020020278200206A6
:10A0B0001E2003FC074001F00380000103C00001E3
:10A0C0001C600001E02000010020000100400000B1
:10A0D00001800000000000000000002000001C6063
:10A0E00000001C4000001F8000000F000000000066
:10A0F0000000000000000000000000000000000060
:10A10000000000000000000000000000000000004F
:10A11000000000000000000000000000000000003F
:10A12000000000000000000000000000000000002F
:10A1300000000007F800003FFF00007807C001C0E2
:10A1400000E00300003004000008080000041000D4
:10A1500000020000000000000000100000020800E3
:10A160000004040000080300003001C000E0007893
:10A1700007C0003FFF000007F800000000000000DB
:10A1800000000000000000000000000000000000CF
:10A190000000000000000000000000000000000CB3
:10A1A0001800000E3800000E3800000630000003D2
:10A1B00060000061438000FFFF80006143000003F6
:10A1C000600000063000000E3800000E3800000C61
:10A1D0001800000000000000000000000000000067
:10A1E000800000008000000080000000800000006F
:10A1F000800000008000007FFF0000008000000061
:10A20000800000008000000080000000800000004E
:10A2100080000000000000000000000000010000BD
:10A2200000E3000000E2000000FC000000780000F5
:10A23000000000000000000000000000000000001E
:10A24000000000000000000000000000000000000E
:10A25000000000000000000000000000800000007E
:10A2600080000000800000008000000080000000EE
:10A2700080000000800000008000000080000000DE
:10A2800080000000800000008000000080000000CE
:10A29000800000000000000000000000000000003E
:10A2A00000C0000001E0000001E0000000C000006C
:10A2B000000000000000000000000000000000009E
:10A2C000000000000000000000000000000000008E
:10A2D000000000000000000000000000000C000072
:10A2E0000038000000E00000038000000E000000C5
:10A2F00038000000E00000038000000E000000387D
:10A30000000000E00000038000000E0000001800C4
:10A310000000000000000000000000000000000F2E
:10A32000F800007FFF0000F00780018000C00300FC
:10A330000060020000200200002002000020030054
:10A340000060018000C000E00380007FFF00000F7C
:10A35000F800000000000000000000000000000005
:10A36000000000800020008000200080002000808D
:10A37000006001FFFFE003FFFFE00000006000005D
:10A38000002000000020000000200000000000006D
:10A390000000000000000000000000000000007845
:10A3A00000E0009801600100026002000460020009
:10A3B000086002001060020020600200406003009C
:10A3C00080600183006001FE00E0007C07800000E7
:10A3D000000000000000000000000000000000F08D
:10A3E000078001F007C001000040020000200201C8
:10A3F00000200201002002010020030380200186CA
:10A40000804001FCC0C000787F8000001E0000007A
:10A410000000000000000000000000000800000034
:10A420003800000048000001880000060800000C09
:10A430000810003008100040081001FFFFF003FF73
:10A44000FFF003FFFFF000000810000008100000FC
:10A4500008100000000000000000000000000000E4
:10A460000780001F864003E1002003020020030450
:10A47000002003040020030400200304002003063E
:10A480000040030301C00301FF8003007E000000C1
:10A4900000000000000000000000000000000007B5
:10A4A000FC00003FFF000070C380008180C00101FC
:10A4B00000600302002002020020020200200202CB
:10A4C00000200203004001C180C000C0FF800000E6
:10A4D0007E0000000000000000000000000000F00E
:10A4E000000003C000000380000003000000030020
:10A4F00007E003003FE00301C0000306000003186B
:10A500000000036000000380000003000000000062
:10A510000000000000000000000000001F000078A4
:10A520003F8000FC60C0018EC04003078020020312
:10A53000002002018020020180200201C0200301CE
:10A54000E040018670C000FC3F8000781F000000E2
:10A5500000000000000000000000003F000000FFBD
:10A5600081C001C0C1C001006020020020200200A3
:10A5700020200200202002002060020040C00100D4
:10A58000C18000C18F00007FFE00001FF0000000AE
:10A5900000000000000000000000000000000000BB
:10A5A00000000000000000000000000000000003A8
:10A5B00000C0000781E0000781E0000300C0000048
:10A5C000000000000000000000000000000000008B
:10A5D000000000000000000000000000000000007B
:10A5E0000000000000000000000000000000000665
:10A5F0000066000600780000000000000000000077
:10A60000000000000000000000000000000000004A
:10A61000000000000000000000000000000000003A
:10A6200080000001C0000003600000063000000C44
:10A63000180000180C00003006000060030000C085
:10A640000180010000400200002004000010000012
:10A6500000000000000000000000000410000004E2
:10A66000100000041000000410000004100000049A
:10A67000100000041000000410000004100000048A
:10A68000100000041000000410000004100000047A
:10A6900010000000000000000000000000000400A6
:10A6A0000010020000200100004000C00180006096
:10A6B00003000030060000180C00000C1800000613
:10A6C0003000000360000001C000000080000000B6
:10A6D0000000000000000000000000000000007802
:10A6E000000001F800000238000002000000040031
:10A6F00000C0040079E0040081E0040100C004030C
:10A700000000020200000306000001FC000000F847
:10A7100000000000000000000000000FF800003FF3
:10A72000FE000070078000C000C00101F840030770
:10A73000FC20021E04200230082002203020023FAC
:10A74000FC20013F044001800CC000E03180001F6C
:10A75000C2000000000000000020000000600000B7
:10A7600003E000003E200003E020003E200003E064
:10A7700020000380200007FC2000003FE0000003D1
:10A78000FE2000003FE0000001E00000002000008B
:10A790000020000000000000000002000020020075
:10A7A000002003FFFFE003FFFFE0020100200201A1
:10A7B000002002010020020100200201002003030A
:10A7C00000200186806001FCC0C000F87F8000008E
:10A7D0001F0000000000000000000007F800003F1C
:10A7E000FF000070078000C000C0010000400300AF
:10A7F00000200200002002000020020000200200D1
:10A80000002001000040018000C003C00180003032
:10A81000060000000000000000000200002002000E
:10A82000002003FFFFE003FFFFE002000020020022
:10A830000020020000200200002003000060010050
:10A840000040018000C000F00780007FFE00000F84
:10A85000F8000000000000000000020000200200DC
:10A86000002003FFFFE003FFFFE0020100200201E0
:10A87000002002010020020100200201002002034A
:10A880008020020FE0200300006003C000E00060B1
:10A890000300000000000000000002000020020091
:10A8A000002003FFFFE003FFFFE0020100200201A0
:10A8B000002002010000020100000201000002016C
:10A8C000000002038000030FE0000300000003C04B
:10A8D000000000600000000000000007F800003FDA
:10A8E000FE000070078001C001C0010000400300AD
:10A8F00000200200002002000020020000200100D1
:10A9000020200100204003C03F8000303F80000035
:10A91000200000002000020000200200002003FFB1
:10A92000FFE003FFFFE00200802002008020000023
:10A9300080000000800000008000020080200200F3
:10A94000802003FFFFE003FFFFE002000020020081
:10A9500000200000000000000000000000000000D7
:10A96000000002000020020000200200002002007F
:10A97000002003FFFFE003FFFFE0020000200200D1
:10A980000020020000200200002000000000000063
:10A99000000000000000000000000000000E0000A9
:10A9A000000F0000000F0000000102000001020083
:10A9B0000001020000030200000603FFFFFC03FF8A
:10A9C000FFF8020000000200000002000000020088
:10A9D0000000000000000000000002000020020053
:10A9E000002003FFFFE003FFFFE00200C0200201A0
:10A9F000002000078000000FE0000030F800026037
:10AA00003E2003800F20030003E0020000E002006C
:10AA100000200000002000000000020000200200D2
:10AA2000002003FFFFE003FFFFE002000020020020
:10AA30000020000000200000002000000020000096
:10AA400000200000002000000060000000E0000086
:10AA5000030000000000020000200200002003FFAD
:10AA6000FFE003E0002003FF0020001FF0000001D2
:10AA7000FF8000000FE000001E000003E000003E29
:10AA8000002003E0002003FFFFE003FFFFE00200DF
:10AA9000002002000020020000200200002003FF2E
:10AAA000FFE00380002003F0002000FC0000001FF6
:10AAB00000000007C0000001F00000007C00020060
:10AAC0001F80020007E003FFFFE002000000020019
:10AAD00000000000000000000000000FF800003F30
:10AAE000FE0000F00780018000C00100004002006D
:10AAF00000200200002002000020020000200100CF
:10AB00000040018000C000F00380003FFE00000F05
:10AB1000F800000000000000000002000020020019
:10AB2000002003FFFFE003FFFFE00200802002009F
:10AB300080200200800002008000020080000200ED
:10AB40008000030180000183000000FE0000007C03
:10AB500000000000000000000000000FF800007F6F
:10AB6000FF0000F00380018001C0010006400200E8
:10AB700004200200042002000620020003E001007D
:10AB800000F80180005C00E0038C003FFF0C000F28
:10AB9000FC1800000000000000000200002002007D
:10ABA000002003FFFFE003FFFFE00201002002019D
:10ABB0000020020180000201E0000201FC0003030A
:10ABC0003F80018607E001FC00E000F80020000063
:10ABD00000200000000000000000000000000078DD
:10ABE000060000FE01E0018600C0030300400203EE
:10ABF000002002018020020180200201C02002000A
:10AC0000C0200100E060018070C003E03F800000D0
:10AC10001F00000000000000000000600000038032
:10AC200000000300000002000000020000200200FB
:10AC3000002003FFFFE003FFFFE00200002002000E
:10AC4000002002000000020000000380000000E07D
:10AC5000000000000000020000000200000003FFEE
:10AC6000FF0003FFFFC00200004002000060000080
:10AC70000020000000200000002000000020020052
:10AC800000400200008003FFFF00020000000200FD
:10AC900000000000000000000000020000000200B0
:10ACA000000003C0000003FC0000023FC0000003DE
:10ACB000F80000007F80000007E00000078000002F
:10ACC00078000203C000023C000003C00000020044
:10ACD0000000020000000200000003C0000003FFAB
:10ACE0008000023FFE0002007FE000000F00020033
:10ACF000F00003EF000003FF8000020FFE000000E1
:10AD00003FE000001F000207E00003F8000003001E
:10AD1000000002000000000000000200002002000D
:10AD20000020038000E003F0032002FC0C20021F3F
:10AD300030000007C0000007F00002187C0002602D
:10AD40001F20038003E0020000E00200002000005A
:10AD500000200000000000000000020000000300CE
:10AD6000000003C0000003F80000023E0020020FB4
:10AD7000C0200001FFE000007FE000038020021CF3
:10AD800000200270000003800000020000000200AA
:10AD90000000000000000000000000000020006033
:10ADA00000E0038003E003000FA002003E20020049
:10ADB000F8200203E020020F8020023E00200278EB
:10ADC000002003E00060038000E0020003000000B8
:10ADD0000000000000000000000000000000000073
:10ADE00000000000000000000000000000001FFF45
:10ADF000FFFC10000004100000041000000410000C
:10AE00000004100000041000000410000004000002
:10AE10000000000000000000000000000000000032
:10AE200000000700000003C0000000780000001EC2
:10AE300000000003C0000000F00000001E00000041
:10AE40000780000000F00000003C00000006000049
:10AE500000000000000000000000000000001000E2
:10AE60000004100000041000000410000004100092
:10AE7000000410000004100000041FFFFFFC00008D
:10AE800000000000000000000000000000000000C2
:10AE900000000000000000000000000000000000B2
:10AEA0000000000000000200000004000000080094
:10AEB000000018000000100000001800000018003A
:10AEC000000004000000020000000000000000007C
:10AED0000000000000000000000100000001000070
:10AEE000000100000001000000010000000100005E
:10AEF000000100000001000000010000000100004E
:10AF0000000100000001000000010000000100003D
:10AF1000000100000001000000000000000000002F
:10AF200000001000000010000000100000001800D9
:10AF30000000080000000400000000000000000005
:10AF40000000000000000000000000000000000001
:10AF5000000000000000000000000000038000016D
:10AF60008FC000038C60000618200004102000042D
:10AF70001020000420200004204000062040000390
:10AF8000FFC00001FFE000000020000000200000E2
:10AF900000C00000000000000000020000000200ED
:10AFA000000003FFFFE007FFFFC0000180C00002B8
:10AFB00000600002002000040020000400200004C3
:10AFC000002000060040000300C00001FF800000D8
:10AFD000FE00000000000000000000000000000073
:10AFE0007E000001FF80000381C0000200400006D7
:10AFF00000200004002000040020000400200006BF
:10B0000000200003C0400001C080000003000000D9
:10B010000000000000000000000000000000000030
:10B020007E000001FF80000380C000060060000475
:10B03000002000040020000400200204004002025E
:10B04000008003FFFFE007FFFFC00000004000009A
:10B0500000400000000000000000000000000000B0
:10B060007E000001FF80000311C0000210400004B8
:10B0700010600004102000041020000410200006BE
:10B080001020000310400001F0C00000710000001B
:10B0900000000000000000000000000000000004AC
:10B0A0000000000400200004002000040020007FB5
:10B0B000FFE001FFFFE00104002003040020020480
:10B0C000002002040020020400000200000001C071
:10B0D000000001C0000000000000000000000000AF
:10B0E000001C0000E33E0003FFC200020CC300048A
:10B0F00004C1000404C1000404C1000404C100062A
:10B100000CC10003F8C30005F0620006007E0006D3
:10B11000003C0000000000000000020000200200CF
:10B12000002003FFFFE007FFFFE000010020000216
:10B1300000200006000000040000000400000004DD
:10B140000020000600200003FFE00001FFE00000F7
:10B1500000200000002000000000000000000000AF
:10B16000000000040020000400200004002000046F
:10B1700000200387FFE0038FFFE003800020000032
:10B18000002000000020000000200000000000005F
:10B1900000000000000000000000000000000000AF
:10B1A0000000000000060000000700000001000091
:10B1B0000001000400010004000100040003000479
:10B1C00000060387FFFC038FFFF8038000000000E8
:10B1D000000000000000000000000200002002004B
:10B1E000002003FFFFE007FFFFE000000820000051
:10B1F0001020000030000000FC0000058E00000759
:10B2000007A0000601E0000400E0000400200000A8
:10B21000002000000000000000000000000000000E
:10B2200000000200002002000020020000200200B6
:10B23000002003FFFFE007FFFFE000000020000008
:10B24000002000000020000000200000000000009E
:10B2500000000000000000000000000400200007C3
:10B26000FFE0000FFFE000020020000400000004E7
:10B2700000200007FFE00003FFE0000200200004C0
:10B280000000000400200007FFE00003FFE00000D2
:10B290000020000000000000000000040020000466
:10B2A00000200007FFE0000FFFE000010020000287
:10B2B0000020000200000004000000040000000460
:10B2C0000020000600200003FFE00001FFE0000076
:10B2D000002000000020000000000000000000002E
:10B2E0007E000000FF80000381C0000200400006D5
:10B2F00000200004002000040020000400200006BC
:10B30000002000020040000381C00001FF80000017
:10B310007E000000000000000000000400010004A6
:10B3200000010007FFFF000FFFFF000100C1000246
:10B33000004100040020000400200004002000045C
:10B34000002000060040000301C00001FF80000053
:10B350007E0000000000000000000000000000006F
:10B360007E000001FF80000380C000020060000436
:10B37000002000040020000400200004002000023F
:10B380000041000300C10003FFFF0007FFFF0000B2
:10B390000001000000010000000000040020000483
:10B3A00000200004002000040020000FFFE0000F38
:10B3B000FFE00000C0200001002000020020000685
:10B3C000002000040000000400000007000000034B
:10B3D000000000000000000000000000000000006D
:10B3E00003E00001C0E00003E0400006302000045C
:10B3F0003020000418200004182000041820000445
:10B400000C2000020C60000307C0000783800000CE
:10B410000000000000000000000000000000000428
:10B4200000000004000000040000000C0000001FE9
:10B43000FF8000FFFFC00004006000040020000443
:10B4400000200004002000040040000001800000F3
:10B4500000000000000000000000000400000004E4
:10B4600000000007FF80000FFFC000000060000028
:10B470000020000000200000002000000020000448
:10B480000040000400800007FFE0000FFFC0000044
:10B490000040000000400000000000040000000424
:10B4A0000000000780000007F0000004FE00000418
:10B4B0001FC0000003E00000038000001C00000427
:10B4C000600000078000000600000004000000008B
:10B4D000000000000000000400000006000000075B
:10B4E000C0000007FC0000043F80000003E00004EF
:10B4F0000F800006F0000007F0000007FF80000446
:10B500000FE00000038000043C000007C0000006BC
:10B510000000000400000000000000000020000403
:10B52000002000040060000700E0000783200007FF
:10B53000E6000004F80000003C0000045E20000566
:10B5400087A0000601E00004006000040020000065
:10B5500000200000000000000000000400000004C3
:10B560000003000700030007E0010004F8010004E5
:10B570001F02000007FC000000E0000007000004BC
:10B5800038000007C00000060000000400000004AE
:10B5900000000000000000000000000000000007A4
:10B5A0008060000600E0000403E0000407A000043F
:10B5B0000E2000043C20000470200005E02000075D
:10B5C000802000070060000400E00000038000000D
:10B5D000000000000000000000000000000000006B
:10B5E000000000000000000000000000000000005B
:10B5F000000000008000000080000001400007FE05
:10B600003FF80800000410000002100000020000D3
:10B61000000000000000000000000000000000002A
:10B62000000000000000000000000000000000001A
:10B63000000000000000FFFFFFFF0000000000000E
:10B6400000000000000000000000000000000000FA
:10B6500000000000000000000000000000001000DA
:10B660000002100000020800000407FE3FF800017D
:10B67000400000008000000080000000000000008A
:10B6800000000000000000000000000000000000BA
:10B690000000000000000000000018000000300062
:10B6A00000004000000040000000400000002000BA
:10B6B000000030000000080000000400000002004C
:10B6C000000002000000020000000C000000180052
:10B6D0000000000000000000400B00008007000098
:10B6E0006078000020000000200000002000000022
:10B6F0000068010000F00000000C0F003031323310
:10B700003435363738394142434445464030580095
:10B7100030313233343536373839616263646566C7
:10B720004030780044B7000800000020F800000016
:10B73000C40100083CB80008F800002098B00100DF
:10B74000E00100080024F4000000000000000000F8
:10B7500000000000FFFF00001F0000F81FF8E007D6
:10B76000FF07E0FF40BC07FC308400000000000041
:10B7700000000000000000000000000010000000B9
:10B780000100000000F80000FFFF0000F15B00086E
:10B79000355C000860030020000000100000006815
:10B7A000606B012000F00010000C0F68000000002A
:10B7B0000000000000000000000000000000000089
:10B7C0000000000000000000000000000000000079
:10B7D0000000000000000000000000000000000069
:10B7E00000000000000000001F000000000000003A
:10B7F0000000000000000000000000000000000049
:10B800000000000000000000000000000000000038
:10B810000000000000000000000000000000000028
:10B8200000000000AAAAAAAA000000000000000070
:0CB8300030059007D008400AC006000058
:040000050800018965
:00000001FF
