:020000040800F2
:1000000010B201201D0300081B1F0008131F000869
:10001000171F000835090008292500080000000006
:100020000000000000000000000000005D02000869
:100030005109000800000000B9020008FB1F000879
:100040004103000841030008410300084103000880
:100050004103000841030008410300084103000870
:100060004103000841030008410300084103000860
:100070004103000841030008410300084103000850
:100080004103000841030008410300084103000840
:100090004103000841030008410300084103000830
:1000A0004103000841030008410300084103000820
:1000B000410300082520000841030008410300080F
:1000C0004103000841030008410300084103000800
:1000D00041030008192500084103000841030008F6
:1000E00041030008410300084103000841030008E0
:1000F00041030008410300084103000841030008D0
:1001000041030008410300084103000841030008BF
:10011000410300084103000841030008352000089E
:10012000410300084103000841030008410300089F
:10013000410300084103000841030008410300088F
:10014000410300084103000841030008410300087F
:10015000410300084103000841030008410300086F
:10016000410300084103000841030008410300085F
:10017000410300084103000841030008000000009B
:10018000410300084103000800F002F800F057F8AE
:100190000AA090E8000C82448344AAF10107DA45E2
:1001A00001D100F04CF8AFF2090EBAE80F0013F0DD
:1001B000010F18BFFB1A43F001031847B0BD000040
:1001C000D0BD00000A4410F8014B14F00F0508BF21
:1001D00010F8015B240908BF10F8014B6D1E05D013
:1001E00010F8013B6D1E01F8013BF9D1641E03D0EC
:1001F000641E01F8015BFBD19142E4D3704700001B
:100200000023002400250026103A28BF78C1FBD81F
:10021000520728BF30C148BF0B607047642900F007
:100220008581782900F0BE81732900F0E3820020E7
:1002300070471FB508F0A2FE1FBD10B510BD00F03D
:1002400047FB1146FFF7F5FF05F0DAFE00F065FB0E
:1002500003B4FFF7F2FF03BC02F09CF92C4B1968C2
:100260000868B0E8F04F80F30988BFF36F8F4FF054
:10027000000080F311887047000000000848006803
:10028000006880F308884FF0000080F3148862B69D
:1002900061B6BFF34F8FBFF36F8F00DF00BF00BFAA
:1002A00008ED00E0DFF80C00016841F47001016026
:1002B000704700BF88ED00E0EFF30980BFF36F8F58
:1002C000134B1A681EF0100F08BF20ED108A20E9AA
:1002D000F04F106009B44FF0500080F31188BFF365
:1002E0004F8FBFF36F8F07F041FD4FF0000080F399
:1002F000118809BC19680868B0E8F04F1EF0100FAB
:1003000008BFB0EC108A80F30988BFF36F8F704785
:10031000E4000020EFF30580704700000C480168FE
:1003200041F4700101600B4880470B480047FEE72D
:10033000FEE7FEE7FEE7FEE7FEE7FEE7FEE7FEE795
:10034000FEE7000005480649044A064B70470000D6
:1003500088ED00E0112000088901000810AE01209E
:1003600010B2012010AE0120704753EA020C00F0D9
:1003700069802DE9F04B4FF00006002B1FBFB3FA48
:1003800083F503FA05F424FA05F65E4012BF16431E
:10039000B2FA82F502FA05F4C5F120051EBF22FA71
:1003A00005FC44EA0C04203556EA044C4FEA144498
:1003B00018BF641C4FF000084FF00009904271EB29
:1003C000030C39D3002919BFB1FA81F701FA07F6F6
:1003D000B0FA80F700FA07F6C7F120071EBF20FA2F
:1003E00007FC46EA0C062037B6FBF4FCA7EB050732
:1003F000103F07F01F0BCBF120060CFA0BFB2CFA79
:1004000006F644BFB3460026202FA4BF5E464FF039
:10041000000B5BEA060C08BF4FF0010B19EB0B0950
:10042000ABFB027C48EB0608C01B06FB02CC0BFBB7
:1004300003CC71EB0C01C1E70B460246414648462E
:10044000BDE8F08B13B54FF000004FF00001AFF3A3
:100450000080BDE81C4070470FB4044910B503AAE2
:10046000029800F0CBF910BC5DF814FB9C00002052
:100470002DE9F0410E460446002020622046E16846
:10048000884730B3252805D0D4E901219047206A58
:10049000401CF2E7E168204600278847050018D095
:1004A000A5F14100192802D820354FF400673246E3
:1004B000294620462760FFF7B1FE40B1012804D04D
:1004C000F61D26F007060836D8E7361DD6E728467B
:1004D000DAE7206ABDE8F08170B50C460546012ACE
:1004E00005D02878800600D5EA69002302E00123C0
:1004F00005E05B1C934202D2E05C0028F9D1A869B8
:10050000E618C01AA861286A184428622846AFF382
:10051000008004E0D5E9012114F8010B9047B442B2
:10052000F8D32846AFF3008070BD00002DE9F041FC
:100530000646002410687529314616A510D0AFF381
:100540000080002802DA404213A507E031688A07DC
:1005500001D512A502E0490704D511A5012401E047
:10056000AFF3008000210A2206F1240709E0B0FB66
:10057000F2FCB0FBF2F302FB1C003030785418465A
:10058000491C0028F3D123462A463046BDE8F041F5
:1005900000F0ACB8000000002D0000002B000000AF
:1005A0002000000070B504460D4621461068AFF3E8
:1005B00000802188090502D50F4A7A4402E00E4ADC
:1005C0007A440E32002104F1240305E000F00F0606
:1005D0000009965D5E54491C0028F7D1207800235D
:1005E000000704D5702D02D009B102231132204634
:1005F000BDE8704000F07AB886B90000032A40F2E6
:10060000308010F0030C00F0158011F8013BBCF1B4
:10061000020F624498BF11F801CB00F8013B38BFCC
:1006200011F8013BA2F1040298BF00F801CB38BFDA
:1006300000F8013B11F0030300F0F280083AC0F02B
:10064000088051F8043B083A51F804CBA0E80810A0
:10065000F5E7121D5CBF51F8043B40F8043BAFF3D3
:100660000080D20724BF11F8013B11F801CB48BF2D
:1006700011F8012B24BF00F8013B00F801CB48BF63
:1006800000F8012B704702F0FF0343EA032242EA1D
:10069000024200F0F9B84FF0000200B5134694464C
:1006A0009646203922BFA0E80C50A0E80C50B1F1CA
:1006B0002001BFF4F7AF090728BFA0E80C5048BFDE
:1006C0000CC05DF804EB890028BF40F8042B08BF7C
:1006D000704748BF20F8022B11F0804F18BF00F878
:1006E000012B704770477047704770472DE9F047FE
:1006F0000D4699469246044600F124080168880692
:1007000004D5E06921F01001216000E00120A84239
:1007100001DD471B00E00027A1697A1902EB0900FF
:10072000081AA0612078C00602D42046AFF30080EA
:10073000002608E0D4E901211AF806009047206A53
:10074000401C761C20624E45F4DB2078C0060AD59A
:100750002046AFF3008006E0D4E901213020904725
:10076000206A401C2062381EA7F10107F4DC07E074
:10077000D4E9012118F805009047206A401C206246
:10078000281EA5F10105F3DC2046AFF30080207898
:10079000000602D50220BDE8F0870120FBE700003B
:1007A00001694A1C02610878704700B58FB0CDE935
:1007B00001310021059105497944CDE90310114625
:1007C0006846FFF755FE0FB000BD0000E5FFFFFFD4
:1007D00010B5436913B1AFF3008001E0FFF77CFE71
:1007E000012010BD127800F124010A7000224A7025
:1007F0000122EDE711684FF0FF32E9E7074B70B5D2
:100800000D467B44FFF7D1FF0446284600F05CF814
:1008100010B14FF0FF3070BD204670BD271F0000A3
:1008200010B5203AC0F00B80B1E81850203AA0E88B
:100830001850B1E81850A0E81850BFF4F5AF5FEABF
:10084000027C24BFB1E81850A0E8185044BF18C972
:1008500018C0BDE810405FEA827C24BF51F8043B19
:1008600040F8043B08BF7047D20728BF31F8023B6D
:1008700048BF11F8012B28BF20F8023B48BF00F801
:10088000012B70474FF000020429C0F0128010F0D5
:10089000030C3FF402AFCCF1040CBCF1020F18BF03
:1008A00000F8012BA8BF20F8022BA1EB0C01FFF7E9
:1008B000F4BE5FEAC17C24BF00F8012B00F8012BD5
:1008C00048BF00F8012B7047007B00F080007047A4
:1008D000754600F02BF8AE4605006946534620F0F9
:1008E0000700854618B020B5FFF72CFDBDE8204075
:1008F0004FF000064FF000074FF000084FF0000BDC
:1009000021F00701AC46ACE8C009ACE8C009ACE88E
:10091000C009ACE8C0098D46704710B50446AFF376
:1009200000802046BDE81040FFF792BC00487047A9
:10093000ACAD012000BFFEE710B55321092001F046
:1009400067FE00200149086010BD0000BC000020C7
:100950007047000070B504461D460023B5F5804F72
:1009600013D154F822300C480340D1E9000640EA84
:1009700006108E6840EA06208E8940EA06408E699D
:100980003043034344F8223003E06FF0704044F8F2
:100990002200002070BD00000000F0CF10B503461B
:1009A0000022086853F8202012480240D1E90104CF
:1009B0002043CC6820430C6920434C6920438C6958
:1009C0002043CC6920430C6A20434C6A20438C6A44
:1009D0002043CC6A2043CC6B20430C6B2043024362
:1009E0008868082801D142F04002086843F82020B6
:1009F000002010BD8000F0FF30B503460024501CDD
:100A000053F8204004F04044D1E9000540EA0510C5
:100A10008D6840EA05208D8940EA0545088A401E18
:100A200045EA0055087D801E45EA00608D6928432F
:100A30000443501C43F82040002030BD70B50446EC
:100A4000A56D00F07BF9064694F83500022808D021
:100A50008020606500BF002084F8340000BF0120C2
:100A600070BD2068006820F01600216808602068CA
:100A7000406920F0800021684861206C08B9A06CB2
:100A800028B12068006820F008002168086020680C
:100A9000006820F00100216808600FE000F04EF9C6
:100AA000801B05280AD92020606500BF002084F83B
:100AB000340000BF032084F83500D1E720680068C7
:100AC00000F001000028E9D194F85C103F20884034
:100AD000A86000BF002084F8340000BF012084F823
:100AE00035000020BCE7014691F83500022803D00C
:100AF0008020486501207047052081F8350008688E
:100B0000006820F001000A6810600020F3E7000090
:100B1000F8B502460B460025002400200021DEE047
:100B2000012606FA01F51E6806EA0504AC4275D1F5
:100B30001E7906F00306012E04D01E7906F0030686
:100B4000022E13D190684F000326BE40B0434F00E1
:100B5000DE68BE4030439060506801268E40B0434E
:100B60001E79C6F300168E40304350601E7906F0A1
:100B70000306032E09D0D0684F000326BE40B043C1
:100B80004F009E68BE403043D0601E7906F00306D9
:100B9000022E13D1CF0802F1200656F827004E0787
:100BA000F70E0F26BE40B0434F07FF0E1E69BE4032
:100BB0003043CF0802F1200646F8270010684F00A6
:100BC0000326BE40B0431E7906F003064F00BE4028
:100BD000304310605E6806F08056B6F1805F7DD1CC
:100BE00000BF00260096404E366846F480463E4FD1
:100BF0003E603E46366806F48046009600BF00BF61
:100C00003A4E8F0856F827008E07370F0F26BE4042
:100C1000B043374EB24202D1002624E05EE0354EAA
:100C2000B24201D101261EE0334EB24201D102266A
:100C300019E0324EB24201D1032614E0304EB242E6
:100C400001D104260FE02F4EB24201D105260AE061
:100C50002D4EB24201D1062605E02C4EB24201D102
:100C6000072600E008268F073F0FBE4030431F4E87
:100C70008F0846F82700264E3068A0435E6806F4C9
:100C80008036B6F5803F00D12043214E3060361DBE
:100C90003068A0435E6806F40036B6F5003F00D128
:100CA00020431B4E361D3060361D3068A0435E6801
:100CB00006F48016B6F5801F00D12043144E083686
:100CC0003060361D3068A0435E6806F40016B6F545
:100CD000001F00D120430E4E0C363060491C1029F5
:100CE000FFF41EAFF8BD0000443802400838014050
:100CF000000002400004024000080240000C0240D4
:100D0000001002400014024000180240001C024083
:100D1000003C0140024613690B400BB1012000E08A
:100D2000002070470AB1816101E00B0483617047C4
:100D300001480068000C7047002004E0014800688A
:100D400070470000A40000200348006803490978A8
:100D50000844014908607047A4000020AC0000204E
:100D600010B50A48006840F4007008490860084659
:100D7000006840F480600860032000F07FF80F20D6
:100D800000F006F800F02AF8002010BD003C0240F8
:100D900070B504460E4800784FF47A71B1FBF0F05C
:100DA0000C490968B1FBF0F5284600F09BFC08B13E
:100DB000012070BD102C07D200222146501E00F0E9
:100DC0001EF80548046001E00120F2E70020F0E78A
:100DD000AC00002000000020A80000207047014661
:100DE0000846002809DB00F01F0301229A4043094E
:100DF0009B0003F1E023C3F8002100BF70472DE9F9
:100E0000F05F80460D461646002701F0A7FB074617
:100E100039462A46334601F00700C0F1070ABAF105
:100E2000040F02D94FF0040A01E0C0F1070AD146CD
:100E300000F1040ABAF1070F02D24FF0000A01E0F4
:100E4000A0F1030AD4464FF0010A0AFA09FAAAF1FE
:100E5000010A0AEA020A0AFA0CFA4FF0010B0BFA2D
:100E60000CFBABF1010B0BEA030B4AEA0B04214626
:100E7000404601F07BFBBDE8F09F000000BF00F0A2
:100E80000702064B19684FF6FF031940044B0B434A
:100E900043EA0221014B196000BF70470CED00E0EE
:100EA0000000FA0570B504460D460CB9012070BD6E
:100EB0005848006800F00700A84209D255490D7053
:100EC0000846006800F00700A84201D00120EEE7C4
:100ED000207800F0020002281DD1207800F00400E4
:100EE000042805D14C48006840F4E0504A490860A5
:100EF000207800F00800082805D14748006840F431
:100F00006040454908604448006820F0F000A1684E
:100F1000084341490860207800F00100A8B36068E8
:100F2000012807D13C4808380068C0F34040B8B9F0
:100F30000120BCE76068022802D06068032807D15E
:100F4000354808380068C0F3406048B90120AEE772
:100F5000314808380068C0F3400008B90120A6E70E
:100F60002D48006820F00300616808432A490860A2
:100F7000FFF7E4FE064609E0FFF7E0FE801B41F2C2
:100F80008831884202D9032091E707E022480068AF
:100F900000F00C006168B0EB810FEDD11D480068D6
:100FA00000F00700A84209D91A490D7008460068E8
:100FB00000F00700A84201D0012078E7207800F077
:100FC0000400042807D11448006820F4E050E168C8
:100FD000084311490860207800F00800082808D16B
:100FE0000D48006820F46040216940EAC1000A49C8
:100FF000086000F03FF808490968C1F30311074A87
:10100000515CC8400649086006480068FFF7C0FE0A
:1010100000204CE7003C024008380240868F000860
:1010200000000020A8000020014800687047000070
:101030000000002000B5FFF7F7FF04490968C1F37D
:101040008221034A515CC84000BD000008380240BC
:10105000968F000800B5FFF7E7FF04490968C1F360
:101060004231034A515CC84000BD000008380240CC
:10107000968F00082DE9F047002400250026A146A0
:101080002548006800F00C0020B1042805D008288D
:101090003AD105E0DFF8849039E0DFF8849036E05B
:1010A0001D48001F006800F03F041B48001F006837
:1010B00000F4800078B11A481749091F0968C1F384
:1010C0008811A0FB01700146224600233846FFF735
:1010D0004CF905460EE011480F49091F0968C1F394
:1010E0008811A0FB01700146224600233846FFF715
:1010F0003CF905460848001F0068C0F30140401C49
:101100004600B5FBF6F902E0DFF8109000BF00BF23
:101110004846BDE8F0870000083802400024F4008B
:1011200000127A00F8B504460CB90120F8BD207809
:1011300000F00100002874D0F948006800F00C00AD
:1011400004280DD0F648006800F00C00082813D1E0
:10115000F348001F006800F48000B0F5800F0BD149
:10116000EF4808380068C0F34040002859D0606854
:10117000002856D10120D9E700BF6068B0F5803F54
:1011800008D1E7480838006840F48030E44908395D
:1011900008601EE06068B0F5A02F0DD1E048083867
:1011A000006840F48020DE4908390860084600687D
:1011B00040F4803008600CE0D9480838006820F41A
:1011C0008030D749083908600846006820F480203C
:1011D000086000BF606890B1FFF7B0FD054606E00B
:1011E000FFF7ACFD401B642801D903209EE7CC48E3
:1011F00008380068C0F340400028F1D011E0FFF744
:101200009DFD054606E0FFF799FD401B642801D9C6
:1012100003208BE7C24808380068C0F3404000282C
:10122000F1D1207800F0020002285FD1BC480068AC
:1012300000F00C0058B1BA48006800F00C00082813
:101240001CD1B748001F006800F48000B0B9B44852
:1012500008380068C0F3400020B1E068012801D0E0
:10126000012063E7AE480838006820F0F8002169E3
:1012700040EAC100AA490839086037E0E06800B3D5
:101280000120A8490860FFF759FD054606E0FFF771
:1012900055FD401B022801D9032047E7A048083824
:1012A0000068C0F340000028F1D09D48083800686D
:1012B00020F0F800216940EAC10099490839086026
:1012C00014E0002097490860FFF738FD054606E066
:1012D000FFF734FD401B022801D9032026E7904880
:1012E00008380068C0F340000028F1D1207800F0F1
:1012F000080008282CD16069A8B101208A4908603B
:10130000FFF71CFD054606E0FFF718FD401B02280D
:1013100001D903200AE782486C300068C0F340001E
:101320000028F1D014E000207F490860FFF706FD97
:10133000054606E0FFF702FD401B022801D9032005
:10134000F4E677486C300068C0F340000028F1D123
:10135000207800F00400042870D10027704838304D
:10136000006800F0805090B900BF002000906C48E9
:101370003830006840F080506949383108600846CC
:10138000006800F08050009000BF00BF0127674850
:10139000006800F48070B0B96448006840F4807060
:1013A00062490860FFF7CAFC054606E0FFF7C6FC85
:1013B000401B022801D90320B8E65C48006800F40D
:1013C00080700028F2D000BFA068012808D15448DE
:1013D0006830006840F001005149683108601DE044
:1013E000A06805280DD14E486830006840F0040020
:1013F0004B49683108600846006840F00100086009
:101400000CE047486830006820F00100444968312A
:1014100008600846006820F00400086000BFA0686B
:10142000A8B1FFF78BFC054609E0FFF787FC401BDE
:1014300041F28831884202D9032077E626E0384815
:1014400068300068C0F340000028EED013E0FFF7DA
:1014500075FC054608E0FFF771FC401B41F288313E
:10146000884201D9032061E62D4868300068C0F346
:1014700040000028EFD1012F07D1294838300068FB
:1014800020F0805026493831086000BFA06900284C
:1014900045D02348006800F00C0008285DD0A06902
:1014A000022845D100201F490866FFF747FC054682
:1014B00006E0FFF743FC401B022801D9032035E674
:1014C000174808380068C0F340600028F1D1D4E91B
:1014D00007010843616A40EA81110122A06AC2EB58
:1014E000500041EA00412C20005D41EA00600C49B7
:1014F000091F086001200B490866FFF71FFC05461D
:1015000006E0FFF71BFC401B022801D903200DE673
:10151000034808380068C0F340600028F1D049E073
:101520000838024000004742800E474200700040E9
:10153000002021490866FFF701FC054606E0FFF799
:10154000FDFB401B022801D90320EFE51B48006882
:10155000C0F340600028F2D12CE0A069012800D13E
:10156000E4E51648001D0668A069012820D006F4AD
:101570008001E06981421BD106F03F01206A81426F
:1015800016D147F6C0703040616AB0EB811F0FD1B1
:1015900006F440310122A06AC2EB5000B1EB004FCB
:1015A00006D106F070612C20005DB1EB006F01D018
:1015B0000120BBE50020B9E50000474200380240A9
:1015C00070B504460E4615460CB9012070BD94F85E
:1015D000490028B9002084F84800204600F01CF893
:1015E00004F108012068FFF7D9F93146A2682068A4
:1015F000FFF702FA2946236BD4E90102FFF7AAF9A3
:10160000A168206850F8210040F00100A26821681C
:1016100041F822000020D9E710B586B0044600BF8B
:10162000002000902248006840F001002049086036
:101630000846006800F00100009000BF00BF00BF36
:10164000002000901A480838006840F00800184947
:10165000083908600846006800F00800009000BFE4
:1016600000BF00BF002000900846006840F0100056
:1016700008600846006800F01000009000BF00BF3E
:101680004CF203700190022002900120039002208E
:1016900004900C20059001A90648FFF739FA4FF68F
:1016A0008070019001A90448FFF732FA06B010BD1E
:1016B00038380240000C024000100240042808D1D3
:1016C0004FF0E021096941F004014FF0E02211617F
:1016D00007E04FF0E021096921F004014FF0E0221A
:1016E0001161704770B504462546681EB0F1807FD1
:1016F00001D301200FE0681E4FF0E02148610F2167
:101700004FF0FF3000F032FF00204FF0E021886101
:1017100007200861002070BD7047704710B504466F
:101720000CB9012010BD94F83D0028B9002084F8C0
:101730003C00204600F026F8022084F83D00211DE0
:10174000206800F07FFC012084F8460000BF84F888
:101750003E0001213F200155402001554120015507
:1017600000BF00BF012084F84200432001554420FF
:1017700001554520015500BF012084F83D0000209F
:10178000D0E7000038B504461E49206888421AD1C7
:1017900000BF00BF002000901B48006840F002001E
:1017A000194908600846006800F00200009000BF78
:1017B00000BF00BF002203211D20FFF720FB1D20DA
:1017C000FFF70DFB1DE011492068884219D100BFC9
:1017D00000BF002000900C48006840F020000A493B
:1017E00008600846006800F02000009000BF00BFBD
:1017F00000BF002207213720FFF701FB3720FFF74A
:10180000EEFA38BD000400404038024000140040A9
:10181000014691F83D00012801D0012070470220C7
:1018200081F83D000868C06840F001000B68D8608E
:101830001A4B086898421BD00868B0F1804F17D047
:10184000174B0868984213D0164B086898420FD07F
:10185000154B086898420BD0144B0868984207D083
:10186000134B0868984203D0124B086898420CD179
:101870000868806800F00702062A0CD00868006833
:1018800040F001000B68186005E00868006840F04F
:1018900001000B6818600020C0E700000000014054
:1018A0000004004000080040000C0040000401401B
:1018B0000040014000180040704710B50446206801
:1018C0000069C0F34000D8B12068C068C0F3400090
:1018D000B0B16FF002002168086101202077206814
:1018E000806900F0030018B12046FFF7E5FF05E02E
:1018F000204600F0ADF8204600F0ABF8002020773D
:1019000020680069C0F38000D8B12068C068C0F3C7
:101910008000B0B16FF004002168086102202077D8
:101920002068806900F4407018B12046FFF7C4FFBA
:1019300005E0204600F08CF8204600F08AF80020F0
:10194000207720680069C0F3C000D8B12068C06863
:10195000C0F3C000B0B16FF0080021680861042036
:1019600020772068C06900F0030018B12046FFF717
:10197000A3FF05E0204600F06BF8204600F069F870
:101980000020207720680069C0F30010D8B12068DB
:10199000C068C0F30010B0B16FF01000216808619A
:1019A000082020772068C06900F4407018B12046F4
:1019B000FFF782FF05E0204600F04AF8204600F0DD
:1019C00048F8002020772068006900F0010058B135
:1019D0002068C06800F0010030B16FF0010021689C
:1019E0000861204600F036F820680069C0F3C01096
:1019F00058B12068C068C0F3C01030B16FF08000EB
:101A0000216808612046FFF787FE20680069C0F35F
:101A1000801058B12068C068C0F3801030B16FF0FA
:101A2000400021680861204600F036F8206800690F
:101A3000C0F3401058B12068C068C0F3401030B106
:101A40006FF02000216808612046FFF766FE10BD98
:101A50007047704710B504460748844205D10748CF
:101A60000068401C0549086005E00548844202D131
:101A700004A0FEF7F1FC10BD34030020BC000020E0
:101A80007C03002054494D37CAE4B3F62E2E2E2E87
:101A90002E2E2E0D0A000000704770477047000080
:101AA0002DE9F84F0446206805682068C66820685C
:101AB00047694FF00009CA4605F00F09B9F1000F58
:101AC0000AD105F0200038B106F0200020B12046F0
:101AD00000F059FBBDE8F88FB9F1000F72D007F0A4
:101AE000010018B906F4907000286BD005F00100D1
:101AF00030B106F4807018B1206C40F00100206411
:101B000005F0040030B107F0010018B1206C40F07E
:101B10000200206405F0020030B107F0010018B1A6
:101B2000206C40F00400206405F0080048B106F085
:101B3000200010B907F0010018B1206C40F0080037
:101B40002064206C70B305F0200028B106F020005E
:101B500010B1204600F017FB20684069C0F3801ADE
:101B6000206C00F0080010B9BAF1000F23D0204615
:101B700000F0DEFA2068406900F04000402816D1ED
:101B80002068406920F0400021684861A06B50B196
:101B90005648A16B0865A06BFEF7A5FF10B1A06BBE
:101BA000016D88470CE02046FFF778FF08E02046EB
:101BB000FFF774FF04E02046FFF770FF0020206469
:101BC00088E7FFE7206B012879D105F01000002895
:101BD00075D006F01000002871D000BF00200090E2
:101BE00020680068009020684068009000BF00BF37
:101BF0002068406900F04000402839D1A06B00689F
:101C000040681FFA80F8B8F1000F30D0A08D404531
:101C10002DDDA4F82E80A06BC069B0F5807F1FD0A9
:101C20002068C06820F480702168C860206840691E
:101C300020F00100216848612068406920F04000E0
:101C400021684861202084F83E000020206320683D
:101C5000C06820F010002168C860A06BFEF7EEFE9F
:101C6000A08DE28D801A81B22046FFF716FF31E782
:101C7000A08DE18D401A1FFA80F8E08DE8B1B8F12F
:101C8000000F1AD02068C06820F490702168C860E6
:101C90002068406920F0010021684861202084F814
:101CA0003E00002020632068C06820F010002168FA
:101CB000C86041462046FFF7F0FE0BE7FFE705F05E
:101CC000800030B106F0800018B1204600F0F3FB30
:101CD00000E705F0400030B106F0400018B12046A2
:101CE00000F041FAF6E600BFF4E600001D2100080E
:101CF00010B504460CB9012010BDA06900B100E088
:101D000000BF94F83D0028B9002084F83C0020462C
:101D100000F028F8242084F83D002068C06820F4F2
:101D200000502168C860204600F08CFA20680069E5
:101D300020F49040216808612068406920F02A0062
:101D4000216848612068C06840F400502168C8607C
:101D500000202064202084F83D0084F83E0000200C
:101D6000CAE7000010B586B004462E4920688842B4
:101D700055D100BF00BF002000902B48006840F004
:101D80001000294908600846006800F01000009023
:101D900000BF00BF00BF00BF00BF0020009022486E
:101DA0001438006840F001001F49143908600846E3
:101DB000006800F00100009000BF00BF00BF00BF3E
:101DC00000BF002000900846006840F00100086055
:101DD0000846006800F00100009000BF00BF00BF8F
:101DE00048150190022002900120039002200490E7
:101DF0000720059001A90D48FEF78AFE4FF4806088
:101E000001900720059001A90848FEF781FE2520D2
:101E1000FEF7E5FF032211462520FEF7F0FF06B08E
:101E200010BD000000100140443802400000024094
:101E300070B504460D46164694F83E00202816D18B
:101E400005B10EB9012070BD00BF94F83C00012817
:101E500001D10220F7E7012084F83C0000BF0020F8
:101E6000206332462946204600F002FBEBE70220C1
:101E7000E9E7000010B504462049206888423BD1BC
:101E80001F48008800F4004088BB1D48008800F40B
:101E9000804070B11B4800780A2803D00020184900
:101EA000088024E01648008840F400401449088067
:101EB0001DE0144800780D2806D11148008840F430
:101EC00080400F49088012E00E4800780C490988CC
:101ED000C1F30D010C4A505409480088401C0849C0
:101EE000088008460088C72801DD002008800122FC
:101EF00004490648FFF79CFF10BD00000010014098
:101F0000A0000020A2000020780100204002002054
:101F1000704700BFFEE700BFFEE770472DE9F047BE
:101F20000C46DDE90867002100258C4600BF60E013
:101F30004FF0010808FA01F504EA050CAC4557D149
:101F4000D0F800804FEA410A4FF0030909FA0AF974
:101F500028EA0908C0F80080D0F800804FEA41095B
:101F600002FA09F948EA0908C0F80080012A01D0FC
:101F7000022A27D1D0F808804FEA410A4FF003091E
:101F800009FA0AF928EA0908C0F80880D0F8088098
:101F90004FEA410906FA09F948EA0908C0F8088039
:101FA000D0F804904FF0010808FA01F829EA08096E
:101FB000C0F80490D0F8048003FA01F948EA09084F
:101FC000C0F80480D0F80C804FEA410A4FF00309B2
:101FD00009FA0AF928EA0908C0F80C80D0F80C8040
:101FE0004FEA410907FA09F948EA0908C0F80C80E4
:101FF000491C10299CD3BDE8F08710B5FEF7A4FE5C
:1020000006F02EFB012801D006F002F810BD0000FA
:102010000348006840F47000014908607047000000
:1020200088ED00E010B50248FFF747FC10BD000046
:102030003403002010B50248FFF73FFC10BD00003C
:102040007C03002010B50268294B98420ED0B0F1F5
:10205000804F0BD0274B984208D0274B984205D091
:10206000264B984202D0264B984203D122F07002B0
:102070004B681A431E4B984220D0B0F1804F1DD0C0
:102080001C4B98421AD01C4B984217D01B4B9842BD
:1020900014D01B4B984211D01A4B98420ED01A4BB9
:1020A00098420BD0194B984208D0194B984205D052
:1020B000184B984202D0184B984203D122F4407238
:1020C000CB681A4322F080034C6943EA04020260A1
:1020D0008B68C3620B688362054B984202D0084B41
:1020E000984201D10B6903630123436110BD0000D5
:1020F000000001400004004000080040000C0040C7
:1021000000040140004001400044014000480140FB
:1021100000180040001C00400020004070B505463B
:10212000AC6B0020E085E0842046FFF7B7FC70BD73
:102130000168C96821F490710268D1600168496939
:1021400021F0010102685161016B012905D101688B
:10215000C96821F010010268D160202180F83E108A
:1021600000210163704710B504462068C06820F064
:1021700040002168C860202084F83D002046FFF719
:10218000C7FE002010BD70B5044694F83E0022281A
:1021900056D1A068B0F5805F0CD1206950B90025F8
:1021A000A66A20684068C0F308003080A06A801CDE
:1021B000A06215E0A56A0026A068B0F5805F03D094
:1021C000A06828B9206918B920684068287004E020
:1021D0002068406800F07F002870A06A401CA06260
:1021E000E08D401E80B2E08540BB2068C06820F0D2
:1021F00020002168C8602068C06820F480702168D1
:10220000C8602068406920F00100216848612020F2
:1022100084F83E00206B01280AD12068C06820F0B5
:1022200010002168C860A18D2046FFF736FC02E04F
:102230002046FFF71FFE0020206370BD0020FCE752
:102240000220FAE72DE9F84F04462068006920F4DF
:102250004050E1680843216808612169A06808438B
:1022600061690843E169084300902068C06849F249
:102270000C618843009908432168C8602068406960
:1022800020F44070A16908432168486176492068BC
:10229000884203D075492068884203D1FEF7DAFEF0
:1022A000814602E0FEF7C6FE8146E069B0F5004FC8
:1022B0006CD102206168A0FB015003461920A9FBE4
:1022C000007001462A463846FEF74FF86421B0FBFD
:1022D000F1F04FEA001A02206168A0FB01510B46A1
:1022E0001920A9FB00712A463846FEF73EF88346BE
:1022F00002206168A0FB015003461920A9FB007170
:102300002A463846FEF731F86421B0FBF1F000EBC5
:10231000C00101EB0010ABEB8000322101EBC000EB
:102320006421B0FBF1F000F0F8000AEB400A022053
:102330006168A0FB015003461920A9FB007001460B
:102340002A463846FEF711F8834602206168A0FB52
:10235000015003461920A9FB00712A463846FEF7B2
:1023600004F86421B0FBF1F000EBC00101EB0010B8
:10237000ABEB8000322101EBC0006421B0FBF1F037
:1023800000F007005044216888606AE0042061681A
:10239000A0FB015003461920A9FB007001462A4604
:1023A0003846FDF7E2FF824604206168A0FB015039
:1023B00003461920A9FB007001462A463846FDF75E
:1023C000D4FF6421B0FBF1F000EBC00101EB001081
:1023D000AAEB8000322101EB00106421B0FBF1F088
:1023E00000F0F00A04206168A0FB01700346192088
:1023F000A9FB00513A462846FDF7B7FF6421B0FB20
:10240000F1F00AEB001A04206168A0FB01510B46B1
:102410001920A9FB00712A463846FDF7A6FF83461E
:1024200004206168A0FB015003461920A9FB00703D
:1024300001462A463846FDF798FF6421B0FBF1F0CB
:1024400000EBC00101EB0010ABEB8000322101EB8F
:1024500000106421B0FBF1F000F00F00504421683F
:102460008860BDE8F88F00000010014000140140B2
:1024700010B5034699629A85DA85002018642220F7
:1024800083F83E0000BF002083F83C0000BF1868BE
:10249000C06840F480701C68E0601868406940F0D3
:1024A00001001C6860611868C06840F020001C686A
:1024B000E060002010BD014691F83D00212828D1A0
:1024C0008868B0F5805F0BD1086948B90A6A10883E
:1024D000C0F308000B685860086A801C086205E0B9
:1024E0000B6A581C086218780B685860C88C401E2C
:1024F00080B2C88458B90868C06820F080000B68B2
:10250000D8600868C06840F040000B68D8600020C0
:1025100070470220FCE7000010B50248FFF7C0FA40
:1025200010BD00004002002000BFFEE770B506218C
:10253000302004F0A5FE302004F0B2FD0546062D43
:1025400003D00621302004F09BFE002403E006F0B7
:10255000CFFB601C84B2C82CF9DB70BD0248006858
:10256000C0F30220704700000CED00E010B5002819
:1025700004DB0A07130E054A135406E00A07140E7B
:10258000034A00F00F031B1FD45410BD00E400E009
:1025900018ED00E000BF704700F00101194A11601A
:1025A000C0F34001184AC2F88412C0F38001154AF2
:1025B00008321160C0F30011121F1160C0F3401106
:1025C000104A3C321160C0F38011104A1160C0F310
:1025D000C0110C4A38321160C0F300210B4A121DA1
:1025E0001160C0F34021074A34321160C0F38021EA
:1025F000044A14321160C0F3C021024A0C32116047
:1026000070470000808242420000434290024342F1
:1026100070B505460C4607480749086008464460FF
:1026200000218160C5600161FFF778F80248FFF77B
:10263000EFF870BD000400403403002000F00101F9
:10264000104A1160C0F340010F4AC2F8BC12C0F337
:1026500080010C4A383A1160C0F3C001121D1160AC
:10266000C0F30011094A1160C0F34011121D11603E
:10267000C0F38011121D1160C109054AC2F8A812E9
:1026800070470000B8824142008041429C024242B1
:102690000000424270B504460420FFF70FF80A48D4
:1026A000046025464FF47A7045434FF0E0200069FE
:1026B00040F002004FF0E0210861084645610069E2
:1026C00040F00100086170BD9800002030B504465C
:1026D000002504E04FF47A7000F004F86D1CA54268
:1026E000F8D330BD70B5034600224FF0E02675697F
:1026F0000D4E366803FB06F44FF0E026B16910E09A
:102700004FF0E026B06988420BD0884202D20E1A00
:10271000324402E02E1A0E4432440146A24200D353
:1027200000E0EDE700BF70BD9800002000BF054A43
:10273000126802F04002002AF9D0C2B2014B5A607E
:1027400070470000001001400EB54FF478402AA1F8
:1027500020221346CDE900210290DC220A210846FE
:1027600003F070FB4FF4784025A118221346CDE901
:1027700000210290DC222F210A2003F063FB4FF49A
:10278000784024A110221346CDE900210290DC22DA
:102790004C210A2003F056FB00220121022005F003
:1027A00051FC204908600846006818B11EA0FDF7DA
:1027B00053FE02E023A0FDF74FFE0022042101207A
:1027C00005F040FC264908600846006818B125A0BD
:1027D000FDF742FE02E02BA0FDF73EFE314801214D
:1027E00000238022CDE900102FA1324805F008FF18
:1027F00005F050FA0EBD000053544D333200000076
:102800004672656552544F5320506F7274696E67FB
:102810000000000041544F4D40414C49454E544545
:102820004B000000140000206B65795F71756575C1
:1028300065B6D3C1D0B4B4BDA8B3C9B9A6A3A1A38A
:10284000A10D0A006B65795F7175657565B6D3C1B9
:10285000D0B4B4BDA8CAA7B0DCA3A1A3A10D0A003F
:1028600018000020626967446174655F7175657561
:1028700065B6D3C1D0B4B4BDA8B3C9B9A6A3A1A34A
:10288000A10D0A00626967446174655F71756575C1
:1028900065B6D3C1D0B4B4BDA8CAA7B0DCA3A1A308
:1028A000A10D0A000400002073746172745F7461EA
:1028B000736B00006573000800B587B000BF00BFF0
:1028C000002001903848006840F010003649086048
:1028D0000846006800F01000019000BF00BF00BF74
:1028E00000BF00BF002001900846006840F01000C3
:1028F00008600846006800F01000019000BF00BFAB
:1029000000BF00BF00BF002001900846006840F0F3
:10291000100008600846006800F01000019000BF39
:1029200000BF00BF00BF00BF002001900846006844
:1029300040F0010008600846006800F001000190C6
:1029400000BF00BF00BF10200290002003900120B4
:1029500004900220059002A91448FEF7D9F8082037
:10296000029000200390012004900220059002A90B
:102970000E48FEF7CDF804200290002003900120BD
:1029800004900220059002A90848FEF7C1F8012032
:1029900002900020039002200490059002A90448B0
:1029A000FEF7B6F807B000BD303802400010024014
:1029B0000000024070B50446002514B101202B49E7
:1029C00008702A480078002834D010212848FEF7E3
:1029D000A1F978B108212648FEF79CF950B10421ED
:1029E0002348FEF797F928B101212248FEF792F912
:1029F00001281FD10A20FFF769FE00201B4908703B
:102A000010211B48FEF786F900B901250821184856
:102A1000FEF780F900B9022504211548FEF77AF97E
:102A200000B9032501211348FEF774F901281BD1D1
:102A3000042519E010210E48FEF76CF9012813D186
:102A400008210B48FEF766F901280DD1042108483A
:102A5000FEF760F9012807D101210648FEF75AF96F
:102A600010B9012001490870284670BDB800002047
:102A7000001002400000024070B5044600260948DC
:102A80000588408845430021084603F0ABF803F071
:102A900057FA00BF02E004480480761CAE42FAD325
:102AA00070BD0000D40200208000006C10B5044608
:102AB00058488471002C58D1F020564908804FF4B2
:102AC000A07048800846808845F21051884210D195
:102AD0004FF430504F4908814FF4285048814FF44B
:102AE0002C5088814FF4F07008804FF44870488073
:102AF0001AE04848808841F6631188420DD12C20A5
:102B0000444908812B2048812A2088814FF4F070A5
:102B100008804FF44870488006E02C203D49088129
:102B20002A2048812B2088813A48808845F210313C
:102B3000884205D03748808847F29671884206D18E
:102B40004FF4A070334908804FF4F070488031484A
:102B5000808849F60601884258D14FF4F0702D491B
:102B600008804FF44870488050E04FF4A070294925
:102B70000880F02048800846808845F2105188423D
:102B800010D14FF43050234908814FF42850488128
:102B90004FF42C5088814FF4487008804FF4F07047
:102BA000488020E01B48808841F66311884205D0A8
:102BB0001848808849F6060188420DD12C20154915
:102BC00008812A2048812B2088814FF44870088092
:102BD0004FF4F070488006E02C200E4908812A202E
:102BE00048812B2088810B48808845F2103188422B
:102BF00005D00848808847F29671884206D14FF484
:102C0000F070044908804FF4A0704880002002F062
:102C1000CBFE10BDD402002070B505460E4614460A
:102C20003146284602F0DEFF03F08AF901490C80A4
:102C300070BD00008000006C10B5CF2003F074F967
:102C4000002003F065F9C12003F062F9302003F0A1
:102C50005FF9ED2003F068F9642003F059F90320CF
:102C600003F056F9122003F053F9812003F050F9D4
:102C7000E82003F059F9852003F04AF9102003F009
:102C800047F97A2003F044F9CB2003F04DF93920BD
:102C900003F03EF92C2003F03BF9002003F038F953
:102CA000342003F035F9022003F032F9F72003F065
:102CB0003BF9202003F02CF9EA2003F035F900203D
:102CC00003F026F9002003F023F9C02003F02CF9CB
:102CD0001B2003F01DF9C12003F026F9012003F0A9
:102CE00017F9C52003F020F9302003F011F9302046
:102CF00003F00EF9C72003F017F9B72003F008F925
:102D0000362003F011F9482003F002F93A2003F0CD
:102D10000BF9552003F0FCF8B12003F005F9002071
:102D200003F0F6F81A2003F0F3F8B62003F0FCF8ED
:102D30000A2003F0EDF8A22003F0EAF8F22003F0F5
:102D4000F3F8002003F0E4F8262003F0EDF801206A
:102D500003F0DEF8E02003F0E7F80F2003F0D8F8E6
:102D60002A2003F0D5F8282003F0D2F8082003F039
:102D7000CFF80E2003F0CCF8082003F0C9F8542057
:102D800003F0C6F8A92003F0C3F8432003F0C0F80D
:102D90000A2003F0BDF80F2003F0BAF8002003F07A
:102DA000B7F8002003F0B4F8002003F0B1F80020D9
:102DB00003F0AEF8E12003F0B7F8002003F0A8F824
:102DC000152003F0A5F8172003F0A2F8072003F060
:102DD0009FF8112003F09CF8062003F099F82B20AF
:102DE00003F096F8562003F093F83C2003F090F897
:102DF000052003F08DF8102003F08AF80F2003F06F
:102E000087F83F2003F084F83F2003F081F80F207B
:102E100003F07EF82B2003F087F8002003F078F809
:102E2000002003F075F8012003F072F83F2003F052
:102E30006FF82A2003F078F8002003F069F80020EA
:102E400003F066F8002003F063F8EF2003F060F869
:102E5000112003F069F87820FFF738FC292003F0EF
:102E600063F810BD10B5FF2003F05EF8FF2003F0FB
:102E70004FF8982003F04CF8062003F049F8BC20E6
:102E800003F052F8012003F043F80F2003F040F85C
:102E9000612003F03DF8FF2003F03AF8012003F031
:102EA00037F8012003F034F80B2003F031F810203C
:102EB00003F02EF8372003F02BF8632003F028F8F6
:102EC000FF2003F025F8FF2003F022F8012003F093
:102ED0001FF8012003F01CF8002003F019F800206F
:102EE00003F016F8FF2003F013F8522003F010F857
:102EF000012003F00DF8002003F00AF8402003F051
:102F000007F8BD2003F010F8012003F001F823209A
:102F100002F0FEFF452002F0FBFF672002F0F8FF01
:102F2000012002F0F5FF232002F0F2FF452002F01D
:102F3000EFFF672002F0ECFFBE2002F0F5FF00205B
:102F400002F0E6FF012002F0E3FFAB2002F0E0FF19
:102F5000602002F0DDFF222002F0DAFF222002F0E2
:102F6000D7FF222002F0D4FF222002F0D1FF22203E
:102F700002F0CEFFC72002F0D7FF362002F0C8FFD4
:102F8000ED2002F0D1FF7F2002F0C2FF0F2002F0FF
:102F9000BFFFC02002F0C8FF0F2002F0B9FF0B20D6
:102FA00002F0B6FF0A2002F0B3FFFC2002F0BCFFE3
:102FB000082002F0ADFFDF2002F0B6FF002002F093
:102FC000A7FF002002F0A4FF002002F0A1FF0020D4
:102FD00002F09EFF002002F09BFF202002F098FFED
:102FE000F32002F0A1FF742002F092FFB42002F05F
:102FF0009BFF002002F08CFF002002F089FF0020E0
:1030000002F086FFF72002F08FFF822002F080FF9F
:10301000B12002F089FF002002F07AFF132002F0B5
:1030200077FF132002F074FFF22002F07DFF802072
:1030300002F06EFF042002F06BFF402002F068FFF8
:10304000282002F065FFC12002F06EFF172002F079
:103050005FFF882002F05CFF882002F059FF2020EB
:1030600002F056FFE02002F05FFF002002F050FF68
:103070000A2002F04DFF122002F04AFF102002F059
:1030800047FF0E2002F044FF202002F041FFCC2039
:1030900002F03EFF072002F03BFF062002F038FF5F
:1030A0000B2002F035FF0E2002F032FF0F2002F05D
:1030B0002FFF0D2002F02CFF152002F029FF102019
:1030C00002F026FF002002F023FFE12002F02CFF97
:1030D000002002F01DFF0B2002F01AFF132002F067
:1030E00017FF0D2002F014FF0E2002F011FF1B202D
:1030F00002F00EFF712002F00BFF062002F008FF25
:10310000062002F005FF0A2002F002FF0F2002F065
:10311000FFFE0E2002F0FCFE0F2002F0F9FE15204B
:1031200002F0F6FE0C2002F0F3FE002002F0F0FEAA
:103130002A2002F0F9FE002002F0EAFE002002F050
:10314000E7FE012002F0E4FEDF2002F0E1FE2B208A
:1031500002F0EAFE002002F0DBFE002002F0D8FEC2
:10316000032002F0D5FE1F2002F0D2FE3A2002F02A
:10317000DBFE552002F0CCFE362002F0D5FE00200A
:1031800002F0C6FE112002F0CFFE7820FFF79EFA73
:10319000292002F0C9FE1420FFF798FA2C2002F033
:1031A000C3FE10BD10B5ED2002F0BEFE012002F0FE
:1031B000AFFEFE2002F0ACFEEE2002F0B5FEDE20F7
:1031C00002F0A6FE212002F0A3FEF12002F0ACFEE8
:1031D000012002F09DFEDF2002F0A6FE102002F08A
:1031E00097FEC42002F0A0FE8F2002F091FEC620C0
:1031F00002F09AFE002002F08BFEE22002F088FE30
:10320000E22002F085FEE22002F082FEBF2002F002
:103210008BFEAA2002F07CFEB02002F085FE0D207D
:1032200002F076FE002002F073FE0D2002F070FE28
:10323000002002F06DFE112002F06AFE002002F074
:1032400067FE192002F064FE002002F061FE2120DA
:1032500002F05EFE002002F05BFE2D2002F058FE20
:10326000002002F055FE3D2002F052FE002002F048
:103270004FFE5D2002F04CFE002002F049FE5D2072
:1032800002F046FE002002F043FEB12002F04CFEA8
:10329000802002F03DFE002002F03AFE8B2002F07A
:1032A00037FE002002F034FE962002F031FE0020AE
:1032B00002F02EFEB22002F037FE002002F028FEBF
:1032C000002002F025FE022002F022FE002002F083
:1032D0001FFE032002F01CFE002002F019FEB320A6
:1032E00002F022FE002002F013FE002002F010FE89
:1032F000002002F00DFE002002F00AFE002002F085
:1033000007FE002002F004FE002002F001FE002073
:1033100002F0FEFD002002F0FBFD002002F0F8FDAF
:10332000002002F0F5FD002002F0F2FD002002F086
:10333000EFFD002002F0ECFD002002F0E9FD00208E
:1033400002F0E6FD002002F0E3FD002002F0E0FDC7
:10335000002002F0DDFD002002F0DAFD002002F086
:10336000D7FD002002F0D4FD002002F0D1FD0020A6
:1033700002F0CEFDB42002F0D7FD8B2002F0C8FD94
:10338000002002F0C5FD962002F0C2FD002002F0F0
:10339000BFFDA12002F0BCFD002002F0B9FDB52068
:1033A00002F0C2FD022002F0B3FD002002F0B0FDE9
:1033B000032002F0ADFD002002F0AAFD042002F07F
:1033C000A7FD002002F0A4FDB62002F0ADFD002014
:1033D00002F09EFD002002F09BFDB72002F0A4FD4C
:1033E000002002F095FD002002F092FD3F2002F047
:1033F0008FFD002002F08CFD5E2002F089FD002090
:1034000002F086FD642002F083FD002002F080FDC2
:103410008C2002F07DFD002002F07AFDAC2002F04D
:1034200077FD002002F074FDDC2002F071FD002029
:1034300002F06EFD702002F06BFD002002F068FDCE
:10344000902002F065FD002002F062FDEB2002F00A
:103450005FFD002002F05CFDDC2002F059FD002041
:1034600002F056FDB82002F05FFD002002F050FD92
:10347000002002F04DFD002002F04AFD002002F085
:1034800047FD002002F044FD002002F041FD002035
:1034900002F03EFD002002F03BFDBA2002F044FDA8
:1034A000242002F035FD002002F032FD002002F061
:1034B0002FFD002002F02CFDC12002F035FD202060
:1034C00002F026FD002002F023FD542002F020FD32
:1034D000002002F01DFDFF2002F01AFD002002F086
:1034E00017FDC22002F020FD0A2002F011FD00208D
:1034F00002F00EFD042002F00BFD002002F008FD9A
:10350000C32002F011FD3C2002F002FD002002F079
:10351000FFFC3A2002F0FCFC002002F0F9FC39200C
:1035200002F0F6FC002002F0F3FC372002F0F0FC81
:10353000002002F0EDFC3C2002F0EAFC002002F04A
:10354000E7FC362002F0E4FC002002F0E1FC32202F
:1035500002F0DEFC002002F0DBFC2F2002F0D8FCA1
:10356000002002F0D5FC2C2002F0D2FC002002F05A
:10357000CFFC292002F0CCFC002002F0C9FC262060
:1035800002F0C6FC002002F0C3FC242002F0C0FCC4
:10359000002002F0BDFC242002F0BAFC002002F062
:1035A000B7FC232002F0B4FC002002F0B1FC3C2068
:1035B00002F0AEFC002002F0ABFC362002F0A8FCCA
:1035C000002002F0A5FC322002F0A2FC002002F054
:1035D0009FFC2F2002F09CFC002002F099FC2C2084
:1035E00002F096FC002002F093FC292002F090FCEF
:1035F000002002F08DFC262002F08AFC002002F060
:1036000087FC242002F084FC002002F081FC2420AE
:1036100002F07EFC002002F07BFC232002F078FC0C
:10362000002002F075FCC42002F07EFC622002F053
:103630006FFC002002F06CFC052002F069FC002009
:1036400002F066FC842002F063FC002002F060FCC3
:10365000F02002F05DFC002002F05AFC182002F07D
:1036600057FC002002F054FCA42002F051FC002082
:1036700002F04EFC182002F04BFC002002F048FC47
:10368000502002F045FC002002F042FC0C2002F029
:103690003FFC002002F03CFC172002F039FC002027
:1036A00002F036FC952002F033FC002002F030FCE2
:1036B000F32002F02DFC002002F02AFCE62002F0AC
:1036C00027FC002002F024FCC52002F02DFC322053
:1036D00002F01EFC002002F01BFC442002F018FC4B
:1036E000002002F015FC652002F012FC002002F020
:1036F0000FFC762002F00CFC002002F009FC882070
:1037000002F006FC002002F003FCC62002F00CFCD4
:10371000202002F0FDFB002002F0FAFB172002F04F
:10372000F7FB002002F0F4FB012002F0F1FB002087
:1037300002F0EEFBC72002F0F7FB002002F0E8FBEE
:10374000002002F0E5FB002002F0E2FB002002F086
:10375000DFFBC82002F0E8FB002002F0D9FB0020CC
:1037600002F0D6FB002002F0D3FB002002F0D0FBD9
:10377000C92002F0D9FB002002F0CAFB002002F0B1
:10378000C7FB002002F0C4FB002002F0C1FB0020B8
:1037900002F0BEFB002002F0BBFB002002F0B8FBF1
:1037A000002002F0B5FB002002F0B2FB002002F086
:1037B000AFFB002002F0ACFB002002F0A9FB0020D0
:1037C00002F0A6FB002002F0A3FB002002F0A0FB09
:1037D000002002F09DFBE02002F0A6FB162002F084
:1037E00097FB002002F094FB1C2002F091FB0020CC
:1037F00002F08EFB212002F08BFB002002F088FB00
:10380000362002F085FB002002F082FB462002F009
:103810007FFB002002F07CFB522002F079FB0020AD
:1038200002F076FB642002F073FB002002F070FBD4
:103830007A2002F06DFB002002F06AFB8B2002F080
:1038400067FB002002F064FB992002F061FB00207E
:1038500002F05EFBA82002F05BFB002002F058FBA8
:10386000B92002F055FB002002F052FBC42002F008
:103870004FFB002002F04CFBCA2002F049FB002065
:1038800002F046FBD22002F043FB002002F040FB96
:10389000D92002F03DFB002002F03AFBE02002F0CC
:1038A00037FB002002F034FBF32002F031FB002054
:1038B00002F02EFBE12002F037FB162002F028FB7D
:1038C000002002F025FB1C2002F022FB002002F069
:1038D0001FFB222002F01CFB002002F019FB362007
:1038E00002F016FB002002F013FB452002F010FB53
:1038F000002002F00DFB522002F00AFB002002F033
:1039000007FB642002F004FB002002F001FB7A2098
:1039100002F0FEFA002002F0FBFA8B2002F0F8FA27
:10392000002002F0F5FA992002F0F2FA002002F0ED
:10393000EFFAA82002F0ECFA002002F0E9FAB92030
:1039400002F0E6FA002002F0E3FAC42002F0E0FA06
:10395000002002F0DDFACA2002F0DAFA002002F0BC
:10396000D7FAD22002F0D4FA002002F0D1FAD820FF
:1039700002F0CEFA002002F0CBFAE02002F0C8FA02
:10398000002002F0C5FAF32002F0C2FA002002F093
:10399000BFFAE22002F0C8FA052002F0B9FA0020CE
:1039A00002F0B6FA0B2002F0B3FA002002F0B0FAEF
:1039B0001B2002F0ADFA002002F0AAFA342002F037
:1039C000A7FA002002F0A4FA442002F0A1FA002095
:1039D00002F09EFA4F2002F09BFA002002F098FAC3
:1039E000612002F095FA002002F092FA792002F0AC
:1039F0008FFA002002F08CFA882002F089FA002069
:103A000002F086FA972002F083FA002002F080FA92
:103A1000A62002F07DFA002002F07AFAB72002F028
:103A200077FA002002F074FAC22002F071FA002046
:103A300002F06EFAC72002F06BFA002002F068FA7A
:103A4000D12002F065FA002002F062FAD62002F0DE
:103A50005FFA002002F05CFADD2002F059FA002043
:103A600002F056FAF32002F053FA002002F050FA66
:103A7000E32002F059FA052002F04AFA002002F091
:103A800047FA0A2002F044FA002002F041FA1C2012
:103A900002F03EFA002002F03BFA332002F038FA3E
:103AA000002002F035FA442002F032FA002002F041
:103AB0002FFA502002F02CFA002002F029FA62209E
:103AC00002F026FA002002F023FA782002F020FA11
:103AD000002002F01DFA882002F01AFA002002F0FD
:103AE00017FA972002F014FA002002F011FAA6202B
:103AF00002F00EFA002002F00BFAB72002F008FAEA
:103B0000002002F005FAC22002F002FA002002F0C2
:103B1000FFF9C72002F0FCF9002002F0F9F9D120EA
:103B200002F0F6F9002002F0F3F9D52002F0F0F9E6
:103B3000002002F0EDF9DD2002F0EAF9002002F0A9
:103B4000E7F9F32002F0E4F9002002F0E1F9E420C3
:103B500002F0EAF9012002F0DBF9002002F0D8F9C6
:103B6000012002F0D5F9002002F0D2F9022002F083
:103B7000CFF9002002F0CCF92A2002F0C9F9002088
:103B800002F0C6F93C2002F0C3F9002002F0C0F9AF
:103B90004B2002F0BDF9002002F0BAF95D2002F0DE
:103BA000B7F9002002F0B4F9742002F0B1F9002056
:103BB00002F0AEF9842002F0ABF9002002F0A8F97F
:103BC000932002F0A5F9002002F0A2F9A22002F051
:103BD0009FF9002002F09CF9B32002F099F900202F
:103BE00002F096F9BE2002F093F9002002F090F95D
:103BF000C42002F08DF9002002F08AF9CD2002F0F5
:103C000087F9002002F084F9D32002F081F9002026
:103C100002F07EF9DD2002F07BF9002002F078F955
:103C2000F32002F075F9002002F072F9E52002F0AD
:103C30007BF9002002F06CF9002002F069F9002005
:103C400002F066F9002002F063F9022002F060F948
:103C5000002002F05DF9292002F05AF9002002F05C
:103C600057F93C2002F054F9002002F051F94B20A2
:103C700002F04EF9002002F04BF95D2002F048F905
:103C8000002002F045F9742002F042F9002002F011
:103C90003FF9842002F03CF9002002F039F993202A
:103CA00002F036F9002002F033F9A22002F030F9D8
:103CB000002002F02DF9B32002F02AF9002002F0D2
:103CC00027F9BE2002F024F9002002F021F9C420D7
:103CD00002F01EF9002002F01BF9CD2002F018F9C5
:103CE000002002F015F9D32002F012F9002002F0B2
:103CF0000FF9DC2002F00CF9002002F009F9F320A2
:103D000002F006F9002002F003F9E62002F00CF9B7
:103D1000112002F0FDF8002002F0FAF8342002F041
:103D2000F7F8002002F0F4F8562002F0F1F8002035
:103D300002F0EEF8762002F0EBF8002002F0E8F84E
:103D4000772002F0E5F8002002F0E2F8662002F0A9
:103D5000DFF8002002F0DCF8882002F0D9F800201B
:103D600002F0D6F8992002F0D3F8002002F0D0F843
:103D7000BB2002F0CDF8002002F0CAF8992002F032
:103D8000C7F8002002F0C4F8662002F0C1F8002055
:103D900002F0BEF8552002F0BBF8002002F0B8F89F
:103DA000552002F0B5F8002002F0B2F8452002F0EC
:103DB000AFF8002002F0ACF8432002F0A9F8002090
:103DC00002F0A6F8442002F0A3F8002002F0A0F8C8
:103DD000E72002F0A9F8322002F09AF8002002F061
:103DE00097F8552002F094F8002002F091F8762020
:103DF00002F08EF8002002F08BF8662002F088F8BE
:103E0000002002F085F8672002F082F8002002F01E
:103E10007FF8672002F07CF8002002F079F8872014
:103E200002F076F8002002F073F8992002F070F8A2
:103E3000002002F06DF8BB2002F06AF8002002F0CA
:103E400067F8992002F064F8002002F061F877200A
:103E500002F05EF8002002F05BF8442002F058F80F
:103E6000002002F055F8562002F052F8002002F02F
:103E70004FF8232002F04CF8002002F049F83320DC
:103E800002F046F8002002F043F8452002F040F826
:103E9000002002F03DF8E82002F046F8002002F091
:103EA00037F8002002F034F8992002F031F80020B1
:103EB00002F02EF8872002F02BF8002002F028F8FC
:103EC000882002F025F8002002F022F8772002F086
:103ED0001FF8002002F01CF8662002F019F80020FC
:103EE00002F016F8882002F013F8002002F010F813
:103EF000AA2002F00DF8002002F00AF8BB2002F020
:103F000007F8002002F004F8992002F001F80020E0
:103F100001F0FEFF662001F0FBFF002001F0F8FF3A
:103F2000552001F0F5FF002001F0F2FF552001F0CF
:103F3000EFFF002001F0ECFF442001F0E9FF00203A
:103F400001F0E6FF442001F0E3FF002001F0E0FF74
:103F5000552001F0DDFF002001F0DAFFE92001F03B
:103F6000E3FFAA2001F0D4FF002001F0D1FF0020E0
:103F700001F0CEFF002001F0CBFF002001F0D4FFC4
:103F8000AA2001F0C5FFCF2001F0CEFF002001F0F4
:103F9000BFFF002001F0BCFF002001F0B9FF0020AE
:103FA00001F0B6FF002001F0B3FF002001F0B0FFE8
:103FB000002001F0ADFF002001F0AAFF002001F079
:103FC000A7FF002001F0A4FF002001F0A1FF0020C6
:103FD00001F09EFF002001F09BFF002001F098FF00
:103FE000002001F095FF002001F092FF002001F079
:103FF0008FFFF02001F098FF002001F089FF502092
:1040000001F086FF002001F083FF002001F080FF17
:10401000002001F07DFFF32001F086FF002001F079
:1040200077FFF92001F080FF062001F071FF1020DA
:1040300001F06EFF292001F06BFF002001F068FF06
:104040003A2001F071FF552001F062FF112001F0CC
:104050006BFF6420FEF73AFB292001F065FF352055
:1040600001F062FF002001F053FF512001F05CFFDE
:10407000FF2001F04DFF532001F056FF2C2001F0EE
:1040800047FF552001F050FF822001F041FF2C2016
:1040900001F04AFF10BD10B555214FF4704001F0FA
:1040A00059FFAA214FF2010001F054FF52214FF2B3
:1040B000020001F04FFF08214FF2030001F04AFF18
:1040C00001214FF2040001F045FF0D214FF4304073
:1040D00001F040FF0D214BF2010001F03BFF0D21EB
:1040E0004BF2020001F036FF34214FF4364001F06C
:1040F00031FF34214BF2016001F02CFF34214BF2EF
:10410000026001F027FF0D214FF4314001F022FF42
:104110000D214BF2011001F01DFF0D214BF2021099
:1041200001F018FF34214FF4374001F013FF342120
:104130004BF2017001F00EFF34214BF2027001F0DE
:1041400009FF00214FF4324001F004FF00214BF23F
:10415000012001F0FFFE00214BF2022001F0FAFEE7
:1041600024214FF4384001F0F5FE24214BF60100E4
:1041700001F0F0FE24214BF6020001F0EBFE0121DC
:104180004FF43F4001F0E6FE0F214FF4334001F0C1
:10419000E1FE0F214BF2013001F0DCFE0F214BF26A
:1041A000023001F0D7FE34214FF4394001F0D2FE45
:1041B00034214BF6011001F0CDFE34214BF60210F4
:1041C00001F0C8FE08214FF4354001F0C3FE08217C
:1041D0004BF2015001F0BEFE08214BF2025001F0FB
:1041E000B9FE03214FF4424001F0B4FE24214FF404
:1041F0003A4001F0AFFE24214BF6012001F0AAFE67
:1042000024214BF6022001F0A5FE00214FF43C4092
:1042100001F0A0FE78214BF6014001F09BFE002149
:104220004BF6024001F096FE00214FF43D4001F0B4
:1042300091FE78214BF6015001F08CFE00214BF6E7
:10424000025001F087FE00214FF43E4001F082FE53
:1042500064214BF6016001F07DFE00214FF45140D6
:1042600001F078FE33214DF2011001F073FE0021C0
:104270004DF2021001F06EFE34214DF2031001F0F8
:1042800069FE00214DF2041001F064FE3A214DF266
:10429000051001F05FFE00214DF2061001F05AFEFC
:1042A0004A214DF2071001F055FE00214DF2081091
:1042B00001F050FE5C214DF2091001F04BFE00218F
:1042C0004DF20A1001F046FE81214DF20B1001F073
:1042D00041FE00214DF20C1001F03CFEA6214DF2F2
:1042E0000D1001F037FE00214DF20E1001F032FEEC
:1042F000E5214DF20F1001F02DFE01214DF21010BD
:1043000001F028FE13214DF2111001F023FE0121CE
:104310004DF2121001F01EFE54214DF2131001F067
:1043200019FE01214DF2141001F014FE82214DF20C
:10433000151001F00FFE01214DF2161001F00AFEDA
:10434000CA214DF2171001F005FE02214DF218109E
:1043500001F000FE00214DF2191001F0FBFD0221D9
:104360004DF21A1001F0F6FD01214DF21B1001F083
:10437000F1FD02214DF21C1001F0ECFD34214DF253
:104380001D1001F0E7FD02214DF21E1001F0E2FDCB
:1043900067214DF21F1001F0DDFD02214DF22010CA
:1043A00001F0D8FD84214DF2211001F0D3FD02214E
:1043B0004DF2221001F0CEFDA4214DF2231001F0A8
:1043C000C9FD02214DF2241001F0C4FDB7214DF2C8
:1043D000251001F0BFFD02214DF2261001F0BAFDBB
:1043E000CF214DF2271001F0B5FD02214DF228102A
:1043F00001F0B0FDDE214DF2291001F0ABFD0221EC
:104400004DF22A1001F0A6FDF2214DF22B1001F021
:10441000A1FD02214DF22C1001F09CFDFE214DF278
:104420002D1001F097FD03214DF22E1001F092FDA9
:1044300010214DF22F1001F08DFD03214DF23010AF
:1044400001F088FD33214DF2311001F083FD03218D
:104450004DF2321001F07EFD6D214DF2331001F06E
:1044600079FD00214FF4524001F074FD33214DF2EB
:10447000012001F06FFD00214DF2022001F06AFDE4
:1044800034214DF2032001F065FD00214DF204209E
:1044900001F060FD3A214DF2052001F05BFD0021A5
:1044A0004DF2062001F056FD4A214DF2072001F0A1
:1044B00051FD00214DF2082001F04CFD5C214DF230
:1044C000092001F047FD00214DF20A2001F042FDD4
:1044D00081214DF20B2001F03DFD00214DF20C2019
:1044E00001F038FDA6214DF20D2001F033FD002131
:1044F0004DF20E2001F02EFDE5214DF20F2001F0CE
:1045000029FD01214DF2102001F024FD13214DF26F
:10451000112001F01FFD01214DF2122001F01AFDC2
:1045200054214DF2132001F015FD01214DF214200C
:1045300001F010FD82214DF2152001F00BFD01214B
:104540004DF2162001F006FDCA214DF2172001F0B0
:1045500001FD02214DF2182001F0FCFC00214DF27A
:10456000192001F0F7FC02214DF21A2001F0F2FCB3
:1045700001214DF21B2001F0EDFC02214DF21C2027
:1045800001F0E8FC34214DF21D2001F0E3FC022192
:104590004DF21E2001F0DEFC67214DF21F2001F0DC
:1045A000D9FC02214DF2202001F0D4FC84214DF2EF
:1045B000212001F0CFFC02214DF2222001F0CAFCA3
:1045C000A4214DF2232001F0C5FC02214DF224204C
:1045D00001F0C0FCB7214DF2252001F0BBFC022107
:1045E0004DF2262001F0B6FCCF214DF2272001F03C
:1045F000B1FC02214DF2282001F0ACFCDE214DF28D
:10460000292001F0A7FC02214DF22A2001F0A2FC92
:10461000F2214DF22B2001F09DFC02214DF22C20C5
:1046200001F098FCFE214DF22D2001F093FC0321B6
:104630004DF22E2001F08EFC10214DF22F2001F0C2
:1046400089FC03214DF2302001F084FC33214DF22E
:10465000312001F07FFC03214DF2322001F07AFC81
:104660006D214DF2332001F075FC00214FF45340D1
:1046700001F070FC33214DF2013001F06BFC0021A0
:104680004DF2023001F066FC34214DF2033001F0AE
:1046900061FC00214DF2043001F05CFC3A214DF246
:1046A000053001F057FC00214DF2063001F052FCBC
:1046B0004A214DF2073001F04DFC00214DF2083047
:1046C00001F048FC5C214DF2093001F043FC00216F
:1046D0004DF20A3001F03EFC81214DF20B3001F029
:1046E00039FC00214DF20C3001F034FCA6214DF2D2
:1046F0000D3001F02FFC00214DF20E3001F02AFCAC
:10470000E5214DF20F3001F025FC01214DF2103072
:1047100001F020FC13214DF2113001F01BFC0121AE
:104720004DF2123001F016FC54214DF2133001F01D
:1047300011FC01214DF2143001F00CFC82214DF2EC
:10474000153001F007FC01214DF2163001F002FC9A
:10475000CA214DF2173001F0FDFB02214DF2183055
:1047600001F0F8FB00214DF2193001F0F3FB0221BA
:104770004DF21A3001F0EEFB01214DF21B3001F039
:10478000E9FB02214DF21C3001F0E4FB34214DF233
:104790001D3001F0DFFB02214DF21E3001F0DAFB8B
:1047A00067214DF21F3001F0D5FB02214DF2203080
:1047B00001F0D0FB84214DF2213001F0CBFB02212E
:1047C0004DF2223001F0C6FBA4214DF2233001F05E
:1047D000C1FB02214DF2243001F0BCFBB7214DF2A8
:1047E000253001F0B7FB02214DF2263001F0B2FB7B
:1047F000CF214DF2273001F0ADFB02214DF22830E0
:1048000001F0A8FBDE214DF2293001F0A3FB0221CB
:104810004DF22A3001F09EFBF2214DF22B3001F0D7
:1048200099FB02214DF22C3001F094FBFE214DF258
:104830002D3001F08FFB03214DF22E3001F08AFB69
:1048400010214DF22F3001F085FB03214DF2303065
:1048500001F080FB33214DF2313001F07BFB03216D
:104860004DF2323001F076FB6D214DF2333001F024
:1048700071FB00214FF4544001F06CFB33214DF2E9
:10488000014001F067FB00214DF2024001F062FBA4
:1048900034214DF2034001F05DFB00214DF2044054
:1048A00001F058FB3A214DF2054001F053FB002185
:1048B0004DF2064001F04EFB4A214DF2074001F057
:1048C00049FB00214DF2084001F044FB5C214DF210
:1048D000094001F03FFB00214DF20A4001F03AFB94
:1048E00081214DF20B4001F035FB00214DF20C40CF
:1048F00001F030FBA6214DF20D4001F02BFB002111
:104900004DF20E4001F026FBE5214DF20F4001F083
:1049100021FB01214DF2104001F01CFB13214DF24F
:10492000114001F017FB01214DF2124001F012FB82
:1049300054214DF2134001F00DFB01214DF21440C2
:1049400001F008FB82214DF2154001F003FB01212B
:104950004DF2164001F0FEFACA214DF2174001F067
:10496000F9FA02214DF2184001F0F4FA00214DF25B
:10497000194001F0EFFA02214DF21A4001F0EAFA73
:1049800001214DF21B4001F0E5FA02214DF21C40DD
:1049900001F0E0FA34214DF21D4001F0DBFA022172
:1049A0004DF21E4001F0D6FA67214DF21F4001F092
:1049B000D1FA02214DF2204001F0CCFA84214DF2CF
:1049C000214001F0C7FA02214DF2224001F0C2FA63
:1049D000A4214DF2234001F0BDFA02214DF2244002
:1049E00001F0B8FAB7214DF2254001F0B3FA0221E7
:1049F0004DF2264001F0AEFACF214DF2274001F0F2
:104A0000A9FA02214DF2284001F0A4FADE214DF26C
:104A1000294001F09FFA02214DF22A4001F09AFA52
:104A2000F2214DF22B4001F095FA02214DF22C407B
:104A300001F090FAFE214DF22D4001F08BFA032196
:104A40004DF22E4001F086FA10214DF22F4001F078
:104A500081FA03214DF2304001F07CFA33214DF20E
:104A6000314001F077FA03214DF2324001F072FA41
:104A70006D214DF2334001F06DFA00214FF45540A5
:104A800001F068FA33214DF2015001F063FA002180
:104A90004DF2025001F05EFA34214DF2035001F064
:104AA00059FA00214DF2045001F054FA3A214DF226
:104AB000055001F04FFA00214DF2065001F04AFA7C
:104AC0004A214DF2075001F045FA00214DF20850FD
:104AD00001F040FA5C214DF2095001F03BFA00214F
:104AE0004DF20A5001F036FA81214DF20B5001F0DF
:104AF00031FA00214DF20C5001F02CFAA6214DF2B2
:104B00000D5001F027FA00214DF20E5001F022FA6B
:104B1000E5214DF20F5001F01DFA01214DF2105028
:104B200001F018FA13214DF2115001F013FA01218E
:104B30004DF2125001F00EFA54214DF2135001F0D3
:104B400009FA01214DF2145001F004FA82214DF2CC
:104B5000155001F0FFF901214DF2165001F0FAF95C
:104B6000CA214DF2175001F0F5F902214DF218500B
:104B700001F0F0F900214DF2195001F0EBF902219A
:104B80004DF21A5001F0E6F901214DF21B5001F0EF
:104B9000E1F902214DF21C5001F0DCF934214DF213
:104BA0001D5001F0D7F902214DF21E5001F0D2F94B
:104BB00067214DF21F5001F0CDF902214DF2205036
:104BC00001F0C8F984214DF2215001F0C3F902210E
:104BD0004DF2225001F0BEF9A4214DF2235001F014
:104BE000B9F902214DF2245001F0B4F9B7214DF288
:104BF000255001F0AFF902214DF2265001F0AAF93B
:104C0000CF214DF2275001F0A5F902214DF2285095
:104C100001F0A0F9DE214DF2295001F09BF90221AB
:104C20004DF22A5001F096F9F2214DF22B5001F08D
:104C300091F902214DF22C5001F08CF9FE214DF238
:104C40002D5001F087F903214DF22E5001F082F929
:104C500010214DF22F5001F07DF903214DF230501B
:104C600001F078F933214DF2315001F073F903214D
:104C70004DF2325001F06EF96D214DF2335001F0DA
:104C800069F900214FF4564001F064F933214DF2E7
:104C9000016001F05FF900214DF2026001F05AF964
:104CA00034214DF2036001F055F900214DF204600A
:104CB00001F050F93A214DF2056001F04BF9002165
:104CC0004DF2066001F046F94A214DF2076001F00D
:104CD00041F900214DF2086001F03CF95C214DF2F0
:104CE000096001F037F900214DF20A6001F032F954
:104CF00081214DF20B6001F02DF900214DF20C6085
:104D000001F028F9A6214DF20D6001F023F90021F0
:104D10004DF20E6001F01EF9E5214DF20F6001F039
:104D200019F901214DF2106001F014F913214DF22F
:104D3000116001F00FF901214DF2126001F00AF942
:104D400054214DF2136001F005F901214DF2146078
:104D500001F000F982214DF2156001F0FBF801210C
:104D60004DF2166001F0F6F8CA214DF2176001F01D
:104D7000F1F802214DF2186001F0ECF800214DF23B
:104D8000196001F0E7F802214DF21A6001F0E2F833
:104D900001214DF21B6001F0DDF802214DF21C6093
:104DA00001F0D8F834214DF21D6001F0D3F8022152
:104DB0004DF21E6001F0CEF867214DF21F6001F048
:104DC000C9F802214DF2206001F0C4F884214DF2AF
:104DD000216001F0BFF802214DF2226001F0BAF823
:104DE000A4214DF2236001F0B5F802214DF22460B8
:104DF00001F0B0F8B7214DF2256001F0ABF80221C7
:104E00004DF2266001F0A6F8CF214DF2276001F0A7
:104E1000A1F802214DF2286001F09CF8DE214DF24C
:104E2000296001F097F802214DF22A6001F092F812
:104E3000F2214DF22B6001F08DF802214DF22C6031
:104E400001F088F8FE214DF22D6001F083F8032176
:104E50004DF22E6001F07EF810214DF22F6001F02E
:104E600079F803214DF2306001F074F833214DF2EE
:104E7000316001F06FF803214DF2326001F06AF801
:104E80006D214DF2336001F065F855214FF470400B
:104E900001F060F8AA214FF2010001F05BF8522105
:104EA0004FF2020001F056F808214FF2030001F022
:104EB00051F800214FF2040001F04CF8CC214FF4DE
:104EC000314001F047F800214BF2011001F042F8A7
:104ED00005214FF4364001F03DF870214FF4374082
:104EE00001F038F870214BF2017001F033F8012124
:104EF0004FF4384001F02EF803214BF6010001F089
:104F000029F803214BF6020001F024F803214BF6A7
:104F1000030001F01FF802214FF43C4001F01AF8A1
:104F200000214BF6014001F015F800214BF602403C
:104F300001F010F8D0214FF4494001F00BF80221A4
:104F40004CF6011001F006F850214CF6021001F069
:104F500001F850214CF6031000F0FCFF50214CF6F4
:104F6000041000F0F7FF00214FF4545000F0F2FF5E
:104F700055214FF4685000F0EDFF4FF4885000F0D9
:104F8000D3FF7820FDF7AEFB4FF4245000F0CCFFA8
:104F900010BD10B5E22000F0C7FF1D2000F0B8FFE3
:104FA000022000F0B5FF042000F0B2FF6420FDF7FE
:104FB00099FBE02000F0B8FF012000F0A9FF0A20D3
:104FC000FDF784FBE02000F0AFFF032000F0A0FF1E
:104FD0000C20FDF77BFB012000F0A6FF0A20FDF767
:104FE00075FBE62000F0A0FF2F2000F091FFFF20CE
:104FF00000F08EFFFF2000F08BFFB02000F094FF48
:10500000202000F085FF002000F082FF032000F048
:105010007FFF40F21F3000F07BFF012000F078FF9F
:1050200040F2DF1000F074FF002000F071FFB420A8
:1050300000F07AFF042000F06BFF40F21F4000F008
:1050400067FF002000F064FF2E2000F061FF0020C9
:1050500000F05EFF002000F05BFF002000F058FF32
:10506000002000F055FFB62000F05EFF022000F0A7
:105070004FFF4FF4037000F04BFF002000F048FF9B
:10508000172000F045FF152000F042FF002000F03F
:105090003FFF002000F03CFFF02000F045FF032020
:1050A00000F036FF292000F03FFFD02000F03CFF49
:1050B000002000F02DFFBE2000F036FF052000F09C
:1050C00027FFFE2000F024FF012000F021FF002038
:1050D00000F01EFF002000F01BFF002000F018FF72
:1050E000B82000F021FF032000F012FF012000F0A3
:1050F0000FFFBA2000F018FF012000F009FF10BDDB
:1051000010B5112000F010FF7820FDF7DFFA3620EF
:1051100000F00AFF002000F0FBFE3A2000F004FF40
:10512000052000F0F5FEB22000F0FEFE0C2000F09D
:10513000EFFE0C2000F0ECFE002000F0E9FE332032
:1051400000F0E6FE332000F0E3FEB72000F0ECFEB6
:10515000352000F0DDFEBB2000F0E6FE322000F03E
:10516000D7FEC02000F0E0FE0C2000F0D1FEC220EF
:1051700000F0DAFE012000F0CBFEC32000F0D4FEE8
:10518000102000F0C5FEC42000F0CEFE202000F06C
:10519000BFFEC62000F0C8FE0F2000F0B9FED020F0
:1051A00000F0C2FEA42000F0B3FEA12000F0B0FE8B
:1051B000E02000F0B9FED02000F0AAFE002000F0B0
:1051C000A7FE022000F0A4FE072000F0A1FE0A20A6
:1051D00000F09EFE282000F09BFE322000F098FE9A
:1051E000442000F095FE422000F092FE062000F0E0
:1051F0008FFE0E2000F08CFE122000F089FE14209D
:1052000000F086FE172000F083FEE12000F08CFE07
:10521000D02000F07DFE002000F07AFE022000F099
:1052200077FE072000F074FE0A2000F071FE2820AF
:1052300000F06EFE312000F06BFE542000F068FE9E
:10524000472000F065FE0E2000F062FE1C2000F0FA
:105250005FFE172000F05CFE1B2000F059FE1E20B0
:1052600000F056FE2A2000F05FFE002000F050FE05
:10527000002000F04DFE002000F04AFEEF2000F07C
:1052800047FE2B2000F050FE002000F041FE0020E1
:1052900000F03EFE012000F03BFE3F2000F038FE13
:1052A000292000F041FE10BD10B5112000F03CFE99
:1052B0007820FDF70BFA362000F036FE482000F08B
:1052C00027FE3A2000F030FE552000F021FEF020AD
:1052D00000F02AFEC32000F01BFEF02000F024FEA8
:1052E000962000F015FEB42000F01EFE012000F014
:1052F0000FFEB62000F018FE0A2000F009FEA220E2
:1053000000F006FEB72000F00FFEC62000F000FE01
:10531000B92000F009FE022000F0FAFDE02000F0C4
:10532000F7FDC02000F000FE802000F0F1FD162007
:1053300000F0EEFDC12000F0F7FD192000F0E8FDBF
:10534000C22000F0F1FDA72000F0E2FDC52000F032
:10535000EBFD162000F0DCFDE82000F0E5FD40202C
:1053600000F0D6FD8A2000F0D3FD002000F0D0FD33
:10537000002000F0CDFD292000F0CAFD192000F02A
:10538000C7FDA52000F0C4FD332000F0C1FDE020E2
:1053900000F0CAFDF02000F0BBFD072000F0B8FDD2
:1053A0000D2000F0B5FD042000F0B2FD052000F056
:1053B000AFFD142000F0ACFD362000F0A9FD542014
:1053C00000F0A6FD4C2000F0A3FD382000F0A0FD69
:1053D000132000F09DFD142000F09AFD2E2000F017
:1053E00097FD342000F094FDE12000F09DFDF020B9
:1053F00000F08EFD102000F08BFD142000F088FDE1
:105400000E2000F085FD0C2000F082FD082000F049
:105410007FFD352000F07CFD442000F079FD4C201C
:1054200000F076FD262000F073FD102000F070FDE6
:10543000122000F06DFD2C2000F06AFD322000F0FB
:1054400067FDF02000F070FD3C2000F061FDF020D1
:1054500000F06AFD692000F05BFD7820FDF736F969
:10546000212000F061FD292000F05EFD10BD00004C
:1054700000B595B000BF00BF00200190F84800685B
:1054800040F04000F64908600846006800F040001F
:10549000019000BF00BF00BF00BF00BF002001900F
:1054A0000846006840F0080008600846006800F000
:1054B0000800019000BF00BF00BF00BF00BF002078
:1054C00001900846006840F008000860084600683F
:1054D00000F00800019000BF00BF00BF00BF00BF88
:1054E000002001900846006840F04000086008462F
:1054F000006800F04000019000BF00BF00BF00BF87
:1055000000BF002001900846006840F002000860DB
:105510000846006800F00200019000BF00BF00BF15
:1055200088141090022011900120129002201390F4
:105530000C20149010A9CB48FBF7EAFA2020109019
:1055400010A9C948FBF7E4FA1020109010A9C6482A
:10555000FBF7DEFA4FF48050109010A9C348FBF718
:10556000D7FA4FF4004010900120119010A9C048C4
:10557000FBF7CEFA4FF02040BE490860BE484860B5
:10558000062088600021BB48C160102141610021D4
:105590008161C16141624FF4805181620021C16229
:1055A0004FF4804101630021416381630F20099022
:1055B00000200A903C200B9000200F9009200290C0
:1055C00000200390092004900020089002AA09A955
:1055D000A848FBF7F5FF3220FDF778F8D32000F05C
:1055E000A3FC00F0D5F9A549888000F0D1F9A349C2
:1055F000888000F0CDF9A1498880084680884FF660
:10560000FF7101EA00209D49888000F0C1F99B49A3
:1056100089880843994988800846808849F2413141
:1056200088427CD0042000F07FFC00F0B1F993495F
:10563000888000F0ADF99149888000F0A9F98F4980
:105640008880084680884FF6FF7101EA00208B4968
:10565000888000F09DF989498988084387498880B6
:105660000846808848F25251884203D147F2897037
:10567000824988808148808847F289718842D0D0E9
:10568000D42000F051FC00F083F97C49888000F0C0
:105690007FF97A49888000F07BF97849888008464C
:1056A00080884FF6FF7101EA00207449888000F07D
:1056B0006FF9724989880843704988800846808854
:1056C00045F210318842ACD0D32000F02DFC00F020
:1056D0005FF96A49888000F05BF96849888000F0CA
:1056E00057F966498880084680884FF6FF7101EABD
:1056F00000206249888000F04BF96049898808439E
:105700005E4988800846808847F29671884288D032
:1057100055214FF4704000F01DFCAA2100E07EE00E
:105720004FF2010000F016FC52214FF2020000F08F
:1057300011FC08214FF2030000F00CFC01214FF294
:10574000040000F007FC4FF4454000F0EDFB00F0D2
:105750001FF94A498880084680884FF6FF7101EAA0
:105760000020464988804CF2015000F0DDFB00F03B
:105770000FF9424989880843404988800520FCF791
:10578000A5FF3E48808845F21051884247D0D3207B
:1057900000F0CAFB00F0FCF83849888000F0F8F807
:1057A0003649888000F0F4F83449888008468088BB
:1057B0004FF6FF7101EA00203049888000F0E8F8D8
:1057C0002E49898808432D4988800846808849F6F3
:1057D0000601884223D0A12000F0A6FB00F0D8F8F3
:1057E0002649888000F0D4F82449888008468088BB
:1057F0004FF6FF7101EA00202049888000F0C8F8C8
:105800001E49898808431D4988800846808845F2DA
:105810006171884203D141F66310184988801748A6
:10582000818817A0FAF718FE1448808847F289711A
:10583000884202D1FFF764FC4EE01048808849F2AC
:105840004131884202D1FDF7F7F945E00B488088E5
:1058500045F21031884219D1FDF7A4FC3CE000006C
:105860003038024000180240000C02400014024090
:105870000004024084020020040100A0D4020020A1
:105880004C43442049443A25780D0A003A48808820
:1058900047F29671884202D1FFF706FD1CE03648B8
:1058A000808845F21051884202D1FEF7F4FB13E0E4
:1058B0003148808849F60601884202D1FDF7D2FAC4
:1058C0000AE02D48808841F66311884204D1FFF731
:1058D00060FB642000F0ECFA2748808847F2897169
:1058E00088420BD02448808849F24131884205D053
:1058F0002148808841F6631188420AD10320029032
:1059000004901E490B6B8A68486802A9FBF722F8CD
:1059100021E01948808845F21031884211D016489C
:10592000808847F2967188420BD01348808845F2F0
:105930001051884205D01048808849F606018842F7
:1059400009D10220029004900C490B6B8A684868C8
:1059500002A9FAF7FFFF0020FDF7A8F800BF012217
:10596000D1030748FBF7DEF900BF4FF6FF70FDF7E4
:1059700083F815B000BD0000D4020020840200208E
:105980000004024000BF011EA0F10100FBD17047DE
:1059900008B50220FFF7F6FF024800880090BDF826
:1059A000000008BD8000006CF0B50546002400270B
:1059B0008B488079012805D18948808841F6631198
:1059C000884208D186488079F0B98548808841F6B8
:1059D0006311884218D1082D15D2DFE805F00406BE
:1059E000080A0C0E101206250DE007250BE0042511
:1059F00009E0052507E0012505E0002503E0032572
:105A000001E0022500BF00BF082D1CD2DFE805F031
:105A10000406090C0F12151800BF14E044F08004AE
:105A200011E044F040040EE044F0C0040BE044F008
:105A3000200408E044F0600405E044F0A00402E023
:105A400044F0E00400BF00BF36276548808845F277
:105A50001051884200D13F026148808849F24131AB
:105A600088420BD05E48808847F28971884205D011
:105A70005B48808847F29671884201D144F008045F
:105A80002146384600F066FA5548808841F6631191
:105A900088421DD004F0200068B151480088504968
:105AA0004988884214DA4E48068840884C49088064
:105AB000084646800CE04A4800884949498888429F
:105AC00006DD4748068840884549088008464680E4
:105AD0004348808845F21051884252D14049488954
:105AE00000F022FA002000F013FA3D494989491CD0
:105AF00088B200F019FA002000F00AFA3849498902
:105B0000891C88B200F010FA35490988491EC1F392
:105B10000F2000F0FDF932494989C91C88B200F014
:105B200003FA2F490978491EC8B200F0F1F92C494F
:105B3000888900F0F9F9002000F0EAF928498989FC
:105B4000491C88B200F0F0F9002000F0E1F9244986
:105B50008989891C88B200F0E7F921494988491EE2
:105B6000C1F30F2000F0D4F91D498989C91C88B2FE
:105B700000F0DAF91A498978491EC8B200F0C8F96C
:105B80002DE01749488900F0CFF9002000F0C0F956
:105B9000002000F0BDF912490988491EC1F30F2009
:105BA00000F0B6F90E490978491EC8B200F0B0F904
:105BB0000B49888900F0B8F9002000F0A9F900200D
:105BC00000F0A6F906494988491EC1F30F2000F0EC
:105BD0009FF903498978491EC8B200F099F9F0BDD0
:105BE000D402002010B502460C464548808841F694
:105BF0006311884247D142488079A8B9404800885B
:105C0000401E801A82B23E49488900F08DF900207A
:105C100000F07EF9002000F07BF9101200F078F916
:105C2000D0B200F075F916E03549488900F07CF9EA
:105C3000101200F06DF9D0B200F06AF9304909880D
:105C4000491EC1F30F2000F063F92D490978491E60
:105C5000C8B200F05DF92A49888900F065F9201280
:105C600000F056F9E0B200F053F925494988491E81
:105C7000C1F30F2000F04CF921498978491EC8B2C0
:105C800000F046F93AE01E48808845F210518842FB
:105C900020D11B49488900F047F9101200F038F96B
:105CA00017494989491C88B200F03EF9D0B200F08A
:105CB0002FF91349888900F037F9201200F028F9EC
:105CC0000F498989491C88B200F02EF9E0B200F032
:105CD0001FF913E00A49488900F026F9101200F074
:105CE00017F9D0B200F014F90549888900F01CF9C1
:105CF000201200F00DF9E0B200F00AF910BD00002A
:105D0000D40200202DE9FC4F80460E4615461C4665
:105D1000B3460020019000902046E31704EB537334
:105D2000DB1021464FEAE47C04EB5C7C4FEAEC0C90
:105D3000A4EBCC0CBCF1000F02D04FF0010C01E041
:105D40004FF0000C6344224604EBD27C4FEA6C0C0B
:105D500003FB0CF3DBB20193A5F12000C5B20C2CC0
:105D600006D0102C0BD0182C0ED0202C18D112E0FD
:105D700005EB45002D4901EB8000009012E02C4816
:105D800000EB051000900DE005EBC500294901EB83
:105D90008000009006E0284800EB8510009001E0AC
:105DA000BDE8FC8F00BF00273AE0009810F807908C
:105DB0004FF0000A2EE009F0800028B1314640463D
:105DC0000C9AFCF729FF07E00B9828B91B483146CD
:105DD00002684046FCF720FF4FEA49604FEA10692D
:105DE000701C86B216484088B04200DCD8E7A6EBAB
:105DF0000B00A0420AD15E4608F101001FFA80F8AC
:105E00000F480088404500DCCAE706E00AF10100BF
:105E100000F0FF0ABAF1080FCDDB00BF781CC7B253
:105E200001988742C1DB00BFBAE700009E8F0008DF
:105E300012940008029A00085EA70008B40000202F
:105E4000D40200202DE9FC4F04460D4690469946A9
:105E5000DDE90C7A0B9E04F0FF0B08EB04001FFA3F
:105E600080F809EB05001FFA80F917E0444502DBD2
:105E70005C46A81985B24D4500DB15E00020CDE950
:105E8000000A3A78334629462046FFF73BFF304662
:105E900006EBD07104EB61018CB27F1C38787E2850
:105EA00002DC38782028E1DA00BFBDE8FC8F000072
:105EB00070B52DED048B0446BE2000F035F80520AA
:105EC00000F026F8204602F048FF41EC190B9FED48
:105ED0000E0B53EC102B02F053FF41EC180B02F0A9
:105EE0000FFF85B2284600F013F8012000F010F8EB
:105EF000FF2000F00DF8002000F00AF8002000F06C
:105F000007F8BDEC048B70BD666666666666044085
:105F100001B5BDF800000090BDF8000001490880FF
:105F200008BD00008000006C01B5BDF800000090C5
:105F3000BDF800000149088008BD00007E00006C2B
:105F4000024800890249088070470000D4020020FE
:105F50007E00006C034A10804FF0D842A2F88010F7
:105F6000704700007E00006C00B587B000BF00BF26
:105F7000002001902048006840F020001E49086081
:105F80000846006800F02000019000BF00BF00BF7D
:105F900000BF00BF002001900846006840F02000CC
:105FA00008600846006800F02000019000BF00BFB4
:105FB00000BF481502900120039004900220059034
:105FC00002A90E48FAF7A4FD4FF48060029002A9DE
:105FD0000A48FAF79DFD00BF012251020748FAF76F
:105FE000A1FE00BF00BF012291020448FAF79AFE09
:105FF00000BF07B000BD000030380240001402406E
:1060000010B50320FAF73AFFFAF7AAFE0723022297
:1060100008214FF4A87001F0E9F9A820FCF73AFB39
:106020004FF4E13001F0FAFAFFF79EFFFFF720FA94
:10603000FCF742FC00F0EAFE002000F00BF8022022
:1060400000F008F8012000F005F8FCF77DFB0020C7
:1060500010BD000010B504460C4951F824104A0048
:106060000B4951F82400002100F036F8094951F895
:10607000242007490C3951F82400002100F02CF8A5
:10608000012103480C30015510BD000020BF00085D
:10609000D400002038BF000810B5014600230022BC
:1060A00007E00B4850F8210030F8120000B15B1CEB
:1060B000521C084850F821009042F2D84FF47A70F0
:1060C0005843044C54F82140B0FBF4F080B210BDAA
:1060D000D400002020BF000830B5034601E003F8DB
:1060E000011B141EA2F10102F9D130BD2DE9F041CE
:1060F00005460E462948076800202949096881F8A5
:106100005D0027480068001D01F0A4FA50B924483A
:10611000006890F82C1001208840224909688143CA
:1061200020480160681CD8B9D6B11F4948681C498D
:10613000096888601A4982680968CA60184909684C
:10614000091D8268516016490968091D8160164A57
:10615000134909684A6111460968491C11601AE02F
:106160007C190F4800684460BC4207D20C480168A3
:10617000091D0E48006801F091FA0CE0084801681A
:10618000091D0B48006801F089FA0A48006884423A
:1061900001D208480460BDE8F0810000F80000204A
:1061A000E4000020FC00002070850120EC000020AD
:1061B000E80000201401002010B5044601F094FA14
:1061C00031480068401C304908603048006840B9D8
:1061D0002E4804600846006801280DD100F018FA26
:1061E0000AE02B48006838B928480068C06AE16AAC
:1061F000884201D82548046026480068401C25498B
:10620000086008460068606494F82C1001208840FB
:1062100021490968084320490860E16A01EB8101CE
:106220001E4A02EB81014868A0608268E260211D7D
:10623000826851608160E16A01EB8101174A02EBDB
:1062400081026261E16A01EB8101144A52F8211076
:10625000491CE26A02EB8202104B43F8221001F063
:106260008FFA0B48006868B108480068C06AE16AA4
:10627000884207D24FF0805009490860BFF34F8F22
:10628000BFF36F8F10BD0000F4000020E400002079
:106290000001002010010020FC000020A08201204D
:1062A00004ED00E010B501F01FFA10480068D0B905
:1062B0000F4801F0E3F90F4801F0E0F90C480E49EE
:1062C00008600C480D49086000221021052001F0EB
:1062D000B9FE064908600846006820B108A10348D5
:1062E000006801F00DFB01F04BFA10BD34010020F5
:1062F00084850120988501202C0100203001002098
:10630000546D72510000000010B516E001F0ECF978
:106310000C48C068C468201D01F09CF90A48006858
:10632000401E0949086009480068401E0749086086
:1063300001F026FA204600F05FF8044800680028C3
:10634000E4D110BD5C850120F4000020F0000020A5
:1063500070B504460D46206C70B1216CE0680144B4
:10636000E160D4E90210884201D32168E160284647
:10637000226CE168FAF742F970BD2DE9F04104465C
:106380000F4615464FF00008A66B206C48B92068F0
:1063900000282CD1A06802F06DFA80460020A06091
:1063A00025E07DB93946226C6068FAF727F9216C3F
:1063B000606808446060D4E90101884217D320680E
:1063C000606014E03946226CE068FAF717F9216C36
:1063D000E068411AE1602168E068884203D2216CDC
:1063E000A068411AE160022D01D106B1761E701C31
:1063F000A0634046BDE8F08110B50446206B01F073
:10640000FFF9204601F0FCF910BD00000146084AE2
:10641000126812680AB9012200E000220A600A68C4
:1064200022B9034A1268D268106800E00020704761
:106430002C01002030B54FF42053174800F007041A
:106440002CB1C01D20F00700134C041B1B1B02467F
:10645000124C22600024114D6C60D018083820F0D6
:1064600007000F4C206000240D4D2D686C600C4D12
:106470002D682C601146441A4C60094C24680C604D
:10648000084D4C682C60084D4C682C604FF000445F
:10649000064D2C6030BD0000AC850120400100207D
:1064A00048010020500100204C0100205C01002028
:1064B00000BFFFF729FF064800680128F9D94FF00F
:1064C000805004490860BFF34F8FBFF36F8FF0E730
:1064D000A082012004ED00E02DE9F04106460D46C2
:1064E00017469846069C0DB9246000E02760E663D5
:1064F00025640121204601F0EDFD84F85080002044
:10650000A064BDE8F08100002DE9F05F82460F46EF
:1065100090469B460A9E0C9C4FEA8801A522206B60
:10652000FAF7B1F8A8F10100216B01EB800929F01D
:10653000070909F0070008B9012000E0002028B988
:106540004FF4587225A12EA0F9F786FF87B10025D8
:1065500007E0795D04F134004155785D00B902E04F
:106560006D1C102DF5D300BF00214320015502E022
:10657000002084F83400202E01D2012000E0002009
:1065800028B940F2973215A11DA0F9F765FF202E1A
:1065900000D31F26E662E66400202065201D01F07E
:1065A0007AF804F1180001F076F82461C6F12000B1
:1065B000A061646200206065A06584F85C0084F8D6
:1065C0005D005A465146484600F00AFC20600B9890
:1065D00008B10B980460BDE8F09F00002E2E5C2EE1
:1065E0002E5C4D6964646C6577617265735C46729C
:1065F000656552544F535C7461736B732E63000076
:106600004572726F723A2025732C2025640D0A00A2
:1066100010B5002407E004EB84010F4A02EB81006F
:1066200001F02CF8641C202CF5D30C4801F026F85E
:106630000B4801F023F80B4801F020F80A4801F05C
:106640001DF80A4801F01AF804480949086004488E
:106650000849086010BD0000A082012020850120AB
:1066600034850120488501205C850120708501204A
:10667000E8000020EC00002010B50146164800E0BC
:10668000006803688B42FBD30246436813448B4285
:1066900004D143684C682344436001460A464B6872
:1066A00013440468A34211D10C4C03682468A3422C
:1066B00008D04B680468646823444B6003681B6817
:1066C0000B6005E0054B1B680B6001E003680B6085
:1066D000884200D0016010BD400100204801002028
:1066E0002DE9F04104460D4616461F464FF00008BE
:1066F00065602461B5420CD8F01BA169884202D3C1
:106700004FF0010811E0211D0948006800F0C6FFA4
:106710000BE0BE4204D2BD4202D34FF0010804E0B8
:10672000211D0448006800F0B9FF4046BDE8F08133
:10673000300100202C01002070B5054600F0D4FF88
:10674000A86B08B9012400E0002401F019F82046E4
:1067500070BD70B5054600F0C7FFA86BE96B8842B5
:1067600001D1012400E0002401F00AF8204670BDA8
:10677000F1B50098846C00262CB940F6D53220A1E2
:1067800028A0F9F769FEA06BE16B884201D20120D5
:1067900000E0002028B940F6D63219A121A0F9F76F
:1067A0005BFEA06BE16B884227D294F94550002232
:1067B00069462046FFF7E1FD0646681C60B9606A3D
:1067C00008B9012000E00020B0B904F1240002F073
:1067D000D9F888B101260FE07F2D01D0012000E01B
:1067E000002028B940F6F63205A10EA0F9F734FED4
:1067F000681C40B284F8450000BF3046F8BD000078
:106800002E2E5C2E2E5C4D6964646C65776172651A
:10681000735C4672656552544F535C71756575655E
:106820002E6300004572726F723A2025732C20256A
:10683000640D0A0070B505460E460E480068C06833
:10684000C468201D00F006FF94F8280000F0040042
:1068500028B132462946204600F0FEF805E094F8BB
:10686000280000F0FE0084F828002046216A8847AE
:1068700070BD00002C01002070B586B08AE002983F
:1068800000280CDA03AE2EB940F2063247A150A020
:10689000F9F7E2FDD6E90020B168904700BF029801
:1068A000002877DB049C606908B9012000E0002023
:1068B00010B9201D00F0CEFE01A800F0F9F8054641
:1068C00002980A2864D2DFE800F06305072E3653E9
:1068D00006082F3700BF00BF00BF94F8280040F023
:1068E000010084F828000398A269811803462A460B
:1068F0002046FFF7F5FEA8B194F8280000F0040048
:1069000038B10398A26981182A46204600F0A4F8FD
:1069100005E094F8280000F0FE0084F828002046E6
:10692000216A884735E000BF94F8280000F0FE0097
:1069300084F828002DE000BF94F8280040F0010002
:1069400084F828000398A061A06908B1012000E044
:10695000002028B940F2593214A11DA0F9F77CFD9E
:10696000A06941192B462A462046FFF7B9FE10E0E0
:1069700094F8280000F0020018B9204600F040FF0B
:1069800005E094F8280000F0FE0084F8280000E0FC
:1069900000BF00BF002202A91148006801F00AFDF3
:1069A00000287FF46CAF06B070BD00002E2E5C2E68
:1069B0002E5C4D6964646C6577617265735C4672C8
:1069C000656552544F535C74696D6572732E630034
:1069D0004572726F723A2025732C2025640D0A00CF
:1069E00034010020F8B505460C4601F0B7F96846B9
:1069F00000F05EF80646009820BB44B9B54206D8C0
:106A000002F066F831462846FFF714FF1CE03CB15F
:106A10000E480068006808B9012000E00020044624
:106A2000A91B22460A48006800F0B0FF02F050F8A7
:106A300050B94FF0805007490860BFF34F8FBFF344
:106A40006F8F01E002F044F8F8BD00003001002033
:106A50003401002004ED00E070B504460D461646F2
:106A600004E0A06905442046216A8847A0694119CD
:106A70002B4632462046FFF733FE0028F1D170BD89
:106A800009480068006808B9012000E0002020B132
:106A90004FF0FF300549086005E003480068C06812
:106AA0000068024908607047E800002014010020D7
:106AB00070B5044601F0E4FD0546074800688542CC
:106AC00004D200F00BF80120206001E000202060DB
:106AD00001480560284670BD3C01002070B508E003
:106AE0000D480068C06804684FF0FF312046FFF78A
:106AF000A1FE09480068006808B9012000E00020F4
:106B00000028EDD004480568044800680249086080
:106B10000248056070BD00002C01002030010020FB
:106B20000B480068401C08B9012000E0002020B993
:106B3000E92208A116A0F9F78FFC00BF502080F3CE
:106B40001188BFF34F8FBFF36F8F00BF00BFFEE709
:106B5000600100202E2E5C2E2E5C4D6964646C65F5
:106B600077617265735C4672656552544F535C7011
:106B70006F727461626C655C525644535C41524D55
:106B80005F434D34465C706F72742E6300000000EA
:106B90004572726F723A2025732C2025640D0A000D
:106BA00008B500BF6846FFF731FC0446204600994F
:106BB000FFF718FFFFF760FEF4E770B5044600F03A
:106BC00093FD94F9455019E0A06C30B12046FFF7D1
:106BD000CFFD88B100F0E0FF0EE0606A08B9012047
:106BE00000E0002038B904F1240001F0CBFE18B118
:106BF00000F0D2FF00E003E0681E45B2002DE3DCA8
:106C000000BFFF2084F8450000F0BAFD00F06CFDE5
:106C100094F9445010E0206908B9012000E00020F8
:106C200048B904F1100001F0ADFE08B100F0B4FF66
:106C3000681E45B200E001E0002DECDC00BFFF2043
:106C400084F8440000F09CFD70BD00002DE9F04187
:106C500004464FF0000801F081F84948006808B97F
:106C6000FFF7E8FB474800682040002875D1002C5A
:106C700023D004F10800A0421FD9083404F0070013
:106C800000281BD004F00700C0F108002044A042F7
:106C900011D904F00700C0F10800044404F0070013
:106CA00008B9012000E0002040B99C2236A144A090
:106CB000F9F7D2FB02E0002400E00024002C4CD0C5
:106CC00043480068844248D8424E3046056801E097
:106CD0002E462D686868A04202D228680028F7D1A5
:106CE00027480068854238D0306800F108082868D5
:106CF00030606868001B102813D92F1907F00700AF
:106D000008B9012000E0002020B9CF221EA12CA04C
:106D1000F9F7A2FB6868001B78606C603846FFF7E3
:106D2000ABFC2B4968680968081A294908600846BD
:106D3000006829490968884203D225480068264925
:106D40000860104968680968084368600020286086
:106D500022480068401C2149086001F0B9FE08F093
:106D6000070008B9012000E0002028B94FF488721C
:106D700005A113A0F9F770FB4046BDE8F0810000C3
:106D8000480100205C0100202E2E5C2E2E5C4D69F7
:106D900064646C6577617265735C467265655254B4
:106DA0004F535C706F727461626C655C4D656D4DC4
:106DB000616E675C686561705F342E63000000007F
:106DC0004572726F723A2025732C2025640D0A00DB
:106DD0004C010020400100205001002054010020FF
:106DE000001F4FF080730360001F21F00103036058
:106DF000001F054B036014380260001F6FF0020390
:106E00000360203870470000216B000800B58DB08A
:106E1000FBF78CFB00BF00BF0020009071480068AA
:106E200040F040006F4908600846006800F04000EC
:106E3000009000BF00BF00BF00BF00BF0020009057
:106E40000846006840F0080008600846006800F046
:106E50000800009000BF00BF00BF00BF00BF0020BF
:106E600000900846006840F0080008600846006886
:106E700000F00800009000BF00BF00BF00BF00206E
:106E8000009058480830006840F00100554908312A
:106E900008600846006800F00100009000BF00BFD5
:106EA00000BF002000904F48006840F008004D49A6
:106EB00008600846006800F00800009000BF00BFAE
:106EC00000BF002000900846006840F010000860F5
:106ED0000846006800F01000009000BF00BF00BF2F
:106EE000002000900846006840F020000860084636
:106EF000006800F02000009000BF00BF00BF00202D
:106F000000900846006840F04000086008460068AD
:106F100000F04000009000BF00BF0815089002205C
:106F2000099001200A9002200B900C200C9008A9D7
:106F30002D48F9F7EDFD2020089008A92B48F9F716
:106F4000E7FD1020089008A92848F9F7E1FD4FF661
:106F5000037008900220099001200A9002200B90F3
:106F600008A92248F9F7D4FD4FF68370089008A9C4
:106F70001F48F9F7CDFD4FF23F00089008A91D48C2
:106F8000F9F7C6FD3F20089008A91748F9F7C0FD9A
:106F90004FF0204018490860184848600420886075
:106FA00000211548C160016110214161002181610A
:106FB000C16141624FF4805181620021C16201636D
:106FC000416381630020019002900620039000201D
:106FD0000490079001AA01A90748FAF7F1FA0DB049
:106FE00000BD00003038024000180240000C024092
:106FF0000010024000140240E4020020040100A03E
:107000001CB52048006840F078001E490860012047
:10701000032100230246CDE900104EF233011A4845
:10702000FAF77CFF0120032100230246CDE900107E
:107030004EF22F011548FAF771FF012003210023BA
:107040000246CDE9001040F233411148FAF766FFDD
:107050000120032100230246CDE900104FF4F06126
:107060000C48FAF75BFF01200B4908600B49C1F897
:10707000A8020949091F086000200849C1F88002D8
:107080001CBD000030380240000C024000140240D9
:107090000018024000100240948241420000434226
:1070A0002DE9FC410446002500260027FFF7A8FF34
:1070B00000206B49086001F01BFE00BF10E00020BB
:1070C00067490860674931F81500FBF765FA01F078
:1070D0000FFE01206449C1F8940201F009FE6D1C05
:1070E000052DECDB01206149086000205E49C1F8F4
:1070F0009402200AFBF7A2FA01F0FAFD0120584998
:10710000086001F0F5FD00205749C1F89402E0B293
:10711000FBF794FA01F0ECFD01205149086001F001
:10712000E7FD00205049C1F894025148006840F042
:1071300078004F4908600120032103460022CDE971
:1071400000104FF4F0614B48FAF7E8FE01200321EC
:1071500003460022CDE900104CF203014648FAF73D
:10716000DDFE00203E49091F0860091D086001F08E
:10717000BFFD01203C49C1F8940201F0B9FD384837
:107180005C3800683849D1F83C1240EA4100364981
:10719000D1F8001240EA81003349D1F8041240EAE4
:1071A000C1003649D1F81C1240EA01103349D1F828
:1071B000201240EA41103149D1F8241240EA8110EE
:1071C0002E49D1F8281240EAC110C6B201F090FD54
:1071D00000202349086001F08BFD01202249C1F8FD
:1071E000940201F085FD1E485C3800681E49D1F804
:1071F0003C1240EA41001C49D1F8001240EA8100EB
:107200001949D1F8041240EAC1001C49D1F81C12F6
:1072100040EA01101949D1F8201240EA41101749FB
:10722000D1F8241240EA81101449D1F8281240EA1A
:10723000C110C7B201F05CFD00200C492831086084
:10724000012007490860091F086001F051FD012075
:1072500006492831086047EA0620BDE8FC810000A5
:10726000948241426C0100200080414280024342EE
:107270003038024000100240000C02400000424240
:1072800070B504460D460026FFF7BAFE01F030FD4A
:1072900000BF10E000202F4908602F4931F8160088
:1072A000FBF77AF901F024FD01202C49C1F8940282
:1072B00001F01EFD761C052EECDB0120284908603C
:1072C00000202649C1F89402802141EA1420FBF7EE
:1072D000B5F901F00DFD01201E49086001F008FD1F
:1072E00000201E49C1F89402E0B2FBF7A7F901F0B3
:1072F000FFFC01201749086001F0FAFC0020174943
:10730000C1F89402280AFBF799F901F0F1FC012079
:107310001049086001F0ECFC00201049C1F894020B
:10732000E8B2FBF78BF901F0E3FC012009490860A2
:1073300001F0DEFC00200A492831086001200549DF
:107340000860091F086001F0D3FC012004492831BE
:10735000086070BD948241426C010020008041426F
:10736000800243421CB5044600F0BEF912480221D7
:1073700000238022CDE9001010A1124801F040F94D
:107380001148032100238022CDE900100FA11148EC
:1073900001F036F91048042100238022CDE90010C5
:1073A0000EA1104801F02CF90F48006800F056FBC0
:1073B00000F0E6F91CBD0000080000207461736B4A
:1073C00031000000B97400080C0000207461736B78
:1073D0003200000079750008100000207461736BA2
:1073E00033000000D5750008040000202DE9F041AD
:1073F00092B080460C4615461E46002700BF00206E
:1074000000902A48006840F08050284908600846EB
:10741000006800F08050009000BF00BF00BF002057
:1074200000902348006840F48040214908600846E5
:10743000006800F48040009000BF00BF0120019070
:10744000000402900220079041050891CDF82880A1
:1074500009940B950C9601A8F9F764FE07461FB135
:10746000012012B0BDE8F0810F200D9002200E9097
:1074700000200F904FF4A05010904FF480501190C6
:1074800004210DA8F9F70EFD07460FB10120E8E72A
:10749000F9F74EFC41F20101884205D10548006828
:1074A00040F48070034908600020DAE74038024069
:1074B00000700040003C02401CB5002001900024F8
:1074C000204800903DE00020FBF774FA01909DF801
:1074D0000400012803D09DF80400022815D100F013
:1074E00003F900235A1E01A91748006800F070FE36
:1074F0000446012C03D115A0F8F7AEFF02E018A056
:10750000F8F7AAFF00F03CF918E09DF80400042801
:1075100014D100F0E9F800235A1E694615480068A6
:1075200000F056FE0446012C03D108A0F8F794FFA2
:1075300002E00BA0F8F790FF00F022F90A2000F01B
:107540004BFAC0E71C0000201400002020B6D3C175
:10755000D0C9CFB4ABB3C9B9A6A3A1A3A10D0A00EA
:1075600020B6D3C1D0C9CFB4ABCAA7B0DCA3A1A306
:10757000A10D0A001800002008B50020009011E0BD
:107580004FF0FF3269460848006800F013FF0128F9
:1075900005D19DF8001005A0F8F75EFF02E009A0F4
:1075A000F8F75AFFECE7000014000020B6D3C1D072
:1075B000B6C1C8A1B3C9B9A6A3ACCAFDBEDD3A2500
:1075C000640D0A00B6D3C1D0B6C1C8A1CAA7B0DC49
:1075D0000D0A000008B510E04FF0FF326946074879
:1075E000006800F0E7FE012804D105A00099F8F733
:1075F00033FF02E005A0F8F72FFFEDE718000020A9
:10760000CAFDBEDD3A25730D0A000000B6D3C1D015
:10761000B6C1C8A1CAA7B0DC0D0A000010B5044667
:1076200009480A4908600846446000218160C16039
:10763000016181610C214161FAF75AFB0122044981
:107640000248FAF7F5FB10BD00100140400200208F
:10765000A200002001460A69D1E901309860D1E911
:10766000010358605068884201D18868506000204A
:1076700008611068401E10601068704700F1080132
:1076800041604FF0FF31816000F10801C16001618C
:1076900000210160704700210161704710B502466A
:1076A0000B685C1C0CB9106907E002F1080000E0EF
:1076B0004068446824689C42FAD944684C604C682D
:1076C000A160886041600A611468641C146010BD88
:1076D00042684A6093688B60936859609160086162
:1076E00003685B1C0360704710B500BF502080F337
:1076F0001188BFF34F8FBFF36F8F00BF0B48006837
:10770000401C0A4908600846006801280DD1084855
:107710000068C0B208B9012000E0002028B94FF489
:10772000DB7204A112A0F8F797FE10BD60010020E3
:1077300004ED00E02E2E5C2E2E5C4D6964646C65B9
:1077400077617265735C4672656552544F535C7025
:107750006F727461626C655C525644535C41524D69
:107760005F434D34465C706F72742E6300000000FE
:107770004572726F723A2025732C2025640D0A0021
:1077800010B50B48006828B940F2BD1209A118A035
:10779000F8F762FE06480068401E05490860084682
:1077A000006820B9002080F3118800BF00BF10BD21
:1077B000600100202E2E5C2E2E5C4D6964646C6589
:1077C00077617265735C4672656552544F535C70A5
:1077D0006F727461626C655C525644535C41524DE9
:1077E0005F434D34465C706F72742E63000000007E
:1077F0004572726F723A2025732C2025640D0A00A1
:1078000070B506463546002E3AD0083D2C461D4937
:1078100060680968084008B1012000E0002028B92C
:107820004FF4927218A126A0F8F716FE206808B946
:10783000012000E0002028B940F2251212A120A06A
:10784000F8F70AFE0F49606809680840C0B120686F
:10785000B0B90C49606809688843606000F07EFA3E
:107860001B49606809680844194908602046FEF70A
:1078700003FF18480068401C1649086001F028F909
:1078800070BD00005C0100202E2E5C2E2E5C4D6928
:1078900064646C6577617265735C467265655254A9
:1078A0004F535C706F727461626C655C4D656D4DB9
:1078B000616E675C686561705F342E630000000074
:1078C0004572726F723A2025732C2025640D0A00D0
:1078D0004C0100205801002000204FF0E0210861F9
:1078E0008861064800684FF47A71B0FBF1F0401EE1
:1078F0004FF0E02148610720086170470000002038
:107900002DE9F04106460F462EB940F6C82211A1D6
:1079100019A0F8F7A1FD0025BFB1002412E01A4814
:1079200000EBC4004068B04203D1174800EBC40527
:107930000AE035B9144850F8340010B9124800EB89
:10794000C405641C082CEAD300BF0DB12F606E6023
:10795000BDE8F0812E2E5C2E2E5C4D6964646C6552
:1079600077617265735C4672656552544F535C7102
:10797000756575652E6300004572726F723A202539
:10798000732C2025640D0A00608201202DE9F0414E
:1079900005460E4617462C46FFF7A6FE94F944000E
:1079A000401C10B9002084F8440094F94500401CA4
:1079B00010B9002084F84500FFF7E2FEA06B28B95B
:1079C0003A46314604F1240000F01EF92046FFF744
:1079D000F4F8BDE8F081000070B504460025ACB1B4
:1079E0000F48006808B9012000E0002028B940F2E3
:1079F00049520CA114A0F8F72FFD00F0AFF90021B7
:107A00002046FEF773FB01F063F805463DB94FF0E1
:107A1000805011490860BFF34F8FBFF36F8F70BD67
:107A2000200100202E2E5C2E2E5C4D6964646C6556
:107A300077617265735C4672656552544F535C742E
:107A400061736B732E6300004572726F723A20256A
:107A5000732C2025640D0A0004ED00E070B5054686
:107A6000FFF742FE15B92F48006800E0284604469B
:107A7000201DFFF7EFFD78B9E06A00EB80002A498E
:107A800051F8200040B994F82C1001208840274973
:107A90000968814325480160A06A18B104F1180003
:107AA000FFF7D8FD22480068401C214908601D48A6
:107AB0000068844209D1211D1E48FFF709FE1E48B7
:107AC0000068401C1C49086006E01C480068401E15
:107AD0001A490860FEF7D4FFFFF752FE114800680C
:107AE000844202D02046FEF787FC15480068C0B1EA
:107AF0000C480068844214D11248006808B901207B
:107B000000E0002028B940F2DC420FA117A0F8F7EE
:107B1000A3FC4FF0805019490860BFF34F8FBFF3AB
:107B20006F8F70BDE4000020A0820120FC000020C7
:107B3000100100205C850120F0000020F4000020EE
:107B400000010020200100202E2E5C2E2E5C4D69AD
:107B500064646C6577617265735C467265655254E6
:107B60004F535C7461736B732E6300004572726FC8
:107B7000723A2025732C2025640D0A0004ED00E0E4
:107B800003490968016003490968416070470000C2
:107B90000C010020F8000020012001490860704716
:107BA0000801002070B504460D462CB940F61C4271
:107BB00007A110A0F8F750FC1248016818312046C0
:107BC000FFF76CFD01212846FEF790FA70BD00001A
:107BD0002E2E5C2E2E5C4D6964646C657761726537
:107BE000735C4672656552544F535C7461736B737A
:107BF0002E6300004572726F723A2025732C202587
:107C0000640D0A00E400002070B504460E461546D7
:107C10002CB940F6524211A119A0F8F71DFC60687A
:107C20001B490968C8611A49826809680A621849CB
:107C300009681831826851601549096818318160F6
:107C4000134909688C622168491C21600DB14FF00D
:107C5000FF3629463046FEF749FA70BD2E2E5C2EBF
:107C60002E5C4D6964646C6577617265735C467205
:107C7000656552544F535C7461736B732E630000DF
:107C80004572726F723A2025732C2025640D0A000C
:107C9000E40000201CB51C4800210B468022CDE9E1
:107CA00000101AA11B4800F0ABFC0446012C02D1C5
:107CB00000F0DEFF0446012C17D100BF502080F3F6
:107CC0001188BFF34F8FBFF36F8F00BF4FF0FF30AE
:107CD000114908600120114908600020104908601E
:107CE000F8F72AFE00F0BEF80BE0601C08B1012096
:107CF00000E0002028B94FF404620AA112A0F8F7AE
:107D0000ABFB154800681CBD1801002049444C45D8
:107D100000000000B16400081401002000010020F0
:107D2000F80000202E2E5C2E2E5C4D6964646C657C
:107D300077617265735C4672656552544F535C742B
:107D400061736B732E6300004572726F723A202567
:107D5000732C2025640D0A001C01002002480068D5
:107D6000401C0149086070472001002010B52848D8
:107D7000006818B101202749086047E00020254924
:107D800008602548006825490860084600682449BD
:107D9000096888420BD92349096801F15400496DEB
:107DA0001E4A12681E4B1B68D21A114401601B4800
:107DB00000681B4908601C480068B0FA80F0C0F1F8
:107DC0001F0404EB8400194951F8200008B1012078
:107DD00000E0002028B940F6024215A11DA0F8F7E6
:107DE0003BFB04EB8401114A02EB810041684968C6
:107DF000416000F1080142688A4202D14168496845
:107E000041604168C968074A116000BF10BD0000A9
:107E10002001002008010020BC00002028010020D3
:107E200024010020E4000020FC000020A0820120AA
:107E30002E2E5C2E2E5C4D6964646C6577617265D4
:107E4000735C4672656552544F535C7461736B7317
:107E50002E6300004572726F723A2025732C202524
:107E6000640D0A001CB5504800685049884201D092
:107E7000012000E0002028B940F243124CA15BA091
:107E8000F8F7EAFA484800684849491E884201D094
:107E9000012000E0002028B94FF4A27244A153A0B1
:107EA000F8F7DAFA554C204600780190FF20214679
:107EB00008700846007800909DF8000000F0F0007F
:107EC0009DF80010884201D1012000E0002028B96F
:107ED00040F25D1236A145A0F8F7BEFA9DF8000009
:107EE00000F050004649087007204649086009E044
:107EF00044480068401E434908609DF80000400661
:107F0000000E00909DF8000000F080008028EFD067
:107F10003C480068C0F10700042801D1012000E0BE
:107F2000002028B940F2711221A130A0F8F794FA8C
:107F300034480068C0F10700042801D1012000E0A6
:107F4000002028B94FF4BD7219A128A0F8F784FACF
:107F50002C48006800022B4908600846008800F49D
:107F6000E06008602549019808700F4820300068DB
:107F700040F470000C49203108600846006840F069
:107F800070400860FFF7A8FC00201F490860F8F760
:107F900089F91E48006840F040401C490860F8F725
:107FA0006DF900201CBD000000ED00E071C20F4122
:107FB0002E2E5C2E2E5C4D6964646C657761726553
:107FC000735C4672656552544F535C706F72746196
:107FD000626C655C525644535C41524D5F434D3474
:107FE000465C706F72742E63000000004572726F01
:107FF000723A2025732C2025640D0A0000E400E06D
:1080000064010020680100206001002034EF00E0DE
:1080100010B500BF502080F31188BFF34F8FBFF31E
:108020006F8F00BF00F032FB18B14FF08050044951
:10803000086000BF002080F3118800BF10BD000061
:1080400004ED00E02DE9F84305460E4617460024EE
:10805000E5B1601EB0FBF5F0B04217D305FB06F0AA
:1080600010F1550F12D805FB06F909F15400FEF77F
:10807000EDFD04468CB1A04608F154083B4642464B
:10808000314628460094FEF727FA06E02CB94FF453
:10809000E37203A10BA0F8F7DFF92046BDE8F883EF
:1080A0002E2E5C2E2E5C4D6964646C657761726562
:1080B000735C4672656552544F535C7175657565A6
:1080C0002E6300004572726F723A2025732C2025B2
:1080D000640D0A002DE9F04105460E4601272C46A5
:1080E0002CB94FF488722CA134A0F8F7B5F9002C04
:1080F00042D0E06B00283FD04FF0FF31E06BB1FB86
:10810000F0F0216C884237D3FFF7EEFAD4E90F1272
:10811000206801FB0200A0600020A063206860606E
:10812000E06B401E226C216800FB0211E160FF2021
:1081300084F8440084F845009EB9206908B90120FC
:1081400000E00020A8B904F1100000F01BFC80B191
:108150004FF080501D490860BFF34F8FBFF36F8F02
:1081600007E004F11000FFF789FA04F12400FFF79B
:1081700085FAFFF705FB00E000270FB1012000E0C2
:10818000002028B940F2451203A10CA0F8F764F9C9
:108190003846BDE8F08100002E2E5C2E2E5C4D6925
:1081A00064646C6577617265735C46726565525490
:1081B0004F535C71756575652E6300004572726F73
:1081C000723A2025732C2025640D0A0004ED00E08E
:1081D0002DE9FF4782B0064688461D464FF000094C
:1081E00034462CB940F22E3264A16DA0F8F734F970
:1081F000B8F1000F01D1206C08B9012000E0002087
:1082000028B940F22F325DA165A0F8F725F9022DBB
:1082100002D1E06B012801D1012000E0002028B943
:108220004FF44C7255A15EA0F8F716F900F018FA59
:1082300008B9049808B9012000E0002028B940F2EC
:1082400033324EA156A0F8F707F900BFFFF74CFAFA
:10825000A06BE16B884201D3022D3ED1D4F838A047
:108260002A4641462046FEF788F80746A06C88B1AA
:10827000022D02D1BAF1000F29D12046FEF778FA7B
:1082800028B34FF080504A490860BFF34F8FBFF3C7
:108290006F8F1CE0606A08B9012000E0002068B917
:1082A00004F1240000F06EFB88B14FF0805040498B
:1082B0000860BFF34F8FBFF36F8F08E03FB14FF0FF
:1082C00080503B490860BFF34F8FBFF36F8FFFF7BC
:1082D00057FA012006B0BDE8F087049818B9FFF7F7
:1082E0004FFA0020F6E7B9F1000F04D16846FFF716
:1082F00047FC4FF00109FFF743FAFFF72FFDFFF7A7
:10830000F3F994F94400401C10B9002084F84400AB
:1083100094F94500401C10B9002084F84500FFF78F
:108320002FFA04A9684600F005F9F8B92046FEF7CF
:1083300010FAA8B104F110000499FFF733FC2046AD
:10834000FEF73BFC00F0C4FB00287FF47FAF4FF04A
:10835000805017490860BFF34F8FBFF36F8F75E7E9
:108360002046FEF72AFC00F0B3FB6FE72046FEF73D
:1083700024FC00F0ADFB0020ACE700002E2E5C2EAC
:108380002E5C4D6964646C6577617265735C4672DE
:10839000656552544F535C71756575652E630000B9
:1083A0004572726F723A2025732C2025640D0A00E5
:1083B00004ED00E02DE9F74183B005460E464FF08D
:1083C00000082C462CB940F251524CA154A0F8F7A9
:1083D00043F80EB9206C08B9012000E0002028B94C
:1083E00040F2555245A14EA0F8F736F800F038F9A2
:1083F00008B9059808B9012000E0002028B940F22A
:108400005A523EA146A0F8F727F800BFFFF76CF9D3
:10841000A76BF7B131462046FDF79AFF781EA0639F
:10842000206908B9012000E0002060B904F11000C3
:1084300000F0A8FA38B14FF080503D490860BFF312
:108440004F8FBFF36F8FFFF79BF9012006B0BDE898
:10845000F081059818B9FFF793F90020F6E7B8F115
:10846000000F04D101A8FFF78BFB4FF00108FFF7C5
:1084700087F9FFF773FCFFF737F994F94400401CC4
:1084800010B9002084F8440094F94500401C10B94C
:10849000002084F84500FFF773F905A901A800F052
:1084A00049F8F0B92046FEF747F9A0B104F12400DD
:1084B0000599FFF777FB2046FEF77FFB00F008FBEE
:1084C0000028A3D14FF0805019490860BFF34F8FA7
:1084D000BFF36F8F9AE72046FEF76FFB00F0F8FAC4
:1084E00094E72046FEF769FB00F0F2FA2046FEF71B
:1084F00023F900288AD00020A8E700002E2E5C2E49
:108500002E5C4D6964646C6577617265735C46725C
:10851000656552544F535C71756575652E63000037
:108520004572726F723A2025732C2025640D0A0063
:1085300004ED00E070B506460C462EB940F6FD424B
:108540001FA128A0F7F788FF2CB940F6FE421CA116
:1085500024A0F7F781FFFFF7C7F826480268706884
:10856000131A2548006890F85D0030B100202249B8
:10857000096881F85D0001251EE02068401C08B9EB
:10858000002519E01D4930680968884206D07068E6
:10859000904203D80125002020600DE02068984219
:1085A00007D92068C01A20603046FFF7E9FA002595
:1085B00002E0002020600125FFF7E2F8284670BDA8
:1085C0002E2E5C2E2E5C4D6964646C65776172653D
:1085D000735C4672656552544F535C7461736B7380
:1085E0002E6300004572726F723A2025732C20258D
:1085F000640D0A00F8000020E40000200C010020B7
:108600002DE9FF4F85B0804689461746DDE912AB5C
:10861000B800FEF71BFB064656B16020FEF716FBBE
:1086200004460CB1266304E03046FFF7E9F800E0A9
:1086300000247CB10020CDE900ABCDE902403A46F0
:1086400049464046089BFDF75FFF2046FDF7B4FD15
:10865000012501E04FF0FF35284609B0BDE8F08F55
:108660000549096809B9012005E00449096809B903
:10867000022000E0002070470001002020010020BF
:108680000149086870470000F80000202DE9F0411A
:108690004FF000085F48006800287DD15E48006800
:1086A000451C5D480560002D1DD15C4800680068D0
:1086B00008B9012000E0002028B940F6C72258A1DF
:1086C00060A0F7F7C9FE554807686248006853493B
:1086D00008606048076060480068401C5E490860A8
:1086E000FEF7CEF900BF5D480068854277D300BF32
:1086F0004A480068006808B9012000E0002020B165
:108700004FF0FF305549086068E044480068C06891
:10871000C4686668B54202D2504806605EE060698F
:10872000D4E902128A60D4E902214A60211D42681C
:108730008A4201D1E1684160002262610168491EFC
:108740000160A06A98B1A06AD4E907128A60D4E9EE
:1087500007214A6004F1180142688A4201D1216A66
:1087600041600022A2620168491E016000BF94F8C6
:108770002C10012088403A490968084338490860AC
:10878000E16A01EB8101374A02EB81014868A06090
:108790008268E260211D00E033E082685160816000
:1087A000E16A01EB81012F4A02EB81026261E16A19
:1087B00001EB81012B4A52F82110491CE26A02EBBD
:1087C0008202284B43F822102749E06A0968C96AE7
:1087D00088428DD34FF001088AE700E000BF2248AD
:1087E0000068C06A00EB80001E4951F82000012893
:1087F00001D94FF001081D48006808B14FF0010889
:1088000004E01B480068401C194908604046BDE868
:10881000F081000020010020F8000020E800002086
:108820002E2E5C2E2E5C4D6964646C6577617265DA
:10883000735C4672656552544F535C7461736B731D
:108840002E6300004572726F723A2025732C20252A
:10885000640D0A00EC0000200C010020140100202F
:10886000FC000020A0820120E4000020080100207C
:108870000401002070B505462C460026002D5ED070
:1088800030480068844201D1012000E0002028B96E
:1088900041F24F022CA135A0F7F7DEFD206D28B97B
:1088A00041F2500228A131A0F7F7D6FD206D401EFD
:1088B0002065E16CE06A884241D0206D00283ED1FD
:1088C000201DFEF7C7FE40B994F82C100120884007
:1088D0002A490968814329480160E06CE062E06A46
:1088E000C0F12000A06194F82C1001208840234999
:1088F0000968084321490860E16A01EB8101204AC7
:1089000002EB81014868A0608268E260211D8268F4
:1089100051608160E16A01EB8101194A02EB810239
:108920006261E16A01EB8101154A52F82110491C8C
:10893000E26A02EB8202124B43F822100126304613
:1089400070BD0000E40000202E2E5C2E2E5C4D69D0
:1089500064646C6577617265735C467265655254D8
:108960004F535C7461736B732E6300004572726FBA
:10897000723A2025732C2025640D0A00FC0000208B
:10898000A082012070B50646F068C4682CB940F694
:1089900082423CA144A0F7F75FFDA06AD4E9071228
:1089A0008A60D4E907214A6004F1180142688A42CA
:1089B00001D1216A41600022A2620168491E016062
:1089C0003D48006800283DD16069D4E902128A6000
:1089D000D4E902214A60211D42688A4201D1E1683E
:1089E0004160002262610168491E016094F82C1008
:1089F0000120884031490968084330490860E16A2C
:108A000001EB81012E4A02EB81014868A060826877
:108A1000E260211D826851608160E16A01EB8101A1
:108A2000274A02EB81026261E16A01EB8101244A7B
:108A300052F82110491CE26A02EB8202204B43F8F3
:108A4000221010E01F494868E0618268226204F148
:108A500018018268516081601A4AA2621146096851
:108A6000491C116000BF1849E06A0968C96A884258
:108A700004D9012501201549086000E00025284699
:108A800070BD00002E2E5C2E2E5C4D6964646C65FA
:108A900077617265735C4672656552544F535C74BE
:108AA00061736B732E6300004572726F723A2025FA
:108AB000732C2025640D0A0020010020FC000020FA
:108AC000A082012048850120E40000200801002048
:108AD00070B5002400265048006828B940F6B3025B
:108AE0004EA157A0F7F7B8FCFEF7FEFD4A48006814
:108AF000401E494908600846006800287ED1544855
:108B0000006800287AD05BE05248C068C468A06A58
:108B1000D4E907128A60D4E907214A6004F11801F8
:108B200042688A4201D1216A41600022A262016842
:108B3000491E01606069D4E902128A60D4E9022109
:108B40004A60211D42688A4201D1E16841600022E9
:108B500062610168491E016094F82C100120884070
:108B60003D49096808433C490860E16A01EB81011D
:108B70003A4A02EB81014868A0608268E260211DE8
:108B8000826851608160E16A01EB8101334A02EB46
:108B900081026261E16A01EB8101304A52F82110E1
:108BA000491CE26A02EB82022C4B43F822102C494A
:108BB000E06A0968C96A884202D30120294908602D
:108BC0002448006808B9012000E0002000289BD05C
:108BD0000CB1FDF755FF2448056865B100BFFFF7EC
:108BE00055FD10B101201F4908606D1E002DF6D102
:108BF00000201D4908601B48006800E008E038B10B
:108C00000126300719490860BFF34F8FBFF36F8FFC
:108C1000FEF7B6FD304670BD200100202E2E5C2EE2
:108C20002E5C4D6964646C6577617265735C467235
:108C3000656552544F535C7461736B732E6300000F
:108C40004572726F723A2025732C2025640D0A003C
:108C5000F400002048850120FC000020A0820120B3
:108C6000E4000020080100200401002004ED00E0E1
:108C70001CB50024FDF716FB0B48006858B10B48E3
:108C80001F2100234FF48072CDE9001008A10A488B
:108C9000FFF7B6FC04462CB940F2191207A110A048
:108CA000F7F7DAFB20461CBD340100203801002014
:108CB000546D722053766300A16B00082E2E5C2E3B
:108CC0002E5C4D6964646C6577617265735C467295
:108CD000656552544F535C74696D6572732E630001
:108CE0004572726F723A2025732C2025640D0A009C
:108CF00044F2A01001E000BF401E0028FBD17047E5
:108D00004FEA1153A3F58063D3F11E03A8BFD3F13B
:108D1000200C08DB4FF0004242EAC12252EA5052D6
:108D200032FA03F0704709420BD4102BC4BF002065
:108D3000704703F5787CBCF1FF3F05D04FF0FF3062
:108D400070474FF00000704770B500F0C3F800BFE7
:108D50004992248000207047F0E7B0FA80F310FABF
:108D600003F10AD0C3F11D0303F580634FEA4150BC
:108D70004FEA035202EBD12170474FF000007047D9
:108D8000DFF848C170B51CEA111E1EBF1CEA13159E
:108D90009EEA0C0F95EA0C0F00F06F8081EA030445
:108DA00023EA4C134EEAD47E21EA4C1141F480119F
:108DB00043F48013AE44A1FB024CA0FB0365AEF16B
:108DC0007F7E361955EB0C05A1FB034C4CF10003DB
:108DD000A0FB021C16EB0C06654153F1000309428F
:108DE00018BF46F0010613F4007F0BD14FEA0331A0
:108DF0004FEA0530340341EA155140EA16506FF04E
:108E000003020AE04FEAC3214FEAC520F40241EA17
:108E1000555140EA56506FF0020202EB2E4201EB30
:108E2000025585EACE710AD05FEA440C18BF24F0DF
:108E3000004450F1000041F1000120EAD47040F2FA
:108E4000FE7C624500D270BDA84214BF4FF0804442
:108E50004FF04044002E08BF0024BEF1806FA8BF31
:108E6000A1F1C041BDE8704080F282804FF0000067
:108E700001F1C04101F0004170479EEA0C0F0CEA7D
:108E8000131518BF95EA0C0F06D04FF0000081EAC9
:108E9000030E0EF0004170BD00F01CF88900013E89
:108EA00000F007B800F009B84FEA430C5FEA5C5CD9
:108EB00008D081EA030100F05BB84FEA410C5FEA99
:108EC0005C5CF6D14FF00000014970470000FF07DD
:108ED0000000F87F0EF1020E2EF0030E5EF8046B18
:108EE000364205D4012A43EB030515F5001F12D8BD
:108EF000012841EB010C1CF5001F0CD80ED14FEAE4
:108F0000D17C15F5001F0CEB4C0C0CF1020C08BFCA
:108F10004CEBD37C04E04FF0080C01E04FEAD37C2B
:108F20000CEB4C0526FA05F606F00706B6F1040C24
:108F300006D20EEB860CBDE870404CF0010C604789
:108F4000DFE80CF0090B02024FF000414FF0000087
:108F5000A1F5002170BD19461046012851EB01040E
:108F600018BFD4F5001484BF002001F0004170BD8B
:108F70000808A0F500114FEA310170474FF040702A
:108F8000E1EE100A7047000000000000000001023E
:108F900003040607080900000000010203040000A2
:108FA00000000000000000000000000000003F4042
:108FB00000000000000000003000400030004000D1
:108FC000000009000BC03D000BC03D00090018C0A7
:108FD00024407FE0224031800000180024C01B00A4
:108FE0000D803240018003801C4027401C800740D8
:108FF00000401000600000000000000000000000C1
:10900000000000001F802040402000004020204041
:109010001F8000000000090006001F8006000900F4
:109020000000040004003F80040004000000001061
:1090300000600000000000000000040004000400C4
:1090400004000400000000000040000000000000D8
:109050000000002001C006003800400000001F8012
:109060002040204020401F800000000010403FC0F2
:1090700000400000000018C0214022402440184059
:10908000000010802040244024401B80000002008B
:109090000D0011003FC0014000003C8024402440EE
:1090A0002440238000001F8024402440344003805B
:1090B00000003000200027C03800200000001B8086
:1090C0002440244024401B8000001C0022C0224079
:1090D00022401F8000000000000008400000000047
:1090E000000000000000046000000000000000001C
:1090F00004000A0011002080404009000900090016
:1091000009000900000000004040208011000A0012
:1091100004001800200023402400180000001F80D5
:109120002040274029401F400000004007C0390070
:109130000F0001C0004020403FC0244024401B805D
:1091400000001F8020402040204030800000204050
:109150003FC0204020401F80000020403FC02440EE
:109160002E4030C0000020403FC024402E00300080
:1091700000000F0010802040224033800200204079
:109180003FC0040004003FC02040204020403FC0BA
:109190002040204000000060202020203FC0200010
:1091A000200020403FC024400B0030C02040204021
:1091B0003FC020400040004000C03FC03C0003C012
:1091C0003C003FC0000020403FC00C4023003FC097
:1091D00020001F802040204020401F8000002040B1
:1091E0003FC024402400180000001F80214021407F
:1091F00020E01FA0000020403FC02440260019C0EE
:10920000004018C02440244022403180000030003B
:1092100020403FC020403000000020003F80004040
:1092200000403F80200020003E0001C007003800C1
:109230002000380007C03C0007C038000000204074
:1092400039C0060039C0204000002000384007C067
:10925000384020000000304021C02640384020C067
:109260000000000000007FE04020402000000000DF
:1092700070000C00038000400000000040204020EF
:109280007FE00000000000002000400020000000FF
:10929000000000100010001000100010001000006E
:1092A00000004000000000000000000002800540B7
:1092B000054003C0004020003FC00440044003803C
:1092C000000000000380044004400640000000004D
:1092D0000380044024403FC000400000038005405C
:1092E000054003400000000004401FC0244024400B
:1092F0002000000002E005500550065004202040E8
:109300003FC00440040003C000400000044027C0E8
:1093100000400000000000100010041027E00000D2
:10932000000020403FC00140070004C0044020402E
:1093300020403FC000400040000007C0040007C0BC
:10934000040003C00000044007C00440040003C040
:10935000004000000380044004400380000004102B
:1093600007F0045004400380000000000380044024
:10937000045007F00010044007C00240040004003D
:109380000000000006400540054004C00000000049
:1093900004001F80044000400000040007800040DB
:1093A000044007C000400400070004C0018006001C
:1093B0000400060001C0070001C0060000000440D0
:1093C00006C0010006C0044000000410071004E0BD
:1093D0000180060004000000044005C0064004406F
:1093E00000000000000004007BE0402000000000BE
:1093F00000000000FFF000000000000040207BE0C3
:109400000400000000004000800040002000200018
:10941000400000000000000000000000000000000C
:1094200000000000000000001FCC000C0000000045
:1094300000000000080030006000080030006000FC
:109440000000022003FC1E20022003FC1E2002203C
:10945000000000000E1811043FFF10840C7800007B
:1094600000000F0010840F3800C0077818840078BF
:10947000000000780F8410C411240E9800E40084CA
:1094800000080800680070000000000000000000F4
:10949000000000000000000007E01818200440024F
:1094A0000000000040022004181807E0000000003F
:1094B00000000240024001800FF0018002400240A3
:1094C00000000080008000800FF800800080008095
:1094D00000000001000D000E000000000000000070
:1094E000000000000080008000800080008000807C
:1094F00000800000000C000C0000000000000000D4
:10950000000000000006001800600180060018003E
:109510002000000007F0080810041004080807F0F5
:1095200000000000080408041FFC00040004000000
:10953000000000000E0C10141024104411840E0CB6
:10954000000000000C1810041104110412880C70A3
:109550000000000000E00320042408241FFC002475
:10956000000000001F98108411041104108810706E
:109570000000000007F0088811041104188800702A
:10958000000000001C00100010FC13001C00100064
:10959000000000000E3811441084108411440E386D
:1095A000000000000700088C10441044088807F0F1
:1095B0000000000000000000030C030C000000008D
:1095C0000000000000000001010600000000000093
:1095D0000000000000800140022004100808100470
:1095E000000002200220022002200220022002208D
:1095F0000000000010040808041002200140008050
:10960000000000000E001200100C106C10800F0003
:10961000000003E00C1813E4142417C4082807D032
:1096200000000004003C03C41C40074000E4001C90
:10963000000410041FFC1104110411040E880070B2
:10964000000003E00C1810041004100410081C1093
:10965000000010041FFC100410041004080807F098
:10966000000010041FFC1104110417C41004081892
:10967000000010041FFC1104110017C010000800A6
:10968000000003E00C181004100410441C78004083
:10969000000010041FFC10840080008010841FFC58
:1096A00010040000100410041FFC1004100400003B
:1096B000000000030001100110011FFE1000100047
:1096C000000010041FFC110403801464181C100413
:1096D000000010041FFC1004000400040004000C2F
:1096E000000010041FFC1F0000FC1F001FFC1004E2
:1096F000000010041FFC0C04030000E010181FFC05
:10970000100007F00808100410041004080807F0FF
:10971000000010041FFC10841080108010800F00C7
:10972000000007F0081810241024101C080A07F283
:10973000000010041FFC1104110011C011300E0CA8
:10974000000400000E1C11041084108410441C3806
:1097500000001800100010041FFC10041000180076
:10976000000010001FF810040004000410041FF88B
:10977000100010001E0011E0001C007013801C007F
:1097800010001FC0103C00E01F0000E0103C1FC094
:1097900000001004180C163401C001C01634180C57
:1097A000100410001C00130400FC13041C00100023
:1097B00000000804101C1064108413041C0410180A
:1097C00000000000000000007FFE40024002400256
:1097D0000000000030000C0003800060001C00034B
:1097E000000000004002400240027FFE0000000036
:1097F0000000000000002000400040004000200069
:109800000000000100010001000100010001000151
:1098100000010000400040002000000000000000A7
:10982000000000000098012401440144014400FCB0
:10983000000410001FFC008801040104008800706F
:109840000000000000700088010401040104008889
:1098500000000000007000880104010411081FFCD2
:109860000004000000F8014401440144014400C820
:1098700000000000010401040FFC11041104110098
:109880001800000000D601290129012901C901069B
:10989000000010041FFC008401000100010400FC12
:1098A000000400000104190419FC00040004000075
:1098B00000000000000300010101190119FE000071
:1098C000000010041FFC0024004001B4010C01043E
:1098D00000000000100410041FFC0004000400003D
:1098E0000000010401FC0104010001FC010401006D
:1098F00000FC010401FC008401000100010400FCE3
:109900000004000000F8010401040104010400F84F
:109910000000010101FF00850104010400880070BE
:10992000000000000070008801040104010501FF2F
:1099300000010104010401FC008401040100018014
:109940000000000000CC012401240124012401981E
:10995000000000000100010007F8010401040000FC
:109960000000010001F8000400040004010801FCEB
:109970000004010001800170000C001001600180F2
:10998000010001F0010C003001C00030010C01F0B9
:10999000010000000104018C00740170018C0104BD
:1099A0000000010101810171000E001801600180B9
:1099B000010000000184010C013401440184010C08
:1099C0000000000000000000000001003EFC40021A
:1099D00040020000000000000000FFFF0000000047
:1099E00000000000400240023EFC010000000000B8
:1099F0000000000060008000800040004000200067
:109A00002000000000000000000000000000000036
:109A10000000000000000000000000000000000046
:109A20000000000000000000000000000000000036
:109A300000000000000F80380FFE380F8038000053
:109A40000000000000000000000000000000000016
:109A50000100000600000C00003800003100000684
:109A600000000C0000380000300000000000000082
:109A7000000061800067F807F98000618000618064
:109A80000061800061800067F807F9800061800054
:109A9000000000000000000001C0E003E0F006301C
:109AA000080418081FFFFE040E080787F00381E072
:109AB00000000000000001F000060C00040408068D
:109AC0000C7001F9C0000E00003BE000EC18070824
:109AD00008040C180003E00000000001E00007F09B
:109AE00003F818041C0804170807E1D003C0E000BD
:109AF00023B0003C08002008000010000000000017
:109B0000000100003100003200001C0000000000D5
:109B10000000000000000000000000000000000045
:109B20000000000000000000000000000000000035
:109B300000007F0001FFC00780F00C001810000437
:109B40002000020000000000002000021000040CB1
:109B500000180780F001FFC0007F00000000000037
:109B600000000000000000000000000000004200B3
:109B7000006600006600003C0000180003FFC00003
:109B80001800003C00006600006600004200000073
:109B9000000008000008000008000008000008009D
:109BA00001FFC000080000080000080000080000D5
:109BB0000800000000000001000031000032000039
:109BC0001C00000000000000000000000000000079
:109BD0000000000000000000000008000008000075
:109BE0000800000800000800000800000800000845
:109BF0000000080000080000000000000000000055
:109C000000003800003800003800000000000000AC
:109C10000000000000000000000000000000000044
:109C20000000000600001C000070000180000E0013
:109C300000380000C0000700001C000030000000D9
:109C40000000000000007F8001FFE003807006003C
:109C50001804000804000806001803807001FFE0E3
:109C6000007F8000000000000000000001000801EB
:109C7000000801000803FFF807FFF80000080000D3
:109C80000800000800000000000000000001C038CB
:109C900002C05804009804011804021804041806AD
:109CA0001C1803F81801E0F8000000000000000094
:109CB0000001C0E003C0F00400080408080408081C
:109CC00006180803F41801E7F00001E000000000A6
:109CD0000000000000000300000D00001100006102
:109CE0000000810803010807FFF80FFFF8000108D2
:109CF0000001080000000000000000E007FCD006A2
:109D00000808061008061008061008061838060F7E
:109D1000F00607C0000000000000000000003F80C7
:109D200001FFE0038430020818041008041008043E
:109D30001008071810030FF00007C0000000000013
:109D40000000000003C0000700000600000600F845
:109D50000607F806180006E00007000006000000ED
:109D6000000000000001E1E003F7F00634100418E1
:109D700008041808040C08040C0806161803F3F06D
:109D800001C1E000000000000000F80003FC300307
:109D90000638040208040208040208040410030838
:109DA000F001FFC0007F0000000000000000000084
:109DB0000000000000000000000070380070380053
:109DC00070380000000000000000000000000000EB
:109DD0000000000000000000000000000000301A39
:109DE00000301C0000000000000000000000000027
:109DF0000000000000000000000800001400002225
:109E0000000041000080800100400200200400109A
:109E100008000800000000000000210000210000F0
:109E2000210000210000210000210000210000216C
:109E300000002100002100000000000000000000E0
:109E4000080008040010020020010040008080008B
:109E50004100002200001400000800000000000083
:109E60000003C00004C000040000080038080F38D8
:109E70000808380810000C300007E00003C000009C
:109E80000000000000003F8000FFE0038070020F30
:109E90001006708804C088048308047F8802C0907C
:109EA00003012000FE400000080000180001F80037
:109EB0003E0801C20007020007E20000FE00001F8A
:109EC000C80001F800003800000804000807FFF887
:109ED00007FFF8040808040808040808040808062E
:109EE000180803F41801E7F00001E000000000008A
:109EF00000003F8001FFE0038070020018040008AA
:109F00000400080400080400100600200780C000B8
:109F1000000004000807FFF807FFF8040008040029
:109F20000804000804001802001003807001FFE01C
:109F3000007F8000000004000807FFF807FFF80416
:109F40000808040808040808040808043E08040077
:109F50000806001801006000000004000807FFF870
:109F600007FFF804080804080004080004080004B7
:109F70003E00060000060000018000000000000016
:109F800000003F8001FFE003807006001804000815
:109F90000402080402080203F00783F00002000034
:109FA000020004000807FFF807FFF804080800088B
:109FB0000000080000080000080004080807FFF877
:109FC00007FFF80400080000000000000400080477
:109FD000000804000807FFF807FFF8040008040061
:109FE0000804000800000000000000000000000657
:109FF0000000070000010400010400010400030741
:10A00000FFFE07FFFC040000040000040000040041
:10A010000807FFF807FFF8040C08001800003E00CE
:10A0200004C7800503C80600F804003804001800BF
:10A03000000804000807FFF807FFF8040008000004
:10A0400008000008000008000008000008000018D0
:10A0500000006000000004000807FFF80780080700
:10A06000FC00007FC00003F80007C00078000780F4
:10A070000807FFF807FFF804000804000807FFF8C6
:10A0800007000803C00000E000003800001E0000C8
:10A0900007000001C00400F007FFF8040000000002
:10A0A00000007F8001FFE0038070060018040008B4
:10A0B00004000806001803003001FFE0007F800064
:10A0C000000004000807FFF807FFF8040408040470
:10A0D00000040400040400040400060C0003F8005B
:10A0E00001F000000000000000007F8001FFE0039D
:10A0F00080700600880400880400C806003C030045
:10A100003E01FFE6007F8400000004000807FFF81E
:10A1100007FFF8040808040800040C00040F0004FA
:10A120000BC00610F003F03801E008000008000042
:10A130000001E0F803F03006301004180804180895
:10A14000040C08040C080206180207F00781E0005E
:10A15000000001800006000004000004000004006C
:10A160000807FFF807FFF8040008040000040000D7
:10A1700006000001800004000007FFE007FFF00474
:10A180000018000008000008000008000008000097
:10A190000804001007FFE0040000040000060000AF
:10A1A00007E00007FE00041FE00001F8000038008F
:10A1B00001E0043E0007C0000600000400000400A7
:10A1C0000007E00007FFC0041FF80007C007F80001
:10A1D00007FF80043FF80007C004F80007000004F0
:10A1E000000000000004000806001807C07805F110
:10A1F000C8003E00001F800463E80780F8060018CE
:10A2000004000800000004000006000007800007AA
:10A21000E008047C08001FF80007F800180804E0B4
:10A22000080700000600000400000000000100080C
:10A230000600380400F80403E8040F08047C08054D
:10A24000F00807C0080700180400600000000000C4
:10A25000000000000000000000000000003FFFFEC2
:10A260002000022000022000022000022000020044
:10A27000000000000000000008000007000000C00F
:10A28000000038000006000001C000003000000E91
:10A29000000001000000000000000000200002207B
:10A2A00000022000022000022000023FFFFE00000A
:10A2B000000000000000000000000000000000009E
:10A2C00000000008000010000030000020000030F6
:10A2D0000000100000080000000000000000000066
:10A2E0000100000100000100000100000100000168
:10A2F0000000010000010000010000010000010059
:10A30000000100000000000000000020000020000C
:10A31000001000001000000000000000000000001D
:10A320000000000000000000000000F00019F8002C
:10A330001B18002208002608002408002410003FF3
:10A34000F8001FF8000008000018000000040000DA
:10A3500007FFF80FFFF00018180010080020080091
:10A360002008003018001FF0000FC000000000009F
:10A37000000007C0001FF00018300020080020086F
:10A38000002008003C08001C1000006000000000D5
:10A3900000000000000007C0001FF0003818002077
:10A3A0000800200800200804101007FFF80FFFF035
:10A3B0000000100000000000000000000007C000C6
:10A3C0001FF000123000221800220800220800327C
:10A3D00008001E10000E20000000000000002000F9
:10A3E00000200800200801FFF803FFF806200804F9
:10A3F00020080420080720000300000000000000DF
:10A400000000000E000E6E001FF30031B10020B1FD
:10A410000020B1003191001F13002E1E00200E00FD
:10A42000300000000004000807FFF80FFFF80010DC
:10A4300008002000002000002008003FF8001FF85E
:10A4400000000800000000000000000000200800DC
:10A450002008002008063FF8063FF800000800002A
:10A4600008000008000000000000000000000000DC
:10A47000000003000003002001002001002003066B
:10A480003FFE063FFC00000000000000000000004E
:10A490000004000807FFF80FFFF800018800030020
:10A4A000002FC00038F80020380020080000080005
:10A4B0000000000000000000040008040008040080
:10A4C0000807FFF80FFFF800000800000800000868
:10A4D000000000000000002008003FF8003FF800E6
:10A4E0001008002000003FF8003FF800100800208E
:10A4F00000003FF8003FF8000008000000002008BE
:10A50000003FF8003FF80010080010000020000095
:10A510002008003FF8001FF80000080000000000BD
:10A52000000007C0000FF0001830003008002008BD
:10A53000002008003008001830000FF00007C000AD
:10A540000000000000002001003FFF003FFF00105E
:10A5500011002009002008002008003038001FF0FA
:10A56000000FC00000000000000007C0001FF00046
:10A570003818002008002008002009001011001FD2
:10A58000FF003FFF0000010000000020080020083D
:10A59000002008003FF8003FF800080800100800FD
:10A5A0002008002000003000003000000000000003
:10A5B00000000000000C78001E180033080023087B
:10A5C0000021080021880021980030F00038600048
:10A5D000000000000000200000200000200000FF1C
:10A5E000F003FFF8002008002008002008000030D9
:10A5F000000000000000000000002000003FF0000C
:10A600007FF8000018000008000008002010003F3C
:10A61000F8007FF0000010000000000000002000A3
:10A62000003000003C00003F800023F00000780074
:10A630000070002380003C0000300000200000205B
:10A6400000003C00003FE00023F80000E00027008D
:10A65000003E00003FE00021F80001E0003E000065
:10A660002000000000002008002008003838003ECC
:10A67000680027800003C8002CF800383800201834
:10A68000002008000000000000002000003003004F
:10A690003C01003F830023EC000070002380003C5D
:10A6A000000020000020000000000000000000006A
:10A6B0000038080020380020F80023E8002F880028
:10A6C0003E0800380800201800007000000000005C
:10A6D0000000000000000000000000000000080072
:10A6E0000014001FF7FC30000620000200000000EC
:10A6F000000000000000000000000000000000005A
:10A7000000000000FFFFFF0000000000000000004C
:10A7100000000000000000000000000020000230E7
:10A7200000061FF7FC0014000008000000000000F5
:10A730000000000000000000000000000018000001
:10A7400060000040000040000020000010000008F1
:10A7500000000400000400000C00001000000000D5
:10A7600000000000000000000000000000000000E9
:10A7700000000000000000000000000000000000D9
:10A7800000000000000000000000000000000000C9
:10A7900000000000000000000000000000000000B9
:10A7A00000000000000000000000000000000000A9
:10A7B00000000000000007F000C007FFE1E007F024
:10A7C00001E0000000C000000000000000000000E8
:10A7D0000000000000000000000000000000000079
:10A7E0000000000000000020000001C00000078001
:10A7F00000001F0000001E0000001C20000001C01F
:10A800000000078000001F0000001E0000001C0068
:10A810000000000000000000000000000000000038
:10A82000000000180C0000180C0000180FE0001FBA
:10A83000FC0003F80C0000180C0000180C000018B5
:10A840000C0000180C0000180FE0001FFC0003F8BB
:10A850000C0000180C0000180C00000000000000A4
:10A8600000000000000000000780007807C000FC26
:10A870000640010E002003070020020380200FFF86
:10A88000FFFC0201C0200200E0600130704001F0D6
:10A890003F8000F01F00000000000000000000FEEC
:10A8A000000001FF0000030180000200806003013E
:10A8B00081C001FF070000FE18000000E000000357
:10A8C000BF00000CFFC00071806001C100200301C7
:10A8D00080600000FFC000003F000000000000009A
:10A8E0001F0000007FC000FCC0C001FF80600303A8
:10A8F000E0200202782002061E2003FC074001F03F
:10A900000380000103C000011C600001E020000181
:10A910000020000100400000018000000000000055
:10A920000000002000001C6000001C4000001F8090
:10A9300000000F0000000000000000000000000008
:10A940000000000000000000000000000000000007
:10A9500000000000000000000000000000000000F7
:10A9600000000000000000000000000000000000E7
:10A97000000000000000000000000007F800003F99
:10A98000FF00007807C001C000E0030000300400B1
:10A990000008080000041000000200000000000091
:10A9A000000010000002080000040400000803007A
:10A9B000003001C000E0007807C0003FFF00000742
:10A9C000F80000000000000000000000000000008F
:10A9D0000000000000000000000000000000000077
:10A9E000000000000000000C1800000E3800000EEF
:10A9F000380000063000000360000061438000FF63
:10AA0000FF80006143000003600000063000000E7C
:10AA10003800000E3800000C180000000000000094
:10AA20000000000000000000800000008000000026
:10AA30008000000080000000800000008000007F97
:10AA4000FF00000080000000800000008000000087
:10AA50008000000080000000800000000000000076
:10AA6000000000000001000000E3000000E2000020
:10AA700000FC000000780000000000000000000062
:10AA800000000000000000000000000000000000C6
:10AA900000000000000000000000000000000000B6
:10AAA0000000000080000000800000008000000026
:10AAB0008000000080000000800000008000000096
:10AAC0008000000080000000800000008000000086
:10AAD00080000000800000008000000000000000F6
:10AAE000000000000000000000C0000001E00000C5
:10AAF00001E0000000C000000000000000000000B5
:10AB00000000000000000000000000000000000045
:10AB10000000000000000000000000000000000035
:10AB200000000000000C00000038000000E0000001
:10AB3000038000000E00000038000000E000000369
:10AB40008000000E00000038000000E000000380DC
:10AB500000000E00000018000000000000000000CF
:10AB6000000000000000000FF800007FFF0000F070
:10AB70000780018000C00300006002000020020086
:10AB800000200200002003000060018000C000E0FF
:10AB90000380007FFF00000FF800000000000000AD
:10ABA0000000000000000000000000800020008085
:10ABB0000020008000200080006001FFFFE003FF14
:10ABC000FFE0000000600000002000000020000006
:10ABD0000020000000000000000000000000000055
:10ABE000000000000000007800E000980160010013
:10ABF00002600200046002000860020010600200AF
:10AC0000206002004060030080600183006001FE5C
:10AC100000E0007C07800000000000000000000051
:10AC200000000000000000F0078001F007C00100F4
:10AC30000040020000200201002002010020020169
:10AC40000020030380200186804001FCC0C0007802
:10AC50007F8000001E0000000000000000000000D7
:10AC6000000000000800000038000000480000015B
:10AC7000880000060800000C081000300810004092
:10AC8000081001FFFFF003FFFFF003FFFFF00000DB
:10AC9000081000000810000008100000000000006C
:10ACA00000000000000000000780001F864003E154
:10ACB00000200302002003040020030400200304FA
:10ACC00000200304002003060040030301C0030129
:10ACD000FF8003007E000000000000000000000074
:10ACE0000000000000000007FC00003FFF000070B3
:10ACF000C380008180C001010060030200200202C5
:10AD0000002002020020020200200203004001C1D4
:10AD100080C000C0FF8000007E0000000000000036
:10AD200000000000000000F0000003C000000380ED
:10AD3000000003000000030007E003003FE0030100
:10AD4000C000030600000318000003600000038039
:10AD500000000300000000000000000000000000F0
:10AD6000000000001F0000783F8000FC60C0018EE2
:10AD7000C04003078020020300200201802002015E
:10AD800080200201C0200301E040018670C000FC69
:10AD90003F8000781F00000000000000000000005D
:10ADA0000000003F000000FF81C001C0C1C00100E1
:10ADB000602002002020020020200200202002004B
:10ADC0002060020040C00100C18000C18F00007FF0
:10ADD000FE00001FF0000000000000000000000066
:10ADE0000000000000000000000000000000000063
:10ADF000000000000000000300C0000781E0000721
:10AE000081E0000300C0000000000000000000001E
:10AE10000000000000000000000000000000000032
:10AE20000000000000000000000000000000000022
:10AE30000000000000000006006600060078000028
:10AE40000000000000000000000000000000000002
:10AE500000000000000000000000000000000000F2
:10AE6000000000000000000080000001C00000039E
:10AE7000600000063000000C180000180C000030C4
:10AE800006000060030000C00180010000400200D5
:10AE9000002004000010000000000000000000007E
:10AEA0000000000410000004100000041000000462
:10AEB0001000000410000004100000041000000442
:10AEC0001000000410000004100000041000000432
:10AED000100000041000000410000000000000003A
:10AEE000000000000000040000100200002001002B
:10AEF000004000C001800060030000300600001820
:10AF00000C00000C18000006300000036000000177
:10AF1000C0000000800000000000000000000000F1
:10AF20000000000000000078000001F80000023876
:10AF3000000002000000040000C0040079E00400EA
:10AF400081E0040100C004030000020200000306C7
:10AF5000000001FC000000F80000000000000000FC
:10AF60000000000FF800003FFE000070078000C0E6
:10AF700000C00101F8400307FC20021E042002303B
:10AF8000082002203020023FFC20013F04400180C5
:10AF90000CC000E03180001FC20000000000000073
:10AFA000002000000060000003E000003E200003DD
:10AFB000E020003E200003E020000380200007FC8A
:10AFC0002000003FE0000003FE2000003FE0000002
:10AFD00001E0000000200000002000000000000050
:10AFE0000000020000200200002003FFFFE003FF3A
:10AFF000FFE0020100200201002002010020020106
:10B00000002002010020030300200186806001FC73
:10B01000C0C000F87F8000001F000000000000009A
:10B0200000000007F800003FFF000070078000C02C
:10B0300000C00100004003000020020000200200C8
:10B0400000200200002002000020010000400180DA
:10B0500000C003C0018000300600000000000000B6
:10B060000000020000200200002003FFFFE003FFB9
:10B07000FFE0020000200200002002000020020089
:10B0800000200300006001000040018000C000F0CB
:10B090000780007FFE00000FF800000000000000A5
:10B0A0000000020000200200002003FFFFE003FF79
:10B0B000FFE0020100200201002002010020020145
:10B0C00000200201002002038020020FE020030084
:10B0D000006003C000E0006003000000000000000A
:10B0E0000000020000200200002003FFFFE003FF39
:10B0F000FFE0020100200201002002010000020125
:10B100000000020100000201000002038000030FA2
:10B11000E0000300000003C0000000600000000029
:10B1200000000007F800003FFE000070078001C02B
:10B1300001C00100004003000020020000200200C6
:10B14000002002000020010020200100204003C058
:10B150003F8000303F8000002000000020000200FF
:10B1600000200200002003FFFFE003FFFFE00200D9
:10B17000802002008020000080000000800000008D
:10B180008000020080200200802003FFFFE003FF18
:10B19000FFE002000020020000200000000000008C
:10B1A000000000000000000000000200002002007B
:10B1B0000020020000200200002003FFFFE003FF48
:10B1C000FFE0020000200200002002000020020038
:10B1D000002000000000000000000000000000004F
:10B1E00000000000000E0000000F0000000F000033
:10B1F0000001020000010200000102000003020041
:10B20000000603FFFFFC03FFFFF80200000002003E
:10B21000000002000000020000000000000000002A
:10B220000000020000200200002003FFFFE003FFF7
:10B23000FFE00200C0200201002000078000000F94
:10B24000E0000030F80002603E2003800F20030081
:10B2500003E0020000E002000020000000200000E7
:10B260000000020000200200002003FFFFE003FFB7
:10B27000FFE002000020020000200000002000008B
:10B28000002000000020000000200000002000003E
:10B290000060000000E00000030000000000020069
:10B2A00000200200002003FFFFE003E0002003FF76
:10B2B0000020001FF0000001FF8000000FE00000F0
:10B2C0001E000003E000003E002003E0002003FF1A
:10B2D000FFE003FFFFE00200002002000020020068
:10B2E00000200200002003FFFFE00380002003F0A5
:10B2F000002000FC0000001F00000007C00000014B
:10B30000F00000007C0002001F80020007E003FF45
:10B31000FFE002000000020000000000000000004A
:10B320000000000FF800003FFE0000F007800180E1
:10B3300000C00100004002000020020000200200C6
:10B3400000200200002001000040018000C000F049
:10B350000380003FFE00000FF80000000000000026
:10B360000000020000200200002003FFFFE003FFB6
:10B37000FFE0020080200200802002008000020026
:10B380008000020080000200800003018000018331
:10B39000000000FE0000007C000000000000000033
:10B3A0000000000FF800007FFF0000F00380018024
:10B3B00001C0010006400200042002000420020037
:10B3C0000620020003E0010000F80180005C00E0BC
:10B3D000038C003FFF0C000FFC1800000000000071
:10B3E0000000020000200200002003FFFFE003FF36
:10B3F000FFE00201002002010020020180000201A2
:10B40000E0000201FC0003033F80018607E001FC2D
:10B4100000E000F800200000002000000000000014
:10B420000000000000000078060000FE01E0018638
:10B4300000C003030040020300200201802002013B
:10B4400080200201C0200200C0200100E0600180D5
:10B4500070C003E03F8000001F00000000000000FB
:10B4600000000060000003800000030000000200F4
:10B470000000020000200200002003FFFFE003FFA5
:10B48000FFE0020000200200002002000000020095
:10B4900000000380000000E0000000000000020047
:10B4A00000000200000003FFFF0003FFFFC00200D6
:10B4B00000400200006000000020000000200000AA
:10B4C000002000000020020000400200008003FF76
:10B4D000FF00020000000200000000000000000069
:10B4E0000000020000000200000003C0000003FC96
:10B4F0000000023FC0000003F80000007F80000051
:10B5000007E000000780000078000203C000023C52
:10B51000000003C000000200000002000000020062
:10B52000000003C0000003FF8000023FFE00020095
:10B530007FE000000F000200F00003EF000003FFB7
:10B540008000020FFE0000003FE000001F00020725
:10B55000E00003F80000030000000200000000000B
:10B5600000000200002002000020038000E003F041
:10B57000032002FC0C20021F30000007C00000075F
:10B58000F00002187C0002601F20038003E002002C
:10B5900000E0020000200000002000000000000089
:10B5A0000000020000000300000003C0000003F8D8
:10B5B0000000023E0020020FC0200001FFE000005A
:10B5C0007FE000038020021C002002700000038046
:10B5D0000000020000000200000000000000000067
:10B5E000000000000020006000E0038003E0030092
:10B5F0000FA002003E200200F8200203E020020F0C
:10B600008020023E00200278002003E000600380DA
:10B6100000E0020003000000000000000000000045
:10B62000000000000000000000000000000000001A
:10B630000000000000001FFFFFFC100000041000CD
:10B6400000041000000410000004100000041000AA
:10B6500000041000000400000000000000000000D2
:10B66000000000000000000000000700000003C010
:10B67000000000780000001E00000003C000000071
:10B68000F00000001E0000000780000000F0000035
:10B69000003C000000060000000000000000000068
:10B6A0000000000000001000000410000004100062
:10B6B000000410000004100000041000000410003A
:10B6C00000041FFFFFFC000000000000000000005D
:10B6D000000000000000000000000000000000006A
:10B6E0000000000000000000000000000000020058
:10B6F0000000040000000800000018000000100016
:10B700000000180000001800000004000000020003
:10B710000000000000000000000000000000000029
:10B720000001000000010000000100000001000015
:10B730000001000000010000000100000001000005
:10B7400000010000000100000001000000010000F5
:10B7500000010000000100000001000000010000E5
:10B7600000000000000000000000100000001000B9
:10B770000000100000001800000008000000040095
:10B7800000000000000000000000000000000000B9
:10B7900000000000000000000000000000000000A9
:10B7A00000000000038000018FC000038C600006D1
:10B7B00018200004102000041020000420200004A1
:10B7C0002040000620400003FFC00001FFE0000011
:10B7D000002000000020000000C000000000000069
:10B7E0000000020000000200000003FFFFE007FF6E
:10B7F000FFC0000180C000020060000200200004C1
:10B800000020000400200004002000060040000387
:10B8100000C00001FF800000FE00000000000000EA
:10B8200000000000000000007E000001FF80000317
:10B8300081C0000200400006002000040020000437
:10B84000002000040020000600200003C04000018A
:10B85000C0800000030000000000000000000000A5
:10B8600000000000000000007E000001FF800003D7
:10B8700080C00006006000040020000400200004D6
:10B880000020020400400202008003FFFFE007FFE7
:10B89000FFC0000000400000004000000000000069
:10B8A00000000000000000007E000001FF80000397
:10B8B00011C00002104000041060000410200004B9
:10B8C000102000041020000610200003104000018A
:10B8D000F0C0000071000000000000000000000047
:10B8E000000000000000000400000004002000042C
:10B8F000002000040020007FFFE001FFFFE00104C2
:10B90000002003040020020400200204002002049E
:10B9100000000200000001C0000001C000000000A3
:10B920000000000000000000001C0000E33E0003D7
:10B93000FFC200020CC3000404C1000404C10004DF
:10B9400004C1000404C100060CC10003F8C30005D3
:10B95000F0620006007E0006003C000000000000CF
:10B960000000020000200200002003FFFFE007FFAC
:10B97000FFE000010020000200200006000000049B
:10B980000000000400000004002000060020000366
:10B99000FFE00001FFE000000020000000200000A8
:10B9A000000000000000000000000004002000046F
:10B9B000002000040020000400200387FFE0038F24
:10B9C000FFE00380002000000020000000200000B5
:10B9D0000020000000000000000000000000000047
:10B9E0000000000000000000000000000006000051
:10B9F0000007000000010000000100040001000435
:10BA0000000100040003000400060387FFFC038F0D
:10BA1000FFF80380000000000000000000000000AC
:10BA20000000020000200200002003FFFFE007FFEB
:10BA3000FFE000000820000010200000300000009F
:10BA4000FC0000058E00000707A0000601E00004CE
:10BA500000E00004002000000020000000000000C2
:10BA600000000000000000000000020000200200B2
:10BA70000020020000200200002003FFFFE007FF7B
:10BA8000FFE0000000200000002000000020000077
:10BA90000020000000000000000000000000000086
:10BAA0000000000400200007FFE0000FFFE000029C
:10BAB000002000040000000400200007FFE0000355
:10BAC000FFE0000200200004000000040020000746
:10BAD000FFE00003FFE00000002000000000000085
:10BAE000000000040020000400200007FFE0000F19
:10BAF000FFE000010020000200200002000000041E
:10BB000000000004000000040020000600200003E4
:10BB1000FFE00001FFE00000002000000020000026
:10BB200000000000000000007E000000FF80000315
:10BB300081C0000200400006002000040020000434
:10BB40000020000400200006002000020040000346
:10BB500081C00001FF8000007E00000000000000A6
:10BB6000000000040001000400010007FFFF000FB7
:10BB7000FFFF000100C1000200410004002000049A
:10BB80000020000400200004002000060040000304
:10BB900001C00001FF8000007E00000000000000E6
:10BBA00000000000000000007E000001FF80000394
:10BBB00080C0000200600004002000040020000497
:10BBC00000200004002000020041000300C1000327
:10BBD000FFFF0007FFFF0000000100000001000060
:10BBE00000000004002000040020000400200004E5
:10BBF0000020000FFFE0000FFFE00000C020000168
:10BC000000200002002000060020000400000004C4
:10BC1000000000070000000300000000000000001A
:10BC2000000000000000000003E00001C0E000038D
:10BC3000E0400006302000043020000418200004FA
:10BC400018200004182000040C2000020C600003DF
:10BC500007C0000783800000000000000000000013
:10BC600000000000000000040000000400000004C8
:10BC70000000000C0000001FFF8000FFFFC0000458
:10BC800000600004002000040020000400200004E4
:10BC900000400000018000000000000000000000E3
:10BCA000000000040000000400000007FF80000FF7
:10BCB000FFC0000000600000002000000020000025
:10BCC0000020000000200004004000040080000765
:10BCD000FFE0000FFFC00000004000000040000037
:10BCE00000000004000000040000000780000007BE
:10BCF000F0000004FE0000041FC0000003E000008C
:10BD0000038000001C0000046000000780000006A3
:10BD1000000000040000000000000000000000041B
:10BD20000000000600000007C0000007FC0000043F
:10BD30003F80000003E000040F800006F0000007D1
:10BD4000F0000007FF8000040FE000000380000403
:10BD50003C000007C00000060000000400000000D6
:10BD60000000000000200004002000040060000724
:10BD700000E0000783200007E6000004F800000050
:10BD80003C0000045E20000587A0000601E00004DE
:10BD900000600004002000000020000000000000FF
:10BDA0000000000400000004000300070003000777
:10BDB000E0010004F80100041F02000007FC00007D
:10BDC00000E000000700000438000007C000000683
:10BDD000000000040000000400000000000000005B
:10BDE00000000000000000078060000600E0000482
:10BDF00003E0000407A000040E2000043C2000041F
:10BE000070200005E020000780200007006000048B
:10BE100000E00000038000000000000000000000BF
:10BE20000000000000000000000000000000000012
:10BE30000000000000000000000000008000000082
:10BE400080000001400007FE3FF8080000041000D9
:10BE500000021000000200000000000000000000CE
:10BE600000000000000000000000000000000000D2
:10BE70000000000000000000000000000000FFFFC4
:10BE8000FFFF0000000000000000000000000000B4
:10BE900000000000000000000000000000000000A2
:10BEA0000000000000001000000210000002080066
:10BEB000000407FE3FF80001400000008000000081
:10BEC00080000000000000000000000000000000F2
:10BED0000000000000000000000000000000000062
:10BEE000000018000000300000004000000040008A
:10BEF00000004000000020000000300000000800AA
:10BF00000000040000000200000002000000020027
:10BF100000000C00000018000000000000000000FD
:10BF2000400B000080070000607800002000000047
:10BF300020000000200000000068010000F0000068
:10BF4000000C0F0030313233343536373839414246
:10BF5000434445464030580030313233343536376B
:10BF60003839616263646566403078008CBF0008D0
:10BF70000000002078010000C401000808C000088B
:10BF80007801002098B0010000020008041A002483
:10BF9000F4002145CED2CAC7D2BBB8F6B4F3CAFD6D
:10BFA000BEDDCAFDD7E9A3BA3132333435367177F5
:10BFB0006572747933FFFF321F001013F81FF8E029
:10BFC00007FF07E0FF40BC07FC30844210520132FB
:10BFD000F833FFFF82014D5560000899600008E0CA
:10BFE00003002042100E3D68E06B012000F00010BD
:10BFF000000C0F6802441F95AAAAAAAA3B3005901C
:08C0000007D008400AC0060049
:040000050800018965
:00000001FF
