:020000040800F2
:1000000090B10120FD020008DF1E0008D71E000885
:10001000DB1E000815090008ED24000800000000A0
:100020000000000000000000000000003D02000889
:10003000190900080000000099020008BF1F00080D
:100040002103000821030008210300082103000800
:1000500021030008210300082103000821030008F0
:1000600021030008210300082103000821030008E0
:1000700021030008210300082103000821030008D0
:1000800021030008210300082103000821030008C0
:1000900021030008210300082103000821030008B0
:1000A00021030008210300082103000821030008A0
:1000B00021030008E91F00082103000821030008AC
:1000C0002103000821030008210300082103000880
:1000D00021030008DD240008210300082103000893
:1000E0002103000821030008210300082103000860
:1000F0002103000821030008210300082103000850
:10010000210300082103000821030008210300083F
:10011000210300082103000821030008F91F00083B
:10012000210300082103000821030008210300081F
:10013000210300082103000821030008210300080F
:1001400021030008210300082103000821030008FF
:1001500021030008210300082103000821030008EF
:1001600021030008210300082103000821030008DF
:1001700021030008210300082103000800000000FB
:10018000210300082103000800F002F800F047F8FE
:100190000AA090E8000C82448344AAF10107DA45E2
:1001A00001D100F03CF8AFF2090EBAE80F0013F0ED
:1001B000010F18BFFB1A43F001031847C0B8000035
:1001C000E0B80000103A24BF78C878C1FAD85207C6
:1001D00024BF30C830C144BF04680C6070470000C1
:1001E0000023002400250026103A28BF78C1FBD840
:1001F000520728BF30C148BF0B607047642900F028
:100200008581782900F0BE81732900F0E382002007
:1002100070471FB508F03AFC1FBD10B510BD00F0C7
:1002200047FB1146FFF7F5FF05F01EFE00F065FBEA
:1002300003B4FFF7F2FF03BC02F08EF92C4B1968F0
:100240000868B0E8F04F80F30988BFF36F8F4FF074
:10025000000080F311887047000000000848006823
:10026000006880F308884FF0000080F3148862B6BD
:1002700061B6BFF34F8FBFF36F8F00DF00BF00BFCA
:1002800008ED00E0DFF80C00016841F47001016046
:10029000704700BF88ED00E0EFF30980BFF36F8F78
:1002A000134B1A681EF0100F08BF20ED108A20E9CA
:1002B000F04F106009B44FF0500080F31188BFF385
:1002C0004F8FBFF36F8F07F0EBFB4FF0000080F311
:1002D000118809BC19680868B0E8F04F1EF0100FCB
:1002E00008BFB0EC108A80F30988BFF36F8F7047A6
:1002F0006C000020EFF30580704700000C48016897
:1003000041F4700101600B4880470B480047FEE74D
:10031000FEE7FEE7FEE7FEE7FEE7FEE7FEE7FEE7B5
:10032000FEE7000005480649044A064B70470000F6
:1003300088ED00E0D51F00088901000890AD01207C
:1003400090B1012090AD0120704753EA020C00F0FB
:1003500069802DE9F04B4FF00006002B1FBFB3FA68
:1003600083F503FA05F424FA05F65E4012BF16433E
:10037000B2FA82F502FA05F4C5F120051EBF22FA91
:1003800005FC44EA0C04203556EA044C4FEA1444B8
:1003900018BF641C4FF000084FF00009904271EB49
:1003A000030C39D3002919BFB1FA81F701FA07F616
:1003B000B0FA80F700FA07F6C7F120071EBF20FA4F
:1003C00007FC46EA0C062037B6FBF4FCA7EB050752
:1003D000103F07F01F0BCBF120060CFA0BFB2CFA99
:1003E00006F644BFB3460026202FA4BF5E464FF05A
:1003F000000B5BEA060C08BF4FF0010B19EB0B0971
:10040000ABFB027C48EB0608C01B06FB02CC0BFBD7
:1004100003CC71EB0C01C1E70B460246414648464E
:10042000BDE8F08B13B54FF000004FF00001AFF3C3
:100430000080BDE81C4070470FB4044910B503AA02
:10044000029800F0CBF910BC5DF814FB2C000020E2
:100450002DE9F0410E460446002020622046E16866
:10046000884730B3252805D0D4E901219047206A78
:10047000401CF2E7E168204600278847050018D0B5
:10048000A5F14100192802D820354FF40067324603
:10049000294620462760FFF7B1FE40B1012804D06D
:1004A000F61D26F007060836D8E7361DD6E728469B
:1004B000DAE7206ABDE8F08170B50C460546012AEE
:1004C00005D02878800600D5EA69002302E00123E0
:1004D00005E05B1C934202D2E05C0028F9D1A869D8
:1004E000E618C01AA861286A184428622846AFF3A3
:1004F000008004E0D5E9012114F8010B9047B442D3
:10050000F8D32846AFF3008070BD00002DE9F0411C
:100510000646002410687529314616A510D0AFF3A1
:100520000080002802DA404213A507E031688A07FC
:1005300001D512A502E0490704D511A5012401E067
:10054000AFF3008000210A2206F1240709E0B0FB86
:10055000F2FCB0FBF2F302FB1C003030785418467A
:10056000491C0028F3D123462A463046BDE8F04115
:1005700000F0ACB8000000002D0000002B000000CF
:100580002000000070B504460D4621461068AFF308
:1005900000802188090502D50F4A7A4402E00E4AFC
:1005A0007A440E32002104F1240305E000F00F0626
:1005B0000009965D5E54491C0028F7D1207800237D
:1005C000000704D5702D02D009B102231132204654
:1005D000BDE8704000F07AB8B6B40000032A40F2DB
:1005E000308010F0030C00F0158011F8013BBCF1D5
:1005F000020F624498BF11F801CB00F8013B38BFED
:1006000011F8013BA2F1040298BF00F801CB38BFFA
:1006100000F8013B11F0030300F0F280083AC0F04B
:10062000088051F8043B083A51F804CBA0E80810C0
:10063000F5E7121D5CBF51F8043B40F8043BAFF3F3
:100640000080D20724BF11F8013B11F801CB48BF4D
:1006500011F8012B24BF00F8013B00F801CB48BF83
:1006600000F8012B704702F0FF0343EA032242EA3D
:10067000024200F0F9B84FF0000200B5134694466C
:100680009646203922BFA0E80C50A0E80C50B1F1EA
:100690002001BFF4F7AF090728BFA0E80C5048BFFE
:1006A0000CC05DF804EB890028BF40F8042B08BF9C
:1006B000704748BF20F8022B11F0804F18BF00F898
:1006C000012B704770477047704770472DE9F0471E
:1006D0000D4699469246044600F1240801688806B2
:1006E00004D5E06921F01001216000E00120A8425A
:1006F00001DD471B00E00027A1697A1902EB090020
:10070000081AA0612078C00602D42046AFF300800A
:10071000002608E0D4E901211AF806009047206A73
:10072000401C761C20624E45F4DB2078C0060AD5BA
:100730002046AFF3008006E0D4E901213020904745
:10074000206A401C2062381EA7F10107F4DC07E094
:10075000D4E9012118F805009047206A401C206266
:10076000281EA5F10105F3DC2046AFF300802078B8
:10077000000602D50220BDE8F0870120FBE700005B
:1007800001694A1C02610878704700B58FB0CDE955
:1007900001310021059105497944CDE90310114645
:1007A0006846FFF755FE0FB000BD0000E5FFFFFFF4
:1007B00010B5436913B1AFF3008001E0FFF77CFE91
:1007C000012010BD127800F124010A7000224A7045
:1007D0000122EDE711684FF0FF32E9E7074B70B5F2
:1007E0000D467B44FFF7D1FF0446284600F05CF835
:1007F00010B14FF0FF3070BD204670BD371F0000B4
:1008000010B5203AC0F00B80B1E81850203AA0E8AB
:100810001850B1E81850A0E81850BFF4F5AF5FEADF
:10082000027C24BFB1E81850A0E8185044BF18C992
:1008300018C0BDE810405FEA827C24BF51F8043B39
:1008400040F8043B08BF7047D20728BF31F8023B8D
:1008500048BF11F8012B28BF20F8023B48BF00F821
:10086000012B70474FF000020429C0F0128010F0F5
:10087000030C3FF402AFCCF1040CBCF1020F18BF23
:1008800000F8012BA8BF20F8022BA1EB0C01FFF709
:10089000F4BE5FEAC17C24BF00F8012B00F8012BF5
:1008A00048BF00F8012B7047007B00F080007047C4
:1008B000754600F02BF8AE4605006946534620F019
:1008C0000700854618B020B5FFF72CFDBDE8204095
:1008D0004FF000064FF000074FF000084FF0000BFC
:1008E00021F00701AC46ACE8C009ACE8C009ACE8AF
:1008F000C009ACE8C0098D46704710B50446AFF397
:1009000000802046BDE81040FFF792BC00487047C9
:100910002CAD012000BFFEE77047000070B5044613
:100920001D460023B5F5804F13D154F822300C48F2
:100930000340D1E9000640EA06108E6840EA06202E
:100940008E8940EA06408E693043034344F82230E2
:1009500003E06FF0704044F82200002070BD0000FA
:100960000000F0CF10B503460022086853F820209D
:1009700012480240D1E901042043CC6820430C69AD
:1009800020434C6920438C692043CC6920430C6A86
:1009900020434C6A20438C6A2043CC6A2043CC6BB2
:1009A00020430C6B204302438868082801D142F0A1
:1009B0004002086843F82020002010BD8000F0FFAE
:1009C00030B503460024501C53F8204004F0404446
:1009D000D1E9000540EA05108D6840EA05208D89BF
:1009E00040EA0545088A401E45EA0055087D801EFC
:1009F00045EA00608D6928430443501C43F82040B9
:100A0000002030BD70B50446A56D00F073F90646B0
:100A100094F83500022808D08020606500BF0020CF
:100A200084F8340000BF012070BD2068006820F009
:100A30001600216808602068406920F08000216865
:100A40004861206C08B9A06C28B12068006820F0CB
:100A50000800216808602068006820F00100216813
:100A600008600FE000F046F9801B05280AD9202015
:100A7000606500BF002084F8340000BF032084F8C4
:100A80003500D1E72068006800F001000028E9D1B6
:100A900094F85C103F208840A86000BF002084F8D4
:100AA000340000BF012084F835000020BCE7014677
:100AB00091F83500022803D0802048650120704756
:100AC000052081F835000868006820F001000A68F8
:100AD00010600020F3E70000F8B502460B46002541
:100AE000002400200021DEE0012606FA01F51E6840
:100AF00006EA0504AC4275D11E7906F00306012E04
:100B000004D01E7906F00306022E13D190684F0020
:100B10000326BE40B0434F00DE68BE4030439060C5
:100B2000506801268E40B0431E79C6F300168E40F1
:100B3000304350601E7906F00306032E09D0D068BA
:100B40004F000326BE40B0434F009E68BE40304376
:100B5000D0601E7906F00306022E13D1CF0802F1F1
:100B6000200656F827004E07F70E0F26BE40B0436A
:100B70004F07FF0E1E69BE403043CF0802F120062A
:100B800046F8270010684F000326BE40B0431E7988
:100B900006F003064F00BE40304310605E6806F06A
:100BA0008056B6F1805F7DD100BF00260096404E92
:100BB000366846F480463E4F3E603E46366806F450
:100BC0008046009600BF00BF3A4E8F0856F82700B7
:100BD0008E07370F0F26BE40B043374EB24202D1C8
:100BE000002624E05EE0354EB24201D101261EE02F
:100BF000334EB24201D1022619E0324EB24201D147
:100C0000032614E0304EB24201D104260FE02F4EED
:100C1000B24201D105260AE02D4EB24201D106268C
:100C200005E02C4EB24201D1072600E008268F07CE
:100C30003F0FBE4030431F4E8F0846F82700264E18
:100C40003068A0435E6806F48036B6F5803F00D178
:100C50002043214E3060361D3068A0435E6806F4A4
:100C60000036B6F5003F00D120431B4E361D3060E4
:100C7000361D3068A0435E6806F48016B6F5801F06
:100C800000D12043144E08363060361D3068A04332
:100C90005E6806F40016B6F5001F00D120430E4E24
:100CA0000C363060491C1029FFF41EAFF8BD00005F
:100CB000443802400838014000000240000402406D
:100CC00000080240000C02400010024000140240E4
:100CD00000180240001C0240003C01400AB1816142
:100CE00001E00B048361704701480068000C704705
:100CF000002004E001480068704700003400002034
:100D000003480068034909780844014908607047AE
:100D1000340000203C00002010B50A48006840F470
:100D20000070084908600846006840F48060086068
:100D3000032000F07FF80F2000F006F800F02AF8FA
:100D4000002010BD003C024070B504460E480078FB
:100D50004FF47A71B1FBF0F00C490968B1FBF0F582
:100D6000284600F09BFC08B1012070BD102C07D272
:100D700000222146501E00F01EF80548046001E0E4
:100D80000120F2E70020F0E73C00002000000020F6
:100D900038000020704701460846002809DB00F0B3
:100DA0001F0301229A4043099B0003F1E023C3F88B
:100DB000002100BF70472DE9F05F80460D461646C2
:100DC000002701F0ADFB074639462A46334601F0BD
:100DD0000700C0F1070ABAF1040F02D94FF0040A64
:100DE00001E0C0F1070AD14600F1040ABAF1070F89
:100DF00002D24FF0000A01E0A0F1030AD4464FF0FE
:100E0000010A0AFA09FAAAF1010A0AEA020A0AFA26
:100E10000CFA4FF0010B0BFA0CFBABF1010B0BEAD8
:100E2000030B4AEA0B042146404601F081FBBDE872
:100E3000F09F000000BF00F00702064B19684FF654
:100E4000FF031940044B0B4343EA0221014B196095
:100E500000BF70470CED00E00000FA0570B50446D5
:100E60000D460CB9012070BD5848006800F007001D
:100E7000A84209D255490D700846006800F00700E5
:100E8000A84201D00120EEE7207800F002000228FD
:100E90001DD1207800F00400042805D14C480068DA
:100EA00040F4E0504A490860207800F00800082823
:100EB00005D14748006840F460404549086044480F
:100EC000006820F0F000A1680843414908602078DC
:100ED00000F00100A8B36068012807D13C48083839
:100EE0000068C0F34040B8B90120BCE76068022840
:100EF00002D06068032807D1354808380068C0F37D
:100F0000406048B90120AEE7314808380068C0F3B6
:100F1000400008B90120A6E72D48006820F0030032
:100F2000616808432A490860FFF7E4FE064609E0C5
:100F3000FFF7E0FE801B41F28831884202D903208E
:100F400091E707E02248006800F00C006168B0EB10
:100F5000810FEDD11D48006800F00700A84209D9B3
:100F60001A490D700846006800F00700A84201D039
:100F7000012078E7207800F00400042807D1144805
:100F8000006820F4E050E1680843114908602078C7
:100F900000F00800082808D10D48006820F46040DF
:100FA000216940EAC1000A49086000F03FF8084999
:100FB0000968C1F30311074A515CC840064908603B
:100FC00006480068FFF7C0FE00204CE7003C0240E6
:100FD00008380240968A00080000002038000020EF
:100FE00001480068704700000000002000B5FFF7CE
:100FF000F7FF04490968C1F38221034A515CC840E4
:1010000000BD000008380240A68A000800B5FFF7BE
:10101000E7FF04490968C1F34231034A515CC84003
:1010200000BD000008380240A68A00082DE9F047FC
:10103000002400250026A1462548006800F00C0089
:1010400020B1042805D008283AD105E0DFF88490C3
:1010500039E0DFF8849036E01D48001F006800F09A
:101060003F041B48001F006800F4800078B11A4854
:101070001749091F0968C1F38811A0FB01700146D7
:10108000224600233846FFF760F905460EE0114876
:101090000F49091F0968C1F38811A0FB01700146BF
:1010A000224600233846FFF750F905460848001F3E
:1010B0000068C0F30140401C4600B5FBF6F902E0B1
:1010C000DFF8109000BF00BF4846BDE8F087000081
:1010D000083802400024F40000127A00F8B50446F3
:1010E0000CB90120F8BD207800F00100002874D070
:1010F000F948006800F00C0004280DD0F64800689C
:1011000000F00C00082813D1F348001F006800F419
:101110008000B0F5800F0BD1EF4808380068C0F3AD
:101120004040002859D06068002856D10120D9E7F6
:1011300000BF6068B0F5803F08D1E7480838006814
:1011400040F48030E449083908601EE06068B0F57A
:10115000A02F0DD1E0480838006840F48020DE4917
:10116000083908600846006840F4803008600CE0E8
:10117000D9480838006820F48030D7490839086019
:101180000846006820F48020086000BF606890B1C5
:10119000FFF7B0FD054606E0FFF7ACFD401B6428F5
:1011A00001D903209EE7CC4808380068C0F34040CE
:1011B0000028F1D011E0FFF79DFD054606E0FFF79E
:1011C00099FD401B642801D903208BE7C2480838E9
:1011D0000068C0F340400028F1D1207800F0020000
:1011E00002285FD1BC48006800F00C0058B1BA4832
:1011F000006800F00C0008281CD1B748001F0068E8
:1012000000F48000B0B9B44808380068C0F340006A
:1012100020B1E068012801D0012063E7AE4808381A
:10122000006820F0F800216940EAC100AA490839A5
:10123000086037E0E06800B30120A8490860FFF7C4
:1012400059FD054606E0FFF755FD401B022801D970
:10125000032047E7A04808380068C0F34000002892
:10126000F1D09D480838006820F0F800216940EA74
:10127000C10099490839086014E0002097490860C6
:10128000FFF738FD054606E0FFF734FD401B022856
:1012900001D9032026E7904808380068C0F34000D1
:1012A0000028F1D1207800F0080008282CD16069CE
:1012B000A8B101208A490860FFF71CFD054606E039
:1012C000FFF718FD401B022801D903200AE78248D6
:1012D0006C300068C0F340000028F1D014E000201A
:1012E0007F490860FFF706FD054606E0FFF702FDAF
:1012F000401B022801D90320F4E677486C300068CF
:10130000C0F340000028F1D1207800F00400042848
:1013100070D1002770483830006800F0805090B9D4
:1013200000BF002000906C483830006840F08050CA
:101330006949383108600846006800F08050009024
:1013400000BF00BF01276748006800F48070B0B993
:101350006448006840F4807062490860FFF7CAFC86
:10136000054606E0FFF7C6FC401B022801D9032012
:10137000B8E65C48006800F480700028F2D000BF36
:10138000A068012808D154486830006840F0010086
:101390005149683108601DE0A06805280DD14E480C
:1013A0006830006840F004004B4968310860084626
:1013B000006840F0010008600CE0474868300068B1
:1013C00020F001004449683108600846006820F0B8
:1013D0000400086000BFA068A8B1FFF78BFC0546B9
:1013E00009E0FFF787FC401B41F28831884202D9AF
:1013F000032077E626E0384868300068C0F34000F4
:101400000028EED013E0FFF775FC054608E0FFF773
:1014100071FC401B41F28831884201D9032061E60A
:101420002D4868300068C0F340000028EFD1012F3C
:1014300007D129483830006820F0805026493831DB
:10144000086000BFA069002845D02348006800F06C
:101450000C0008285DD0A069022845D100201F4952
:101460000866FFF747FC054606E0FFF743FC401B14
:10147000022801D9032035E6174808380068C0F370
:1014800040600028F1D1D4E907010843616A40EACD
:1014900081110122A06AC2EB500041EA00412C20D8
:1014A000005D41EA00600C49091F086001200B49FA
:1014B0000866FFF71FFC054606E0FFF71BFC401B14
:1014C000022801D903200DE6034808380068C0F35C
:1014D00040600028F1D049E008380240000047424F
:1014E000800E474200700040002021490866FFF747
:1014F00001FC054606E0FFF7FDFB401B022801D971
:101500000320EFE51B480068C0F340600028F2D1DB
:101510002CE0A069012800D1E4E51648001D06680A
:10152000A069012820D006F48001E06981421BD126
:1015300006F03F01206A814216D147F6C070304064
:10154000616AB0EB811F0FD106F440310122A06A1D
:10155000C2EB5000B1EB004F06D106F070612C20B9
:10156000005DB1EB006F01D00120BBE50020B9E5C3
:10157000000047420038024070B504460E4615464A
:101580000CB9012070BD94F8490028B9002084F8F6
:101590004800204600F01CF804F108012068FFF71D
:1015A000E1F93146A2682068FFF70AFA2946236B61
:1015B000D4E90102FFF7B2F9A168206850F82100D0
:1015C00040F00100A268216841F822000020D9E71C
:1015D00010B586B0044600BF002000902248006885
:1015E00040F00100204908600846006800F0010052
:1015F000009000BF00BF00BF002000901A480838CC
:10160000006840F00800184908390860084600687A
:1016100000F00800009000BF00BF00BF0020009055
:101620000846006840F0100008600846006800F0B6
:101630001000009000BF00BF4CF203700190022028
:10164000029001200390022004900C20059001A933
:101650000648FFF741FA4FF68070019001A904484F
:10166000FFF73AFA06B010BD38380240000C0240CD
:1016700000100240042808D14FF0E021096941F030
:1016800004014FF0E022116107E04FF0E021096909
:1016900021F004014FF0E0221161704770B504465B
:1016A0002546681EB0F1807F01D301200FE0681E3F
:1016B0004FF0E02148610F214FF0FF3000F038FF7C
:1016C00000204FF0E021886107200861002070BDF4
:1016D0007047704710B504460CB9012010BD94F84E
:1016E0003D0028B9002084F83C00204600F026F890
:1016F000022084F83D00211D206800F085FC0120B7
:1017000084F8460000BF84F83E0001213F200155C7
:10171000402001554120015500BF00BF012084F841
:10172000420043200155442001554520015500BF8A
:10173000012084F83D000020D0E7000038B50446C1
:101740001E49206888421AD100BF00BF00200090C7
:101750001B48006840F0020019490860084600680C
:1017600000F00200009000BF00BF00BF0022032174
:101770001D20FFF720FB1D20FFF70DFB1DE0114989
:101780002068884219D100BF00BF002000900C489B
:10179000006840F020000A4908600846006800F030
:1017A0002000009000BF00BF00BF002207213720AB
:1017B000FFF701FB3720FFF7EEFA38BD00040040C9
:1017C0004038024000140040014691F83D000128D5
:1017D00001D001207047022081F83D000868C068F0
:1017E00040F001000B68D8601A4B086898421BD083
:1017F0000868B0F1804F17D0174B0868984213D093
:10180000164B086898420FD0154B086898420BD0C9
:10181000144B0868984207D0134B0868984203D0CD
:10182000124B086898420CD10868806800F00702E3
:10183000062A0CD00868006840F001000B681860A8
:1018400005E00868006840F001000B68186000209F
:10185000C0E7000000000140000400400008004014
:10186000000C00400004014000400140001800400E
:10187000704710B5044620680069C0F34000D8B135
:101880002068C068C0F34000B0B16FF0020021686A
:101890000861012020772068806900F0030018B1FA
:1018A0002046FFF7E5FF05E0204600F0ADF82046B2
:1018B00000F0ABF80020207720680069C0F38000BA
:1018C000D8B12068C068C0F38000B0B16FF00400E8
:1018D00021680861022020772068806900F4407048
:1018E00018B12046FFF7C4FF05E0204600F08CF851
:1018F000204600F08AF80020207720680069C0F3B5
:10190000C000D8B12068C068C0F3C000B0B16FF0AB
:10191000080021680861042020772068C06900F071
:10192000030018B12046FFF7A3FF05E0204600F0B2
:101930006BF8204600F069F80020207720680069E5
:10194000C0F30010D8B12068C068C0F30010B0B177
:101950006FF0100021680861082020772068C069B6
:1019600000F4407018B12046FFF782FF05E02046E2
:1019700000F04AF8204600F048F800202077206860
:10198000006900F0010058B12068C06800F0010053
:1019900030B16FF0010021680861204600F036F890
:1019A00020680069C0F3C01058B12068C068C0F357
:1019B000C01030B16FF08000216808612046FFF749
:1019C00087FE20680069C0F3801058B12068C068A5
:1019D000C0F3801030B16FF04000216808612046EC
:1019E00000F03CF820680069C0F3401058B120684E
:1019F000C068C0F3401030B16FF02000216808616A
:101A00002046FFF766FE10BD7047704710B50446CC
:101A10000648844203D106A0FEF70EFD05E0094802
:101A2000844202D108A0FEF707FD10BDB4020020D9
:101A300054494D33CAE4B3F62E2E2E2E2E2E2E0DE3
:101A40000A000000FC02002054494D37CAE4B3F6F6
:101A50002E2E2E2E2E2E2E0D0A00000070477047BF
:101A6000704700002DE9F84F04462068056820689B
:101A7000C668206847694FF00009CA4605F00F099B
:101A8000B9F1000F0AD105F0200038B106F02000AE
:101A900020B1204600F059FBBDE8F88FB9F1000FE6
:101AA00072D007F0010018B906F4907000286BD0CE
:101AB00005F0010030B106F4807018B1206C40F0E0
:101AC0000100206405F0040030B107F0010018B1F6
:101AD000206C40F00200206405F0020030B107F0F5
:101AE000010018B1206C40F00400206405F00800EB
:101AF00048B106F0200010B907F0010018B1206CC1
:101B000040F008002064206C70B305F0200028B17C
:101B100006F0200010B1204600F017FB2068406955
:101B2000C0F3801A206C00F0080010B9BAF1000F61
:101B300023D0204600F0DEFA2068406900F0400023
:101B4000402816D12068406920F040002168486193
:101B5000A06B50B15648A16B0865A06BFEF7A7FFBC
:101B600010B1A06B016D88470CE02046FFF778FFAD
:101B700008E02046FFF774FF04E02046FFF770FFFF
:101B80000020206488E7FFE7206B012879D105F069
:101B90001000002875D006F01000002871D000BF9A
:101BA0000020009020680068009020684068009045
:101BB00000BF00BF2068406900F04000402839D1D4
:101BC000A06B006840681FFA80F8B8F1000F30D0B1
:101BD000A08D40452DDDA4F82E80A06BC069B0F526
:101BE000807F1FD02068C06820F480702168C860A2
:101BF0002068406920F00100216848612068406940
:101C000020F0400021684861202084F83E00002038
:101C100020632068C06820F010002168C860A06BB5
:101C2000FEF7F0FEA08DE28D801A81B22046FFF70C
:101C300016FF31E7A08DE18D401A1FFA80F8E08D84
:101C4000E8B1B8F1000F1AD02068C06820F4907095
:101C50002168C8602068406920F00100216848615F
:101C6000202084F83E00002020632068C06820F017
:101C700010002168C86041462046FFF7F0FE0BE7E0
:101C8000FFE705F0800030B106F0800018B1204673
:101C900000F0F3FB00E705F0400030B106F0400033
:101CA00018B1204600F041FAF6E600BFF4E6000065
:101CB000E120000810B504460CB9012010BDA06950
:101CC00000B100E000BF94F83D0028B9002084F87E
:101CD0003C00204600F028F8242084F83D002068CD
:101CE000C06820F400502168C860204600F08CFADB
:101CF0002068006920F490402168086120684069EC
:101D000020F02A00216848612068C06840F4005033
:101D10002168C86000202064202084F83D0084F8F9
:101D20003E000020CAE7000010B586B004462E49E8
:101D30002068884255D100BF00BF002000902B488A
:101D4000006840F01000294908600846006800F06B
:101D50001000009000BF00BF00BF00BF00BF002008
:101D6000009022481438006840F001001F491439DF
:101D700008600846006800F00100009000BF00BF46
:101D800000BF00BF00BF002000900846006840F080
:101D9000010008600846006800F00100009000BFE4
:101DA00000BF00BF4815019002200290012003905F
:101DB000022004900720059001A90D48FEF78CFE33
:101DC0004FF4806001900720059001A90848FEF7B4
:101DD00083FE2520FEF7DFFF032211462520FEF7B4
:101DE000EAFF06B010BD0000001001404438024078
:101DF0000000024070B504460D46164694F83E00B9
:101E0000202816D105B10EB9012070BD00BF94F88D
:101E10003C00012801D10220F7E7012084F83C00B2
:101E200000BF0020206332462946204600F002FB16
:101E3000EBE70220E9E7000010B5044620492068DE
:101E400088423BD11F48008800F4004088BB1D48F1
:101E5000008800F4804070B11B4800780A2803D045
:101E600000201849088024E01648008840F400400B
:101E7000144908801DE0144800780D2806D1114847
:101E8000008840F480400F49088012E00E48007836
:101E90000C490988C1F30D010C4A505409480088C7
:101EA000401C0849088008460088C72801DD00203A
:101EB0000880012204490648FFF79CFF10BD00007E
:101EC000001001403000002032000020F800002007
:101ED000C0010020704700BFFEE700BFFEE770476B
:101EE0002DE9F0470C46DDE90867002100258C4606
:101EF00000BF60E04FF0010808FA01F504EA050CA4
:101F0000AC4557D1D0F800804FEA410A4FF00309A1
:101F100009FA0AF928EA0908C0F80080D0F8008018
:101F20004FEA410902FA09F948EA0908C0F80080B5
:101F3000012A01D0022A27D1D0F808804FEA410AAD
:101F40004FF0030909FA0AF928EA0908C0F80880DD
:101F5000D0F808804FEA410906FA09F948EA090869
:101F6000C0F80880D0F804904FF0010808FA01F892
:101F700029EA0809C0F80490D0F8048003FA01F9AE
:101F800048EA0908C0F80480D0F80C804FEA410AFA
:101F90004FF0030909FA0AF928EA0908C0F80C8089
:101FA000D0F80C804FEA410907FA09F948EA090814
:101FB000C0F80C80491C10299CD3BDE8F08710B5EF
:101FC000FEF79EFE06F0D4F8012801D005F09AFE37
:101FD00010BD00000348006840F47000014908602B
:101FE0007047000088ED00E010B50248FFF741FCA3
:101FF00010BD0000B402002010B50248FFF739FC04
:1020000010BD0000FC02002010B50268294B984268
:102010000ED0B0F1804F0BD0274B984208D0274B01
:10202000984205D0264B984202D0264B984203D1C5
:1020300022F070024B681A431E4B984220D0B0F138
:10204000804F1DD01C4B98421AD01C4B984217D081
:102050001B4B984214D01B4B984211D01A4B9842FC
:102060000ED01A4B98420BD0194B984208D0194BFE
:10207000984205D0184B984202D0184B984203D191
:1020800022F44072CB681A4322F080034C6943EA81
:10209000040202608B68C3620B688362054B98423E
:1020A00002D0084B984201D10B69036301234361BD
:1020B00010BD000000000140000400400008004086
:1020C000000C004000040140004001400044014079
:1020D0000048014000180040001C00400020004063
:1020E00070B50546AC6B0020E085E0842046FFF724
:1020F000B7FC70BD0168C96821F490710268D160B5
:102100000168496921F0010102685161016B0129EF
:1021100005D10168C96821F010010268D160202151
:1021200080F83E1000210163704710B50446206816
:10213000C06820F040002168C860202084F83D007D
:102140002046FFF7C7FE002010BD70B5044694F886
:102150003E00222856D1A068B0F5805F0CD12069DE
:1021600050B90025A66A20684068C0F30800308096
:10217000A06A801CA06215E0A56A0026A068B0F5E0
:10218000805F03D0A06828B9206918B9206840682A
:10219000287004E02068406800F07F002870A06A82
:1021A000401CA062E08D401E80B2E08540BB2068EC
:1021B000C06820F020002168C8602068C06820F452
:1021C00080702168C8602068406920F001002168A3
:1021D0004861202084F83E00206B01280AD1206845
:1021E000C06820F010002168C860A18D2046FFF76C
:1021F00036FC02E02046FFF71FFE0020206370BD82
:102200000020FCE70220FAE72DE9F84F0446206899
:10221000006920F44050E1680843216808612169A1
:10222000A068084361690843E16908430090206899
:10223000C06849F20C618843009908432168C8606E
:102240002068406920F44070A16908432168486112
:1022500076492068884203D075492068884203D1B6
:10226000FEF7D4FE814602E0FEF7C0FE8146E0693B
:10227000B0F5004F6CD102206168A0FB015003460D
:102280001920A9FB007001462A463846FEF75DF882
:102290006421B0FBF1F04FEA001A02206168A0FB54
:1022A00001510B461920A9FB00712A463846FEF75A
:1022B0004CF8834602206168A0FB015003461920B8
:1022C000A9FB00712A463846FEF73FF86421B0FBAF
:1022D000F1F000EBC00101EB0010ABEB800032210C
:1022E00001EBC0006421B0FBF1F000F0F8000AEB54
:1022F000400A02206168A0FB015003461920A9FB97
:10230000007001462A463846FEF71FF88346022031
:102310006168A0FB015003461920A9FB00712A4601
:102320003846FEF712F86421B0FBF1F000EBC00173
:1023300001EB0010ABEB8000322101EBC000642107
:10234000B0FBF1F000F007005044216888606AE0BB
:1023500004206168A0FB015003461920A9FB00700E
:1023600001462A463846FDF7F0FF824604206168A0
:10237000A0FB015003461920A9FB007001462A4624
:102380003846FDF7E2FF6421B0FBF1F000EBC0013D
:1023900001EB0010AAEB8000322101EB0010642158
:1023A000B0FBF1F000F0F00A04206168A0FB0170BE
:1023B00003461920A9FB00513A462846FDF7C5FF00
:1023C0006421B0FBF1F00AEB001A04206168A0FB65
:1023D00001510B461920A9FB00712A463846FDF72A
:1023E000B4FF834604206168A0FB01500346192016
:1023F000A9FB007001462A463846FDF7A6FF642176
:10240000B0FBF1F000EBC00101EB0010ABEB800082
:10241000322101EB00106421B0FBF1F000F00F005D
:10242000504421688860BDE8F88F0000001001402A
:102430000014014010B5034699629A85DA850020A0
:102440001864222083F83E0000BF002083F83C007F
:1024500000BF1868C06840F480701C68E0601868AD
:10246000406940F001001C6860611868C06840F075
:1024700020001C68E060002010BD014691F83D007E
:10248000212828D18868B0F5805F0BD1086948B948
:102490000A6A1088C0F308000B685860086A801C3C
:1024A000086205E00B6A581C086218780B685860CF
:1024B000C88C401E80B2C88458B90868C06820F033
:1024C00080000B68D8600868C06840F040000B6866
:1024D000D860002070470220FCE7000010B50248D9
:1024E000FFF7C0FA10BD0000C001002000BFFEE7EA
:1024F00070B50621302004F0E7FD302004F0F4FC34
:102500000546062D03D00621302004F0DDFD002411
:1025100003E006F075F9601C84B2C82CF9DB70BDCD
:1025200002480068C0F30220704700000CED00E094
:1025300010B5002804DB0A07130E054A135406E001
:102540000A07140E034A00F00F031B1FD45410BDDA
:1025500000E400E018ED00E000BF704700F001016A
:10256000194A1160C0F34001184AC2F88412C0F33E
:102570008001154A08321160C0F30011121F11606A
:10258000C0F34011104A3C321160C0F38011104A70
:102590001160C0F3C0110C4A38321160C0F3002141
:1025A0000B4A121D1160C0F34021074A34321160FA
:1025B000C0F38021044A14321160C0F3C021024AE2
:1025C0000C3211607047000080824242000043429A
:1025D0009002434270B505460C460748074908601B
:1025E0000846446000218160C5600161FFF772F810
:1025F0000248FFF7E9F870BD00140040FC0200201B
:1026000070B505460C46074807490860084644600F
:1026100000218160C5600161FFF75CF80248FFF7A7
:10262000D3F870BD00040040B402002000F00101A6
:10263000104A1160C0F340010F4AC2F8BC12C0F347
:1026400080010C4A383A1160C0F3C001121D1160BC
:10265000C0F30011094A1160C0F34011121D11604E
:10266000C0F38011121D1160C109054AC2F8A812F9
:1026700070470000B8824142008041429C024242C1
:102680000000424270B504460420FEF7F3FF0A48FA
:10269000046025464FF47A7045434FF0E02000690E
:1026A00040F002004FF0E0210861084645610069F2
:1026B00040F00100086170BD2800002030B50446DC
:1026C000002504E04FF47A7000F004F86D1CA54278
:1026D000F8D330BD70B5034600224FF0E02675698F
:1026E0000D4E366803FB06F44FF0E026B16910E0AA
:1026F0004FF0E026B06988420BD0884202D20E1A11
:10270000324402E02E1A0E4432440146A24200D363
:1027100000E0EDE700BF70BD2800002000BF054AC3
:10272000126802F04002002AF9D0C2B2014B5A608E
:1027300070470000001001400EB54FF4784019A119
:1027400020221346CDE900210290DC220A2108460E
:1027500003F0ACFA4FF4784014A118221346CDE9E7
:1027600000210290DC222F210A2003F09FFA4FF46F
:10277000784013A110221346CDE900210290DC22FB
:102780004C210A2003F092FA1148012100238022F3
:10279000CDE900100FA1124805F0BAFC05F016F9BA
:1027A0000EBD000053544D33320000004672656583
:1027B00052544F5320506F7274696E6700000000CE
:1027C00041544F4D40414C49454E54454B0000004B
:1027D0000400002073746172745F7461736B000095
:1027E000AD71000800B587B000BF00BF00200190A8
:1027F0003848006840F01000364908600846006814
:1028000000F01000019000BF00BF00BF00BF00BF7C
:10281000002001900846006840F01000086008465B
:10282000006800F01000019000BF00BF00BF00BFB3
:1028300000BF002001900846006840F010000860CA
:102840000846006800F01000019000BF00BF00BF04
:1028500000BF00BF002001900846006840F0010062
:1028600008600846006800F00100019000BF00BF4A
:1028700000BF10200290002003900120049002204D
:10288000059002A91448FEF727F9082002900020BD
:102890000390012004900220059002A90E48FEF743
:1028A0001BF90420029000200390012004900220D4
:1028B000059002A90848FEF70FF9012002900020B8
:1028C000039002200490059002A90448FEF704F941
:1028D00007B000BD30380240001002400000024046
:1028E00070B5044600260948058840884543002104
:1028F000084603F0ABF803F057FA00BF02E00448C3
:102900000480761CAE42FAD370BD00005402002051
:102910008000006C10B5044658488471002C58D1D2
:10292000F020564908804FF4A070488008468088FF
:1029300045F21051884210D14FF430504F49088170
:102940004FF4285048814FF42C5088814FF4F07098
:1029500008804FF4487048801AE04848808841F663
:10296000631188420DD12C20444908812B204881D5
:102970002A2088814FF4F07008804FF44870488016
:1029800006E02C203D4908812A2048812B2088819F
:102990003A48808845F21031884205D0374880880F
:1029A00047F29671884206D14FF4A07033490880EF
:1029B0004FF4F07048803148808849F6060188421B
:1029C00058D14FF4F0702D4908804FF4487048807A
:1029D00050E04FF4A07029490880F0204880084654
:1029E000808845F21051884210D14FF4305023496D
:1029F00008814FF4285048814FF42C5088814FF4BF
:102A0000487008804FF4F070488020E01B488088B0
:102A100041F66311884205D01848808849F60601BE
:102A200088420DD12C20154908812A2048812B206D
:102A300088814FF4487008804FF4F070488006E0B9
:102A40002C200E4908812A2048812B2088810B48A0
:102A5000808845F21031884205D00848808847F2C6
:102A60009671884206D14FF4F070044908804FF403
:102A7000A0704880002002F0CBFE10BD5402002060
:102A800070B505460E4614463146284602F0DEFF74
:102A900003F08AF901490C8070BD00008000006CD1
:102AA00010B5CF2003F074F9002003F065F9C120C0
:102AB00003F062F9302003F05FF9ED2003F068F9CC
:102AC000642003F059F9032003F056F9122003F0B3
:102AD00053F9812003F050F9E82003F059F98520DB
:102AE00003F04AF9102003F047F97A2003F044F983
:102AF000CB2003F04DF9392003F03EF92C2003F0F0
:102B00003BF9002003F038F9342003F035F90220B6
:102B100003F032F9F72003F03BF9202003F02CF901
:102B2000EA2003F035F9002003F026F9002003F035
:102B300023F9C02003F02CF91B2003F01DF9C1205C
:102B400003F026F9012003F017F9C52003F020F95E
:102B5000302003F011F9302003F00EF9C72003F004
:102B600017F9B72003F008F9362003F011F94820CF
:102B700003F002F93A2003F00BF9552003F0FCF8BA
:102B8000B12003F005F9002003F0F6F81A2003F055
:102B9000F3F8B62003F0FCF80A2003F0EDF8A220C9
:102BA00003F0EAF8F22003F0F3F8002003F0E4F871
:102BB000262003F0EDF8012003F0DEF8E02003F01A
:102BC000E7F80F2003F0D8F82A2003F0D5F82820E2
:102BD00003F0D2F8082003F0CFF80E2003F0CCF871
:102BE000082003F0C9F8542003F0C6F8A92003F028
:102BF000C3F8432003F0C0F80A2003F0BDF80F200B
:102C000003F0BAF8002003F0B7F8002003F0B4F89E
:102C1000002003F0B1F8002003F0AEF8E12003F04B
:102C2000B7F8002003F0A8F8152003F0A5F8172046
:102C300003F0A2F8072003F09FF8112003F09CF89E
:102C4000062003F099F82B2003F096F8562003F0A5
:102C500093F83C2003F090F8052003F08DF8102045
:102C600003F08AF80F2003F087F83F2003F084F880
:102C70003F2003F081F80F2003F07EF82B2003F0B3
:102C800087F8002003F078F8002003F075F80120A1
:102C900003F072F83F2003F06FF82A2003F078F871
:102CA000002003F069F8002003F066F8002003F02C
:102CB00063F8EF2003F060F8112003F069F8782042
:102CC000FFF7FCFC292003F063F810BD10B5FF20CE
:102CD00003F05EF8FF2003F04FF8982003F04CF863
:102CE000062003F049F8BC2003F052F8012003F05D
:102CF00043F80F2003F040F8612003F03DF8FF2077
:102D000003F03AF8012003F037F8012003F034F81B
:102D10000B2003F031F8102003F02EF8372003F0D9
:102D20002BF8632003F028F8FF2003F025F8FF209C
:102D300003F022F8012003F01FF8012003F01CF833
:102D4000002003F019F8002003F016F8FF2003F02C
:102D500013F8522003F010F8012003F00DF80020C2
:102D600003F00AF8402003F007F8BD2003F010F844
:102D7000012003F001F8232002F0FEFF452002F0BD
:102D8000FBFF672002F0F8FF012002F0F5FF23208F
:102D900002F0F2FF452002F0EFFF672002F0ECFFA7
:102DA000BE2002F0F5FF002002F0E6FF012002F055
:102DB000E3FFAB2002F0E0FF602002F0DDFF222005
:102DC00002F0DAFF222002F0D7FF222002F0D4FF27
:102DD000222002F0D1FF222002F0CEFFC72002F015
:102DE000D7FF362002F0C8FFED2002F0D1FF7F2090
:102DF00002F0C2FF0F2002F0BFFFC02002F0C8FFA8
:102E00000F2002F0B9FF0B2002F0B6FF0A2002F0FB
:102E1000B3FFFC2002F0BCFF082002F0ADFFDF2072
:102E200002F0B6FF002002F0A7FF002002F0A4FF8E
:102E3000002002F0A1FF002002F09EFF002002F01F
:102E40009BFF202002F098FFF32002F0A1FF7420E6
:102E500002F092FFB42002F09BFF002002F08CFFF2
:102E6000002002F089FF002002F086FFF72002F028
:102E70008FFF822002F080FFB12002F089FF002046
:102E800002F07AFF132002F077FF132002F074FFA4
:102E9000F22002F07DFF802002F06EFF042002F09D
:102EA0006BFF402002F068FF282002F065FFC12080
:102EB00002F06EFF172002F05FFF882002F05CFF37
:102EC000882002F059FF202002F056FFE02002F097
:102ED0005FFF002002F050FF0A2002F04DFF122099
:102EE00002F04AFF102002F047FF0E2002F044FFDC
:102EF000202002F041FFCC2002F03EFF072002F02C
:102F00003BFF062002F038FF0B2002F035FF0E20B9
:102F100002F032FF0F2002F02FFF0D2002F02CFFF5
:102F2000152002F029FF102002F026FF002002F0F9
:102F300023FFE12002F02CFF002002F01DFF0B20F8
:102F400002F01AFF132002F017FF0D2002F014FF09
:102F50000E2002F011FF1B2002F00EFF712002F084
:102F60000BFF062002F008FF062002F005FF0A20F2
:102F700002F002FF0F2002F0FFFE0E2002F0FCFE26
:102F80000F2002F0F9FE152002F0F6FE0C2002F0F0
:102F9000F3FE002002F0F0FE2A2002F0F9FE0020ED
:102FA00002F0EAFE002002F0E7FE012002F0E4FE5B
:102FB000DF2002F0E1FE2B2002F0EAFE002002F00A
:102FC000DBFE002002F0D8FE032002F0D5FE1F2019
:102FD00002F0D2FE3A2002F0DBFE552002F0CCFED9
:102FE000362002F0D5FE002002F0C6FE112002F0CD
:102FF000CFFE7820FFF762FB292002F0C9FE1420E3
:10300000FFF75CFB2C2002F0C3FE10BD10B5ED20D5
:1030100002F0BEFE012002F0AFFEFE2002F0ACFE88
:10302000EE2002F0B5FEDE2002F0A6FE212002F026
:10303000A3FEF12002F0ACFE012002F09DFEDF2095
:1030400002F0A6FE102002F097FEC42002F0A0FEBF
:103050008F2002F091FEC62002F09AFE002002F0BE
:103060008BFEE22002F088FEE22002F085FEE220E4
:1030700002F082FEBF2002F08BFEAA2002F07CFE4E
:10308000B02002F085FE0D2002F076FE002002F056
:1030900073FE0D2002F070FE002002F06DFE112084
:1030A00002F06AFE002002F067FE192002F064FEC2
:1030B000002002F061FE212002F05EFE002002F0FE
:1030C0005BFE2D2002F058FE002002F055FE3D2050
:1030D00002F052FE002002F04FFE5D2002F04CFE96
:1030E000002002F049FE5D2002F046FE002002F0C2
:1030F00043FEB12002F04CFE802002F03DFE002095
:1031000002F03AFE8B2002F037FE002002F034FE7F
:10311000962002F031FE002002F02EFEB22002F0D6
:1031200037FE002002F028FE002002F025FE0220DB
:1031300002F022FE002002F01FFE032002F01CFE1F
:10314000002002F019FEB32002F022FE002002F05F
:1031500013FE002002F010FE002002F00DFE002001
:1031600002F00AFE002002F007FE002002F004FE3A
:10317000002002F001FE002002F0FEFD002002F01F
:10318000FBFD002002F0F8FD002002F0F5FD00201C
:1031900002F0F2FD002002F0EFFD002002F0ECFD55
:1031A000002002F0E9FD002002F0E6FD002002F020
:1031B000E3FD002002F0E0FD002002F0DDFD002034
:1031C00002F0DAFD002002F0D7FD002002F0D4FD6D
:1031D000002002F0D1FD002002F0CEFDB42002F06C
:1031E000D7FD8B2002F0C8FD002002F0C5FD96201F
:1031F00002F0C2FD002002F0BFFDA12002F0BCFDE4
:10320000002002F0B9FDB52002F0C2FD022002F05C
:10321000B3FD002002F0B0FD032002F0ADFD002060
:1032200002F0AAFD042002F0A7FD002002F0A4FD98
:10323000B62002F0ADFD002002F09EFD002002F05D
:103240009BFDB72002F0A4FD002002F095FD0020B8
:1032500002F092FD3F2002F08FFD002002F08CFD75
:103260005E2002F089FD002002F086FD642002F05D
:1032700083FD002002F080FD8C2002F07DFD002007
:1032800002F07AFDAC2002F077FD002002F074FD20
:10329000DC2002F071FD002002F06EFD702002F0D3
:1032A0006BFD002002F068FD902002F065FD00201B
:1032B00002F062FDEB2002F05FFD002002F05CFDF9
:1032C000DC2002F059FD002002F056FDB82002F08B
:1032D0005FFD002002F050FD002002F04DFD0020B7
:1032E00002F04AFD002002F047FD002002F044FDFC
:1032F000002002F041FD002002F03EFD002002F01F
:103300003BFDBA2002F044FD242002F035FD0020F0
:1033100002F032FD002002F02FFD002002F02CFD13
:10332000C12002F035FD202002F026FD002002F031
:1033300023FD542002F020FD002002F01DFDFF209F
:1033400002F01AFD002002F017FDC22002F020FD5D
:103350000A2002F011FD002002F00EFD042002F010
:103360000BFD002002F008FDC32002F011FD3C20FF
:1033700002F002FD002002F0FFFC3A2002F0FCFC0B
:10338000002002F0F9FC392002F0F6FC002002F0E7
:10339000F3FC372002F0F0FC002002F0EDFC3C20B2
:1033A00002F0EAFC002002F0E7FC362002F0E4FC28
:1033B000002002F0E1FC322002F0DEFC002002F0EE
:1033C000DBFC2F2002F0D8FC002002F0D5FC2C20E2
:1033D00002F0D2FC002002F0CFFC292002F0CCFC4D
:1033E000002002F0C9FC262002F0C6FC002002F0FA
:1033F000C3FC242002F0C0FC002002F0BDFC24200D
:1034000002F0BAFC002002F0B7FC232002F0B4FC6A
:10341000002002F0B1FC3C2002F0AEFC002002F0E3
:10342000ABFC362002F0A8FC002002F0A5FC322004
:1034300002F0A2FC002002F09FFC2F2002F09CFC76
:10344000002002F099FC2C2002F096FC002002F0F3
:1034500093FC292002F090FC002002F08DFC262035
:1034600002F08AFC002002F087FC242002F084FC99
:10347000002002F081FC242002F07EFC002002F0FB
:103480007BFC232002F078FC002002F075FCC420B5
:1034900002F07EFC622002F06FFC002002F06CFC67
:1034A000052002F069FC002002F066FC842002F096
:1034B00063FC002002F060FCF02002F05DFC0020C4
:1034C00002F05AFC182002F057FC002002F054FCD5
:1034D000A42002F051FC002002F04EFC182002F063
:1034E0004BFC002002F048FC502002F045FC00207C
:1034F00002F042FC0C2002F03FFC002002F03CFCF9
:10350000172002F039FC002002F036FC952002F072
:1035100033FC002002F030FCF32002F02DFC0020F0
:1035200002F02AFCE62002F027FC002002F024FC36
:10353000C52002F02DFC322002F01EFC002002F01B
:103540001BFC442002F018FC002002F015FC652052
:1035500002F012FC002002F00FFC762002F00CFCBE
:10356000002002F009FC882002F006FC002002F096
:1035700003FCC62002F00CFC202002F0FDFB002022
:1035800002F0FAFB172002F0F7FB002002F0F4FB38
:10359000012002F0F1FB002002F0EEFBC72002F058
:1035A000F7FB002002F0E8FB002002F0E5FB002022
:1035B00002F0E2FB002002F0DFFBC82002F0E8FB93
:1035C000002002F0D9FB002002F0D6FB002002F020
:1035D000D3FB002002F0D0FBC92002F0D9FB002071
:1035E00002F0CAFB002002F0C7FB002002F0C4FB7F
:1035F000002002F0C1FB002002F0BEFB002002F020
:10360000BBFB002002F0B8FB002002F0B5FB00205D
:1036100002F0B2FB002002F0AFFB002002F0ACFB96
:10362000002002F0A9FB002002F0A6FB002002F01F
:10363000A3FB002002F0A0FB002002F09DFBE02095
:1036400002F0A6FB162002F097FB002002F094FB8C
:103650001C2002F091FB002002F08EFB212002F0E2
:103660008BFB002002F088FB362002F085FB002057
:1036700002F082FB462002F07FFB002002F07CFB80
:10368000522002F079FB002002F076FB642002F069
:1036900073FB002002F070FB7A2002F06DFB00202B
:1036A00002F06AFB8B2002F067FB002002F064FB53
:1036B000992002F061FB002002F05EFBA82002F0DE
:1036C0005BFB002002F058FBB92002F055FB002004
:1036D00002F052FBC42002F04FFB002002F04CFB32
:1036E000CA2002F049FB002002F046FBD22002F083
:1036F00043FB002002F040FBD92002F03DFB0020FC
:1037000002F03AFBE02002F037FB002002F034FB2D
:10371000F32002F031FB002002F02EFBE12002F04A
:1037200037FB162002F028FB002002F025FB1C20AE
:1037300002F022FB002002F01FFB222002F01CFB03
:10374000002002F019FB362002F016FB002002F0E8
:1037500013FB452002F010FB002002F00DFB52206D
:1037600002F00AFB002002F007FB642002F004FBD9
:10377000002002F001FB7A2002F0FEFA002002F0A5
:10378000FBFA8B2002F0F8FA002002F0F5FA9920FB
:1037900002F0F2FA002002F0EFFAA82002F0ECFAB0
:1037A000002002F0E9FAB92002F0E6FA002002F067
:1037B000E3FAC42002F0E0FA002002F0DDFACA20A9
:1037C00002F0DAFA002002F0D7FAD22002F0D4FA9E
:1037D000002002F0D1FAD82002F0CEFA002002F048
:1037E000CBFAE02002F0C8FA002002F0C5FAF3207C
:1037F00002F0C2FA002002F0BFFAE22002F0C8FA9A
:10380000052002F0B9FA002002F0B6FA0B2002F00F
:10381000B3FA002002F0B0FA1B2002F0ADFA00204B
:1038200002F0AAFA342002F0A7FA002002F0A4FA6B
:10383000442002F0A1FA002002F09EFA4F2002F08C
:103840009BFA002002F098FA612002F095FA00201D
:1038500002F092FA792002F08FFA002002F08CFA3E
:10386000882002F089FA002002F086FA972002F000
:1038700083FA002002F080FAA62002F07DFA0020F0
:1038800002F07AFAB72002F077FA002002F074FA18
:10389000C22002F071FA002002F06EFAC72002F096
:1038A0006BFA002002F068FAD12002F065FA0020DD
:1038B00002F062FAD62002F05FFA002002F05CFA11
:1038C000DD2002F059FA002002F056FAF32002F04F
:1038D00053FA002002F050FAE32002F059FA0520D2
:1038E00002F04AFA002002F047FA0A2002F044FAF5
:1038F000002002F041FA1C2002F03EFA002002F003
:103900003BFA332002F038FA002002F035FA442066
:1039100002F032FA002002F02FFA502002F02CFAC6
:10392000002002F029FA622002F026FA002002F0BC
:1039300023FA782002F020FA002002F01DFA8820F5
:1039400002F01AFA002002F017FA972002F014FA97
:10395000002002F011FAA62002F00EFA002002F078
:103960000BFAB72002F008FA002002F005FAC22094
:1039700002F002FA002002F0FFF9C72002F0FCF981
:10398000002002F0F9F9D12002F0F6F9002002F04F
:10399000F3F9D52002F0F0F9002002F0EDF9DD2076
:1039A00002F0EAF9002002F0E7F9F32002F0E4F96E
:1039B000002002F0E1F9E42002F0EAF9012002F02F
:1039C000DBF9002002F0D8F9012002F0D5F900203F
:1039D00002F0D2F9022002F0CFF9002002F0CCF977
:1039E0002A2002F0C9F9002002F0C6F93C2002F0BA
:1039F000C3F9002002F0C0F94B2002F0BDF900200D
:103A000002F0BAF95D2002F0B7F9002002F0B4F933
:103A1000742002F0B1F9002002F0AEF9842002F027
:103A2000ABF9002002F0A8F9932002F0A5F90020DC
:103A300002F0A2F9A22002F09FF9002002F09CF906
:103A4000B32002F099F9002002F096F9BE2002F0AE
:103A500093F9002002F090F9C42002F08DF90020C3
:103A600002F08AF9CD2002F087F9002002F084F9F3
:103A7000D32002F081F9002002F07EF9DD2002F06F
:103A80007BF9002002F078F9F32002F075F90020AC
:103A900002F072F9E52002F07BF9002002F06CF9E7
:103AA000002002F069F9002002F066F9002002F01F
:103AB00063F9022002F060F9002002F05DF929208C
:103AC00002F05AF9002002F057F93C2002F054F9B4
:103AD000002002F051F94B2002F04EF9002002F0D4
:103AE0004BF95D2002F048F9002002F045F97420FE
:103AF00002F042F9002002F03FF9842002F03CF984
:103B0000002002F039F9932002F036F9002002F08B
:103B100033F9A22002F030F9002002F02DF9B32091
:103B200002F02AF9002002F027F9BE2002F024F961
:103B3000002002F021F9C42002F01EF9002002F05A
:103B40001BF9CD2002F018F9002002F015F9D3205E
:103B500002F012F9002002F00FF9DC2002F00CF95B
:103B6000002002F009F9F32002F006F9002002F02B
:103B700003F9E62002F00CF9112002F0FDF8002014
:103B800002F0FAF8342002F0F7F8002002F0F4F81E
:103B9000562002F0F1F8002002F0EEF8762002F054
:103BA000EBF8002002F0E8F8772002F0E5F80020BA
:103BB00002F0E2F8662002F0DFF8002002F0DCF804
:103BC000882002F0D9F8002002F0D6F8992002F0FF
:103BD000D3F8002002F0D0F8BB2002F0CDF800208E
:103BE00002F0CAF8992002F0C7F8002002F0C4F8E9
:103BF000662002F0C1F8002002F0BEF8552002F065
:103C0000BBF8002002F0B8F8552002F0B5F800200B
:103C100002F0B2F8452002F0AFF8002002F0ACF854
:103C2000432002F0A9F8002002F0A6F8442002F098
:103C3000A3F8002002F0A0F8E72002F0A9F8322053
:103C400002F09AF8002002F097F8552002F094F85C
:103C5000002002F091F8762002F08EF8002002F0A9
:103C60008BF8662002F088F8002002F085F86720C3
:103C700002F082F8002002F07FF8672002F07CF862
:103C8000002002F079F8872002F076F8002002F098
:103C900073F8992002F070F8002002F06DF8BB2054
:103CA00002F06AF8002002F067F8992002F064F848
:103CB000002002F061F8772002F05EF8002002F0A8
:103CC0005BF8442002F058F8002002F055F8562026
:103CD00002F052F8002002F04FF8232002F04CF8D6
:103CE000002002F049F8332002F046F8002002F0EC
:103CF00043F8452002F040F8002002F03DF8E820AB
:103D000002F046F8002002F037F8002002F034F804
:103D1000992002F031F8002002F02EF8872002F0FE
:103D20002BF8002002F028F8882002F025F8002067
:103D300002F022F8772002F01FF8002002F01CF8B1
:103D4000662002F019F8002002F016F8882002F030
:103D500013F8002002F010F8AA2002F00DF800205D
:103D600002F00AF8BB2002F007F8002002F004F885
:103D7000992002F001F8002001F0FEFF662001F01A
:103D8000FBFF002001F0F8FF552001F0F5FF0020B7
:103D900001F0F2FF552001F0EFFF002001F0ECFFF1
:103DA000442001F0E9FF002001F0E6FF442001F08B
:103DB000E3FF002001F0E0FF552001F0DDFF0020CF
:103DC00001F0DAFFE92001F0E3FFAA2001F0D4FFBF
:103DD000002001F0D1FF002001F0CEFF002001F013
:103DE000CBFF002001F0D4FFAA2001F0C5FFCF20B7
:103DF00001F0CEFF002001F0BFFF002001F0BCFF6A
:103E0000002001F0B9FF002001F0B6FF002001F012
:103E1000B3FF002001F0B0FF002001F0ADFF002053
:103E200001F0AAFF002001F0A7FF002001F0A4FF8D
:103E3000002001F0A1FF002001F09EFF002001F012
:103E40009BFF002001F098FF002001F095FF00206B
:103E500001F092FF002001F08FFFF02001F098FFA9
:103E6000002001F089FF502001F086FF002001F0C2
:103E700083FF002001F080FF002001F07DFFF32090
:103E800001F086FF002001F077FFF92001F080FFAC
:103E9000062001F071FF102001F06EFF292001F0D3
:103EA0006BFF002001F068FF3A2001F071FF552000
:103EB00001F062FF112001F06BFF6420FEF7FEFBB2
:103EC000292001F065FF352001F062FF002001F09C
:103ED00053FF512001F05CFFFF2001F04DFF532004
:103EE00001F056FF2C2001F047FF552001F050FF54
:103EF000822001F041FF2C2001F04AFF10BD10B5D7
:103F000055214FF4704001F059FFAA214FF20100F2
:103F100001F054FF52214FF2020001F04FFF08213F
:103F20004FF2030001F04AFF01214FF2040001F0BB
:103F300045FF0D214FF4304001F040FF0D214BF2C1
:103F4000010001F03BFF0D214BF2020001F036FFB2
:103F500034214FF4364001F031FF34214BF201603F
:103F600001F02CFF34214BF2026001F027FF0D21FC
:103F70004FF4314001F022FF0D214BF2011001F00E
:103F80001DFF0D214BF2021001F018FF34214FF4F8
:103F9000374001F013FF34214BF2017001F00EFFA6
:103FA00034214BF2027001F009FF00214FF432403E
:103FB00001F004FF00214BF2012001F0FFFE00217F
:103FC0004BF2022001F0FAFE24214FF4384001F0B8
:103FD000F5FE24214BF6010001F0F0FE24214BF602
:103FE000020001F0EBFE01214FF43F4001F0E6FE3C
:103FF0000F214FF4334001F0E1FE0F214BF201306D
:1040000001F0DCFE0F214BF2023001F0D7FE34212B
:104010004FF4394001F0D2FE34214BF6011001F08B
:10402000CDFE34214BF6021001F0C8FE08214FF4FA
:10403000354001F0C3FE08214BF2015001F0BEFEF5
:1040400008214BF2025001F0B9FE03214FF4424027
:1040500001F0B4FE24214FF43A4001F0AFFE2421D8
:104060004BF6012001F0AAFE24214BF6022001F0BC
:10407000A5FE00214FF43C4001F0A0FE78214BF654
:10408000014001F09BFE00214BF6024001F096FE3C
:1040900000214FF43D4001F091FE78214BF6015094
:1040A00001F08CFE00214BF6025001F087FE00214A
:1040B0004FF43E4001F082FE64214BF6016001F0B6
:1040C0007DFE00214FF4514001F078FE33214DF286
:1040D000011001F073FE00214DF2021001F06EFE9E
:1040E00034214DF2031001F069FE00214DF204105D
:1040F00001F064FE3A214DF2051001F05FFE00214F
:104100004DF2061001F05AFE4A214DF2071001F05F
:1041100055FE00214DF2081001F050FE5C214DF2D9
:10412000091001F04BFE00214DF20A1001F046FE8D
:1041300081214DF20B1001F041FE00214DF20C10D7
:1041400001F03CFEA6214DF20D1001F037FE0021DA
:104150004DF20E1001F032FEE5214DF20F1001F08C
:104160002DFE01214DF2101001F028FE13214DF219
:10417000111001F023FE01214DF2121001F01EFE7C
:1041800054214DF2131001F019FE01214DF21410CB
:1041900001F014FE82214DF2151001F00FFE0121F5
:1041A0004DF2161001F00AFECA214DF2171001F06F
:1041B00005FE02214DF2181001F000FE00214DF223
:1041C000191001F0FBFD02214DF21A1001F0F6FD6D
:1041D00001214DF21B1001F0F1FD02214DF21C10E6
:1041E00001F0ECFD34214DF21D1001F0E7FD02213C
:1041F0004DF21E1001F0E2FD67214DF21F1001F09B
:10420000DDFD02214DF2201001F0D8FD84214DF298
:10421000211001F0D3FD02214DF2221001F0CEFD5C
:10422000A4214DF2231001F0C9FD02214DF224100A
:1042300001F0C4FDB7214DF2251001F0BFFD0221B0
:104240004DF2261001F0BAFDCF214DF2271001F0FA
:10425000B5FD02214DF2281001F0B0FDDE214DF236
:10426000291001F0ABFD02214DF22A1001F0A6FD4C
:10427000F2214DF22B1001F0A1FD02214DF22C1084
:1042800001F09CFDFE214DF22D1001F097FD032160
:104290004DF22E1001F092FD10214DF22F1001F081
:1042A0008DFD03214DF2301001F088FD33214DF2D8
:1042B000311001F083FD03214DF2321001F07EFD3B
:1042C0006D214DF2331001F079FD00214FF4524081
:1042D00001F074FD33214DF2012001F06FFD00214A
:1042E0004DF2022001F06AFD34214DF2032001F06D
:1042F00065FD00214DF2042001F060FD3A214DF2F0
:10430000052001F05BFD00214DF2062001F056FD75
:104310004A214DF2072001F051FD00214DF2082005
:1043200001F04CFD5C214DF2092001F047FD002118
:104330004DF20A2001F042FD81214DF20B2001F0E7
:104340003DFD00214DF20C2001F038FDA6214DF27B
:104350000D2001F033FD00214DF20E2001F02EFD65
:10436000E5214DF20F2001F029FD01214DF2102031
:1043700001F024FD13214DF2112001F01FFD012158
:104380004DF2122001F01AFD54214DF2132001F0DC
:1043900015FD01214DF2142001F010FD82214DF296
:1043A000152001F00BFD01214DF2162001F006FD54
:1043B000CA214DF2172001F001FD02214DF2182013
:1043C00001F0FCFC00214DF2192001F0F7FC022164
:1043D0004DF21A2001F0F2FC01214DF21B2001F0F8
:1043E000EDFC02214DF21C2001F0E8FC34214DF2DD
:1043F0001D2001F0E3FC02214DF21E2001F0DEFC45
:1044000067214DF21F2001F0D9FC02214DF220203E
:1044100001F0D4FC84214DF2212001F0CFFC0221D7
:104420004DF2222001F0CAFCA4214DF2232001F01C
:10443000C5FC02214DF2242001F0C0FCB7214DF251
:10444000252001F0BBFC02214DF2262001F0B6FC34
:10445000CF214DF2272001F0B1FC02214DF228209E
:1044600001F0ACFCDE214DF2292001F0A7FC022175
:104470004DF22A2001F0A2FCF2214DF22B2001F096
:104480009DFC02214DF22C2001F098FCFE214DF202
:104490002D2001F093FC03214DF22E2001F08EFC23
:1044A00010214DF22F2001F089FC03214DF2302024
:1044B00001F084FC33214DF2312001F07FFC032117
:1044C0004DF2322001F07AFC6D214DF2332001F0E3
:1044D00075FC00214FF4534001F070FC33214DF284
:1044E000013001F06BFC00214DF2023001F066FC5E
:1044F00034214DF2033001F061FC00214DF2043013
:1045000001F05CFC3A214DF2053001F057FC00212E
:104510004DF2063001F052FC4A214DF2073001F015
:104520004DFC00214DF2083001F048FC5C214DF2B9
:10453000093001F043FC00214DF20A3001F03EFC4D
:1045400081214DF20B3001F039FC00214DF20C308D
:1045500001F034FCA6214DF20D3001F02FFC0021BA
:104560004DF20E3001F02AFCE5214DF20F3001F042
:1045700025FC01214DF2103001F020FC13214DF2F9
:10458000113001F01BFC01214DF2123001F016FC3C
:1045900054214DF2133001F011FC01214DF2143081
:1045A00001F00CFC82214DF2153001F007FC0121D5
:1045B0004DF2163001F002FCCA214DF2173001F025
:1045C000FDFB02214DF2183001F0F8FB00214DF205
:1045D000193001F0F3FB02214DF21A3001F0EEFB2D
:1045E00001214DF21B3001F0E9FB02214DF21C309C
:1045F00001F0E4FB34214DF21D3001F0DFFB02211C
:104600004DF21E3001F0DAFB67214DF21F3001F050
:10461000D5FB02214DF2203001F0D0FB84214DF278
:10462000213001F0CBFB02214DF2223001F0C6FB1C
:10463000A4214DF2233001F0C1FB02214DF22430C0
:1046400001F0BCFBB7214DF2253001F0B7FB022190
:104650004DF2263001F0B2FBCF214DF2273001F0B0
:10466000ADFB02214DF2283001F0A8FBDE214DF216
:10467000293001F0A3FB02214DF22A3001F09EFB0C
:10468000F2214DF22B3001F099FB02214DF22C303A
:1046900001F094FBFE214DF22D3001F08FFB032140
:1046A0004DF22E3001F08AFB10214DF22F3001F037
:1046B00085FB03214DF2303001F080FB33214DF2B8
:1046C000313001F07BFB03214DF2323001F076FBFB
:1046D0006D214DF2333001F071FB00214FF4544055
:1046E00001F06CFB33214DF2014001F067FB00212A
:1046F0004DF2024001F062FB34214DF2034001F023
:104700005DFB00214DF2044001F058FB3A214DF2CF
:10471000054001F053FB00214DF2064001F04EFB35
:104720004A214DF2074001F049FB00214DF20840BB
:1047300001F044FB5C214DF2094001F03FFB0021F8
:104740004DF20A4001F03AFB81214DF20B4001F09D
:1047500035FB00214DF20C4001F030FBA6214DF25B
:104760000D4001F02BFB00214DF20E4001F026FB25
:10477000E5214DF20F4001F021FB01214DF21040E7
:1047800001F01CFB13214DF2114001F017FB012138
:104790004DF2124001F012FB54214DF2134001F092
:1047A0000DFB01214DF2144001F008FB82214DF276
:1047B000154001F003FB01214DF2164001F0FEFA15
:1047C000CA214DF2174001F0F9FA02214DF21840CA
:1047D00001F0F4FA00214DF2194001F0EFFA022144
:1047E0004DF21A4001F0EAFA01214DF21B4001F0AE
:1047F000E5FA02214DF21C4001F0E0FA34214DF2BD
:104800001D4001F0DBFA02214DF21E4001F0D6FA04
:1048100067214DF21F4001F0D1FA02214DF22040F4
:1048200001F0CCFA84214DF2214001F0C7FA0221B7
:104830004DF2224001F0C2FAA4214DF2234001F0D2
:10484000BDFA02214DF2244001F0B8FAB7214DF231
:10485000254001F0B3FA02214DF2264001F0AEFAF4
:10486000CF214DF2274001F0A9FA02214DF2284054
:1048700001F0A4FADE214DF2294001F09FFA022155
:104880004DF22A4001F09AFAF2214DF22B4001F04C
:1048900095FA02214DF22C4001F090FAFE214DF2E2
:1048A0002D4001F08BFA03214DF22E4001F086FAE3
:1048B00010214DF22F4001F081FA03214DF23040DA
:1048C00001F07CFA33214DF2314001F077FA0321F7
:1048D0004DF2324001F072FA6D214DF2334001F099
:1048E0006DFA00214FF4554001F068FA33214DF282
:1048F000015001F063FA00214DF2025001F05EFA1E
:1049000034214DF2035001F059FA00214DF20450C8
:1049100001F054FA3A214DF2055001F04FFA00210E
:104920004DF2065001F04AFA4A214DF2075001F0CB
:1049300045FA00214DF2085001F040FA5C214DF299
:10494000095001F03BFA00214DF20A5001F036FA0D
:1049500081214DF20B5001F031FA00214DF20C5043
:1049600001F02CFAA6214DF20D5001F027FA00219A
:104970004DF20E5001F022FAE5214DF20F5001F0F8
:104980001DFA01214DF2105001F018FA13214DF2D9
:10499000115001F013FA01214DF2125001F00EFAFC
:1049A00054214DF2135001F009FA01214DF2145037
:1049B00001F004FA82214DF2155001F0FFF90121B6
:1049C0004DF2165001F0FAF9CA214DF2175001F0DC
:1049D000F5F902214DF2185001F0F0F900214DF2E5
:1049E000195001F0EBF902214DF21A5001F0E6F9ED
:1049F00001214DF21B5001F0E1F902214DF21C5052
:104A000001F0DCF934214DF21D5001F0D7F90221FB
:104A10004DF21E5001F0D2F967214DF21F5001F006
:104A2000CDF902214DF2205001F0C8F984214DF258
:104A3000215001F0C3F902214DF2225001F0BEF9DC
:104A4000A4214DF2235001F0B9F902214DF2245076
:104A500001F0B4F9B7214DF2255001F0AFF9022170
:104A60004DF2265001F0AAF9CF214DF2275001F066
:104A7000A5F902214DF2285001F0A0F9DE214DF2F6
:104A8000295001F09BF902214DF22A5001F096F9CC
:104A9000F2214DF22B5001F091F902214DF22C50F0
:104AA00001F08CF9FE214DF22D5001F087F9032120
:104AB0004DF22E5001F082F910214DF22F5001F0ED
:104AC0007DF903214DF2305001F078F933214DF298
:104AD000315001F073F903214DF2325001F06EF9BB
:104AE0006D214DF2335001F069F900214FF4564029
:104AF00001F064F933214DF2016001F05FF900210A
:104B00004DF2026001F05AF934214DF2036001F0D8
:104B100055F900214DF2046001F050F93A214DF2AF
:104B2000056001F04BF900214DF2066001F046F9F5
:104B30004A214DF2076001F041F900214DF2086071
:104B400001F03CF95C214DF2096001F037F90021D8
:104B50004DF20A6001F032F981214DF20B6001F053
:104B60002DF900214DF20C6001F028F9A6214DF23B
:104B70000D6001F023F900214DF20E6001F01EF9E5
:104B8000E5214DF20F6001F019F901214DF210609D
:104B900001F014F913214DF2116001F00FF9012118
:104BA0004DF2126001F00AF954214DF2136001F048
:104BB00005F901214DF2146001F000F982214DF256
:104BC000156001F0FBF801214DF2166001F0F6F8D6
:104BD000CA214DF2176001F0F1F802214DF2186080
:104BE00001F0ECF800214DF2196001F0E7F8022124
:104BF0004DF21A6001F0E2F801214DF21B6001F064
:104C0000DDF802214DF21C6001F0D8F834214DF29C
:104C10001D6001F0D3F802214DF21E6001F0CEF8C4
:104C200067214DF21F6001F0C9F802214DF22060AA
:104C300001F0C4F884214DF2216001F0BFF8022197
:104C40004DF2226001F0BAF8A4214DF2236001F088
:104C5000B5F802214DF2246001F0B0F8B7214DF211
:104C6000256001F0ABF802214DF2266001F0A6F8B4
:104C7000CF214DF2276001F0A1F802214DF228600A
:104C800001F09CF8DE214DF2296001F097F8022135
:104C90004DF22A6001F092F8F2214DF22B6001F002
:104CA0008DF802214DF22C6001F088F8FE214DF2C2
:104CB0002D6001F083F803214DF22E6001F07EF8A3
:104CC00010214DF22F6001F079F803214DF2306090
:104CD00001F074F833214DF2316001F06FF80321D7
:104CE0004DF2326001F06AF86D214DF2336001F04F
:104CF00065F855214FF4704001F060F8AA214FF299
:104D0000010001F05BF852214FF2020001F056F869
:104D100008214FF2030001F051F800214FF2040086
:104D200001F04CF8CC214FF4314001F047F800215C
:104D30004BF2011001F042F805214FF4364001F02A
:104D40003DF870214FF4374001F038F870214BF2F4
:104D5000017001F033F801214FF4384001F02EF8D2
:104D600003214BF6010001F029F803214BF6020064
:104D700001F024F803214BF6030001F01FF8022193
:104D80004FF43C4001F01AF800214BF6014001F0CD
:104D900015F800214BF6024001F010F8D0214FF435
:104DA000494001F00BF802214CF6011001F006F821
:104DB00050214CF6021001F001F850214CF603107E
:104DC00000F0FCFF50214CF6041000F0F7FF00212A
:104DD0004FF4545000F0F2FF55214FF4685000F0AA
:104DE000EDFF4FF4885000F0D3FF7820FDF772FC00
:104DF0004FF4245000F0CCFF10BD10B5E22000F0BD
:104E0000C7FF1D2000F0B8FF022000F0B5FF04200E
:104E100000F0B2FF6420FDF75DFCE02000F0B8FF79
:104E2000012000F0A9FF0A20FDF748FCE02000F077
:104E3000AFFF032000F0A0FF0C20FDF73FFC012096
:104E400000F0A6FF0A20FDF739FCE62000F0A0FFE5
:104E50002F2000F091FFFF2000F08EFFFF2000F0D8
:104E60008BFFB02000F094FF202000F085FF002091
:104E700000F082FF032000F07FFF40F21F3000F0BF
:104E80007BFF012000F078FF40F2DF1000F074FF9C
:104E9000002000F071FFB42000F07AFF042000F041
:104EA0006BFF40F21F4000F067FF002000F064FF3E
:104EB0002E2000F061FF002000F05EFF002000F0D7
:104EC0005BFF002000F058FF002000F055FFB620E7
:104ED00000F05EFF022000F04FFF4FF4037000F07F
:104EE0004BFF002000F048FF172000F045FF152081
:104EF00000F042FF002000F03FFF002000F03CFFE8
:104F0000F02000F045FF032000F036FF292000F0DC
:104F10003FFFD02000F03CFF002000F02DFFBE201E
:104F200000F036FF052000F027FFFE2000F024FFF0
:104F3000012000F021FF002000F01EFF002000F003
:104F40001BFF002000F018FFB82000F021FF032015
:104F500000F012FF012000F00FFFBA2000F018FF50
:104F6000012000F009FF10BD10B5112000F010FF66
:104F70007820FDF7A3FB362000F00AFF002000F0A8
:104F8000FBFE3A2000F004FF052000F0F5FEB22001
:104F900000F0FEFE0C2000F0EFFE0C2000F0ECFE16
:104FA000002000F0E9FE332000F0E6FE332000F0A0
:104FB000E3FEB72000F0ECFE352000F0DDFEBB2064
:104FC00000F0E6FE322000F0D7FEC02000F0E0FE48
:104FD0000C2000F0D1FEC22000F0DAFE012000F02B
:104FE000CBFEC32000F0D4FE102000F0C5FEC4208C
:104FF00000F0CEFE202000F0BFFEC62000F0C8FE6C
:105000000F2000F0B9FED02000F0C2FEA42000F076
:10501000B3FEA12000F0B0FEE02000F0B9FED020E9
:1050200000F0AAFE002000F0A7FE022000F0A4FE7F
:10503000072000F0A1FE0A2000F09EFE282000F0CC
:105040009BFE322000F098FE442000F095FE4220A6
:1050500000F092FE062000F08FFE0E2000F08CFE85
:10506000122000F089FE142000F086FE172000F0C8
:1050700083FEE12000F08CFED02000F07DFE0020B9
:1050800000F07AFE022000F077FE072000F074FEA8
:105090000A2000F071FE282000F06EFE312000F0A2
:1050A0006BFE542000F068FE472000F065FE0E20E5
:1050B00000F062FE1C2000F05FFE172000F05CFE96
:1050C0001B2000F059FE1E2000F056FE2A2000F0A2
:1050D0005FFE002000F050FE002000F04DFE00209A
:1050E00000F04AFEEF2000F047FE2B2000F050FEBB
:1050F000002000F041FE002000F03EFE012000F004
:105100003BFE3F2000F038FE292000F041FE10BD9C
:1051100010B5112000F03CFE7820FDF7CFFA3620C4
:1051200000F036FE482000F027FE3A2000F030FE66
:10513000552000F021FEF02000F02AFEC32000F0F0
:105140001BFEF02000F024FE962000F015FEB42097
:1051500000F01EFE012000F00FFEB62000F018FE49
:105160000A2000F009FEA22000F006FEB72000F0A1
:105170000FFEC62000F000FEB92000F009FE02205C
:1051800000F0FAFDE02000F0F7FDC02000F000FE86
:10519000802000F0F1FD162000F0EEFDC12000F0AF
:1051A000F7FD192000F0E8FDC22000F0F1FDA72076
:1051B00000F0E2FDC52000F0EBFD162000F0DCFD64
:1051C000E82000F0E5FD402000F0D6FD8A2000F048
:1051D000D3FD002000F0D0FD002000F0CDFD2920FF
:1051E00000F0CAFD192000F0C7FDA52000F0C4FDA5
:1051F000332000F0C1FDE02000F0CAFDF02000F0F7
:10520000BBFD072000F0B8FD0D2000F0B5FD042027
:1052100000F0B2FD052000F0AFFD142000F0ACFD61
:10522000362000F0A9FD542000F0A6FD4C2000F02F
:10523000A3FD382000F0A0FD132000F09DFD1420F8
:1052400000F09AFD2E2000F097FD342000F094FD30
:10525000E12000F09DFDF02000F08EFD102000F018
:105260008BFD142000F088FD0E2000F085FD0C2041
:1052700000F082FD082000F07FFD352000F07CFD6D
:10528000442000F079FD4C2000F076FD262000F04F
:1052900073FD102000F070FD122000F06DFD2C2039
:1052A00000F06AFD322000F067FDF02000F070FD94
:1052B0003C2000F061FDF02000F06AFD692000F064
:1052C0005BFD7820FDF7FAF9212000F061FD29202F
:1052D00000F05EFD10BD000000B595B000BF00BF3E
:1052E00000200190F848006840F04000F64908604E
:1052F0000846006800F04000019000BF00BF00BFFA
:1053000000BF00BF002001900846006840F0080080
:1053100008600846006800F00800019000BF00BF68
:1053200000BF00BF00BF002001900846006840F0A9
:10533000080008600846006800F00800019000BFFF
:1053400000BF00BF00BF00BF0020019008460068FA
:1053500040F0400008600846006800F040000190FE
:1053600000BF00BF00BF00BF00BF00200190084683
:10537000006840F0020008600846006800F0020083
:10538000019000BF00BF00BF881410900220119050
:1053900001201290022013900C20149010A9CB48E9
:1053A000FBF79AFB2020109010A9C948FBF794FB4B
:1053B0001020109010A9C648FBF78EFB4FF48050C8
:1053C000109010A9C348FBF787FB4FF400401090E2
:1053D0000120119010A9C048FBF77EFB4FF0204040
:1053E000BE490860BE484860062088600021BB486E
:1053F000C1601021416100218161C16141624FF4AE
:10540000805181620021C1624FF48041016300211B
:10541000416381630F20099000200A903C200B908B
:1054200000200F9009200290002003900920049092
:105430000020089002AA09A9A848FCF79DF832208C
:10544000FDF73CF9D32000F0A3FC00F0D5F9A54905
:10545000888000F0D1F9A349888000F0CDF9A149F6
:105460008880084680884FF6FF7101EA00209D4938
:10547000888000F0C1F99B49898808439949888050
:105480000846808849F2413188427CD0042000F0EF
:105490007FFC00F0B1F99349888000F0ADF99149A3
:1054A000888000F0A9F98F498880084680884FF6E7
:1054B000FF7101EA00208B49888000F09DF989493D
:1054C00089880843874988800846808848F2525175
:1054D000884203D147F28970824988808148808858
:1054E00047F289718842D0D0D42000F051FC00F0FE
:1054F00083F97C49888000F07FF97A49888000F040
:105500007BF978498880084680884FF6FF7101EA68
:1055100000207449888000F06FF972498988084337
:10552000704988800846808845F210318842ACD0A6
:10553000D32000F02DFC00F05FF96A49888000F06C
:105540005BF96849888000F057F966498880084609
:1055500080884FF6FF7101EA00206249888000F0E0
:105560004BF96049898808435E49888008468088ED
:1055700047F29671884288D055214FF4704000F070
:105580001DFCAA2100E07EE04FF2010000F016FCB5
:1055900052214FF2020000F011FC08214FF20300EB
:1055A00000F00CFC01214FF2040000F007FC4FF466
:1055B000454000F0EDFB00F01FF94A49888008469D
:1055C00080884FF6FF7101EA0020464988804CF23E
:1055D000015000F0DDFB00F00FF9424989880843D3
:1055E000404988800520FDF769F83E48808845F2EB
:1055F0001051884247D0D32000F0CAFB00F0FCF8DD
:105600003849888000F0F8F83649888000F0F4F8CE
:1056100034498880084680884FF6FF7101EA0020EF
:105620003049888000F0E8F82E49898808432D49E0
:1056300088800846808849F60601884223D0A12048
:1056400000F0A6FB00F0D8F82649888000F0D4F8D6
:1056500024498880084680884FF6FF7101EA0020BF
:105660002049888000F0C8F81E49898808431D49F0
:1056700088800846808845F26171884203D141F6EE
:105680006310184988801748818817A0FAF7D4FE5C
:105690001448808847F28971884202D1FFF764FC80
:1056A0004EE01048808849F24131884202D1FDF72E
:1056B000F7F945E00B48808845F21031884219D14E
:1056C000FDF7A4FC3CE00000303802400018024026
:1056D000000C0240001402400004024004020020BA
:1056E000040100A0540200204C43442049443A25C0
:1056F000780D0A003A48808847F29671884202D1B4
:10570000FFF706FD1CE03648808845F210518842BC
:1057100002D1FEF7F4FB13E03148808849F6060118
:10572000884202D1FDF7D2FA0AE02D48808841F67E
:105730006311884204D1FFF760FB642000F0ECFAAB
:105740002748808847F2897188420BD02448808896
:1057500049F24131884205D02148808841F66311E1
:1057600088420AD10320029004901E490B6B8A687C
:10577000486802A9FBF7D2F821E01948808845F271
:105780001031884211D01648808847F296718842BD
:105790000BD01348808845F21051884205D010483C
:1057A000808849F60601884209D1022002900490BF
:1057B0000C490B6B8A68486802A9FBF7AFF8002018
:1057C000FDF7A8F800BF0122D1030748FBF786FACE
:1057D00000BF4FF6FF70FDF783F815B000BD000065
:1057E00054020020040200200004024000BF011EF9
:1057F000A0F10100FBD1704708B50220FFF7F6FFCA
:10580000024800880090BDF8000008BD8000006CD0
:10581000F0B50546002400278B488079012805D182
:105820008948808841F66311884208D1864880798A
:10583000F0B98548808841F66311884218D1082D57
:1058400015D2DFE805F00406080A0C0E1012062532
:105850000DE007250BE0042509E0052507E00125FB
:1058600005E0002503E0032501E0022500BF00BF9D
:10587000082D1CD2DFE805F00406090C0F121518DC
:1058800000BF14E044F0800411E044F040040EE056
:1058900044F0C0040BE044F0200408E044F060044D
:1058A00005E044F0A00402E044F0E00400BF00BFC3
:1058B00036276548808845F21051884200D13F0262
:1058C0006148808849F2413188420BD05E48808827
:1058D00047F28971884205D05B48808847F296710B
:1058E000884201D144F008042146384600F066FAA7
:1058F0005548808841F6631188421DD004F020008D
:1059000068B15148008850494988884214DA4E48A5
:10591000068840884C490880084646800CE04A4882
:10592000008849494988884206DD474806884088FA
:1059300045490880084646804348808845F2105112
:10594000884252D14049488900F022FA002000F0F4
:1059500013FA3D494989491C88B200F019FA002020
:1059600000F00AFA38494989891C88B200F010FA17
:1059700035490988491EC1F30F2000F0FDF932496D
:105980004989C91C88B200F003FA2F490978491ED9
:10599000C8B200F0F1F92C49888900F0F9F900202B
:1059A00000F0EAF928498989491C88B200F0F0F929
:1059B000002000F0E1F924498989891C88B200F0AF
:1059C000E7F921494988491EC1F30F2000F0D4F9B5
:1059D0001D498989C91C88B200F0DAF91A49897809
:1059E000491EC8B200F0C8F92DE01749488900F0F7
:1059F000CFF9002000F0C0F9002000F0BDF91249F5
:105A00000988491EC1F30F2000F0B6F90E49097844
:105A1000491EC8B200F0B0F90B49888900F0B8F906
:105A2000002000F0A9F9002000F0A6F906494988F5
:105A3000491EC1F30F2000F09FF903498978491EE0
:105A4000C8B200F099F9F0BD5402002010B502462A
:105A50000C464548808841F66311884247D1424848
:105A60008079A8B940480088401E801A82B23E4919
:105A7000488900F08DF9002000F07EF9002000F048
:105A80007BF9101200F078F9D0B200F075F916E049
:105A90003549488900F07CF9101200F06DF9D0B258
:105AA00000F06AF930490988491EC1F30F2000F05F
:105AB00063F92D490978491EC8B200F05DF92A49F9
:105AC000888900F065F9201200F056F9E0B200F084
:105AD00053F925494988491EC1F30F2000F04CF9BC
:105AE00021498978491EC8B200F046F93AE01E48BB
:105AF000808845F21051884220D11B49488900F026
:105B000047F9101200F038F917494989491C88B241
:105B100000F03EF9D0B200F02FF91349888900F067
:105B200037F9201200F028F90F498989491C88B2F9
:105B300000F02EF9E0B200F01FF913E00A4948899D
:105B400000F026F9101200F017F9D0B200F014F9A5
:105B50000549888900F01CF9201200F00DF9E0B227
:105B600000F00AF910BD0000540200202DE9FC4F9E
:105B700080460E4615461C46B34600200190009014
:105B80002046E31704EB5373DB1021464FEAE47C15
:105B900004EB5C7C4FEAEC0CA4EBCC0CBCF1000FEA
:105BA00002D04FF0010C01E04FF0000C634422469C
:105BB00004EBD27C4FEA6C0C03FB0CF3DBB20193D9
:105BC000A5F12000C5B20C2C06D0102C0BD0182C3F
:105BD0000ED0202C18D112E005EB45002D4901EB29
:105BE0008000009012E02C4800EB051000900DE0C2
:105BF00005EBC500294901EB8000009006E028482C
:105C000000EB8510009001E0BDE8FC8F00BF00278D
:105C10003AE0009810F807904FF0000A2EE009F0E3
:105C2000800028B1314640460C9AFCF729FF07E076
:105C30000B9828B91B48314602684046FCF720FF04
:105C40004FEA49604FEA1069701C86B216484088D6
:105C5000B04200DCD8E7A6EB0B00A0420AD15E46BA
:105C600008F101001FFA80F80F480088404500DC69
:105C7000CAE706E00AF1010000F0FF0ABAF1080FD6
:105C8000CDDB00BF781CC7B201988742C1DB00BFE3
:105C9000BAE70000AE8A0008228F000812950008BB
:105CA0006EA2000844000020540200202DE9FC4FA1
:105CB00004460D4690469946DDE90C7A0B9E04F0A9
:105CC000FF0B08EB04001FFA80F809EB05001FFA30
:105CD00080F917E0444502DB5C46A81985B24D45C2
:105CE00000DB15E00020CDE9000A3A78334629466A
:105CF0002046FFF73BFF304606EBD07104EB610115
:105D00008CB27F1C38787E2802DC38782028E1DAD3
:105D100000BFBDE8FC8F000070B52DED048B04467C
:105D2000BE2000F035F8052000F026F8204602F0ED
:105D30009CFD41EC190B9FED0E0B53EC102B02F068
:105D4000A7FD41EC180B02F063FD85B2284600F078
:105D500013F8012000F010F8FF2000F00DF80020EB
:105D600000F00AF8002000F007F8BDEC048B70BDCD
:105D7000666666666666044001B5BDF80000009080
:105D8000BDF800000149088008BD00008000006CDB
:105D900001B5BDF800000090BDF800000149088081
:105DA00008BD00007E00006C02480089024908809E
:105DB00070470000540200207E00006C034A1080EF
:105DC0004FF0D842A2F88010704700007E00006CAF
:105DD00000B587B000BF00BF0020019020480068D8
:105DE00040F020001E4908600846006800F02000CE
:105DF000019000BF00BF00BF00BF00BF00200190A6
:105E00000846006840F0200008600846006800F07E
:105E10002000019000BF00BF00BF48150290012084
:105E2000039004900220059002A90E48FAF754FE50
:105E30004FF48060029002A90A48FAF74DFE00BFB5
:105E4000012251020748FAF749FF00BF00BF0122B3
:105E500091020448FAF742FF00BF07B000BD0000FE
:105E6000303802400014024010B50320FAF7E2FF78
:105E7000FAF752FF0723022208214FF4A87001F01D
:105E8000C1F9A820FCF7FEFB4FF4E13001F062FA03
:105E9000FFF79EFFFFF720FAFCF7A4FC00F0DAFE04
:105EA000002000F00BF8022000F008F8012000F0BC
:105EB00005F8FCF741FC002010BD000010B50446B9
:105EC0000C4951F824104A000B4951F824000021D4
:105ED00000F036F8094951F8242007490C3951F8E7
:105EE0002400002100F02CF8012103480C3001555A
:105EF00010BD000030BA00085C00002048BA00085D
:105F000010B501460023002207E00B4850F821009D
:105F100030F8120000B15B1C521C084850F82100F8
:105F20009042F2D84FF47A705843044C54F8214010
:105F3000B0FBF4F080B210BD5C00002030BA000865
:105F400030B5034601E003F8011B141EA2F1010263
:105F5000F9D130BD2DE9F04105460E4629480768C4
:105F600000202949096881F8590027480068001D68
:105F700001F00CFA50B92448006890F82C10012068
:105F8000884022490968814320480160681CD8B9CB
:105F9000D6B11F4948681C49096888601A49826857
:105FA0000968CA6018490968091D82685160164964
:105FB0000968091D8160164A134909684A6111463A
:105FC0000968491C11601AE07C190F480068446098
:105FD000BC4207D20C480168091D0E48006801F058
:105FE000F9F90CE008480168091D0B48006801F048
:105FF000F1F90A480068844201D208480460BDE80B
:10600000F0810000800000206C000020840000204F
:10601000F084012074000020700000209C0000200B
:1060200010B5044601F0FCF931480068401C3049C5
:1060300008603048006840B92E480460084600688F
:1060400001280DD100F016FA0AE02B48006838B993
:1060500028480068C06AE16A884201D8254804607F
:1060600026480068401C25490860084600686064AE
:1060700094F82C10012088402149096808432049E0
:106080000860E16A01EB81011E4A02EB8101486868
:10609000A0608268E260211D826851608160E16ACF
:1060A00001EB8101174A02EB81026261E16A01EBB7
:1060B0008101144A52F82110491CE26A02EB820263
:1060C000104B43F8221001F0F7F90B48006868B153
:1060D00008480068C06AE16A884207D24FF08050E1
:1060E00009490860BFF34F8FBFF36F8F10BD0000E9
:1060F0007C0000206C000020880000209800002018
:10610000840000202082012004ED00E010B501F0A1
:1061100087F910480068D0B90F4801F04BF90F48D3
:1061200001F048F90C480E4908600C480D49086018
:1061300000221021052001F0FFFD064908600846F5
:10614000006820B108A10348006801F075FA01F069
:10615000B3F910BDB400002004850120188501208A
:10616000AC000020B0000020546D7251000000000F
:1061700010B516E001F054F90C48C068C468201D41
:1061800001F004F90A480068401E094908600948FE
:106190000068401E0749086001F08EF9204600F0B3
:1061A0005FF8044800680028E4D110BDDC840120B9
:1061B0007C0000207800002070B504460D46206C5D
:1061C00070B1216CE0680144E160D4E902108842BA
:1061D00001D32168E1602846226CE168FAF7FEF9F4
:1061E00070BD2DE9F04104460F4615464FF00008FA
:1061F000A66B206C48B9206800282CD1A06802F05A
:10620000C1F880460020A06025E07DB93946226CA7
:106210006068FAF7E3F9216C606808446060D4E9CB
:106220000101884217D32068606014E03946226C6F
:10623000E068FAF7D3F9216CE068411AE16021685F
:10624000E068884203D2216CA068411AE160022D07
:1062500001D106B1761E701CA0634046BDE8F081F6
:1062600010B50446206B01F067F9204601F064F98F
:1062700010BD00000146084A126812680AB90122DE
:1062800000E000220A600A6822B9034A1268D26854
:10629000106800E000207047AC00002030B54FF4DB
:1062A0002053174800F007042CB1C01D20F0070050
:1062B000134C041B1B1B0246124C22600024114D80
:1062C0006C60D018083820F007000F4C20600024C4
:1062D0000D4D2D686C600C4D2D682C601146441AD4
:1062E0004C60094C24680C60084D4C682C60084DCB
:1062F0004C682C604FF00044064D2C6030BD00000F
:106300002C850120C0000020C8000020D000002003
:10631000CC000020DC00002000BFFFF729FF06486A
:1063200000680128F9D94FF0805004490860BFF394
:106330004F8FBFF36F8FF0E72082012004ED00E064
:106340002DE9F04106460D4617469846069C0DB9C4
:10635000246000E02760E66325640121204601F007
:1063600033FD84F850800020A064BDE8F081000077
:106370002DE9F05F82460F4690469B460A9E0C9C94
:106380004FEA8801A522206BFAF76DF9A8F1010008
:10639000216B01EB800929F0070909F0070008B912
:1063A000012000E0002028B94FF4587224A12DA04C
:1063B000FAF742F887B1002507E0795D04F134006F
:1063C0004155785D00B902E06D1C102DF5D300BF7A
:1063D00000214320015502E0002084F83400202EE3
:1063E00001D2012000E0002028B940F2973214A128
:1063F0001CA0FAF721F8202E00D31F26E662E664DF
:1064000000202065201D00F0E2FF04F1180000F0DC
:10641000DEFF2461C6F12000A06164620020606597
:1064200084F8580084F859005A465146484600F00E
:10643000FBFB20600B9808B10B980460BDE8F09F4F
:106440002E2E5C2E2E5C4D6964646C6577617265DE
:10645000735C4672656552544F535C7461736B7321
:106460002E6300004572726F723A2025732C20252E
:10647000640D0A0010B5002407E004EB84010F4A04
:1064800002EB810000F096FF641C202CF5D30C4831
:1064900000F090FF0B4800F08DFF0B4800F08AFFE2
:1064A0000A4800F087FF0A4800F084FF04480949C1
:1064B000086004480849086010BD000020820120DF
:1064C000A0840120B4840120C8840120DC84012040
:1064D000F0840120700000207400002010B50146F7
:1064E000164800E0006803688B42FBD3024643680D
:1064F00013448B4204D143684C68234443600146F3
:106500000A464B6813440468A34211D10C4C03683B
:106510002468A34208D04B680468646823444B6035
:1065200003681B680B6005E0054B1B680B6001E00E
:1065300003680B60884200D0016010BDC0000020DD
:10654000C80000202DE9F04104460D4616461F46BE
:106550004FF0000865602461B5420CD8F01BA169BA
:10656000884202D34FF0010811E0211D094800685C
:1065700000F030FF0BE0BE4204D2BD4202D34FF028
:10658000010804E0211D0448006800F023FF404694
:10659000BDE8F081B0000020AC00002070B50546D9
:1065A00000F03EFFA86B08B9012400E0002400F0D1
:1065B00083FF204670BD0000F1B50098846C002672
:1065C0002CB940F6D53220A128A0F9F735FFA06BF1
:1065D000E16B884201D2012000E0002028B940F69A
:1065E000D63219A121A0F9F727FFA06BE16B8842F1
:1065F00027D294F94550002269462046FFF7F1FD65
:106600000646681C60B9606A08B9012000E00020F5
:10661000B0B904F1240001F03DFF88B101260FE07C
:106620007F2D01D0012000E0002028B940F6F6328D
:1066300005A10EA0F9F700FF681C40B284F84500E0
:1066400000BF3046F8BD00002E2E5C2E2E5C4D693A
:1066500064646C6577617265735C467265655254FB
:106660004F535C71756575652E6300004572726FDE
:10667000723A2025732C2025640D0A0070B505465A
:106680000E460E480068C068C468201D00F07EFEFB
:1066900094F8280000F0040028B13246294620462C
:1066A00000F0FEF805E094F8280000F0FE0084F801
:1066B00028002046216A884770BD0000AC000020F9
:1066C00070B586B08AE0029800280CDA03AE2EB9C5
:1066D00040F2063247A150A0F9F7AEFED6E90020FD
:1066E000B168904700BF0298002877DB049C60697E
:1066F00008B9012000E0002010B9201D00F046FE7E
:1067000001A800F0F9F8054602980A2864D2DFE8EB
:1067100000F06305072E365306082F3700BF00BF71
:1067200000BF94F8280040F0010084F82800039886
:10673000A269811803462A462046FFF703FFA8B145
:1067400094F8280000F0040038B10398A269811879
:106750002A46204600F0A4F805E094F8280000F04E
:10676000FE0084F828002046216A884735E000BFF3
:1067700094F8280000F0FE0084F828002DE000BF07
:1067800094F8280040F0010084F828000398A061E4
:10679000A06908B1012000E0002028B940F2593278
:1067A00014A11DA0F9F748FEA06941192B462A46FD
:1067B0002046FFF7C7FE10E094F8280000F0020022
:1067C00018B9204600F0B8FE05E094F8280000F063
:1067D000FE0084F8280000E000BF00BF002202A9EC
:1067E0001148006801F06EFB00287FF46CAF06B022
:1067F00070BD00002E2E5C2E2E5C4D6964646C65AD
:1068000077617265735C4672656552544F535C7470
:10681000696D6572732E63004572726F723A20253E
:10682000732C2025640D0A00B4000020F8B505463D
:106830000C4601F02DF9684600F05EF80646009817
:1068400020BB44B9B54206D801F0CAFE31462846FD
:10685000FFF714FF1CE03CB10E480068006808B95F
:10686000012000E000200446A91B22460A480068D7
:1068700000F028FF01F0B4FE50B94FF080500749F6
:106880000860BFF34F8FBFF36F8F01E001F0A8FEE8
:10689000F8BD0000B0000020B400002004ED00E0CE
:1068A00070B504460D46164604E0A069054420462E
:1068B000216A8847A06941192B4632462046FFF7D6
:1068C00041FE0028F1D170BD09480068006808B990
:1068D000012000E0002020B14FF0FF3005490860A2
:1068E00005E003480068C068006802490860704716
:1068F000700000209C00002070B5044601F048FCA8
:10690000054607480068854204D200F00BF80120D4
:10691000206001E00020206001480560284670BD2D
:10692000BC00002070B508E00D480068C06804682D
:106930004FF0FF312046FFF7A1FE094800680068CC
:1069400008B9012000E000200028EDD004480568C7
:1069500004480068024908600248056070BD0000F4
:10696000AC000020B00000200B480068401C08B9B3
:10697000012000E0002020B9E92208A116A0F9F7C3
:106980005BFD00BF502080F31188BFF34F8FBFF332
:106990006F8F00BF00BFFEE7E00000202E2E5C2EB0
:1069A0002E5C4D6964646C6577617265735C4672D8
:1069B000656552544F535C706F727461626C655CB4
:1069C000525644535C41524D5F434D34465C706FA8
:1069D00072742E63000000004572726F723A2025B7
:1069E000732C2025640D0A0008B500BF6846FFF728
:1069F00041FC044620460099FFF718FFFFF760FEB0
:106A0000F4E770B5044600F00BFD94F9455019E029
:106A1000A06C30B12046FFF7CFFD88B100F058FFE1
:106A20000EE0606A08B9012000E0002038B904F1E6
:106A3000240001F02FFD18B100F04AFF00E003E050
:106A4000681E45B2002DE3DC00BFFF2084F845003E
:106A500000F032FD00F0E4FC94F9445010E02069AD
:106A600008B9012000E0002048B904F1100001F04D
:106A700011FD08B100F02CFF681E45B200E001E0F6
:106A8000002DECDC00BFFF2084F8440000F014FD72
:106A900070BD00002DE9F04104464FF0000800F001
:106AA000F7FF4948006808B9FFF7F8FB4748006856
:106AB0002040002875D1002C23D004F10800A0420A
:106AC0001FD9083404F0070000281BD004F0070089
:106AD000C0F108002044A04211D904F00700C0F121
:106AE0000800044404F0070008B9012000E0002079
:106AF00040B99C2236A144A0F9F79EFC02E0002494
:106B000000E00024002C4CD043480068844248D860
:106B1000424E3046056801E02E462D686868A04266
:106B200002D228680028F7D127480068854238D06B
:106B3000306800F10808286830606868001B102879
:106B400013D92F1907F0070008B9012000E0002031
:106B500020B9CF221EA12CA0F9F76EFC6868001B9B
:106B600078606C603846FFF7B9FC2B4968680968A3
:106B7000081A2949086008460068294909688842B6
:106B800003D22548006826490860104968680968EA
:106B9000084368600020286022480068401C2149A2
:106BA000086001F01DFD08F0070008B9012000E0B1
:106BB000002028B94FF4887205A113A0F9F73CFC16
:106BC0004046BDE8F0810000C8000020DC00002045
:106BD0002E2E5C2E2E5C4D6964646C657761726547
:106BE000735C4672656552544F535C706F7274618A
:106BF000626C655C4D656D4D616E675C686561706A
:106C00005F342E63000000004572726F723A2025D7
:106C1000732C2025640D0A00CC000020C000002049
:106C2000D0000020D4000020001F4FF080730360CC
:106C3000001F21F001030360001F054B036014389F
:106C40000260001F6FF002030360203870470000ED
:106C50006969000800B58DB0FBF74AFC00BF00BFB2
:106C6000002000907148006840F040006F490860C3
:106C70000846006800F04000009000BF00BF00BF61
:106C800000BF00BF002000900846006840F00800E8
:106C900008600846006800F00800009000BF00BFD0
:106CA00000BF00BF00BF002000900846006840F011
:106CB000080008600846006800F00800009000BF67
:106CC00000BF00BF00BF0020009058480830006897
:106CD00040F001005549083108600846006800F09E
:106CE0000100009000BF00BF00BF002000904F488F
:106CF000006840F008004D4908600846006800F050
:106D00000800009000BF00BF00BF002000900846B0
:106D1000006840F0100008600846006800F01000AD
:106D2000009000BF00BF00BF002000900846006830
:106D300040F0200008600846006800F02000009045
:106D400000BF00BF00BF002000900846006840F070
:106D5000400008600846006800F04000009000BF56
:106D600000BF081508900220099001200A90022017
:106D70000B900C200C9008A92D48F9F7ADFE2020AF
:106D8000089008A92B48F9F7A7FE1020089008A939
:106D90002848F9F7A1FE4FF60370089002200990E9
:106DA00001200A9002200B9008A92248F9F794FECE
:106DB0004FF68370089008A91F48F9F78DFE4FF22F
:106DC0003F00089008A91D48F9F786FE3F2008906B
:106DD00008A91748F9F780FE4FF0204018490860CD
:106DE000184848600420886000211548C16001618E
:106DF0001021416100218161C16141624FF48051E4
:106E000081620021C16201634163816300200190BE
:106E100002900620039000200490079001AA01A987
:106E20000748FAF7A9FB0DB000BD0000303802405A
:106E300000180240000C0240001002400014024002
:106E400064020020040100A01CB52048006840F046
:106E500078001E4908600120032100230246CDE985
:106E600000104EF233011A48FBF73AF801200321D3
:106E700000230246CDE900104EF22F011548FBF722
:106E80002FF80120032100230246CDE9001040F233
:106E900033411148FBF724F8012003210023024667
:106EA000CDE900104FF4F0610C48FBF719F8012010
:106EB0000B4908600B49C1F8A8020949091F08607D
:106EC00000200849C1F880021CBD00003038024093
:106ED000000C024000140240001802400010024062
:106EE00094824142000043422DE9FC4104460025C2
:106EF00000260027FFF7A8FF00206B49086001F07B
:106F00007FFC00BF10E0002067490860674931F846
:106F10001500FBF723FB01F073FC01206449C1F865
:106F2000940201F06DFC6D1C052DECDB0120614924
:106F3000086000205E49C1F89402200AFBF776FB46
:106F400001F05EFC01205849086001F059FC002066
:106F50005749C1F89402E0B2FBF768FB01F050FC1E
:106F600001205149086001F04BFC00205049C1F854
:106F700094025148006840F078004F4908600120B1
:106F8000032103460022CDE900104FF4F0614B4885
:106F9000FAF7A6FF0120032103460022CDE90010E5
:106FA0004CF203014648FAF79BFF00203E49091FB7
:106FB0000860091D086001F023FC01203C49C1F86C
:106FC000940201F01DFC38485C3800683849D1F85B
:106FD0003C1240EA41003649D1F8001240EA8100F3
:106FE0003349D1F8041240EAC1003649D1F81C12E5
:106FF00040EA01103349D1F8201240EA41103149EA
:10700000D1F8241240EA81102E49D1F8281240EA22
:10701000C110C6B201F0F4FB00202349086001F062
:10702000EFFB01202249C1F8940201F0E9FB1E4860
:107030005C3800681E49D1F83C1240EA41001C4906
:10704000D1F8001240EA81001949D1F8041240EA4F
:10705000C1001C49D1F81C1240EA01101949D1F8AD
:10706000201240EA41101749D1F8241240EA811059
:107070001449D1F8281240EAC110C7B201F0C0FB90
:1070800000200C4928310860012007490860091FC9
:10709000086001F0B5FB012006492831086047EA85
:1070A0000620BDE8FC81000094824142EC000020F3
:1070B00000804142800243423038024000100240CA
:1070C000000C02400000424270B504460D46002606
:1070D000FFF7BAFE01F094FB00BF10E000202F493B
:1070E00008602F4931F81600FBF738FA01F088FBE9
:1070F00001202C49C1F8940201F082FB761C052E78
:10710000ECDB01202849086000202649C1F89402E0
:10711000802141EA1420FBF789FA01F071FB01207C
:107120001E49086001F06CFB00201E49C1F8940262
:10713000E0B2FBF77BFA01F063FB0120174908601E
:1071400001F05EFB00201749C1F89402280AFBF702
:107150006DFA01F055FB01201049086001F050FB69
:1071600000201049C1F89402E8B2FBF75FFA01F081
:1071700047FB01200949086001F042FB00200A4951
:1071800028310860012005490860091F086001F0E6
:1071900037FB012004492831086070BD94824142C8
:1071A000EC00002000804142800243421CB50446AE
:1071B00000F036F942F2CF0142F20F70FBF720FAED
:1071C00042F2CF0142F20F70FBF704FA08480221A5
:1071D00000238022CDE9001006A1084800F098FFA6
:1071E0000748006800F0D6FA00F066F91CBD000000
:1071F000080000207461736B31000000D172000838
:10720000040000202DE9F04192B080460C4615465E
:107210001E46002700BF002000902A48006840F06A
:107220008050284908600846006800F080500090AF
:1072300000BF00BF00BF002000902348006840F45A
:107240008040214908600846006800F480400090B2
:1072500000BF00BF012001900004029002200790AF
:1072600041050891CDF8288009940B950C9601A84A
:10727000F9F734FF07461FB1012012B0BDE8F081D5
:107280000F200D9002200E9000200F904FF4A05080
:1072900010904FF48050119004210DA8F9F7DEFDF5
:1072A00007460FB10120E8E7F9F71EFD41F20101A1
:1072B000884205D10548006840F4807003490860A1
:1072C0000020DAE74038024000700040003C0240F5
:1072D00024E013480068401C114908600846006813
:1072E000052817D10FA0F9F7A7F800BF502080F3A9
:1072F0001188BFF34F8FBFF36F8F00BF41F288300B
:10730000FBF7DCF90DA0F9F797F8002080F311885E
:1073100000BF00BF4FF47A7000F0FAF9D9E700001F
:1073200024000020B9D8B1D5D6D0B6CF2E2E2E2E1F
:107330002E2E2E2E2E2E2E2E2E0D0A00B4F2BFAA89
:10734000D6D0B6CF2E2E2E2E2E2E2E2E2E2E2E2EEA
:107350002E0D0A0010B5044609480A49086008467F
:10736000446000218160C160016181610C21416143
:10737000FAF7A0FC012204490248FAF73BFD10BDD0
:1073800000100140C00100203200002001460A69BF
:10739000D1E901309860D1E9010358605068884212
:1073A00001D188685060002008611068401E10609C
:1073B0001068704700F1080141604FF0FF318160B3
:1073C00000F10801C16001610021016070470021E6
:1073D0000161704710B502460B685C1C0CB910695E
:1073E00007E002F1080000E04068446824689C421D
:1073F000FAD944684C604C68A160886041600A61B9
:107400001468641C146010BD42684A6093688B6005
:10741000936859609160086103685B1C0360704762
:1074200010B500BF502080F31188BFF34F8FBFF31A
:107430006F8F00BF0B480068401C0A49086008466F
:10744000006801280DD108480068C0B208B90120C1
:1074500000E0002028B94FF4DB7204A112A0F8F775
:10746000EBFF10BDE000002004ED00E02E2E5C2EAE
:107470002E5C4D6964646C6577617265735C4672FD
:10748000656552544F535C706F727461626C655CD9
:10749000525644535C41524D5F434D34465C706FCD
:1074A00072742E63000000004572726F723A2025DC
:1074B000732C2025640D0A0010B50B48006828B90C
:1074C00040F2BD1209A118A0F8F7B6FF06480068FF
:1074D000401E054908600846006820B9002080F376
:1074E000118800BF00BF10BDE00000202E2E5C2ED2
:1074F0002E5C4D6964646C6577617265735C46727D
:10750000656552544F535C706F727461626C655C58
:10751000525644535C41524D5F434D34465C706F4C
:1075200072742E63000000004572726F723A20255B
:10753000732C2025640D0A0070B506463546002ED2
:107540003AD0083D2C461D4960680968084008B1DA
:10755000012000E0002028B94FF4927218A126A063
:10756000F8F76AFF206808B9012000E0002028B978
:1075700040F2251212A120A0F8F75EFF0F496068C3
:1075800009680840C0B12068B0B90C496068096852
:107590008843606000F07CFA1B4960680968084411
:1075A000194908602046FEF799FF18480068401CFA
:1075B0001649086001F014F870BD0000DC000020DE
:1075C0002E2E5C2E2E5C4D6964646C65776172654D
:1075D000735C4672656552544F535C706F72746190
:1075E000626C655C4D656D4D616E675C6865617070
:1075F0005F342E63000000004572726F723A2025DE
:10760000732C2025640D0A00CC000020D800002037
:1076100000204FF0E02108618861064800684FF4BF
:107620007A71B0FBF1F0401E4FF0E0214861072075
:1076300008617047000000202DE9F04106460F4622
:107640002EB940F6C82211A119A0F8F7F5FE0025C1
:10765000BFB1002412E01A4800EBC4004068B042F9
:1076600003D1174800EBC4050AE035B9144850F8B7
:10767000340010B9124800EBC405641C082CEAD38E
:1076800000BF0DB12F606E60BDE8F0812E2E5C2E24
:107690002E5C4D6964646C6577617265735C4672DB
:1076A000656552544F535C71756575652E630000B6
:1076B0004572726F723A2025732C2025640D0A00E2
:1076C000E08101202DE9F04105460E4617462C4683
:1076D000FFF7A6FE94F94400401C10B9002084F87E
:1076E000440094F94500401C10B9002084F845007E
:1076F000FFF7E2FEA06B28B93A46314604F12400B8
:1077000000F01EF92046FFF77CF9BDE8F08100008B
:1077100070B504460025ACB10F48006808B90120D7
:1077200000E0002028B940F249520CA114A0F8F75B
:1077300083FE00F0ADF900212046FEF70BFC00F0BF
:107740004FFF05463DB94FF0805011490860BFF327
:107750004F8FBFF36F8F70BDA80000202E2E5C2EC0
:107760002E5C4D6964646C6577617265735C46720A
:10777000656552544F535C7461736B732E630000E4
:107780004572726F723A2025732C2025640D0A0011
:1077900004ED00E070B50546FFF742FE15B92F482D
:1077A000006800E028460446201DFFF7EFFD78B989
:1077B000E06A00EB80002A4951F8200040B994F8B3
:1077C0002C10012088402749096881432548016021
:1077D000A06A18B104F11800FFF7D8FD224800682C
:1077E000401C214908601D480068844209D1211DC0
:1077F0001E48FFF709FE1E480068401C1C4908602F
:1078000006E01C480068401E1A490860FFF75CF853
:10781000FFF752FE11480068844202D02046FEF76E
:107820001FFD15480068C0B10C480068844214D19F
:107830001248006808B9012000E0002028B940F291
:10784000DC420FA117A0F8F7F7FD4FF0805019495F
:107850000860BFF34F8FBFF36F8F70BD6C000020C7
:10786000208201208400002098000020DC84012078
:10787000780000207C00002088000020A800002064
:107880002E2E5C2E2E5C4D6964646C65776172658A
:10789000735C4672656552544F535C7461736B73CD
:1078A0002E6300004572726F723A2025732C2025DA
:1078B000640D0A0004ED00E0034909680160034912
:1078C000096841607047000094000020800000209B
:1078D00001200149086070479000002070B50446FF
:1078E0000D462CB940F61C4207A110A0F8F7A4FDE4
:1078F0001248016818312046FFF76CFD0121284627
:10790000FEF728FB70BD00002E2E5C2E2E5C4D690C
:1079100064646C6577617265735C46726565525428
:107920004F535C7461736B732E6300004572726F0A
:10793000723A2025732C2025640D0A006C0000206B
:1079400070B504460E4615462CB940F6524211A1B8
:1079500019A0F8F771FD60681B490968C8611A49E8
:10796000826809680A62184909681831826851609A
:107970001549096818318160134909688C622168CA
:10798000491C21600DB14FF0FF3629463046FEF705
:10799000E1FA70BD2E2E5C2E2E5C4D6964646C6520
:1079A00077617265735C4672656552544F535C74BF
:1079B00061736B732E6300004572726F723A2025FB
:1079C000732C2025640D0A006C0000201CB51B4898
:1079D00000210B468022CDE9001019A11A4800F0C1
:1079E00097FB0446012C02D100F0CAFE0446012C8C
:1079F00015D100BF502080F31188BFF34F8FBFF324
:107A00006F8F00BF4FF0FF30104908600120104910
:107A1000086000200F49086000F09EF80BE0601C31
:107A200008B1012000E0002028B94FF404620AA147
:107A300012A0F8F701FD154800681CBDA000002049
:107A400049444C4500000000196300089C000020D8
:107A500088000020800000202E2E5C2E2E5C4D69B8
:107A600064646C6577617265735C467265655254D7
:107A70004F535C7461736B732E6300004572726FB9
:107A8000723A2025732C2025640D0A00A4000020E2
:107A900002480068401C014908607047A8000020A7
:107AA00010B51B48006818B101201A4908602DE084
:107AB00000201849086018480068B0FA80F0C0F14A
:107AC0001F0404EB8400154951F8200008B101207F
:107AD00000E0002028B940F6024211A119A0F8F7F1
:107AE000ABFC04EB84010D4A02EB8100416849685C
:107AF000416000F1080142688A4202D14168496848
:107B000041604168C968134A116000BF10BD0000A0
:107B1000A800002090000020840000202082012086
:107B20002E2E5C2E2E5C4D6964646C6577617265E7
:107B3000735C4672656552544F535C7461736B732A
:107B40002E6300004572726F723A2025732C202537
:107B5000640D0A006C0000201CB5504800685049B4
:107B6000884201D0012000E0002028B940F24312F1
:107B70004CA15BA0F8F760FC484800684849491EE2
:107B8000884201D0012000E0002028B94FF4A27201
:107B900044A153A0F8F750FC554C204600780190C2
:107BA000FF20214608700846007800909DF80000EC
:107BB00000F0F0009DF80010884201D1012000E0A3
:107BC000002028B940F25D1236A145A0F8F734FC38
:107BD0009DF8000000F05000464908700720464913
:107BE000086009E044480068401E434908609DF869
:107BF00000004006000E00909DF8000000F080009C
:107C00008028EFD03C480068C0F10700042801D16B
:107C1000012000E0002028B940F2711221A130A01B
:107C2000F8F70AFC34480068C0F10700042801D1C5
:107C3000012000E0002028B94FF4BD7219A128A04E
:107C4000F8F7FAFB2C48006800022B490860084648
:107C5000008800F4E06008602549019808700F482A
:107C60002030006840F470000C492031086008465C
:107C7000006840F070400860FFF7CAFC00201F4910
:107C80000860F8F7FFFA1E48006840F040401C49C1
:107C90000860F8F7E3FA00201CBD000000ED00E0EA
:107CA00071C20F412E2E5C2E2E5C4D6964646C6592
:107CB00077617265735C4672656552544F535C70B0
:107CC0006F727461626C655C525644535C41524DF4
:107CD0005F434D34465C706F72742E630000000089
:107CE0004572726F723A2025732C2025640D0A00AC
:107CF00000E400E0E4000020E8000020E0000020B4
:107D000034EF00E010B500BF502080F31188BFF3BE
:107D10004F8FBFF36F8F00BF00F040FA18B14FF0E4
:107D200080500449086000BF002080F3118800BF24
:107D300010BD000004ED00E02DE9F84305460E46B5
:107D400017460024E5B1601EB0FBF5F0B04217D332
:107D500005FB06F010F1550F12D805FB06F909F1E5
:107D60005400FEF797FE04468CB1A04608F1540873
:107D70003B464246314628460094FEF7E1FA06E0CB
:107D80002CB94FF4E37203A10BA0F8F755FB204682
:107D9000BDE8F8832E2E5C2E2E5C4D6964646C6504
:107DA00077617265735C4672656552544F535C71BE
:107DB000756575652E6300004572726F723A2025F5
:107DC000732C2025640D0A002DE9F04105460E466E
:107DD00001272C462CB94FF488722CA134A0F8F757
:107DE0002BFB002C42D0E06B00283FD04FF0FF313E
:107DF000E06BB1FBF0F0216C884237D3FFF710FB4A
:107E0000D4E90F12206801FB0200A0600020A063EB
:107E100020686060E06B401E226C216800FB02114C
:107E2000E160FF2084F8440084F845009EB9206991
:107E300008B9012000E00020A8B904F1100000F00A
:107E400029FB80B14FF080501D490860BFF34F8F70
:107E5000BFF36F8F07E004F11000FFF7ABFA04F1F6
:107E60002400FFF7A7FAFFF727FB00E000270FB178
:107E7000012000E0002028B940F2451203A10CA027
:107E8000F8F7DAFA3846BDE8F08100002E2E5C2EB5
:107E90002E5C4D6964646C6577617265735C4672D3
:107EA000656552544F535C71756575652E630000AE
:107EB0004572726F723A2025732C2025640D0A00DA
:107EC00004ED00E02DE9F74183B005460E464FF082
:107ED00000082C462CB940F251524CA154A0F8F79E
:107EE000ABFA0EB9206C08B9012000E0002028B9D7
:107EF00040F2555245A14EA0F8F79EFA00F038F92D
:107F000008B9059808B9012000E0002028B940F21E
:107F10005A523EA146A0F8F78FFA00BFFFF780FA49
:107F2000A76BF7B131462046FEF746F9781EA063ED
:107F3000206908B9012000E0002060B904F11000B8
:107F400000F0A8FA38B14FF080503D490860BFF307
:107F50004F8FBFF36F8FFFF7AFFA012006B0BDE878
:107F6000F081059818B9FFF7A7FA0020F6E7B8F1F5
:107F7000000F04D101A8FFF79FFC4FF00108FFF7A5
:107F80009BFAFFF785FDFFF74BFA94F94400401C7C
:107F900010B9002084F8440094F94500401C10B941
:107FA000002084F84500FFF787FA05A901A800F032
:107FB00049F8F0B92046FEF7F1FAA0B104F1240027
:107FC0000599FFF78BFC2046FEF71BFD00F008FB30
:107FD0000028A3D14FF0805019490860BFF34F8F9C
:107FE000BFF36F8F9AE72046FEF70BFD00F0F8FA1B
:107FF00094E72046FEF705FD00F0F2FA2046FEF772
:10800000CDFA00288AD00020A8E700002E2E5C2E92
:108010002E5C4D6964646C6577617265735C467251
:10802000656552544F535C71756575652E6300002C
:108030004572726F723A2025732C2025640D0A0058
:1080400004ED00E070B506460C462EB940F6FD4240
:108050001FA128A0F8F7F0F92CB940F6FE421CA1A8
:1080600024A0F8F7E9F9FFF7DBF926480268706801
:10807000131A2548006890F8590030B100202249B1
:10808000096881F8590001251EE02068401C08B9E4
:10809000002519E01D4930680968884206D07068DB
:1080A000904203D80125002020600DE0206898420E
:1080B00007D92068C01A20603046FFF7FDFB002575
:1080C00002E0002020600125FFF7F6F9284670BD88
:1080D0002E2E5C2E2E5C4D6964646C657761726532
:1080E000735C4672656552544F535C7461736B7375
:1080F0002E6300004572726F723A2025732C202582
:10810000640D0A00800000206C0000209400002014
:108110002DE9FF4F85B0804689461746DDE912AB51
:10812000B800FEF7B7FC064656B15C20FEF7B2FC7D
:1081300004460CB1266304E03046FFF7FDF900E089
:1081400000247CB10020CDE900ABCDE902403A46E5
:1081500049464046089BFEF70BF92046FDF760FFB5
:10816000012501E04FF0FF35284609B0BDE8F08F4A
:108170000549096809B9012005E00449096809B9F8
:10818000022000E00020704788000020A8000020A6
:108190000149086870470000800000202DE9F04187
:1081A0004FF000085F48006800287DD15E480068F5
:1081B000451C5D480560002D1DD15C4800680068C5
:1081C00008B9012000E0002028B940F6C72258A1D4
:1081D00060A0F8F731F955480768624800685349CC
:1081E00008606048076060480068401C5E4908609D
:1081F000FEF76AFB00BF5D480068854277D300BF89
:108200004A480068006808B9012000E0002020B159
:108210004FF0FF305549086068E044480068C06886
:10822000C4686668B54202D2504806605EE0606984
:10823000D4E902128A60D4E902214A60211D426811
:108240008A4201D1E1684160002262610168491EF1
:108250000160A06A98B1A06AD4E907128A60D4E9E3
:1082600007214A6004F1180142688A4201D1216A5B
:1082700041600022A2620168491E016000BF94F8BB
:108280002C10012088403A490968084338490860A1
:10829000E16A01EB8101374A02EB81014868A06085
:1082A0008268E260211D00E033E0826851608160F5
:1082B000E16A01EB81012F4A02EB81026261E16A0E
:1082C00001EB81012B4A52F82110491CE26A02EBB2
:1082D0008202284B43F822102749E06A0968C96ADC
:1082E00088428DD34FF001088AE700E000BF2248A2
:1082F0000068C06A00EB80001E4951F82000012888
:1083000001D94FF001081D48006808B14FF001087D
:1083100004E01B480068401C194908604046BDE85D
:10832000F0810000A80000208000002070000020E4
:108330002E2E5C2E2E5C4D6964646C6577617265CF
:10834000735C4672656552544F535C7461736B7312
:108350002E6300004572726F723A2025732C20251F
:10836000640D0A0074000020940000209C0000208E
:1083700084000020208201206C000020900000205A
:108380008C00002070B505462C460026002D5ED0DE
:1083900030480068844201D1012000E0002028B963
:1083A00041F24F022CA135A0F8F746F8206D28B90C
:1083B00041F2500228A131A0F8F73EF8206D401E8E
:1083C0002065E16CE06A884241D0206D00283ED1F2
:1083D000201DFEF7DBFF40B994F82C1001208840E7
:1083E0002A490968814329480160E06CE062E06A3B
:1083F000C0F12000A06194F82C100120884023498E
:108400000968084321490860E16A01EB8101204ABB
:1084100002EB81014868A0608268E260211D8268E9
:1084200051608160E16A01EB8101194A02EB81022E
:108430006261E16A01EB8101154A52F82110491C81
:10844000E26A02EB8202124B43F822100126304608
:1084500070BD00006C0000202E2E5C2E2E5C4D693D
:1084600064646C6577617265735C467265655254CD
:108470004F535C7461736B732E6300004572726FAF
:10848000723A2025732C2025640D0A0084000020F8
:108490002082012070B50646F068C4682CB940F609
:1084A00082423CA144A0F7F7C7FFA06AD4E90712B3
:1084B0008A60D4E907214A6004F1180142688A42BF
:1084C00001D1216A41600022A2620168491E016057
:1084D0003D48006800283DD16069D4E902128A60F5
:1084E000D4E902214A60211D42688A4201D1E16833
:1084F0004160002262610168491E016094F82C10FD
:108500000120884031490968084330490860E16A20
:1085100001EB81012E4A02EB81014868A06082686C
:10852000E260211D826851608160E16A01EB810196
:10853000274A02EB81026261E16A01EB8101244A70
:1085400052F82110491CE26A02EB8202204B43F8E8
:10855000221010E01F494868E0618268226204F13D
:1085600018018268516081601A4AA2621146096846
:10857000491C116000BF1849E06A0968C96A88424D
:1085800004D9012501201549086000E0002528468E
:1085900070BD00002E2E5C2E2E5C4D6964646C65EF
:1085A00077617265735C4672656552544F535C74B3
:1085B00061736B732E6300004572726F723A2025EF
:1085C000732C2025640D0A00A800002084000020E0
:1085D00020820120C88401206C000020900000202F
:1085E00070B5002400265048006828B940F6B30250
:1085F0004EA157A0F7F720FFFEF712FF4A48006888
:10860000401E494908600846006800287ED1544849
:10861000006800287AD05BE05248C068C468A06A4D
:10862000D4E907128A60D4E907214A6004F11801ED
:1086300042688A4201D1216A41600022A262016837
:10864000491E01606069D4E902128A60D4E90221FE
:108650004A60211D42688A4201D1E16841600022DE
:1086600062610168491E016094F82C100120884065
:108670003D49096808433C490860E16A01EB810112
:108680003A4A02EB81014868A0608268E260211DDD
:10869000826851608160E16A01EB8101334A02EB3B
:1086A00081026261E16A01EB8101304A52F82110D6
:1086B000491CE26A02EB82022C4B43F822102C493F
:1086C000E06A0968C96A884202D301202949086022
:1086D0002448006808B9012000E0002000289BD051
:1086E0000CB1FEF7F1F82448056865B100BFFFF74B
:1086F00055FD10B101201F4908606D1E002DF6D1F7
:1087000000201D4908601B48006800E008E038B1FF
:108710000126300719490860BFF34F8FBFF36F8FF1
:10872000FEF7CAFE304670BDA80000202E2E5C2E3B
:108730002E5C4D6964646C6577617265735C46722A
:10874000656552544F535C7461736B732E63000004
:108750004572726F723A2025732C2025640D0A0031
:108760007C000020C8840120840000202082012099
:108770006C000020900000208C00002004ED00E040
:108780001CB50024FDF7C2FC0B48006858B10B482B
:108790001F2100234FF48072CDE9001008A10A4880
:1087A000FFF7B6FC04462CB940F2191207A110A03D
:1087B000F7F742FE20461CBDB4000020B8000020A0
:1087C000546D722053766300E96900082E2E5C2EEA
:1087D0002E5C4D6964646C6577617265735C46728A
:1087E000656552544F535C74696D6572732E6300F6
:1087F0004572726F723A2025732C2025640D0A0091
:1088000044F2A01001E000BF401E0028FBD17047D9
:108810004FEA1153A3F58063D3F11E03A8BFD3F130
:10882000200C08DB4FF0004242EAC12252EA5052CB
:1088300032FA03F0704709420BD4102BC4BF00205A
:10884000704703F5787CBCF1FF3F05D04FF0FF3057
:1088500070474FF00000704770B500F0C3F800BFDC
:108860004992248000207047F0E7B0FA80F310FAB4
:1088700003F10AD0C3F11D0303F580634FEA4150B1
:108880004FEA035202EBD12170474FF000007047CE
:10889000DFF848C170B51CEA111E1EBF1CEA131593
:1088A0009EEA0C0F95EA0C0F00F06F8081EA03043A
:1088B00023EA4C134EEAD47E21EA4C1141F4801194
:1088C00043F48013AE44A1FB024CA0FB0365AEF160
:1088D0007F7E361955EB0C05A1FB034C4CF10003D0
:1088E000A0FB021C16EB0C06654153F10003094284
:1088F00018BF46F0010613F4007F0BD14FEA033195
:108900004FEA0530340341EA155140EA16506FF042
:1089100003020AE04FEAC3214FEAC520F40241EA0C
:10892000555140EA56506FF0020202EB2E4201EB25
:10893000025585EACE710AD05FEA440C18BF24F0D4
:10894000004450F1000041F1000120EAD47040F2EF
:10895000FE7C624500D270BDA84214BF4FF0804437
:108960004FF04044002E08BF0024BEF1806FA8BF26
:10897000A1F1C041BDE8704080F282804FF000005C
:1089800001F1C04101F0004170479EEA0C0F0CEA72
:10899000131518BF95EA0C0F06D04FF0000081EABE
:1089A000030E0EF0004170BD00F01CF88900013E7E
:1089B00000F007B800F009B84FEA430C5FEA5C5CCE
:1089C00008D081EA030100F05BB84FEA410C5FEA8E
:1089D0005C5CF6D14FF00000014970470000FF07D2
:1089E0000000F87F0EF1020E2EF0030E5EF8046B0D
:1089F000364205D4012A43EB030515F5001F12D8B2
:108A0000012841EB010C1CF5001F0CD80ED14FEAD8
:108A1000D17C15F5001F0CEB4C0C0CF1020C08BFBF
:108A20004CEBD37C04E04FF0080C01E04FEAD37C20
:108A30000CEB4C0526FA05F606F00706B6F1040C19
:108A400006D20EEB860CBDE870404CF0010C60477E
:108A5000DFE80CF0090B02024FF000414FF000007C
:108A6000A1F5002170BD19461046012851EB010403
:108A700018BFD4F5001484BF002001F0004170BD80
:108A80000808A0F500114FEA310170474FF040701F
:108A9000E1EE100A70470000000000000000010233
:108AA0000304060708090000000001020304000097
:108AB00000000000000000000000000000003F4037
:108AC00000000000000000003000400030004000C6
:108AD000000009000BC03D000BC03D00090018C09C
:108AE00024407FE0224031800000180024C01B0099
:108AF0000D803240018003801C4027401C800740CD
:108B000000401000600000000000000000000000B5
:108B1000000000001F802040402000004020204036
:108B20001F8000000000090006001F8006000900E9
:108B30000000040004003F80040004000000001056
:108B400000600000000000000000040004000400B9
:108B500004000400000000000040000000000000CD
:108B60000000002001C006003800400000001F8007
:108B70002040204020401F800000000010403FC0E7
:108B800000400000000018C021402240244018404E
:108B9000000010802040244024401B800000020080
:108BA0000D0011003FC0014000003C8024402440E3
:108BB0002440238000001F80244024403440038050
:108BC00000003000200027C03800200000001B807B
:108BD0002440244024401B8000001C0022C022406E
:108BE00022401F800000000000000840000000003C
:108BF0000000000000000460000000000000000011
:108C000004000A001100208040400900090009000A
:108C100009000900000000004040208011000A0007
:108C200004001800200023402400180000001F80CA
:108C30002040274029401F400000004007C0390065
:108C40000F0001C0004020403FC0244024401B8052
:108C500000001F8020402040204030800000204045
:108C60003FC0204020401F80000020403FC02440E3
:108C70002E4030C0000020403FC024402E00300075
:108C800000000F001080204022403380020020406E
:108C90003FC0040004003FC02040204020403FC0AF
:108CA0002040204000000060202020203FC0200005
:108CB000200020403FC024400B0030C02040204016
:108CC0003FC020400040004000C03FC03C0003C007
:108CD0003C003FC0000020403FC00C4023003FC08C
:108CE00020001F802040204020401F8000002040A6
:108CF0003FC024402400180000001F802140214074
:108D000020E01FA0000020403FC02440260019C0E2
:108D1000004018C024402440224031800000300030
:108D200020403FC020403000000020003F80004035
:108D300000403F80200020003E0001C007003800B6
:108D40002000380007C03C0007C038000000204069
:108D500039C0060039C0204000002000384007C05C
:108D6000384020000000304021C02640384020C05C
:108D70000000000000007FE04020402000000000D4
:108D800070000C00038000400000000040204020E4
:108D90007FE00000000000002000400020000000F4
:108DA0000000001000100010001000100010000063
:108DB00000004000000000000000000002800540AC
:108DC000054003C0004020003FC004400440038031
:108DD0000000000003800440044006400000000042
:108DE0000380044024403FC0004000000380054051
:108DF000054003400000000004401FC02440244000
:108E00002000000002E005500550065004202040DC
:108E10003FC00440040003C000400000044027C0DD
:108E200000400000000000100010041027E00000C7
:108E3000000020403FC00140070004C00440204023
:108E400020403FC000400040000007C0040007C0B1
:108E5000040003C00000044007C00440040003C035
:108E60000040000003800440044003800000041020
:108E700007F0045004400380000000000380044019
:108E8000045007F00010044007C002400400040032
:108E90000000000006400540054004C0000000003E
:108EA00004001F80044000400000040007800040D0
:108EB000044007C000400400070004C00180060011
:108EC0000400060001C0070001C0060000000440C5
:108ED00006C0010006C0044000000410071004E0B2
:108EE0000180060004000000044005C00640044064
:108EF00000000000000004007BE0402000000000B3
:108F000000000000FFF000000000000040207BE0B7
:108F1000040000000000400080004000200020000D
:108F20004000000000000000000000000000000001
:108F300000000000000000001FCC000C000000003A
:108F400000000000080030006000080030006000F1
:108F50000000022003FC1E20022003FC1E20022031
:108F6000000000000E1811043FFF10840C78000070
:108F700000000F0010840F3800C0077818840078B4
:108F8000000000780F8410C411240E9800E40084BF
:108F900000080800680070000000000000000000E9
:108FA000000000000000000007E018182004400244
:108FB0000000000040022004181807E00000000034
:108FC00000000240024001800FF001800240024098
:108FD00000000080008000800FF80080008000808A
:108FE00000000001000D000E000000000000000065
:108FF0000000000000800080008000800080008071
:1090000000800000000C000C0000000000000000C8
:109010000000000000060018006001800600180033
:109020002000000007F0080810041004080807F0EA
:1090300000000000080408041FFC000400040000F5
:10904000000000000E0C10141024104411840E0CAB
:10905000000000000C1810041104110412880C7098
:109060000000000000E00320042408241FFC00246A
:10907000000000001F981084110411041088107063
:109080000000000007F0088811041104188800701F
:10909000000000001C00100010FC13001C00100059
:1090A000000000000E3811441084108411440E3862
:1090B000000000000700088C10441044088807F0E6
:1090C0000000000000000000030C030C0000000082
:1090D0000000000000000001010600000000000088
:1090E0000000000000800140022004100808100465
:1090F0000000022002200220022002200220022082
:109100000000000010040808041002200140008044
:10911000000000000E001200100C106C10800F00F8
:10912000000003E00C1813E4142417C4082807D027
:1091300000000004003C03C41C40074000E4001C85
:10914000000410041FFC1104110411040E880070A7
:10915000000003E00C1810041004100410081C1088
:10916000000010041FFC100410041004080807F08D
:10917000000010041FFC1104110417C41004081887
:10918000000010041FFC1104110017C0100008009B
:10919000000003E00C181004100410441C78004078
:1091A000000010041FFC10840080008010841FFC4D
:1091B00010040000100410041FFC10041004000030
:1091C000000000030001100110011FFE100010003C
:1091D000000010041FFC110403801464181C100408
:1091E000000010041FFC1004000400040004000C24
:1091F000000010041FFC1F0000FC1F001FFC1004D7
:10920000000010041FFC0C04030000E010181FFCF9
:10921000100007F00808100410041004080807F0F4
:10922000000010041FFC10841080108010800F00BC
:10923000000007F0081810241024101C080A07F278
:10924000000010041FFC1104110011C011300E0C9D
:10925000000400000E1C11041084108410441C38FB
:1092600000001800100010041FFC1004100018006B
:10927000000010001FF810040004000410041FF880
:10928000100010001E0011E0001C007013801C0074
:1092900010001FC0103C00E01F0000E0103C1FC089
:1092A00000001004180C163401C001C01634180C4C
:1092B000100410001C00130400FC13041C00100018
:1092C00000000804101C1064108413041C041018FF
:1092D00000000000000000007FFE4002400240024B
:1092E0000000000030000C0003800060001C000340
:1092F000000000004002400240027FFE000000002B
:10930000000000000000200040004000400020005D
:109310000000000100010001000100010001000146
:10932000000100004000400020000000000000009C
:10933000000000000098012401440144014400FCA5
:10934000000410001FFC0088010401040088007064
:10935000000000000070008801040104010400887E
:1093600000000000007000880104010411081FFCC7
:109370000004000000F8014401440144014400C815
:1093800000000000010401040FFC1104110411008D
:109390001800000000D601290129012901C9010690
:1093A000000010041FFC008401000100010400FC07
:1093B000000400000104190419FC0004000400006A
:1093C00000000000000300010101190119FE000066
:1093D000000010041FFC0024004001B4010C010433
:1093E00000000000100410041FFC00040004000032
:1093F0000000010401FC0104010001FC0104010062
:1094000000FC010401FC008401000100010400FCD7
:109410000004000000F8010401040104010400F844
:109420000000010101FF00850104010400880070B3
:10943000000000000070008801040104010501FF24
:1094400000010104010401FC008401040100018009
:109450000000000000CC0124012401240124019813
:10946000000000000100010007F8010401040000F1
:109470000000010001F8000400040004010801FCE0
:109480000004010001800170000C001001600180E7
:10949000010001F0010C003001C00030010C01F0AE
:1094A000010000000104018C00740170018C0104B2
:1094B0000000010101810171000E001801600180AE
:1094C000010000000184010C013401440184010CFD
:1094D0000000000000000000000001003EFC40020F
:1094E00040020000000000000000FFFF000000003C
:1094F00000000000400240023EFC010000000000AD
:10950000000000006000800080004000400020005B
:10951000200000000000000000000000000000002B
:10952000000000000000000000000000000000003B
:10953000000000000000000000000000000000002B
:1095400000000000000F80380FFE380F8038000048
:10955000000000000000000000000000000000000B
:109560000100000600000C00003800003100000679
:1095700000000C0000380000300000000000000077
:10958000000061800067F807F98000618000618059
:109590000061800061800067F807F9800061800049
:1095A000000000000000000001C0E003E0F0063011
:1095B000080418081FFFFE040E080787F00381E067
:1095C00000000000000001F000060C000404080682
:1095D0000C7001F9C0000E00003BE000EC18070819
:1095E00008040C180003E00000000001E00007F090
:1095F00003F818041C0804170807E1D003C0E000B2
:1096000023B0003C0800200800001000000000000B
:10961000000100003100003200001C0000000000CA
:10962000000000000000000000000000000000003A
:10963000000000000000000000000000000000002A
:1096400000007F0001FFC00780F00C00181000042C
:109650002000020000000000002000021000040CA6
:1096600000180780F001FFC0007F0000000000002C
:1096700000000000000000000000000000004200A8
:10968000006600006600003C0000180003FFC000F8
:109690001800003C00006600006600004200000068
:1096A0000000080000080000080000080000080092
:1096B00001FFC000080000080000080000080000CA
:1096C000080000000000000100003100003200002E
:1096D0001C0000000000000000000000000000006E
:1096E000000000000000000000000800000800006A
:1096F000080000080000080000080000080000083A
:109700000000080000080000000000000000000049
:1097100000003800003800003800000000000000A1
:109720000000000000000000000000000000000039
:109730000000000600001C000070000180000E0008
:1097400000380000C0000700001C000030000000CE
:109750000000000000007F8001FFE0038070060031
:109760001804000804000806001803807001FFE0D8
:10977000007F8000000000000000000001000801E0
:10978000000801000803FFF807FFF80000080000C8
:109790000800000800000000000000000001C038C0
:1097A00002C05804009804011804021804041806A2
:1097B0001C1803F81801E0F8000000000000000089
:1097C0000001C0E003C0F004000804080804080811
:1097D00006180803F41801E7F00001E0000000009B
:1097E0000000000000000300000D000011000061F7
:1097F0000000810803010807FFF80FFFF8000108C7
:109800000001080000000000000000E007FCD00696
:109810000808061008061008061008061838060F73
:10982000F00607C0000000000000000000003F80BC
:1098300001FFE00384300208180410080410080433
:109840001008071810030FF00007C0000000000008
:109850000000000003C0000700000600000600F83A
:109860000607F806180006E00007000006000000E2
:10987000000000000001E1E003F7F00634100418D6
:1098800008041808040C08040C0806161803F3F062
:1098900001C1E000000000000000F80003FC3003FC
:1098A000063804020804020804020804041003082D
:1098B000F001FFC0007F0000000000000000000079
:1098C0000000000000000000000070380070380048
:1098D00070380000000000000000000000000000E0
:1098E0000000000000000000000000000000301A2E
:1098F00000301C000000000000000000000000001C
:109900000000000000000000000800001400002219
:10991000000041000080800100400200200400108F
:1099200008000800000000000000210000210000E5
:109930002100002100002100002100002100002161
:1099400000002100002100000000000000000000D5
:109950000800080400100200200100400080800080
:109960004100002200001400000800000000000078
:109970000003C00004C000040000080038080F38CD
:109980000808380810000C300007E00003C0000091
:109990000000000000003F8000FFE0038070020F25
:1099A0001006708804C088048308047F8802C09071
:1099B00003012000FE400000080000180001F8002C
:1099C0003E0801C20007020007E20000FE00001F7F
:1099D000C80001F800003800000804000807FFF87C
:1099E00007FFF80408080408080408080408080623
:1099F000180803F41801E7F00001E000000000007F
:109A000000003F8001FFE00380700200180400089E
:109A10000400080400080400100600200780C000AD
:109A2000000004000807FFF807FFF804000804001E
:109A30000804000804001802001003807001FFE011
:109A4000007F8000000004000807FFF807FFF8040B
:109A50000808040808040808040808043E0804006C
:109A60000806001801006000000004000807FFF865
:109A700007FFF804080804080004080004080004AC
:109A80003E0006000006000001800000000000000B
:109A900000003F8001FFE00380700600180400080A
:109AA0000402080402080203F00783F00002000029
:109AB000020004000807FFF807FFF8040808000880
:109AC0000000080000080000080004080807FFF86C
:109AD00007FFF8040008000000000000040008046C
:109AE000000804000807FFF807FFF8040008040056
:109AF000080400080000000000000000000000064C
:109B00000000070000010400010400010400030735
:109B1000FFFE07FFFC040000040000040000040036
:109B20000807FFF807FFF8040C08001800003E00C3
:109B300004C7800503C80600F804003804001800B4
:109B4000000804000807FFF807FFF80400080000F9
:109B500008000008000008000008000008000018C5
:109B600000006000000004000807FFF807800807F5
:109B7000FC00007FC00003F80007C00078000780E9
:109B80000807FFF807FFF804000804000807FFF8BB
:109B900007000803C00000E000003800001E0000BD
:109BA00007000001C00400F007FFF80400000000F7
:109BB00000007F8001FFE0038070060018040008A9
:109BC00004000806001803003001FFE0007F800059
:109BD000000004000807FFF807FFF8040408040465
:109BE00000040400040400040400060C0003F80050
:109BF00001F000000000000000007F8001FFE00392
:109C000080700600880400880400C806003C030039
:109C10003E01FFE6007F8400000004000807FFF813
:109C200007FFF8040808040800040C00040F0004EF
:109C30000BC00610F003F03801E008000008000037
:109C40000001E0F803F0300630100418080418088A
:109C5000040C08040C080206180207F00781E00053
:109C60000000018000060000040000040000040061
:109C70000807FFF807FFF8040008040000040000CC
:109C800006000001800004000007FFE007FFF00469
:109C9000001800000800000800000800000800008C
:109CA0000804001007FFE0040000040000060000A4
:109CB00007E00007FE00041FE00001F80000380084
:109CC00001E0043E0007C00006000004000004009C
:109CD0000007E00007FFC0041FF80007C007F800F6
:109CE00007FF80043FF80007C004F80007000004E5
:109CF000000000000004000806001807C07805F105
:109D0000C8003E00001F800463E80780F8060018C2
:109D1000040008000000040000060000078000079F
:109D2000E008047C08001FF80007F800180804E0A9
:109D30000807000006000004000000000001000801
:109D40000600380400F80403E8040F08047C080542
:109D5000F00807C0080700180400600000000000B9
:109D6000000000000000000000000000003FFFFEB7
:109D70002000022000022000022000022000020039
:109D8000000000000000000008000007000000C004
:109D9000000038000006000001C000003000000E86
:109DA0000000010000000000000000002000022070
:109DB00000022000022000022000023FFFFE0000FF
:109DC0000000000000000000000000000000000093
:109DD00000000008000010000030000020000030EB
:109DE000000010000008000000000000000000005B
:109DF000010000010000010000010000010000015D
:109E0000000001000001000001000001000001004D
:109E10000001000000000000000000200000200001
:109E20000010000010000000000000000000000012
:109E30000000000000000000000000F00019F80021
:109E40001B18002208002608002408002410003FE8
:109E5000F8001FF8000008000018000000040000CF
:109E600007FFF80FFFF00018180010080020080086
:109E70002008003018001FF0000FC0000000000094
:109E8000000007C0001FF000183000200800200864
:109E9000002008003C08001C1000006000000000CA
:109EA00000000000000007C0001FF000381800206C
:109EB0000800200800200804101007FFF80FFFF02A
:109EC0000000100000000000000000000007C000BB
:109ED0001FF0001230002218002208002208003271
:109EE00008001E10000E20000000000000002000EE
:109EF00000200800200801FFF803FFF806200804EE
:109F000020080420080720000300000000000000D3
:109F10000000000E000E6E001FF30031B10020B1F2
:109F20000020B1003191001F13002E1E00200E00F2
:109F3000300000000004000807FFF80FFFF80010D1
:109F400008002000002000002008003FF8001FF853
:109F500000000800000000000000000000200800D1
:109F60002008002008063FF8063FF800000800001F
:109F700008000008000000000000000000000000D1
:109F80000000030000030020010020010020030660
:109F90003FFE063FFC000000000000000000000043
:109FA0000004000807FFF80FFFF800018800030015
:109FB000002FC00038F800203800200800000800FA
:109FC0000000000000000000040008040008040075
:109FD0000807FFF80FFFF80000080000080000085D
:109FE000000000000000002008003FF8003FF800DB
:109FF0001008002000003FF8003FF8001008002083
:10A0000000003FF8003FF8000008000000002008B2
:10A01000003FF8003FF8001008001000002000008A
:10A020002008003FF8001FF80000080000000000B2
:10A03000000007C0000FF0001830003008002008B2
:10A04000002008003008001830000FF00007C000A2
:10A050000000000000002001003FFF003FFF001053
:10A0600011002009002008002008003038001FF0EF
:10A07000000FC00000000000000007C0001FF0003B
:10A080003818002008002008002009001011001FC7
:10A09000FF003FFF00000100000000200800200832
:10A0A000002008003FF8003FF800080800100800F2
:10A0B00020080020000030000030000000000000F8
:10A0C00000000000000C78001E1800330800230870
:10A0D0000021080021880021980030F0003860003D
:10A0E000000000000000200000200000200000FF11
:10A0F000F003FFF8002008002008002008000030CE
:10A10000000000000000000000002000003FF00000
:10A110007FF8000018000008000008002010003F31
:10A12000F8007FF000001000000000000000200098
:10A13000003000003C00003F800023F00000780069
:10A140000070002380003C00003000002000002050
:10A1500000003C00003FE00023F80000E000270082
:10A16000003E00003FE00021F80001E0003E00005A
:10A170002000000000002008002008003838003EC1
:10A18000680027800003C8002CF800383800201829
:10A190000020080000000000000020000030030044
:10A1A0003C01003F830023EC000070002380003C52
:10A1B000000020000020000000000000000000005F
:10A1C0000038080020380020F80023E8002F88001D
:10A1D0003E08003808002018000070000000000051
:10A1E0000000000000000000000000000000080067
:10A1F0000014001FF7FC30000620000200000000E1
:10A20000000000000000000000000000000000004E
:10A2100000000000FFFFFF00000000000000000041
:10A2200000000000000000000000000020000230DC
:10A2300000061FF7FC0014000008000000000000EA
:10A2400000000000000000000000000000180000F6
:10A2500060000040000040000020000010000008E6
:10A2600000000400000400000C00001000000000CA
:10A2700000000000000000000000000000000000DE
:10A2800000000000000000000000000000000000CE
:10A2900000000000000000000000000000000000BE
:10A2A00000000000000000000000000000000000AE
:10A2B000000000000000000000000000000000009E
:10A2C00000000000000007F000C007FFE1E007F019
:10A2D00001E0000000C000000000000000000000DD
:10A2E000000000000000000000000000000000006E
:10A2F0000000000000000020000001C000000780F6
:10A3000000001F0000001E0000001C20000001C013
:10A310000000078000001F0000001E0000001C005D
:10A32000000000000000000000000000000000002D
:10A33000000000180C0000180C0000180FE0001FAF
:10A34000FC0003F80C0000180C0000180C000018AA
:10A350000C0000180C0000180FE0001FFC0003F8B0
:10A360000C0000180C0000180C0000000000000099
:10A3700000000000000000000780007807C000FC1B
:10A380000640010E002003070020020380200FFF7B
:10A39000FFFC0201C0200200E0600130704001F0CB
:10A3A0003F8000F01F00000000000000000000FEE1
:10A3B000000001FF00000301800002008060030133
:10A3C00081C001FF070000FE18000000E00000034C
:10A3D000BF00000CFFC00071806001C100200301BC
:10A3E00080600000FFC000003F000000000000008F
:10A3F0001F0000007FC000FCC0C001FF806003039D
:10A40000E0200202782002061E2003FC074001F033
:10A410000380000103C000011C600001E020000176
:10A42000002000010040000001800000000000004A
:10A430000000002000001C6000001C4000001F8085
:10A4400000000F00000000000000000000000000FD
:10A4500000000000000000000000000000000000FC
:10A4600000000000000000000000000000000000EC
:10A4700000000000000000000000000000000000DC
:10A48000000000000000000000000007F800003F8E
:10A49000FF00007807C001C000E0030000300400A6
:10A4A0000008080000041000000200000000000086
:10A4B000000010000002080000040400000803006F
:10A4C000003001C000E0007807C0003FFF00000737
:10A4D000F800000000000000000000000000000084
:10A4E000000000000000000000000000000000006C
:10A4F000000000000000000C1800000E3800000EE4
:10A50000380000063000000360000061438000FF57
:10A51000FF80006143000003600000063000000E71
:10A520003800000E3800000C180000000000000089
:10A53000000000000000000080000000800000001B
:10A540008000000080000000800000008000007F8C
:10A55000FF0000008000000080000000800000007C
:10A56000800000008000000080000000000000006B
:10A57000000000000001000000E3000000E2000015
:10A5800000FC000000780000000000000000000057
:10A5900000000000000000000000000000000000BB
:10A5A00000000000000000000000000000000000AB
:10A5B000000000008000000080000000800000001B
:10A5C000800000008000000080000000800000008B
:10A5D000800000008000000080000000800000007B
:10A5E00080000000800000008000000000000000EB
:10A5F000000000000000000000C0000001E00000BA
:10A6000001E0000000C000000000000000000000A9
:10A61000000000000000000000000000000000003A
:10A62000000000000000000000000000000000002A
:10A6300000000000000C00000038000000E00000F6
:10A64000038000000E00000038000000E00000035E
:10A650008000000E00000038000000E000000380D1
:10A6600000000E00000018000000000000000000C4
:10A67000000000000000000FF800007FFF0000F065
:10A680000780018000C0030000600200002002007B
:10A6900000200200002003000060018000C000E0F4
:10A6A0000380007FFF00000FF800000000000000A2
:10A6B000000000000000000000000080002000807A
:10A6C0000020008000200080006001FFFFE003FF09
:10A6D000FFE00000006000000020000000200000FB
:10A6E000002000000000000000000000000000004A
:10A6F000000000000000007800E000980160010008
:10A7000002600200046002000860020010600200A3
:10A71000206002004060030080600183006001FE51
:10A7200000E0007C07800000000000000000000046
:10A7300000000000000000F0078001F007C00100E9
:10A74000004002000020020100200201002002015E
:10A750000020030380200186804001FCC0C00078F7
:10A760007F8000001E0000000000000000000000CC
:10A770000000000008000000380000004800000150
:10A78000880000060800000C081000300810004087
:10A79000081001FFFFF003FFFFF003FFFFF00000D0
:10A7A0000810000008100000081000000000000061
:10A7B00000000000000000000780001F864003E149
:10A7C00000200302002003040020030400200304EF
:10A7D00000200304002003060040030301C003011E
:10A7E000FF8003007E000000000000000000000069
:10A7F0000000000000000007FC00003FFF000070A8
:10A80000C380008180C001010060030200200202B9
:10A81000002002020020020200200203004001C1C9
:10A8200080C000C0FF8000007E000000000000002B
:10A8300000000000000000F0000003C000000380E2
:10A84000000003000000030007E003003FE00301F5
:10A85000C00003060000031800000360000003802E
:10A8600000000300000000000000000000000000E5
:10A87000000000001F0000783F8000FC60C0018ED7
:10A88000C040030780200203002002018020020153
:10A8900080200201C0200301E040018670C000FC5E
:10A8A0003F8000781F000000000000000000000052
:10A8B0000000003F000000FF81C001C0C1C00100D6
:10A8C0006020020020200200202002002020020040
:10A8D0002060020040C00100C18000C18F00007FE5
:10A8E000FE00001FF000000000000000000000005B
:10A8F0000000000000000000000000000000000058
:10A90000000000000000000300C0000781E0000715
:10A9100081E0000300C00000000000000000000013
:10A920000000000000000000000000000000000027
:10A930000000000000000000000000000000000017
:10A94000000000000000000600660006007800001D
:10A9500000000000000000000000000000000000F7
:10A9600000000000000000000000000000000000E7
:10A97000000000000000000080000001C000000393
:10A98000600000063000000C180000180C000030B9
:10A9900006000060030000C00180010000400200CA
:10A9A0000020040000100000000000000000000073
:10A9B0000000000410000004100000041000000457
:10A9C0001000000410000004100000041000000437
:10A9D0001000000410000004100000041000000427
:10A9E000100000041000000410000000000000002F
:10A9F0000000000000000400001002000020010020
:10AA0000004000C001800060030000300600001814
:10AA10000C00000C1800000630000003600000016C
:10AA2000C0000000800000000000000000000000E6
:10AA30000000000000000078000001F8000002386B
:10AA4000000002000000040000C0040079E00400DF
:10AA500081E0040100C004030000020200000306BC
:10AA6000000001FC000000F80000000000000000F1
:10AA70000000000FF800003FFE000070078000C0DB
:10AA800000C00101F8400307FC20021E0420023030
:10AA9000082002203020023FFC20013F04400180BA
:10AAA0000CC000E03180001FC20000000000000068
:10AAB000002000000060000003E000003E200003D2
:10AAC000E020003E200003E020000380200007FC7F
:10AAD0002000003FE0000003FE2000003FE00000F7
:10AAE00001E0000000200000002000000000000045
:10AAF0000000020000200200002003FFFFE003FF2F
:10AB0000FFE00201002002010020020100200201FA
:10AB1000002002010020030300200186806001FC68
:10AB2000C0C000F87F8000001F000000000000008F
:10AB300000000007F800003FFF000070078000C021
:10AB400000C00100004003000020020000200200BD
:10AB500000200200002002000020010000400180CF
:10AB600000C003C0018000300600000000000000AB
:10AB70000000020000200200002003FFFFE003FFAE
:10AB8000FFE002000020020000200200002002007E
:10AB900000200300006001000040018000C000F0C0
:10ABA0000780007FFE00000FF8000000000000009A
:10ABB0000000020000200200002003FFFFE003FF6E
:10ABC000FFE002010020020100200201002002013A
:10ABD00000200201002002038020020FE020030079
:10ABE000006003C000E000600300000000000000FF
:10ABF0000000020000200200002003FFFFE003FF2E
:10AC0000FFE0020100200201002002010000020119
:10AC10000000020100000201000002038000030F97
:10AC2000E0000300000003C000000060000000001E
:10AC300000000007F800003FFE000070078001C020
:10AC400001C00100004003000020020000200200BB
:10AC5000002002000020010020200100204003C04D
:10AC60003F8000303F8000002000000020000200F4
:10AC700000200200002003FFFFE003FFFFE00200CE
:10AC80008020020080200000800000008000000082
:10AC90008000020080200200802003FFFFE003FF0D
:10ACA000FFE0020000200200002000000000000081
:10ACB0000000000000000000000002000020020070
:10ACC0000020020000200200002003FFFFE003FF3D
:10ACD000FFE002000020020000200200002002002D
:10ACE0000020000000000000000000000000000044
:10ACF00000000000000E0000000F0000000F000028
:10AD00000001020000010200000102000003020035
:10AD1000000603FFFFFC03FFFFF802000000020033
:10AD2000000002000000020000000000000000001F
:10AD30000000020000200200002003FFFFE003FFEC
:10AD4000FFE00200C0200201002000078000000F89
:10AD5000E0000030F80002603E2003800F20030076
:10AD600003E0020000E002000020000000200000DC
:10AD70000000020000200200002003FFFFE003FFAC
:10AD8000FFE0020000200200002000000020000080
:10AD90000020000000200000002000000020000033
:10ADA0000060000000E0000003000000000002005E
:10ADB00000200200002003FFFFE003E0002003FF6B
:10ADC0000020001FF0000001FF8000000FE00000E5
:10ADD0001E000003E000003E002003E0002003FF0F
:10ADE000FFE003FFFFE0020000200200002002005D
:10ADF00000200200002003FFFFE00380002003F09A
:10AE0000002000FC0000001F00000007C00000013F
:10AE1000F00000007C0002001F80020007E003FF3A
:10AE2000FFE002000000020000000000000000003F
:10AE30000000000FF800003FFE0000F007800180D6
:10AE400000C00100004002000020020000200200BB
:10AE500000200200002001000040018000C000F03E
:10AE60000380003FFE00000FF8000000000000001B
:10AE70000000020000200200002003FFFFE003FFAB
:10AE8000FFE002008020020080200200800002001B
:10AE90008000020080000200800003018000018326
:10AEA000000000FE0000007C000000000000000028
:10AEB0000000000FF800007FFF0000F00380018019
:10AEC00001C001000640020004200200042002002C
:10AED0000620020003E0010000F80180005C00E0B1
:10AEE000038C003FFF0C000FFC1800000000000066
:10AEF0000000020000200200002003FFFFE003FF2B
:10AF0000FFE0020100200201002002018000020196
:10AF1000E0000201FC0003033F80018607E001FC22
:10AF200000E000F800200000002000000000000009
:10AF30000000000000000078060000FE01E001862D
:10AF400000C0030300400203002002018020020130
:10AF500080200201C0200200C0200100E0600180CA
:10AF600070C003E03F8000001F00000000000000F0
:10AF700000000060000003800000030000000200E9
:10AF80000000020000200200002003FFFFE003FF9A
:10AF9000FFE002000020020000200200000002008A
:10AFA00000000380000000E000000000000002003C
:10AFB00000000200000003FFFF0003FFFFC00200CB
:10AFC000004002000060000000200000002000009F
:10AFD000002000000020020000400200008003FF6B
:10AFE000FF0002000000020000000000000000005E
:10AFF0000000020000000200000003C0000003FC8B
:10B000000000023FC0000003F80000007F80000045
:10B0100007E000000780000078000203C000023C47
:10B02000000003C000000200000002000000020057
:10B03000000003C0000003FF8000023FFE0002008A
:10B040007FE000000F000200F00003EF000003FFAC
:10B050008000020FFE0000003FE000001F0002071A
:10B06000E00003F800000300000002000000000000
:10B0700000000200002002000020038000E003F036
:10B08000032002FC0C20021F30000007C000000754
:10B09000F00002187C0002601F20038003E0020021
:10B0A00000E002000020000000200000000000007E
:10B0B0000000020000000300000003C0000003F8CD
:10B0C0000000023E0020020FC0200001FFE000004F
:10B0D0007FE000038020021C00200270000003803B
:10B0E000000002000000020000000000000000005C
:10B0F000000000000020006000E0038003E0030087
:10B100000FA002003E200200F8200203E020020F00
:10B110008020023E00200278002003E000600380CF
:10B1200000E002000300000000000000000000003A
:10B13000000000000000000000000000000000000F
:10B140000000000000001FFFFFFC100000041000C2
:10B15000000410000004100000041000000410009F
:10B1600000041000000400000000000000000000C7
:10B17000000000000000000000000700000003C005
:10B18000000000780000001E00000003C000000066
:10B19000F00000001E0000000780000000F000002A
:10B1A000003C00000006000000000000000000005D
:10B1B0000000000000001000000410000004100057
:10B1C000000410000004100000041000000410002F
:10B1D00000041FFFFFFC0000000000000000000052
:10B1E000000000000000000000000000000000005F
:10B1F000000000000000000000000000000002004D
:10B20000000004000000080000001800000010000A
:10B2100000001800000018000000040000000200F8
:10B22000000000000000000000000000000000001E
:10B23000000100000001000000010000000100000A
:10B2400000010000000100000001000000010000FA
:10B2500000010000000100000001000000010000EA
:10B2600000010000000100000001000000010000DA
:10B2700000000000000000000000100000001000AE
:10B28000000010000000180000000800000004008A
:10B2900000000000000000000000000000000000AE
:10B2A000000000000000000000000000000000009E
:10B2B00000000000038000018FC000038C600006C6
:10B2C0001820000410200004102000042020000496
:10B2D0002040000620400003FFC00001FFE0000006
:10B2E000002000000020000000C00000000000005E
:10B2F0000000020000000200000003FFFFE007FF63
:10B30000FFC0000180C000020060000200200004B5
:10B31000002000040020000400200006004000037C
:10B3200000C00001FF800000FE00000000000000DF
:10B3300000000000000000007E000001FF8000030C
:10B3400081C000020040000600200004002000042C
:10B35000002000040020000600200003C04000017F
:10B36000C08000000300000000000000000000009A
:10B3700000000000000000007E000001FF800003CC
:10B3800080C00006006000040020000400200004CB
:10B390000020020400400202008003FFFFE007FFDC
:10B3A000FFC000000040000000400000000000005E
:10B3B00000000000000000007E000001FF8000038C
:10B3C00011C00002104000041060000410200004AE
:10B3D000102000041020000610200003104000017F
:10B3E000F0C000007100000000000000000000003C
:10B3F0000000000000000004000000040020000421
:10B40000002000040020007FFFE001FFFFE00104B6
:10B410000020030400200204002002040020020493
:10B4200000000200000001C0000001C00000000098
:10B430000000000000000000001C0000E33E0003CC
:10B44000FFC200020CC3000404C1000404C10004D4
:10B4500004C1000404C100060CC10003F8C30005C8
:10B46000F0620006007E0006003C000000000000C4
:10B470000000020000200200002003FFFFE007FFA1
:10B48000FFE0000100200002002000060000000490
:10B49000000000040000000400200006002000035B
:10B4A000FFE00001FFE0000000200000002000009D
:10B4B0000000000000000000000000040020000464
:10B4C000002000040020000400200387FFE0038F19
:10B4D000FFE00380002000000020000000200000AA
:10B4E000002000000000000000000000000000003C
:10B4F0000000000000000000000000000006000046
:10B500000007000000010000000100040001000429
:10B51000000100040003000400060387FFFC038F02
:10B52000FFF80380000000000000000000000000A1
:10B530000000020000200200002003FFFFE007FFE0
:10B54000FFE0000008200000102000003000000094
:10B55000FC0000058E00000707A0000601E00004C3
:10B5600000E00004002000000020000000000000B7
:10B5700000000000000000000000020000200200A7
:10B580000020020000200200002003FFFFE007FF70
:10B59000FFE000000020000000200000002000006C
:10B5A000002000000000000000000000000000007B
:10B5B0000000000400200007FFE0000FFFE0000291
:10B5C000002000040000000400200007FFE000034A
:10B5D000FFE000020020000400000004002000073B
:10B5E000FFE00003FFE0000000200000000000007A
:10B5F000000000040020000400200007FFE0000F0E
:10B60000FFE0000100200002002000020000000412
:10B6100000000004000000040020000600200003D9
:10B62000FFE00001FFE0000000200000002000001B
:10B6300000000000000000007E000000FF8000030A
:10B6400081C0000200400006002000040020000429
:10B65000002000040020000600200002004000033B
:10B6600081C00001FF8000007E000000000000009B
:10B67000000000040001000400010007FFFF000FAC
:10B68000FFFF000100C1000200410004002000048F
:10B6900000200004002000040020000600400003F9
:10B6A00001C00001FF8000007E00000000000000DB
:10B6B00000000000000000007E000001FF80000389
:10B6C00080C000020060000400200004002000048C
:10B6D00000200004002000020041000300C100031C
:10B6E000FFFF0007FFFF0000000100000001000055
:10B6F00000000004002000040020000400200004DA
:10B700000020000FFFE0000FFFE00000C02000015C
:10B7100000200002002000060020000400000004B9
:10B72000000000070000000300000000000000000F
:10B73000000000000000000003E00001C0E0000382
:10B74000E0400006302000043020000418200004EF
:10B7500018200004182000040C2000020C600003D4
:10B7600007C0000783800000000000000000000008
:10B7700000000000000000040000000400000004BD
:10B780000000000C0000001FFF8000FFFFC000044D
:10B7900000600004002000040020000400200004D9
:10B7A00000400000018000000000000000000000D8
:10B7B000000000040000000400000007FF80000FEC
:10B7C000FFC000000060000000200000002000001A
:10B7D000002000000020000400400004008000075A
:10B7E000FFE0000FFFC0000000400000004000002C
:10B7F00000000004000000040000000780000007B3
:10B80000F0000004FE0000041FC0000003E0000080
:10B81000038000001C000004600000078000000698
:10B820000000000400000000000000000000000410
:10B830000000000600000007C0000007FC00000434
:10B840003F80000003E000040F800006F0000007C6
:10B85000F0000007FF8000040FE0000003800004F8
:10B860003C000007C00000060000000400000000CB
:10B870000000000000200004002000040060000719
:10B8800000E0000783200007E6000004F800000045
:10B890003C0000045E20000587A0000601E00004D3
:10B8A00000600004002000000020000000000000F4
:10B8B000000000040000000400030007000300076C
:10B8C000E0010004F80100041F02000007FC000072
:10B8D00000E000000700000438000007C000000678
:10B8E0000000000400000004000000000000000050
:10B8F00000000000000000078060000600E0000477
:10B9000003E0000407A000040E2000043C20000413
:10B9100070200005E0200007802000070060000480
:10B9200000E00000038000000000000000000000B4
:10B930000000000000000000000000000000000007
:10B940000000000000000000000000008000000077
:10B9500080000001400007FE3FF8080000041000CE
:10B9600000021000000200000000000000000000C3
:10B9700000000000000000000000000000000000C7
:10B980000000000000000000000000000000FFFFB9
:10B99000FFFF0000000000000000000000000000A9
:10B9A0000000000000000000000000000000000097
:10B9B000000000000000100000021000000208005B
:10B9C000000407FE3FF80001400000008000000076
:10B9D00080000000000000000000000000000000E7
:10B9E0000000000000000000000000000000000057
:10B9F000000018000000300000004000000040007F
:10BA0000000040000000200000003000000008009E
:10BA1000000004000000020000000200000002001C
:10BA200000000C00000018000000000000000000F2
:10BA3000400B00008007000060780000200000003C
:10BA400020000000200000000068010000F000005D
:10BA5000000C0F003031323334353637383941423B
:10BA60004344454640305800303132333435363760
:10BA70003839616263646566403078009CBA0008BA
:10BA800000000020F8000000C401000894BB00087A
:10BA9000F800002098B00100E00100080024F40044
:10BAA0000000000000000000FFFF00001F0000F881
:10BAB0001FF8E007FF07E0FF40BC07FC30840000F0
:10BAC0000000000000000000000000000000000076
:10BAD00000000000100000000100000000F800005D
:10BAE000FFFF0000BD5E0008015F0008600300204A
:10BAF0000000001000000068606B012000F00010E2
:10BB0000000C0F68000000000000000000000000B2
:10BB10000000000000000000000000000000000025
:10BB20000000000000000000000000000000000015
:10BB30000000000000000000000000000000000005
:10BB40001F000000000000000000000000000000D6
:10BB500000000000000000000000000000000000E5
:10BB600000000000000000000000000000000000D5
:10BB7000000000000000000000000000AAAAAAAA1D
:10BB8000000000000000000030059007D008400AC7
:04BB9000C0060000EB
:040000050800018965
:00000001FF
