:020000040800F2
:10000000D0B1012009030008871D00087F1D0008EA
:10001000831D000845090008BD22000800000000FB
:10002000000000000000000000000000490200087D
:100030004909000800000000A5020008671E00082A
:100040002D0300082D0300082D0300082D030008D0
:100050002D0300082D0300082D0300082D030008C0
:100060002D0300082D0300082D0300082D030008B0
:100070002D0300082D0300082D0300082D030008A0
:100080002D0300082D0300082D0300082D03000890
:100090002D0300082D0300082D0300082D03000880
:1000A0002D0300082D0300082D0300082D03000870
:1000B0002D030008911E00082D0300082D030008E1
:1000C0002D0300082D0300082D0300082D03000850
:1000D0002D030008AD2200082D0300082D030008A1
:1000E0002D0300082D0300082D0300082D03000830
:1000F0002D0300082D0300082D0300082D03000820
:100100002D0300082D0300082D0300082D0300080F
:100110002D0300082D0300082D030008A11E000870
:100120002D0300082D0300082D0300082D030008EF
:100130002D0300082D0300082D0300082D030008DF
:100140002D0300082D0300082D0300082D030008CF
:100150002D0300082D0300082D0300082D030008BF
:100160002D0300082D0300082D0300082D030008AF
:100170002D0300082D0300082D03000800000000D7
:100180002D0300082D03000800F002F800F04DF8E0
:100190000AA090E8000C82448344AAF10107DA45E2
:1001A00001D100F042F8AFF2090EBAE80F0013F0E7
:1001B000010F18BFFB1A43F00103184790BC000061
:1001C000B0BC0000103A24BF78C878C1FAD85207F2
:1001D00024BF30C830C144BF04680C6070470000C1
:1001E0000023002400250026103A28BF78C1FBD840
:1001F000520728BF30C148BF0B607047702900F01C
:10020000FB81642900F08881752900F085817829B7
:1002100000F0E581732900F0F582002070471FB5DA
:1002200008F072FD1FBD10B510BD00F059FB11465E
:10023000FFF7F5FF05F0D4FC00F077FB03B4FFF700
:10024000F2FF03BC02F070F82C4B19680868B0E8A4
:10025000F04F80F30988BFF36F8F4FF0000080F3F9
:10026000118870470000000008480068006880F3AB
:1002700008884FF0000080F3148862B661B6BFF3BF
:100280004F8FBFF36F8F00DF00BF00BF08ED00E0AE
:10029000DFF80C00016841F470010160704700BF95
:1002A00088ED00E0EFF30980BFF36F8F134B1A68FE
:1002B0001EF0100F08BF20ED108A20E9F04F1060EB
:1002C00009B44FF0500080F31188BFF34F8FBFF394
:1002D0006F8F07F023FD4FF0000080F3118809BCF9
:1002E00019680868B0E8F04F1EF0100F08BFB0ECB6
:1002F000108A80F30988BFF36F8F70476C0000206D
:10030000EFF30580704700000C48016841F470016C
:1003100001600B4880470B480047FEE7FEE7FEE719
:10032000FEE7FEE7FEE7FEE7FEE7FEE7FEE700008A
:1003300005480649044A064B7047000088ED00E076
:100340007D1E000889010008D0AD0120D0B1012038
:10035000D0AD0120704753EA020C00F069802DE90E
:10036000F04B4FF00006002B1FBFB3FA83F503FAE2
:1003700005F424FA05F65E4012BF1643B2FA82F580
:1003800002FA05F4C5F120051EBF22FA05FC44EA75
:100390000C04203556EA044C4FEA144418BF641C80
:1003A0004FF000084FF00009904271EB030C39D375
:1003B000002919BFB1FA81F701FA07F6B0FA80F700
:1003C00000FA07F6C7F120071EBF20FA07FC46EA2D
:1003D0000C062037B6FBF4FCA7EB0507103F07F02F
:1003E0001F0BCBF120060CFA0BFB2CFA06F644BFD0
:1003F000B3460026202FA4BF5E464FF0000B5BEAF9
:10040000060C08BF4FF0010B19EB0B09ABFB027C8C
:1004100048EB0608C01B06FB02CC0BFB03CC71EBC0
:100420000C01C1E70B46024641464846BDE8F08B49
:1004300013B54FF000004FF00001AFF30080BDE8AE
:100440001C4070470FB4044910B503AA029800F08D
:10045000DDF910BC5DF814FB2C0000202DE9F04103
:100460000E460446002020622046E168884730B3EB
:10047000252805D0D4E901219047206A401CF2E7E5
:10048000E168204600278847050018D0A5F1410003
:10049000192802D820354FF40067324629462046F5
:1004A0002760FFF7ABFE40B1012804D0F61D26F00F
:1004B00007060836D8E7361DD6E72846DAE7206A69
:1004C000BDE8F08170B50C460546012A05D02878B4
:1004D000800600D5EA69002302E0012305E05B1CE9
:1004E000934202D2E05C0028F9D1A869E618C01A4C
:1004F000A861286A184428622846AFF3008004E007
:10050000D5E9012114F8010B9047B442F8D32846ED
:10051000AFF3008070BD00002DE9F04106460024D5
:1005200010687529314616A510D0AFF30080002859
:1005300002DA404213A507E031688A0701D512A507
:1005400002E0490704D511A5012401E0AFF30080C2
:1005500000210A2206F1240709E0B0FBF2FCB0FBFF
:10056000F2F302FB1C00303078541846491C002876
:10057000F3D123462A463046BDE8F04100F0BEB82C
:10058000000000002D0000002B00000020000000F3
:10059000F0B40D460188090502D51B4C7C4402E0ED
:1005A000194C7C440E34002100F1240305E002F0D4
:1005B0000F061209A65D5E54491C002AF7D1027885
:1005C0000023120704D5702D06D009B1022311347F
:1005D0002246F0BC00F092B801231034F8E770B561
:1005E00004460D4621461068AFF3008002462946B6
:1005F0002046BDE87040CBE70368126843F0200353
:1006000003600823C361C3E730B70000032A40F248
:10061000308010F0030C00F0158011F8013BBCF1A4
:10062000020F624498BF11F801CB00F8013B38BFBC
:1006300011F8013BA2F1040298BF00F801CB38BFCA
:1006400000F8013B11F0030300F0F280083AC0F01B
:10065000088051F8043B083A51F804CBA0E8081090
:10066000F5E7121D5CBF51F8043B40F8043BAFF3C3
:100670000080D20724BF11F8013B11F801CB48BF1D
:1006800011F8012B24BF00F8013B00F801CB48BF53
:1006900000F8012B704702F0FF0343EA032242EA0D
:1006A000024200F0F9B84FF0000200B5134694463C
:1006B0009646203922BFA0E80C50A0E80C50B1F1BA
:1006C0002001BFF4F7AF090728BFA0E80C5048BFCE
:1006D0000CC05DF804EB890028BF40F8042B08BF6C
:1006E000704748BF20F8022B11F0804F18BF00F868
:1006F000012B704770477047704770472DE9F047EE
:100700000D4699469246044600F124080168880681
:1007100004D5E06921F01001216000E00120A84229
:1007200001DD471B00E00027A1697A1902EB0900EF
:10073000081AA0612078C00602D42046AFF30080DA
:10074000002608E0D4E901211AF806009047206A43
:10075000401C761C20624E45F4DB2078C0060AD58A
:100760002046AFF3008006E0D4E901213020904715
:10077000206A401C2062381EA7F10107F4DC07E064
:10078000D4E9012118F805009047206A401C206236
:10079000281EA5F10105F3DC2046AFF30080207888
:1007A000000602D50220BDE8F0870120FBE700002B
:1007B00001694A1C02610878704700B58FB0CDE925
:1007C00001310021059105497944CDE90310114615
:1007D0006846FFF743FE0FB000BD0000E5FFFFFFD6
:1007E00010B5436913B1AFF3008001E0FFF76AFE73
:1007F000012010BD127800F124010A7000224A7015
:100800000122EDE711684FF0FF32E9E7074B70B5C1
:100810000D467B44FFF7D1FF0446284600F05CF804
:1008200010B14FF0FF3070BD204670BD7F1C00003E
:1008300010B5203AC0F00B80B1E81850203AA0E87B
:100840001850B1E81850A0E81850BFF4F5AF5FEAAF
:10085000027C24BFB1E81850A0E8185044BF18C962
:1008600018C0BDE810405FEA827C24BF51F8043B09
:1008700040F8043B08BF7047D20728BF31F8023B5D
:1008800048BF11F8012B28BF20F8023B48BF00F8F1
:10089000012B70474FF000020429C0F0128010F0C5
:1008A000030C3FF402AFCCF1040CBCF1020F18BFF3
:1008B00000F8012BA8BF20F8022BA1EB0C01FFF7D9
:1008C000F4BE5FEAC17C24BF00F8012B00F8012BC5
:1008D00048BF00F8012B7047007B00F08000704794
:1008E000754600F02BF8AE4605006946534620F0E9
:1008F0000700854618B020B5FFF71AFDBDE8204077
:100900004FF000064FF000074FF000084FF0000BCB
:1009100021F00701AC46ACE8C009ACE8C009ACE87E
:10092000C009ACE8C0098D46704710B50446AFF366
:1009300000802046BDE81040FFF780BC00487047AB
:100940006CAD012000BFFEE77047000070B50446A3
:100950001D460023B5F5804F13D154F822300C48C2
:100960000340D1E9000640EA06108E6840EA0620FE
:100970008E8940EA06408E693043034344F82230B2
:1009800003E06FF0704044F82200002070BD0000CA
:100990000000F0CF10B503460022086853F820206D
:1009A00012480240D1E901042043CC6820430C697D
:1009B00020434C6920438C692043CC6920430C6A56
:1009C00020434C6A20438C6A2043CC6A2043CC6B82
:1009D00020430C6B204302438868082801D142F071
:1009E0004002086843F82020002010BD8000F0FF7E
:1009F00030B503460024501C53F8204004F0404416
:100A0000D1E9000540EA05108D6840EA05208D898E
:100A100040EA0545088A401E45EA0055087D801ECB
:100A200045EA00608D6928430443501C43F8204088
:100A3000002030BD70B50446A56D00F07DF9064676
:100A400094F83500022808D08020606500BF00209F
:100A500084F8340000BF012070BD2068006820F0D9
:100A60001600216808602068406920F08000216835
:100A70004861206C08B9A06C28B12068006820F09B
:100A80000800216808602068006820F001002168E3
:100A900008600FE000F050F9801B05280AD92020DB
:100AA000606500BF002084F8340000BF032084F894
:100AB0003500D1E72068006800F001000028E9D186
:100AC00094F85C103F208840A86000BF002084F8A4
:100AD000340000BF012084F835000020BCE7014647
:100AE00091F83500022803D0802048650120704726
:100AF000052081F835000868006820F001000A68C8
:100B000010600020F3E70000F8B502460B46002510
:100B1000002400200021DEE0012606FA01F51E680F
:100B200006EA0504AC4275D11E7906F00306012ED3
:100B300004D01E7906F00306022E13D190684F00F0
:100B40000326BE40B0434F00DE68BE403043906095
:100B5000506801268E40B0431E79C6F300168E40C1
:100B6000304350601E7906F00306032E09D0D0688A
:100B70004F000326BE40B0434F009E68BE40304346
:100B8000D0601E7906F00306022E13D1CF0802F1C1
:100B9000200656F827004E07F70E0F26BE40B0433A
:100BA0004F07FF0E1E69BE403043CF0802F12006FA
:100BB00046F8270010684F000326BE40B0431E7958
:100BC00006F003064F00BE40304310605E6806F03A
:100BD0008056B6F1805F7DD100BF00260096404E62
:100BE000366846F480463E4F3E603E46366806F420
:100BF0008046009600BF00BF3A4E8F0856F8270087
:100C00008E07370F0F26BE40B043374EB24202D197
:100C1000002624E05EE0354EB24201D101261EE0FE
:100C2000334EB24201D1022619E0324EB24201D116
:100C3000032614E0304EB24201D104260FE02F4EBD
:100C4000B24201D105260AE02D4EB24201D106265C
:100C500005E02C4EB24201D1072600E008268F079E
:100C60003F0FBE4030431F4E8F0846F82700264EE8
:100C70003068A0435E6806F48036B6F5803F00D148
:100C80002043214E3060361D3068A0435E6806F474
:100C90000036B6F5003F00D120431B4E361D3060B4
:100CA000361D3068A0435E6806F48016B6F5801FD6
:100CB00000D12043144E08363060361D3068A04302
:100CC0005E6806F40016B6F5001F00D120430E4EF4
:100CD0000C363060491C1029FFF41EAFF8BD00002F
:100CE000443802400838014000000240000402403D
:100CF00000080240000C02400010024000140240B4
:100D000000180240001C0240003C014010B542693E
:100D100021EA020302EA010443EA0443836110BDAD
:100D20000AB1816101E00B048361704701480068EA
:100D3000000C7047002004E0014800687047000084
:100D40003400002003480068034909780844014939
:100D500008607047340000203C00002010B50A48AD
:100D6000006840F40070084908600846006840F4D4
:100D700080600860032000F07FF80F2000F006F884
:100D800000F02AF8002010BD003C024070B5044677
:100D90000E4800784FF47A71B1FBF0F00C49096805
:100DA000B1FBF0F5284600F09BFC08B1012070BDB6
:100DB000102C07D200222146501E00F01EF80548D4
:100DC000046001E00120F2E70020F0E73C00002091
:100DD0000000002038000020704701460846002827
:100DE00009DB00F01F0301229A4043099B0003F135
:100DF000E023C3F8002100BF70472DE9F05F804673
:100E00000D461646002701F073FA074639462A4672
:100E1000334601F00700C0F1070ABAF1040F02D906
:100E20004FF0040A01E0C0F1070AD14600F1040ABC
:100E3000BAF1070F02D24FF0000A01E0A0F1030A55
:100E4000D4464FF0010A0AFA09FAAAF1010A0AEA9D
:100E5000020A0AFA0CFA4FF0010B0BFA0CFBABF189
:100E6000010B0BEA030B4AEA0B042146404601F052
:100E700047FABDE8F09F000000BF00F00702064BF4
:100E800019684FF6FF031940044B0B4343EA022154
:100E9000014B196000BF70470CED00E00000FA053F
:100EA00070B504460D460CB9012070BD5848006865
:100EB00000F00700A84209D255490D7008460068A5
:100EC00000F00700A84201D00120EEE7207800F0F2
:100ED000020002281DD1207800F00400042805D16A
:100EE0004C48006840F4E0504A490860207800F01F
:100EF0000800082805D14748006840F4604045498B
:100F000008604448006820F0F000A16808434149A7
:100F10000860207800F00100A8B36068012807D1BC
:100F20003C4808380068C0F34040B8B90120BCE72D
:100F30006068022802D06068032807D13548083865
:100F40000068C0F3406048B90120AEE73148083876
:100F50000068C0F3400008B90120A6E72D480068EA
:100F600020F00300616808432A490860FFF7E4FEA7
:100F7000064609E0FFF7E0FE801B41F28831884217
:100F800002D9032091E707E02248006800F00C0036
:100F90006168B0EB810FEDD11D48006800F00700DB
:100FA000A84209D91A490D700846006800F00700E8
:100FB000A84201D0012078E7207800F0040004283E
:100FC00007D11448006820F4E050E1680843114953
:100FD0000860207800F00800082808D10D48006853
:100FE00020F46040216940EAC1000A49086000F02D
:100FF0003FF808490968C1F30311074A515CC8402A
:101000000649086006480068FFF7C0FE00204CE76C
:10101000003C024008380240128D00080000002009
:1010200038000020014800687047000000000020E0
:1010300000B5FFF7F7FF04490968C1F38221034AAD
:10104000515CC84000BD000008380240228D0008F5
:1010500000B5FFF7E7FF04490968C1F34231034ACD
:10106000515CC84000BD000008380240228D0008D5
:101070002DE9F047002400250026A14625480068F8
:1010800000F00C0020B1042805D008283AD105E072
:10109000DFF8849039E0DFF8849036E01D48001FC7
:1010A000006800F03F041B48001F006800F4800047
:1010B00078B11A481749091F0968C1F38811A0FBC4
:1010C00001700146224600233846FFF744F90546E1
:1010D0000EE011480F49091F0968C1F38811A0FBF0
:1010E00001700146224600233846FFF734F90546D1
:1010F0000848001F0068C0F30140401C4600B5FBD3
:10110000F6F902E0DFF8109000BF00BF4846BDE8E6
:10111000F0870000083802400024F40000127A0032
:10112000F8B504460CB90120F8BD207800F00100A4
:10113000002874D0F948006800F00C0004280DD095
:10114000F648006800F00C00082813D1F348001F8F
:10115000006800F48000B0F5800F0BD1EF4808382C
:101160000068C0F34040002859D06068002856D17C
:101170000120D9E700BF6068B0F5803F08D1E7489B
:101180000838006840F48030E449083908601EE0FF
:101190006068B0F5A02F0DD1E0480838006840F431
:1011A0008020DE49083908600846006840F4803035
:1011B00008600CE0D9480838006820F48030D7492E
:1011C000083908600846006820F48020086000BFE5
:1011D000606890B1FFF7B0FD054606E0FFF7ACFD93
:1011E000401B642801D903209EE7CC4808380068DA
:1011F000C0F340400028F1D011E0FFF79DFD054607
:1012000006E0FFF799FD401B642801D903208BE716
:10121000C24808380068C0F340400028F1D1207867
:1012200000F0020002285FD1BC48006800F00C000A
:1012300058B1BA48006800F00C0008281CD1B74823
:10124000001F006800F48000B0B9B4480838006896
:10125000C0F3400020B1E068012801D0012063E71D
:10126000AE480838006820F0F800216940EAC10063
:10127000AA490839086037E0E06800B30120A849AE
:101280000860FFF759FD054606E0FFF755FD401BD6
:10129000022801D9032047E7A04808380068C0F3B6
:1012A00040000028F1D09D480838006820F0F80080
:1012B000216940EAC10099490839086014E000201A
:1012C00097490860FFF738FD054606E0FFF734FD53
:1012D000401B022801D9032026E7904808380068FF
:1012E000C0F340000028F1D1207800F00800082861
:1012F0002CD16069A8B101208A490860FFF71CFD64
:10130000054606E0FFF718FD401B022801D903201F
:101310000AE782486C300068C0F340000028F1D032
:1013200014E000207F490860FFF706FD054606E04F
:10133000FFF702FD401B022801D90320F4E677489D
:101340006C300068C0F340000028F1D1207800F034
:101350000400042870D1002770483830006800F07D
:10136000805090B900BF002000906C483830006871
:1013700040F080506949383108600846006800F044
:101380008050009000BF00BF01276748006800F44C
:101390008070B0B96448006840F4807062490860A9
:1013A000FFF7CAFC054606E0FFF7C6FC401B022813
:1013B00001D90320B8E65C48006800F4807000287A
:1013C000F2D000BFA068012808D1544868300068F6
:1013D00040F001005149683108601DE0A06805280F
:1013E0000DD14E486830006840F004004B49683128
:1013F00008600846006840F0010008600CE04748BB
:101400006830006820F001004449683108600846EF
:10141000006820F00400086000BFA068A8B1FFF7D2
:101420008BFC054609E0FFF787FC401B41F2883141
:10143000884202D9032077E626E038486830006801
:10144000C0F340000028EED013E0FFF775FC05461E
:1014500008E0FFF771FC401B41F28831884201D956
:10146000032061E62D4868300068C0F34000002882
:10147000EFD1012F07D129483830006820F0805083
:1014800026493831086000BFA069002845D02348AC
:10149000006800F00C0008285DD0A069022845D142
:1014A00000201F490866FFF747FC054606E0FFF7E6
:1014B00043FC401B022801D9032035E617480838B1
:1014C0000068C0F340600028F1D1D4E90701084367
:1014D000616A40EA81110122A06AC2EB500041EA30
:1014E00000412C20005D41EA00600C49091F0860A2
:1014F00001200B490866FFF71FFC054606E0FFF7D1
:101500001BFC401B022801D903200DE603480838C4
:101510000068C0F340600028F1D049E0083802407C
:1015200000004742800E47420070004000202149E1
:101530000866FFF701FC054606E0FFF7FDFB401BD0
:10154000022801D90320EFE51B480068C0F3406082
:101550000028F2D12CE0A069012800D1E4E516486A
:10156000001D0668A069012820D006F48001E0690A
:1015700081421BD106F03F01206A814216D147F615
:10158000C0703040616AB0EB811F0FD106F440316A
:101590000122A06AC2EB5000B1EB004F06D106F069
:1015A00070612C20005DB1EB006F01D00120BBE524
:1015B0000020B9E5000047420038024070B50446FB
:1015C0000E4615460CB9012070BD94F8490028B9A3
:1015D000002084F84800204600F01CF804F10801BF
:1015E0002068FFF7D7F93146A2682068FFF700FAB4
:1015F0002946236BD4E90102FFF7A8F9A168206806
:1016000050F8210040F00100A268216841F8220052
:101610000020D9E710B586B0044600BF0020009036
:101620002248006840F00100204908600846006830
:1016300000F00100009000BF00BF00BF002000903C
:101640001A480838006840F008001849083908604E
:101650000846006800F00800009000BF00BF00BF0F
:10166000002000900846006840F01000086008461E
:10167000006800F01000009000BF00BF4CF2037043
:1016800001900220029001200390022004900C207F
:10169000059001A90648FFF737FA4FF680700190D0
:1016A00001A90448FFF730FA06B010BD38380240EF
:1016B000000C024000100240042808D14FF0E02145
:1016C000096941F004014FF0E022116107E04FF099
:1016D000E021096921F004014FF0E0221161704717
:1016E00070B504462546681EB0F1807F01D3012005
:1016F0000FE0681E4FF0E02148610F214FF0FF30EE
:1017000000F0FEFD00204FF0E02188610720086115
:10171000002070BD70477047704710B504462068C0
:101720000069C0F34000D8B12068C068C0F3400031
:10173000B0B16FF0020021680861012020772068B5
:10174000806900F0030018B12046FFF7E5FF05E0CF
:10175000204600F0ADF8204600F0ABF800202077DE
:1017600020680069C0F38000D8B12068C068C0F369
:101770008000B0B16FF0040021680861022020777A
:101780002068806900F4407018B12046FFF7C4FF5C
:1017900005E0204600F08CF8204600F08AF8002092
:1017A000207720680069C0F3C000D8B12068C06805
:1017B000C0F3C000B0B16FF00800216808610420D8
:1017C00020772068C06900F0030018B12046FFF7B9
:1017D000A3FF05E0204600F06BF8204600F069F812
:1017E0000020207720680069C0F30010D8B120687D
:1017F000C068C0F30010B0B16FF01000216808613C
:10180000082020772068C06900F4407018B1204695
:10181000FFF782FF05E0204600F04AF8204600F07E
:1018200048F8002020772068006900F0010058B1D6
:101830002068C06800F0010030B16FF0010021683D
:101840000861204600F036F820680069C0F3C01037
:1018500058B12068C068C0F3C01030B16FF080008C
:10186000216808612046FFF755FF20680069C0F332
:10187000801058B12068C068C0F3801030B16FF09C
:10188000400021680861204600F03CF820680069AB
:10189000C0F3401058B12068C068C0F3401030B1A8
:1018A0006FF02000216808612046FFF734FF10BD6B
:1018B0007047704710B504460648844203D106A01D
:1018C000FEF7C0FD05E00948844202D108A0FEF7FA
:1018D000B9FD10BD0403002054494D33CAE4B3F6EA
:1018E0002E2E2E2E2E2E2E0D0A0000004C03002030
:1018F00054494D37CAE4B3F62E2E2E2E2E2E2E0D21
:101900000A00000070477047704700002DE9F84F4B
:101910000446206805682068C668206847694FF05B
:101920000009CA4605F00F09B9F1000F0AD105F008
:10193000200038B106F0200020B1204600F0EDFA7A
:10194000BDE8F88FB9F1000F72D007F0010018B9A7
:1019500006F4907000286BD005F0010030B106F459
:10196000807018B1206C40F00100206405F0040084
:1019700030B107F0010018B1206C40F00200206483
:1019800005F0020030B107F0010018B1206C40F002
:101990000400206405F0080048B106F0200010B9EA
:1019A00007F0010018B1206C40F008002064206CA2
:1019B00070B305F0200028B106F0200010B12046D9
:1019C00000F0ABFA20684069C0F3801A206C00F088
:1019D000080010B9BAF1000F23D0204600F072FAC7
:1019E0002068406900F04000402816D12068406916
:1019F00020F0400021684861A06B50B15648A16BAF
:101A00000865A06BFFF76BF810B1A06B016D8847FC
:101A10000CE02046FFF778FF08E02046FFF774FF50
:101A200004E02046FFF770FF0020206488E7FFE70E
:101A3000206B012879D105F01000002875D006F040
:101A40001000002871D000BF0020009020680068BE
:101A5000009020684068009000BF00BF2068406987
:101A600000F04000402839D1A06B006840681FFAA0
:101A700080F8B8F1000F30D0A08D40452DDDA4F8DE
:101A80002E80A06BC069B0F5807F1FD02068C06831
:101A900020F480702168C8602068406920F001004F
:101AA000216848612068406920F040002168486151
:101AB000202084F83E00002020632068C06820F0C9
:101AC00010002168C860A06BFEF7B4FFA08DE28D06
:101AD000801A81B22046FFF716FF31E7A08DE18D15
:101AE000401A1FFA80F8E08DE8B1B8F1000F1AD063
:101AF0002068C06820F490702168C8602068406940
:101B000020F0010021684861202084F83E00002078
:101B100020632068C06820F010002168C86041463A
:101B20002046FFF7F0FE0BE7FFE705F0800030B13D
:101B300006F0800018B1204600F087FB00E705F0B2
:101B4000400030B106F0400018B1204600F0D5F951
:101B5000F6E600BFF4E60000B11E000810B504462A
:101B60000CB9012010BDA06900B100E000BF94F8DD
:101B70003D0028B9002084F83C00204600F028F8F9
:101B8000242084F83D002068C06820F400502168BB
:101B9000C860204600F020FA2068006920F49040D8
:101BA000216808612068406920F02A0021684861A6
:101BB0002068C06840F400502168C860002020649C
:101BC000202084F83D0084F83E000020CAE7000091
:101BD00010B586B004462E492068884255D100BF12
:101BE00000BF002000902B48006840F010002949F9
:101BF00008600846006800F01000009000BF00BFB9
:101C000000BF00BF00BF00200090224814380068C9
:101C100040F001001F49143908600846006800F0D0
:101C20000100009000BF00BF00BF00BF00BF002048
:101C300000900846006840F001000860084600680F
:101C400000F00100009000BF00BF00BF48150190E8
:101C500002200290012003900220049007200590AA
:101C600001A90D48FEF750FF4FF480600190072056
:101C7000059001A90848FEF747FF2520FFF7ADF8BA
:101C8000032211462520FFF7B8F806B010BD00006A
:101C900000100140443802400000024070B5044684
:101CA0000D46164694F83E00202816D105B10EB90F
:101CB000012070BD00BF94F83C00012801D1022032
:101CC000F7E7012084F83C0000BF00202063324683
:101CD0002946204600F096FAEBE70220E9E70000EB
:101CE00010B504462049206888423BD11F4800882F
:101CF00000F4004088BB1D48008800F4804070B1AB
:101D00001B4800780A2803D000201849088024E0E6
:101D10001648008840F40040144908801DE014482B
:101D200000780D2806D11148008840F480400F4902
:101D3000088012E00E4800780C490988C1F30D01B3
:101D40000C4A505409480088401C0849088008463D
:101D50000088C72801DD00200880012204490648C8
:101D6000FFF79CFF10BD0000001001403000002074
:101D7000320000204801002010020020704700BF00
:101D8000FEE700BFFEE770472DE9F0470C46DDE9AE
:101D90000867002100258C4600BF60E04FF0010875
:101DA00008FA01F504EA050CAC4557D1D0F80080DB
:101DB0004FEA410A4FF0030909FA0AF928EA09082B
:101DC000C0F80080D0F800804FEA410902FA09F912
:101DD00048EA0908C0F80080012A01D0022A27D168
:101DE000D0F808804FEA410A4FF0030909FA0AF9CE
:101DF00028EA0908C0F80880D0F808804FEA4109AD
:101E000006FA09F948EA0908C0F80880D0F80490F1
:101E10004FF0010808FA01F829EA0809C0F804900F
:101E2000D0F8048003FA01F948EA0908C0F80480F0
:101E3000D0F80C804FEA410A4FF0030909FA0AF979
:101E400028EA0908C0F80C80D0F80C804FEA410954
:101E500007FA09F948EA0908C0F80C80491C10295A
:101E60009CD3BDE8F08710B5FEF76CFF06F0BEFA14
:101E7000012801D006F084F810BD00000348006876
:101E800040F47000014908607047000088ED00E0F0
:101E900010B50248FFF741FC10BD0000040300200C
:101EA00010B50248FFF739FC10BD00004C030020BC
:101EB00070B50546AC6B0020E085E0842046FFF756
:101EC00023FD70BD0168C96821F490710268D1607A
:101ED0000168496921F0010102685161016B012922
:101EE00005D10168C96821F010010268D160202184
:101EF00080F83E1000210163704710B50446206849
:101F0000C06820F040002168C860202084F83D00AF
:101F10002046FFF733FF002010BD70B5044694F84B
:101F20003E00222856D1A068B0F5805F0CD1206910
:101F300050B90025A66A20684068C0F308003080C8
:101F4000A06A801CA06215E0A56A0026A068B0F512
:101F5000805F03D0A06828B9206918B9206840685C
:101F6000287004E02068406800F07F002870A06AB4
:101F7000401CA062E08D401E80B2E08540BB20681E
:101F8000C06820F020002168C8602068C06820F484
:101F900080702168C8602068406920F001002168D5
:101FA0004861202084F83E00206B01280AD1206877
:101FB000C06820F010002168C860A18D2046FFF79E
:101FC000A2FC02E02046FFF78BFE0020206370BDDC
:101FD0000020FCE70220FAE72DE9F84F04462068CC
:101FE000006920F44050E1680843216808612169D4
:101FF000A068084361690843E169084300902068CC
:10200000C06849F20C618843009908432168C860A0
:102010002068406920F44070A16908432168486144
:1020200076492068884203D075492068884203D1E8
:10203000FFF70EF8814602E0FEF7FAFF8146E069FD
:10204000B0F5004F6CD102206168A0FB015003463F
:102050001920A9FB007001462A463846FEF77BF995
:102060006421B0FBF1F04FEA001A02206168A0FB86
:1020700001510B461920A9FB00712A463846FEF78C
:102080006AF9834602206168A0FB015003461920CB
:10209000A9FB00712A463846FEF75DF96421B0FBC2
:1020A000F1F000EBC00101EB0010ABEB800032213E
:1020B00001EBC0006421B0FBF1F000F0F8000AEB86
:1020C000400A02206168A0FB015003461920A9FBC9
:1020D000007001462A463846FEF73DF98346022045
:1020E0006168A0FB015003461920A9FB00712A4634
:1020F0003846FEF730F96421B0FBF1F000EBC00187
:1021000001EB0010ABEB8000322101EBC000642139
:10211000B0FBF1F000F007005044216888606AE0ED
:1021200004206168A0FB015003461920A9FB007040
:1021300001462A463846FEF70EF9824604206168B9
:10214000A0FB015003461920A9FB007001462A4656
:102150003846FEF700F96421B0FBF1F000EBC00156
:1021600001EB0010AAEB8000322101EB001064218A
:10217000B0FBF1F000F0F00A04206168A0FB0170F0
:1021800003461920A9FB00513A462846FEF7E3F81A
:102190006421B0FBF1F00AEB001A04206168A0FB97
:1021A00001510B461920A9FB00712A463846FEF75B
:1021B000D2F8834604206168A0FB01500346192031
:1021C000A9FB007001462A463846FEF7C4F8642190
:1021D000B0FBF1F000EBC00101EB0010ABEB8000B5
:1021E000322101EB00106421B0FBF1F000F00F0090
:1021F000504421688860BDE8F88F0000001001405D
:102200000014014010B5034699629A85DA850020D2
:102210001864222083F83E0000BF002083F83C00B1
:1022200000BF1868C06840F480701C68E0601868DF
:10223000406940F001001C6860611868C06840F0A7
:1022400020001C68E060002010BD014691F83D00B0
:10225000212828D18868B0F5805F0BD1086948B97A
:102260000A6A1088C0F308000B685860086A801C6E
:10227000086205E00B6A581C086218780B68586001
:10228000C88C401E80B2C88458B90868C06820F065
:1022900080000B68D8600868C06840F040000B6898
:1022A000D860002070470220FCE7000010B502480B
:1022B000FFF72CFB10BD00001002002000BFFEE75E
:1022C00070B50621302004F0BBFD302004F0C8FCBE
:1022D0000546062D03D00621302004F0B1FD002470
:1022E00003E006F0CBFB601C84B2C82CF9DB70BDA8
:1022F00002480068C0F30220704700000CED00E0C7
:1023000010B5002804DB0A07130E054A135406E033
:102310000A07140E034A00F00F031B1FD45410BD0C
:1023200000E400E018ED00E000BF704700F001019C
:10233000194A1160C0F34001184AC2F88412C0F370
:102340008001154A08321160C0F30011121F11609C
:10235000C0F34011104A3C321160C0F38011104AA2
:102360001160C0F3C0110C4A38321160C0F3002173
:102370000B4A121D1160C0F34021074A343211602C
:10238000C0F38021044A14321160C0F3C021024A14
:102390000C321160704700008082424200004342CC
:1023A0009002434200F00101104A1160C0F3400165
:1023B0000F4AC2F8BC12C0F380010C4A383A1160CF
:1023C000C0F3C001121D1160C0F30011094A116071
:1023D000C0F34011121D1160C0F38011121D116075
:1023E000C109054AC2F8A81270470000B8824142EC
:1023F000008041429C0242420000424270B50446C5
:102400000420FFF759F90A48046025464FF47A7012
:1024100045434FF0E020006940F002004FF0E0211A
:10242000086108464561006940F00100086170BD1F
:102430002800002030B50446002504E04FF47A70EF
:1024400000F004F86D1CA542F8D330BD70B503460A
:1024500000224FF0E02675690D4E366803FB06F446
:102460004FF0E026B16910E04FF0E026B0698842F5
:102470000BD0884202D20E1A324402E02E1A0E44C9
:1024800032440146A24200D300E0EDE700BF70BD38
:102490002800002000BF054A126802F04002002A0E
:1024A000F9D0C2B2014B5A607047000000100140E1
:1024B0000EB54FF4784019A120221346CDE9002132
:1024C0000290DC220A21084603F0ACFA4FF478406F
:1024D00014A118221346CDE900210290DC222F21FD
:1024E0000A2003F09FFA4FF4784013A110221346FC
:1024F000CDE900210290DC224C210A2003F092FA5F
:102500001148012100238022CDE900100FA11248BB
:1025100005F03CFF05F098FB0EBD000053544D3311
:10252000320000004672656552544F5320506F725E
:1025300074696E670000000041544F4D40414C49A2
:10254000454E54454B000000040000207374617236
:10255000745F7461736B0000256F000800B587B06D
:1025600000BF00BF002001903848006840F0100014
:10257000364908600846006800F01000019000BF6E
:1025800000BF00BF00BF00BF0020019008460068E8
:1025900040F0100008600846006800F0100001904C
:1025A00000BF00BF00BF00BF00BF00200190084671
:1025B000006840F0100008600846006800F0100055
:1025C000019000BF00BF00BF00BF00BF002001900E
:1025D0000846006840F0010008600846006800F006
:1025E0000100019000BF00BF00BF1020029000203A
:1025F0000390012004900220059002A91448FEF7E0
:1026000083FA082002900020039001200490022009
:10261000059002A90E48FEF777FA042002900020E8
:102620000390012004900220059002A90848FEF7BB
:102630006BFA012002900020039002200490059084
:1026400002A90448FEF760FA07B000BD3038024026
:10265000001002400000024070B504460026094800
:102660000588408845430021084603F0ABF803F095
:1026700057FA00BF02E004480480761CAE42FAD349
:1026800070BD0000A40200208000006C10B504465C
:1026900058488471002C58D1F020564908804FF4D6
:1026A000A07048800846808845F21051884210D1B9
:1026B0004FF430504F4908814FF4285048814FF46F
:1026C0002C5088814FF4F07008804FF44870488097
:1026D0001AE04848808841F6631188420DD12C20C9
:1026E000444908812B2048812A2088814FF4F070CA
:1026F00008804FF44870488006E02C203D4908814E
:102700002A2048812B2088813A48808845F2103160
:10271000884205D03748808847F29671884206D1B2
:102720004FF4A070334908804FF4F070488031486E
:10273000808849F60601884258D14FF4F0702D493F
:1027400008804FF44870488050E04FF4A070294949
:102750000880F02048800846808845F21051884261
:1027600010D14FF43050234908814FF4285048814C
:102770004FF42C5088814FF4487008804FF4F0706B
:10278000488020E01B48808841F66311884205D0CC
:102790001848808849F6060188420DD12C20154939
:1027A00008812A2048812B2088814FF448700880B6
:1027B0004FF4F070488006E02C200E4908812A2052
:1027C00048812B2088810B48808845F2103188424F
:1027D00005D00848808847F29671884206D14FF4A8
:1027E000F070044908804FF4A0704880002002F087
:1027F000CBFE10BDA402002070B505460E4614465F
:102800003146284602F0DEFF03F08AF901490C80C8
:1028100070BD00008000006C10B5CF2003F074F98B
:10282000002003F065F9C12003F062F9302003F0C5
:102830005FF9ED2003F068F9642003F059F90320F3
:1028400003F056F9122003F053F9812003F050F9F8
:10285000E82003F059F9852003F04AF9102003F02D
:1028600047F97A2003F044F9CB2003F04DF93920E1
:1028700003F03EF92C2003F03BF9002003F038F977
:10288000342003F035F9022003F032F9F72003F089
:102890003BF9202003F02CF9EA2003F035F9002061
:1028A00003F026F9002003F023F9C02003F02CF9EF
:1028B0001B2003F01DF9C12003F026F9012003F0CD
:1028C00017F9C52003F020F9302003F011F930206A
:1028D00003F00EF9C72003F017F9B72003F008F949
:1028E000362003F011F9482003F002F93A2003F0F2
:1028F0000BF9552003F0FCF8B12003F005F9002096
:1029000003F0F6F81A2003F0F3F8B62003F0FCF811
:102910000A2003F0EDF8A22003F0EAF8F22003F019
:10292000F3F8002003F0E4F8262003F0EDF801208E
:1029300003F0DEF8E02003F0E7F80F2003F0D8F80A
:102940002A2003F0D5F8282003F0D2F8082003F05D
:10295000CFF80E2003F0CCF8082003F0C9F854207B
:1029600003F0C6F8A92003F0C3F8432003F0C0F831
:102970000A2003F0BDF80F2003F0BAF8002003F09E
:10298000B7F8002003F0B4F8002003F0B1F80020FD
:1029900003F0AEF8E12003F0B7F8002003F0A8F848
:1029A000152003F0A5F8172003F0A2F8072003F084
:1029B0009FF8112003F09CF8062003F099F82B20D3
:1029C00003F096F8562003F093F83C2003F090F8BB
:1029D000052003F08DF8102003F08AF80F2003F093
:1029E00087F83F2003F084F83F2003F081F80F20A0
:1029F00003F07EF82B2003F087F8002003F078F82E
:102A0000002003F075F8012003F072F83F2003F076
:102A10006FF82A2003F078F8002003F069F800200E
:102A200003F066F8002003F063F8EF2003F060F88D
:102A3000112003F069F87820FFF7FCFC292003F04F
:102A400063F810BD10B5FF2003F05EF8FF2003F01F
:102A50004FF8982003F04CF8062003F049F8BC200A
:102A600003F052F8012003F043F80F2003F040F880
:102A7000612003F03DF8FF2003F03AF8012003F055
:102A800037F8012003F034F80B2003F031F8102060
:102A900003F02EF8372003F02BF8632003F028F81A
:102AA000FF2003F025F8FF2003F022F8012003F0B7
:102AB0001FF8012003F01CF8002003F019F8002093
:102AC00003F016F8FF2003F013F8522003F010F87B
:102AD000012003F00DF8002003F00AF8402003F075
:102AE00007F8BD2003F010F8012003F001F82320BF
:102AF00002F0FEFF452002F0FBFF672002F0F8FF26
:102B0000012002F0F5FF232002F0F2FF452002F041
:102B1000EFFF672002F0ECFFBE2002F0F5FF00207F
:102B200002F0E6FF012002F0E3FFAB2002F0E0FF3D
:102B3000602002F0DDFF222002F0DAFF222002F006
:102B4000D7FF222002F0D4FF222002F0D1FF222062
:102B500002F0CEFFC72002F0D7FF362002F0C8FFF8
:102B6000ED2002F0D1FF7F2002F0C2FF0F2002F023
:102B7000BFFFC02002F0C8FF0F2002F0B9FF0B20FA
:102B800002F0B6FF0A2002F0B3FFFC2002F0BCFF07
:102B9000082002F0ADFFDF2002F0B6FF002002F0B7
:102BA000A7FF002002F0A4FF002002F0A1FF0020F8
:102BB00002F09EFF002002F09BFF202002F098FF11
:102BC000F32002F0A1FF742002F092FFB42002F083
:102BD0009BFF002002F08CFF002002F089FF002004
:102BE00002F086FFF72002F08FFF822002F080FFC4
:102BF000B12002F089FF002002F07AFF132002F0DA
:102C000077FF132002F074FFF22002F07DFF802096
:102C100002F06EFF042002F06BFF402002F068FF1C
:102C2000282002F065FFC12002F06EFF172002F09D
:102C30005FFF882002F05CFF882002F059FF20200F
:102C400002F056FFE02002F05FFF002002F050FF8C
:102C50000A2002F04DFF122002F04AFF102002F07D
:102C600047FF0E2002F044FF202002F041FFCC205D
:102C700002F03EFF072002F03BFF062002F038FF83
:102C80000B2002F035FF0E2002F032FF0F2002F081
:102C90002FFF0D2002F02CFF152002F029FF10203D
:102CA00002F026FF002002F023FFE12002F02CFFBB
:102CB000002002F01DFF0B2002F01AFF132002F08B
:102CC00017FF0D2002F014FF0E2002F011FF1B2051
:102CD00002F00EFF712002F00BFF062002F008FF49
:102CE000062002F005FF0A2002F002FF0F2002F08A
:102CF000FFFE0E2002F0FCFE0F2002F0F9FE152070
:102D000002F0F6FE0C2002F0F3FE002002F0F0FECE
:102D10002A2002F0F9FE002002F0EAFE002002F074
:102D2000E7FE012002F0E4FEDF2002F0E1FE2B20AE
:102D300002F0EAFE002002F0DBFE002002F0D8FEE6
:102D4000032002F0D5FE1F2002F0D2FE3A2002F04E
:102D5000DBFE552002F0CCFE362002F0D5FE00202E
:102D600002F0C6FE112002F0CFFE7820FFF762FBD2
:102D7000292002F0C9FE1420FFF75CFB2C2002F092
:102D8000C3FE10BD10B5ED2002F0BEFE012002F022
:102D9000AFFEFE2002F0ACFEEE2002F0B5FEDE201B
:102DA00002F0A6FE212002F0A3FEF12002F0ACFE0C
:102DB000012002F09DFEDF2002F0A6FE102002F0AE
:102DC00097FEC42002F0A0FE8F2002F091FEC620E4
:102DD00002F09AFE002002F08BFEE22002F088FE54
:102DE000E22002F085FEE22002F082FEBF2002F027
:102DF0008BFEAA2002F07CFEB02002F085FE0D20A2
:102E000002F076FE002002F073FE0D2002F070FE4C
:102E1000002002F06DFE112002F06AFE002002F098
:102E200067FE192002F064FE002002F061FE2120FE
:102E300002F05EFE002002F05BFE2D2002F058FE44
:102E4000002002F055FE3D2002F052FE002002F06C
:102E50004FFE5D2002F04CFE002002F049FE5D2096
:102E600002F046FE002002F043FEB12002F04CFECC
:102E7000802002F03DFE002002F03AFE8B2002F09E
:102E800037FE002002F034FE962002F031FE0020D2
:102E900002F02EFEB22002F037FE002002F028FEE3
:102EA000002002F025FE022002F022FE002002F0A7
:102EB0001FFE032002F01CFE002002F019FEB320CA
:102EC00002F022FE002002F013FE002002F010FEAD
:102ED000002002F00DFE002002F00AFE002002F0A9
:102EE00007FE002002F004FE002002F001FE002098
:102EF00002F0FEFD002002F0FBFD002002F0F8FDD4
:102F0000002002F0F5FD002002F0F2FD002002F0AA
:102F1000EFFD002002F0ECFD002002F0E9FD0020B2
:102F200002F0E6FD002002F0E3FD002002F0E0FDEB
:102F3000002002F0DDFD002002F0DAFD002002F0AA
:102F4000D7FD002002F0D4FD002002F0D1FD0020CA
:102F500002F0CEFDB42002F0D7FD8B2002F0C8FDB8
:102F6000002002F0C5FD962002F0C2FD002002F014
:102F7000BFFDA12002F0BCFD002002F0B9FDB5208C
:102F800002F0C2FD022002F0B3FD002002F0B0FD0D
:102F9000032002F0ADFD002002F0AAFD042002F0A3
:102FA000A7FD002002F0A4FDB62002F0ADFD002038
:102FB00002F09EFD002002F09BFDB72002F0A4FD70
:102FC000002002F095FD002002F092FD3F2002F06B
:102FD0008FFD002002F08CFD5E2002F089FD0020B4
:102FE00002F086FD642002F083FD002002F080FDE7
:102FF0008C2002F07DFD002002F07AFDAC2002F072
:1030000077FD002002F074FDDC2002F071FD00204D
:1030100002F06EFD702002F06BFD002002F068FDF2
:10302000902002F065FD002002F062FDEB2002F02E
:103030005FFD002002F05CFDDC2002F059FD002065
:1030400002F056FDB82002F05FFD002002F050FDB6
:10305000002002F04DFD002002F04AFD002002F0A9
:1030600047FD002002F044FD002002F041FD002059
:1030700002F03EFD002002F03BFDBA2002F044FDCC
:10308000242002F035FD002002F032FD002002F085
:103090002FFD002002F02CFDC12002F035FD202084
:1030A00002F026FD002002F023FD542002F020FD56
:1030B000002002F01DFDFF2002F01AFD002002F0AA
:1030C00017FDC22002F020FD0A2002F011FD0020B1
:1030D00002F00EFD042002F00BFD002002F008FDBE
:1030E000C32002F011FD3C2002F002FD002002F09E
:1030F000FFFC3A2002F0FCFC002002F0F9FC392031
:1031000002F0F6FC002002F0F3FC372002F0F0FCA5
:10311000002002F0EDFC3C2002F0EAFC002002F06E
:10312000E7FC362002F0E4FC002002F0E1FC322053
:1031300002F0DEFC002002F0DBFC2F2002F0D8FCC5
:10314000002002F0D5FC2C2002F0D2FC002002F07E
:10315000CFFC292002F0CCFC002002F0C9FC262084
:1031600002F0C6FC002002F0C3FC242002F0C0FCE8
:10317000002002F0BDFC242002F0BAFC002002F086
:10318000B7FC232002F0B4FC002002F0B1FC3C208C
:1031900002F0AEFC002002F0ABFC362002F0A8FCEE
:1031A000002002F0A5FC322002F0A2FC002002F078
:1031B0009FFC2F2002F09CFC002002F099FC2C20A8
:1031C00002F096FC002002F093FC292002F090FC13
:1031D000002002F08DFC262002F08AFC002002F084
:1031E00087FC242002F084FC002002F081FC2420D3
:1031F00002F07EFC002002F07BFC232002F078FC31
:10320000002002F075FCC42002F07EFC622002F077
:103210006FFC002002F06CFC052002F069FC00202D
:1032200002F066FC842002F063FC002002F060FCE7
:10323000F02002F05DFC002002F05AFC182002F0A1
:1032400057FC002002F054FCA42002F051FC0020A6
:1032500002F04EFC182002F04BFC002002F048FC6B
:10326000502002F045FC002002F042FC0C2002F04D
:103270003FFC002002F03CFC172002F039FC00204B
:1032800002F036FC952002F033FC002002F030FC06
:10329000F32002F02DFC002002F02AFCE62002F0D0
:1032A00027FC002002F024FCC52002F02DFC322077
:1032B00002F01EFC002002F01BFC442002F018FC6F
:1032C000002002F015FC652002F012FC002002F044
:1032D0000FFC762002F00CFC002002F009FC882094
:1032E00002F006FC002002F003FCC62002F00CFCF9
:1032F000202002F0FDFB002002F0FAFB172002F074
:10330000F7FB002002F0F4FB012002F0F1FB0020AB
:1033100002F0EEFBC72002F0F7FB002002F0E8FB12
:10332000002002F0E5FB002002F0E2FB002002F0AA
:10333000DFFBC82002F0E8FB002002F0D9FB0020F0
:1033400002F0D6FB002002F0D3FB002002F0D0FBFD
:10335000C92002F0D9FB002002F0CAFB002002F0D5
:10336000C7FB002002F0C4FB002002F0C1FB0020DC
:1033700002F0BEFB002002F0BBFB002002F0B8FB15
:10338000002002F0B5FB002002F0B2FB002002F0AA
:10339000AFFB002002F0ACFB002002F0A9FB0020F4
:1033A00002F0A6FB002002F0A3FB002002F0A0FB2D
:1033B000002002F09DFBE02002F0A6FB162002F0A8
:1033C00097FB002002F094FB1C2002F091FB0020F0
:1033D00002F08EFB212002F08BFB002002F088FB24
:1033E000362002F085FB002002F082FB462002F02E
:1033F0007FFB002002F07CFB522002F079FB0020D2
:1034000002F076FB642002F073FB002002F070FBF8
:103410007A2002F06DFB002002F06AFB8B2002F0A4
:1034200067FB002002F064FB992002F061FB0020A2
:1034300002F05EFBA82002F05BFB002002F058FBCC
:10344000B92002F055FB002002F052FBC42002F02C
:103450004FFB002002F04CFBCA2002F049FB002089
:1034600002F046FBD22002F043FB002002F040FBBA
:10347000D92002F03DFB002002F03AFBE02002F0F0
:1034800037FB002002F034FBF32002F031FB002078
:1034900002F02EFBE12002F037FB162002F028FBA1
:1034A000002002F025FB1C2002F022FB002002F08D
:1034B0001FFB222002F01CFB002002F019FB36202B
:1034C00002F016FB002002F013FB452002F010FB77
:1034D000002002F00DFB522002F00AFB002002F057
:1034E00007FB642002F004FB002002F001FB7A20BD
:1034F00002F0FEFA002002F0FBFA8B2002F0F8FA4C
:10350000002002F0F5FA992002F0F2FA002002F011
:10351000EFFAA82002F0ECFA002002F0E9FAB92054
:1035200002F0E6FA002002F0E3FAC42002F0E0FA2A
:10353000002002F0DDFACA2002F0DAFA002002F0E0
:10354000D7FAD22002F0D4FA002002F0D1FAD82023
:1035500002F0CEFA002002F0CBFAE02002F0C8FA26
:10356000002002F0C5FAF32002F0C2FA002002F0B7
:10357000BFFAE22002F0C8FA052002F0B9FA0020F2
:1035800002F0B6FA0B2002F0B3FA002002F0B0FA13
:103590001B2002F0ADFA002002F0AAFA342002F05B
:1035A000A7FA002002F0A4FA442002F0A1FA0020B9
:1035B00002F09EFA4F2002F09BFA002002F098FAE7
:1035C000612002F095FA002002F092FA792002F0D0
:1035D0008FFA002002F08CFA882002F089FA00208D
:1035E00002F086FA972002F083FA002002F080FAB7
:1035F000A62002F07DFA002002F07AFAB72002F04D
:1036000077FA002002F074FAC22002F071FA00206A
:1036100002F06EFAC72002F06BFA002002F068FA9E
:10362000D12002F065FA002002F062FAD62002F002
:103630005FFA002002F05CFADD2002F059FA002067
:1036400002F056FAF32002F053FA002002F050FA8A
:10365000E32002F059FA052002F04AFA002002F0B5
:1036600047FA0A2002F044FA002002F041FA1C2036
:1036700002F03EFA002002F03BFA332002F038FA62
:10368000002002F035FA442002F032FA002002F065
:103690002FFA502002F02CFA002002F029FA6220C2
:1036A00002F026FA002002F023FA782002F020FA35
:1036B000002002F01DFA882002F01AFA002002F021
:1036C00017FA972002F014FA002002F011FAA6204F
:1036D00002F00EFA002002F00BFAB72002F008FA0E
:1036E000002002F005FAC22002F002FA002002F0E7
:1036F000FFF9C72002F0FCF9002002F0F9F9D1200F
:1037000002F0F6F9002002F0F3F9D52002F0F0F90A
:10371000002002F0EDF9DD2002F0EAF9002002F0CD
:10372000E7F9F32002F0E4F9002002F0E1F9E420E7
:1037300002F0EAF9012002F0DBF9002002F0D8F9EA
:10374000012002F0D5F9002002F0D2F9022002F0A7
:10375000CFF9002002F0CCF92A2002F0C9F90020AC
:1037600002F0C6F93C2002F0C3F9002002F0C0F9D3
:103770004B2002F0BDF9002002F0BAF95D2002F002
:10378000B7F9002002F0B4F9742002F0B1F900207A
:1037900002F0AEF9842002F0ABF9002002F0A8F9A3
:1037A000932002F0A5F9002002F0A2F9A22002F075
:1037B0009FF9002002F09CF9B32002F099F9002053
:1037C00002F096F9BE2002F093F9002002F090F981
:1037D000C42002F08DF9002002F08AF9CD2002F019
:1037E00087F9002002F084F9D32002F081F900204B
:1037F00002F07EF9DD2002F07BF9002002F078F97A
:10380000F32002F075F9002002F072F9E52002F0D1
:103810007BF9002002F06CF9002002F069F9002029
:1038200002F066F9002002F063F9022002F060F96C
:10383000002002F05DF9292002F05AF9002002F080
:1038400057F93C2002F054F9002002F051F94B20C6
:1038500002F04EF9002002F04BF95D2002F048F929
:10386000002002F045F9742002F042F9002002F035
:103870003FF9842002F03CF9002002F039F993204E
:1038800002F036F9002002F033F9A22002F030F9FC
:10389000002002F02DF9B32002F02AF9002002F0F6
:1038A00027F9BE2002F024F9002002F021F9C420FB
:1038B00002F01EF9002002F01BF9CD2002F018F9E9
:1038C000002002F015F9D32002F012F9002002F0D6
:1038D0000FF9DC2002F00CF9002002F009F9F320C6
:1038E00002F006F9002002F003F9E62002F00CF9DC
:1038F000112002F0FDF8002002F0FAF8342002F066
:10390000F7F8002002F0F4F8562002F0F1F8002059
:1039100002F0EEF8762002F0EBF8002002F0E8F872
:10392000772002F0E5F8002002F0E2F8662002F0CD
:10393000DFF8002002F0DCF8882002F0D9F800203F
:1039400002F0D6F8992002F0D3F8002002F0D0F867
:10395000BB2002F0CDF8002002F0CAF8992002F056
:10396000C7F8002002F0C4F8662002F0C1F8002079
:1039700002F0BEF8552002F0BBF8002002F0B8F8C3
:10398000552002F0B5F8002002F0B2F8452002F010
:10399000AFF8002002F0ACF8432002F0A9F80020B4
:1039A00002F0A6F8442002F0A3F8002002F0A0F8EC
:1039B000E72002F0A9F8322002F09AF8002002F085
:1039C00097F8552002F094F8002002F091F8762044
:1039D00002F08EF8002002F08BF8662002F088F8E2
:1039E000002002F085F8672002F082F8002002F043
:1039F0007FF8672002F07CF8002002F079F8872039
:103A000002F076F8002002F073F8992002F070F8C6
:103A1000002002F06DF8BB2002F06AF8002002F0EE
:103A200067F8992002F064F8002002F061F877202E
:103A300002F05EF8002002F05BF8442002F058F833
:103A4000002002F055F8562002F052F8002002F053
:103A50004FF8232002F04CF8002002F049F8332000
:103A600002F046F8002002F043F8452002F040F84A
:103A7000002002F03DF8E82002F046F8002002F0B5
:103A800037F8002002F034F8992002F031F80020D5
:103A900002F02EF8872002F02BF8002002F028F820
:103AA000882002F025F8002002F022F8772002F0AA
:103AB0001FF8002002F01CF8662002F019F8002020
:103AC00002F016F8882002F013F8002002F010F837
:103AD000AA2002F00DF8002002F00AF8BB2002F044
:103AE00007F8002002F004F8992002F001F8002005
:103AF00001F0FEFF662001F0FBFF002001F0F8FF5F
:103B0000552001F0F5FF002001F0F2FF552001F0F3
:103B1000EFFF002001F0ECFF442001F0E9FF00205E
:103B200001F0E6FF442001F0E3FF002001F0E0FF98
:103B3000552001F0DDFF002001F0DAFFE92001F05F
:103B4000E3FFAA2001F0D4FF002001F0D1FF002004
:103B500001F0CEFF002001F0CBFF002001F0D4FFE8
:103B6000AA2001F0C5FFCF2001F0CEFF002001F018
:103B7000BFFF002001F0BCFF002001F0B9FF0020D2
:103B800001F0B6FF002001F0B3FF002001F0B0FF0C
:103B9000002001F0ADFF002001F0AAFF002001F09D
:103BA000A7FF002001F0A4FF002001F0A1FF0020EA
:103BB00001F09EFF002001F09BFF002001F098FF24
:103BC000002001F095FF002001F092FF002001F09D
:103BD0008FFFF02001F098FF002001F089FF5020B6
:103BE00001F086FF002001F083FF002001F080FF3C
:103BF000002001F07DFFF32001F086FF002001F09E
:103C000077FFF92001F080FF062001F071FF1020FE
:103C100001F06EFF292001F06BFF002001F068FF2A
:103C20003A2001F071FF552001F062FF112001F0F0
:103C30006BFF6420FEF7FEFB292001F065FF3520B5
:103C400001F062FF002001F053FF512001F05CFF02
:103C5000FF2001F04DFF532001F056FF2C2001F012
:103C600047FF552001F050FF822001F041FF2C203A
:103C700001F04AFF10BD10B555214FF4704001F01E
:103C800059FFAA214FF2010001F054FF52214FF2D7
:103C9000020001F04FFF08214FF2030001F04AFF3C
:103CA00001214FF2040001F045FF0D214FF4304097
:103CB00001F040FF0D214BF2010001F03BFF0D210F
:103CC0004BF2020001F036FF34214FF4364001F090
:103CD00031FF34214BF2016001F02CFF34214BF213
:103CE000026001F027FF0D214FF4314001F022FF67
:103CF0000D214BF2011001F01DFF0D214BF20210BE
:103D000001F018FF34214FF4374001F013FF342144
:103D10004BF2017001F00EFF34214BF2027001F002
:103D200009FF00214FF4324001F004FF00214BF263
:103D3000012001F0FFFE00214BF2022001F0FAFE0B
:103D400024214FF4384001F0F5FE24214BF6010008
:103D500001F0F0FE24214BF6020001F0EBFE012100
:103D60004FF43F4001F0E6FE0F214FF4334001F0E5
:103D7000E1FE0F214BF2013001F0DCFE0F214BF28E
:103D8000023001F0D7FE34214FF4394001F0D2FE69
:103D900034214BF6011001F0CDFE34214BF6021018
:103DA00001F0C8FE08214FF4354001F0C3FE0821A0
:103DB0004BF2015001F0BEFE08214BF2025001F01F
:103DC000B9FE03214FF4424001F0B4FE24214FF428
:103DD0003A4001F0AFFE24214BF6012001F0AAFE8B
:103DE00024214BF6022001F0A5FE00214FF43C40B7
:103DF00001F0A0FE78214BF6014001F09BFE00216E
:103E00004BF6024001F096FE00214FF43D4001F0D8
:103E100091FE78214BF6015001F08CFE00214BF60B
:103E2000025001F087FE00214FF43E4001F082FE77
:103E300064214BF6016001F07DFE00214FF45140FA
:103E400001F078FE33214DF2011001F073FE0021E4
:103E50004DF2021001F06EFE34214DF2031001F01C
:103E600069FE00214DF2041001F064FE3A214DF28A
:103E7000051001F05FFE00214DF2061001F05AFE20
:103E80004A214DF2071001F055FE00214DF20810B5
:103E900001F050FE5C214DF2091001F04BFE0021B3
:103EA0004DF20A1001F046FE81214DF20B1001F097
:103EB00041FE00214DF20C1001F03CFEA6214DF216
:103EC0000D1001F037FE00214DF20E1001F032FE10
:103ED000E5214DF20F1001F02DFE01214DF21010E1
:103EE00001F028FE13214DF2111001F023FE0121F3
:103EF0004DF2121001F01EFE54214DF2131001F08C
:103F000019FE01214DF2141001F014FE82214DF230
:103F1000151001F00FFE01214DF2161001F00AFEFE
:103F2000CA214DF2171001F005FE02214DF21810C2
:103F300001F000FE00214DF2191001F0FBFD0221FD
:103F40004DF21A1001F0F6FD01214DF21B1001F0A7
:103F5000F1FD02214DF21C1001F0ECFD34214DF277
:103F60001D1001F0E7FD02214DF21E1001F0E2FDEF
:103F700067214DF21F1001F0DDFD02214DF22010EE
:103F800001F0D8FD84214DF2211001F0D3FD022172
:103F90004DF2221001F0CEFDA4214DF2231001F0CC
:103FA000C9FD02214DF2241001F0C4FDB7214DF2EC
:103FB000251001F0BFFD02214DF2261001F0BAFDDF
:103FC000CF214DF2271001F0B5FD02214DF228104E
:103FD00001F0B0FDDE214DF2291001F0ABFD022110
:103FE0004DF22A1001F0A6FDF2214DF22B1001F046
:103FF000A1FD02214DF22C1001F09CFDFE214DF29D
:104000002D1001F097FD03214DF22E1001F092FDCD
:1040100010214DF22F1001F08DFD03214DF23010D3
:1040200001F088FD33214DF2311001F083FD0321B1
:104030004DF2321001F07EFD6D214DF2331001F092
:1040400079FD00214FF4524001F074FD33214DF20F
:10405000012001F06FFD00214DF2022001F06AFD08
:1040600034214DF2032001F065FD00214DF20420C2
:1040700001F060FD3A214DF2052001F05BFD0021C9
:104080004DF2062001F056FD4A214DF2072001F0C5
:1040900051FD00214DF2082001F04CFD5C214DF254
:1040A000092001F047FD00214DF20A2001F042FDF8
:1040B00081214DF20B2001F03DFD00214DF20C203D
:1040C00001F038FDA6214DF20D2001F033FD002155
:1040D0004DF20E2001F02EFDE5214DF20F2001F0F2
:1040E00029FD01214DF2102001F024FD13214DF294
:1040F000112001F01FFD01214DF2122001F01AFDE7
:1041000054214DF2132001F015FD01214DF2142030
:1041100001F010FD82214DF2152001F00BFD01216F
:104120004DF2162001F006FDCA214DF2172001F0D4
:1041300001FD02214DF2182001F0FCFC00214DF29E
:10414000192001F0F7FC02214DF21A2001F0F2FCD7
:1041500001214DF21B2001F0EDFC02214DF21C204B
:1041600001F0E8FC34214DF21D2001F0E3FC0221B6
:104170004DF21E2001F0DEFC67214DF21F2001F000
:10418000D9FC02214DF2202001F0D4FC84214DF213
:10419000212001F0CFFC02214DF2222001F0CAFCC7
:1041A000A4214DF2232001F0C5FC02214DF2242070
:1041B00001F0C0FCB7214DF2252001F0BBFC02212B
:1041C0004DF2262001F0B6FCCF214DF2272001F060
:1041D000B1FC02214DF2282001F0ACFCDE214DF2B1
:1041E000292001F0A7FC02214DF22A2001F0A2FCB7
:1041F000F2214DF22B2001F09DFC02214DF22C20EA
:1042000001F098FCFE214DF22D2001F093FC0321DA
:104210004DF22E2001F08EFC10214DF22F2001F0E6
:1042200089FC03214DF2302001F084FC33214DF252
:10423000312001F07FFC03214DF2322001F07AFCA5
:104240006D214DF2332001F075FC00214FF45340F5
:1042500001F070FC33214DF2013001F06BFC0021C4
:104260004DF2023001F066FC34214DF2033001F0D2
:1042700061FC00214DF2043001F05CFC3A214DF26A
:10428000053001F057FC00214DF2063001F052FCE0
:104290004A214DF2073001F04DFC00214DF208306B
:1042A00001F048FC5C214DF2093001F043FC002193
:1042B0004DF20A3001F03EFC81214DF20B3001F04D
:1042C00039FC00214DF20C3001F034FCA6214DF2F6
:1042D0000D3001F02FFC00214DF20E3001F02AFCD0
:1042E000E5214DF20F3001F025FC01214DF2103097
:1042F00001F020FC13214DF2113001F01BFC0121D3
:104300004DF2123001F016FC54214DF2133001F041
:1043100011FC01214DF2143001F00CFC82214DF210
:10432000153001F007FC01214DF2163001F002FCBE
:10433000CA214DF2173001F0FDFB02214DF2183079
:1043400001F0F8FB00214DF2193001F0F3FB0221DE
:104350004DF21A3001F0EEFB01214DF21B3001F05D
:10436000E9FB02214DF21C3001F0E4FB34214DF257
:104370001D3001F0DFFB02214DF21E3001F0DAFBAF
:1043800067214DF21F3001F0D5FB02214DF22030A4
:1043900001F0D0FB84214DF2213001F0CBFB022152
:1043A0004DF2223001F0C6FBA4214DF2233001F082
:1043B000C1FB02214DF2243001F0BCFBB7214DF2CC
:1043C000253001F0B7FB02214DF2263001F0B2FB9F
:1043D000CF214DF2273001F0ADFB02214DF2283004
:1043E00001F0A8FBDE214DF2293001F0A3FB0221F0
:1043F0004DF22A3001F09EFBF2214DF22B3001F0FC
:1044000099FB02214DF22C3001F094FBFE214DF27C
:104410002D3001F08FFB03214DF22E3001F08AFB8D
:1044200010214DF22F3001F085FB03214DF2303089
:1044300001F080FB33214DF2313001F07BFB032191
:104440004DF2323001F076FB6D214DF2333001F048
:1044500071FB00214FF4544001F06CFB33214DF20D
:10446000014001F067FB00214DF2024001F062FBC8
:1044700034214DF2034001F05DFB00214DF2044078
:1044800001F058FB3A214DF2054001F053FB0021A9
:104490004DF2064001F04EFB4A214DF2074001F07B
:1044A00049FB00214DF2084001F044FB5C214DF234
:1044B000094001F03FFB00214DF20A4001F03AFBB8
:1044C00081214DF20B4001F035FB00214DF20C40F3
:1044D00001F030FBA6214DF20D4001F02BFB002135
:1044E0004DF20E4001F026FBE5214DF20F4001F0A8
:1044F00021FB01214DF2104001F01CFB13214DF274
:10450000114001F017FB01214DF2124001F012FBA6
:1045100054214DF2134001F00DFB01214DF21440E6
:1045200001F008FB82214DF2154001F003FB01214F
:104530004DF2164001F0FEFACA214DF2174001F08B
:10454000F9FA02214DF2184001F0F4FA00214DF27F
:10455000194001F0EFFA02214DF21A4001F0EAFA97
:1045600001214DF21B4001F0E5FA02214DF21C4001
:1045700001F0E0FA34214DF21D4001F0DBFA022196
:104580004DF21E4001F0D6FA67214DF21F4001F0B6
:10459000D1FA02214DF2204001F0CCFA84214DF2F3
:1045A000214001F0C7FA02214DF2224001F0C2FA87
:1045B000A4214DF2234001F0BDFA02214DF2244026
:1045C00001F0B8FAB7214DF2254001F0B3FA02210B
:1045D0004DF2264001F0AEFACF214DF2274001F016
:1045E000A9FA02214DF2284001F0A4FADE214DF291
:1045F000294001F09FFA02214DF22A4001F09AFA77
:10460000F2214DF22B4001F095FA02214DF22C409F
:1046100001F090FAFE214DF22D4001F08BFA0321BA
:104620004DF22E4001F086FA10214DF22F4001F09C
:1046300081FA03214DF2304001F07CFA33214DF232
:10464000314001F077FA03214DF2324001F072FA65
:104650006D214DF2334001F06DFA00214FF45540C9
:1046600001F068FA33214DF2015001F063FA0021A4
:104670004DF2025001F05EFA34214DF2035001F088
:1046800059FA00214DF2045001F054FA3A214DF24A
:10469000055001F04FFA00214DF2065001F04AFAA0
:1046A0004A214DF2075001F045FA00214DF2085021
:1046B00001F040FA5C214DF2095001F03BFA002173
:1046C0004DF20A5001F036FA81214DF20B5001F003
:1046D00031FA00214DF20C5001F02CFAA6214DF2D6
:1046E0000D5001F027FA00214DF20E5001F022FA90
:1046F000E5214DF20F5001F01DFA01214DF210504D
:1047000001F018FA13214DF2115001F013FA0121B2
:104710004DF2125001F00EFA54214DF2135001F0F7
:1047200009FA01214DF2145001F004FA82214DF2F0
:10473000155001F0FFF901214DF2165001F0FAF980
:10474000CA214DF2175001F0F5F902214DF218502F
:1047500001F0F0F900214DF2195001F0EBF90221BE
:104760004DF21A5001F0E6F901214DF21B5001F013
:10477000E1F902214DF21C5001F0DCF934214DF237
:104780001D5001F0D7F902214DF21E5001F0D2F96F
:1047900067214DF21F5001F0CDF902214DF220505A
:1047A00001F0C8F984214DF2215001F0C3F9022132
:1047B0004DF2225001F0BEF9A4214DF2235001F038
:1047C000B9F902214DF2245001F0B4F9B7214DF2AC
:1047D000255001F0AFF902214DF2265001F0AAF95F
:1047E000CF214DF2275001F0A5F902214DF22850BA
:1047F00001F0A0F9DE214DF2295001F09BF90221D0
:104800004DF22A5001F096F9F2214DF22B5001F0B1
:1048100091F902214DF22C5001F08CF9FE214DF25C
:104820002D5001F087F903214DF22E5001F082F94D
:1048300010214DF22F5001F07DF903214DF230503F
:1048400001F078F933214DF2315001F073F9032171
:104850004DF2325001F06EF96D214DF2335001F0FE
:1048600069F900214FF4564001F064F933214DF20B
:10487000016001F05FF900214DF2026001F05AF988
:1048800034214DF2036001F055F900214DF204602E
:1048900001F050F93A214DF2056001F04BF9002189
:1048A0004DF2066001F046F94A214DF2076001F031
:1048B00041F900214DF2086001F03CF95C214DF214
:1048C000096001F037F900214DF20A6001F032F978
:1048D00081214DF20B6001F02DF900214DF20C60A9
:1048E00001F028F9A6214DF20D6001F023F9002115
:1048F0004DF20E6001F01EF9E5214DF20F6001F05E
:1049000019F901214DF2106001F014F913214DF253
:10491000116001F00FF901214DF2126001F00AF966
:1049200054214DF2136001F005F901214DF214609C
:1049300001F000F982214DF2156001F0FBF8012130
:104940004DF2166001F0F6F8CA214DF2176001F041
:10495000F1F802214DF2186001F0ECF800214DF25F
:10496000196001F0E7F802214DF21A6001F0E2F857
:1049700001214DF21B6001F0DDF802214DF21C60B7
:1049800001F0D8F834214DF21D6001F0D3F8022176
:104990004DF21E6001F0CEF867214DF21F6001F06C
:1049A000C9F802214DF2206001F0C4F884214DF2D3
:1049B000216001F0BFF802214DF2226001F0BAF847
:1049C000A4214DF2236001F0B5F802214DF22460DC
:1049D00001F0B0F8B7214DF2256001F0ABF80221EB
:1049E0004DF2266001F0A6F8CF214DF2276001F0CC
:1049F000A1F802214DF2286001F09CF8DE214DF271
:104A0000296001F097F802214DF22A6001F092F836
:104A1000F2214DF22B6001F08DF802214DF22C6055
:104A200001F088F8FE214DF22D6001F083F803219A
:104A30004DF22E6001F07EF810214DF22F6001F052
:104A400079F803214DF2306001F074F833214DF212
:104A5000316001F06FF803214DF2326001F06AF825
:104A60006D214DF2336001F065F855214FF470402F
:104A700001F060F8AA214FF2010001F05BF8522129
:104A80004FF2020001F056F808214FF2030001F046
:104A900051F800214FF2040001F04CF8CC214FF402
:104AA000314001F047F800214BF2011001F042F8CB
:104AB00005214FF4364001F03DF870214FF43740A6
:104AC00001F038F870214BF2017001F033F8012148
:104AD0004FF4384001F02EF803214BF6010001F0AD
:104AE00029F803214BF6020001F024F803214BF6CC
:104AF000030001F01FF802214FF43C4001F01AF8C6
:104B000000214BF6014001F015F800214BF6024060
:104B100001F010F8D0214FF4494001F00BF80221C8
:104B20004CF6011001F006F850214CF6021001F08D
:104B300001F850214CF6031000F0FCFF50214CF618
:104B4000041000F0F7FF00214FF4545000F0F2FF82
:104B500055214FF4685000F0EDFF4FF4885000F0FD
:104B6000D3FF7820FDF772FC4FF4245000F0CCFF07
:104B700010BD10B5E22000F0C7FF1D2000F0B8FF07
:104B8000022000F0B5FF042000F0B2FF6420FDF722
:104B90005DFCE02000F0B8FF012000F0A9FF0A2032
:104BA000FDF748FCE02000F0AFFF032000F0A0FF7D
:104BB0000C20FDF73FFC012000F0A6FF0A20FDF7C6
:104BC00039FCE62000F0A0FF2F2000F091FFFF202D
:104BD00000F08EFFFF2000F08BFFB02000F094FF6C
:104BE000202000F085FF002000F082FF032000F06D
:104BF0007FFF40F21F3000F07BFF012000F078FFC4
:104C000040F2DF1000F074FF002000F071FFB420CC
:104C100000F07AFF042000F06BFF40F21F4000F02C
:104C200067FF002000F064FF2E2000F061FF0020ED
:104C300000F05EFF002000F05BFF002000F058FF56
:104C4000002000F055FFB62000F05EFF022000F0CB
:104C50004FFF4FF4037000F04BFF002000F048FFBF
:104C6000172000F045FF152000F042FF002000F063
:104C70003FFF002000F03CFFF02000F045FF032044
:104C800000F036FF292000F03FFFD02000F03CFF6D
:104C9000002000F02DFFBE2000F036FF052000F0C0
:104CA00027FFFE2000F024FF012000F021FF00205C
:104CB00000F01EFF002000F01BFF002000F018FF96
:104CC000B82000F021FF032000F012FF012000F0C7
:104CD0000FFFBA2000F018FF012000F009FF10BDFF
:104CE00010B5112000F010FF7820FDF7A3FB36204F
:104CF00000F00AFF002000F0FBFE3A2000F004FF65
:104D0000052000F0F5FEB22000F0FEFE0C2000F0C1
:104D1000EFFE0C2000F0ECFE002000F0E9FE332056
:104D200000F0E6FE332000F0E3FEB72000F0ECFEDA
:104D3000352000F0DDFEBB2000F0E6FE322000F062
:104D4000D7FEC02000F0E0FE0C2000F0D1FEC22013
:104D500000F0DAFE012000F0CBFEC32000F0D4FE0C
:104D6000102000F0C5FEC42000F0CEFE202000F090
:104D7000BFFEC62000F0C8FE0F2000F0B9FED02014
:104D800000F0C2FEA42000F0B3FEA12000F0B0FEAF
:104D9000E02000F0B9FED02000F0AAFE002000F0D4
:104DA000A7FE022000F0A4FE072000F0A1FE0A20CA
:104DB00000F09EFE282000F09BFE322000F098FEBE
:104DC000442000F095FE422000F092FE062000F004
:104DD0008FFE0E2000F08CFE122000F089FE1420C1
:104DE00000F086FE172000F083FEE12000F08CFE2C
:104DF000D02000F07DFE002000F07AFE022000F0BE
:104E000077FE072000F074FE0A2000F071FE2820D3
:104E100000F06EFE312000F06BFE542000F068FEC2
:104E2000472000F065FE0E2000F062FE1C2000F01E
:104E30005FFE172000F05CFE1B2000F059FE1E20D4
:104E400000F056FE2A2000F05FFE002000F050FE29
:104E5000002000F04DFE002000F04AFEEF2000F0A0
:104E600047FE2B2000F050FE002000F041FE002005
:104E700000F03EFE012000F03BFE3F2000F038FE37
:104E8000292000F041FE10BD10B5112000F03CFEBD
:104E90007820FDF7CFFA362000F036FE482000F0EB
:104EA00027FE3A2000F030FE552000F021FEF020D1
:104EB00000F02AFEC32000F01BFEF02000F024FECC
:104EC000962000F015FEB42000F01EFE012000F038
:104ED0000FFEB62000F018FE0A2000F009FEA22006
:104EE00000F006FEB72000F00FFEC62000F000FE26
:104EF000B92000F009FE022000F0FAFDE02000F0E9
:104F0000F7FDC02000F000FE802000F0F1FD16202B
:104F100000F0EEFDC12000F0F7FD192000F0E8FDE3
:104F2000C22000F0F1FDA72000F0E2FDC52000F056
:104F3000EBFD162000F0DCFDE82000F0E5FD402050
:104F400000F0D6FD8A2000F0D3FD002000F0D0FD57
:104F5000002000F0CDFD292000F0CAFD192000F04E
:104F6000C7FDA52000F0C4FD332000F0C1FDE02006
:104F700000F0CAFDF02000F0BBFD072000F0B8FDF6
:104F80000D2000F0B5FD042000F0B2FD052000F07A
:104F9000AFFD142000F0ACFD362000F0A9FD542038
:104FA00000F0A6FD4C2000F0A3FD382000F0A0FD8D
:104FB000132000F09DFD142000F09AFD2E2000F03B
:104FC00097FD342000F094FDE12000F09DFDF020DD
:104FD00000F08EFD102000F08BFD142000F088FD05
:104FE0000E2000F085FD0C2000F082FD082000F06E
:104FF0007FFD352000F07CFD442000F079FD4C2041
:1050000000F076FD262000F073FD102000F070FD0A
:10501000122000F06DFD2C2000F06AFD322000F01F
:1050200067FDF02000F070FD3C2000F061FDF020F5
:1050300000F06AFD692000F05BFD7820FDF7FAF9C9
:10504000212000F061FD292000F05EFD10BD000070
:1050500000B595B000BF00BF00200190F84800687F
:1050600040F04000F64908600846006800F0400043
:10507000019000BF00BF00BF00BF00BF0020019033
:105080000846006840F0080008600846006800F024
:105090000800019000BF00BF00BF00BF00BF00209C
:1050A00001900846006840F0080008600846006863
:1050B00000F00800019000BF00BF00BF00BF00BFAC
:1050C000002001900846006840F040000860084653
:1050D000006800F04000019000BF00BF00BF00BFAB
:1050E00000BF002001900846006840F00200086000
:1050F0000846006800F00200019000BF00BF00BF3A
:105100008814109002201190012012900220139018
:105110000C20149010A9CB48FBF7F6FC202010902F
:1051200010A9C948FBF7F0FC1020109010A9C64840
:10513000FBF7EAFC4FF48050109010A9C348FBF72E
:10514000E3FC4FF4004010900120119010A9C048DA
:10515000FBF7DAFC4FF02040BE490860BE484860CB
:10516000062088600021BB48C160102141610021F8
:105170008161C16141624FF4805181620021C1624D
:105180004FF4804101630021416381630F20099046
:1051900000200A903C200B9000200F9009200290E4
:1051A00000200390092004900020089002AA09A979
:1051B000A848FCF703FA3220FDF73CF9D32000F0B1
:1051C000A3FC00F0D5F9A549888000F0D1F9A349E6
:1051D000888000F0CDF9A1498880084680884FF684
:1051E000FF7101EA00209D49888000F0C1F99B49C8
:1051F00089880843994988800846808849F2413166
:1052000088427CD0042000F07FFC00F0B1F9934983
:10521000888000F0ADF99149888000F0A9F98F49A4
:105220008880084680884FF6FF7101EA00208B498C
:10523000888000F09DF989498988084387498880DA
:105240000846808848F25251884203D147F289705B
:10525000824988808148808847F289718842D0D00D
:10526000D42000F051FC00F083F97C49888000F0E4
:105270007FF97A49888000F07BF978498880084670
:1052800080884FF6FF7101EA00207449888000F0A1
:105290006FF9724989880843704988800846808878
:1052A00045F210318842ACD0D32000F02DFC00F044
:1052B0005FF96A49888000F05BF96849888000F0EE
:1052C00057F966498880084680884FF6FF7101EAE1
:1052D00000206249888000F04BF9604989880843C2
:1052E0005E4988800846808847F29671884288D057
:1052F00055214FF4704000F01DFCAA2100E07EE033
:105300004FF2010000F016FC52214FF2020000F0B3
:1053100011FC08214FF2030000F00CFC01214FF2B8
:10532000040000F007FC4FF4454000F0EDFB00F0F6
:105330001FF94A498880084680884FF6FF7101EAC4
:105340000020464988804CF2015000F0DDFB00F05F
:105350000FF9424989880843404988800520FDF7B4
:1053600069F83E48808845F21051884247D0D320E2
:1053700000F0CAFB00F0FCF83849888000F0F8F82B
:105380003649888000F0F4F83449888008468088DF
:105390004FF6FF7101EA00203049888000F0E8F8FC
:1053A0002E49898808432D4988800846808849F617
:1053B0000601884223D0A12000F0A6FB00F0D8F817
:1053C0002649888000F0D4F82449888008468088DF
:1053D0004FF6FF7101EA00202049888000F0C8F8EC
:1053E0001E49898808431D4988800846808845F2FF
:1053F0006171884203D141F66310184988801748CB
:10540000818817A0FBF71EF81448808847F289713D
:10541000884202D1FFF764FC4EE01048808849F2D0
:105420004131884202D1FDF7F7F945E00B48808809
:1054300045F21031884219D1FDF7A4FC3CE0000090
:105440003038024000180240000C024000140240B4
:105450000004024054020020040100A0A402002025
:105460004C43442049443A25780D0A003A48808844
:1054700047F29671884202D1FFF706FD1CE03648DC
:10548000808845F21051884202D1FEF7F4FB13E008
:105490003148808849F60601884202D1FDF7D2FAE8
:1054A0000AE02D48808841F66311884204D1FFF755
:1054B00060FB642000F0ECFA2748808847F289718D
:1054C00088420BD02448808849F24131884205D077
:1054D0002148808841F6631188420AD10320029056
:1054E00004901E490B6B8A68486802A9FBF72EFAE4
:1054F00021E01948808845F21031884211D01648C1
:10550000808847F2967188420BD01348808845F214
:105510001051884205D01048808849F6060188421B
:1055200009D10220029004900C490B6B8A684868EC
:1055300002A9FBF70BFA0020FDF7A8F800BF012233
:10554000D1030748FBF7ECFB00BF4FF6FF70FDF7F8
:1055500083F815B000BD0000A40200205402002012
:105560000004024000BF011EA0F10100FBD1704702
:1055700008B50220FFF7F6FF024800880090BDF84A
:10558000000008BD8000006CF0B50546002400272F
:105590008B488079012805D18948808841F66311BC
:1055A000884208D186488079F0B98548808841F6DC
:1055B0006311884218D1082D15D2DFE805F00406E2
:1055C000080A0C0E101206250DE007250BE0042535
:1055D00009E0052507E0012505E0002503E0032596
:1055E00001E0022500BF00BF082D1CD2DFE805F056
:1055F0000406090C0F12151800BF14E044F08004D3
:1056000011E044F040040EE044F0C0040BE044F02C
:10561000200408E044F0600405E044F0A00402E047
:1056200044F0E00400BF00BF36276548808845F29B
:105630001051884200D13F026148808849F24131CF
:1056400088420BD05E48808847F28971884205D035
:105650005B48808847F29671884201D144F0080483
:105660002146384600F066FA5548808841F66311B5
:1056700088421DD004F0200068B15148008850498C
:105680004988884214DA4E48068840884C49088088
:10569000084646800CE04A480088494949888842C3
:1056A00006DD474806884088454908800846468008
:1056B0004348808845F21051884252D14049488978
:1056C00000F022FA002000F013FA3D494989491CF4
:1056D00088B200F019FA002000F00AFA3849498926
:1056E000891C88B200F010FA35490988491EC1F3B7
:1056F0000F2000F0FDF932494989C91C88B200F039
:1057000003FA2F490978491EC8B200F0F1F92C4973
:10571000888900F0F9F9002000F0EAF92849898920
:10572000491C88B200F0F0F9002000F0E1F92449AA
:105730008989891C88B200F0E7F921494988491E06
:10574000C1F30F2000F0D4F91D498989C91C88B222
:1057500000F0DAF91A498978491EC8B200F0C8F990
:105760002DE01749488900F0CFF9002000F0C0F97A
:10577000002000F0BDF912490988491EC1F30F202D
:1057800000F0B6F90E490978491EC8B200F0B0F928
:105790000B49888900F0B8F9002000F0A9F9002031
:1057A00000F0A6F906494988491EC1F30F2000F010
:1057B0009FF903498978491EC8B200F099F9F0BDF4
:1057C000A402002010B502460C464548808841F6E8
:1057D0006311884247D142488079A8B9404800887F
:1057E000401E801A82B23E49488900F08DF900209F
:1057F00000F07EF9002000F07BF9101200F078F93B
:10580000D0B200F075F916E03549488900F07CF90E
:10581000101200F06DF9D0B200F06AF93049098831
:10582000491EC1F30F2000F063F92D490978491E84
:10583000C8B200F05DF92A49888900F065F92012A4
:1058400000F056F9E0B200F053F925494988491EA5
:10585000C1F30F2000F04CF921498978491EC8B2E4
:1058600000F046F93AE01E48808845F2105188421F
:1058700020D11B49488900F047F9101200F038F98F
:1058800017494989491C88B200F03EF9D0B200F0AE
:105890002FF91349888900F037F9201200F028F910
:1058A0000F498989491C88B200F02EF9E0B200F056
:1058B0001FF913E00A49488900F026F9101200F098
:1058C00017F9D0B200F014F90549888900F01CF9E5
:1058D000201200F00DF9E0B200F00AF910BD00004E
:1058E000A40200202DE9FC4F80460E4615461C46BA
:1058F000B3460020019000902046E31704EB537359
:10590000DB1021464FEAE47C04EB5C7C4FEAEC0CB4
:10591000A4EBCC0CBCF1000F02D04FF0010C01E065
:105920004FF0000C6344224604EBD27C4FEA6C0C2F
:1059300003FB0CF3DBB20193A5F12000C5B20C2CE4
:1059400006D0102C0BD0182C0ED0202C18D112E021
:1059500005EB45002D4901EB8000009012E02C483A
:1059600000EB051000900DE005EBC500294901EBA7
:105970008000009006E0284800EB8510009001E0D0
:10598000BDE8FC8F00BF00273AE0009810F80790B0
:105990004FF0000A2EE009F0800028B13146404661
:1059A0000C9AFCF729FF07E00B9828B91B483146F1
:1059B00002684046FCF720FF4FEA49604FEA106951
:1059C000701C86B216484088B04200DCD8E7A6EBCF
:1059D0000B00A0420AD15E4608F101001FFA80F8D0
:1059E0000F480088404500DCCAE706E00AF10100E4
:1059F00000F0FF0ABAF1080FCDDB00BF781CC7B278
:105A000001988742C1DB00BFBAE700002A8D000879
:105A10009E9100088E970008EAA400084400002028
:105A2000A40200202DE9FC4F04460D4690469946FD
:105A3000DDE90C7A0B9E04F0FF0B08EB04001FFA63
:105A400080F809EB05001FFA80F917E0444502DBF6
:105A50005C46A81985B24D4500DB15E00020CDE974
:105A6000000A3A78334629462046FFF73BFF304686
:105A700006EBD07104EB61018CB27F1C38787E2874
:105A800002DC38782028E1DA00BFBDE8FC8F000096
:105A900070B52DED048B0446BE2000F035F80520CE
:105AA00000F026F8204603F01EF841EC190B9FED9C
:105AB0000E0B53EC102B03F029F841EC180B02F0FD
:105AC000E5FF85B2284600F013F8012000F010F839
:105AD000FF2000F00DF8002000F00AF8002000F090
:105AE00007F8BDEC048B70BD6666666666660440AA
:105AF00001B5BDF800000090BDF800000149088024
:105B000008BD00008000006C01B5BDF800000090E9
:105B1000BDF800000149088008BD00007E00006C4F
:105B2000024800890249088070470000A402002052
:105B30007E00006C034A10804FF0D842A2F880101B
:105B4000704700007E00006C00B587B000BF00BF4A
:105B5000002001902048006840F020001E490860A5
:105B60000846006800F02000019000BF00BF00BFA1
:105B700000BF00BF002001900846006840F02000F0
:105B800008600846006800F02000019000BF00BFD8
:105B900000BF481502900120039004900220059058
:105BA00002A90E48FAF7B0FF4FF48060029002A9F4
:105BB0000A48FAF7A9FF00BF012251020748FBF784
:105BC000AFF800BF00BF012291020448FBF7A8F81C
:105BD00000BF07B000BD0000303802400014024092
:105BE00010B50320FBF748F9FBF7B8F807230222AA
:105BF00008214FF4A87001F0C7F9A820FCF7FEFBBC
:105C00004FF4E13001F0E4FCFFF79EFFFFF720FACC
:105C1000FCF7A4FC00F0DAFE002000F00BF80220F4
:105C200000F008F8012000F005F8FCF741FC002026
:105C300010BD000010B504460C4951F824104A006C
:105C40000B4951F82400002100F036F8094951F8B9
:105C5000242007490C3951F82400002100F02CF8C9
:105C6000012103480C30015510BD0000ACBC0008F8
:105C70005C000020C4BC000810B5014600230022CF
:105C800007E00B4850F8210030F8120000B15B1C0F
:105C9000521C084850F821009042F2D84FF47A7014
:105CA0005843044C54F82140B0FBF4F080B210BDCE
:105CB0005C000020ACBC000830B5034601E003F8EE
:105CC000011B141EA2F10102F9D130BD2DE9F041F2
:105CD00005460E462948076800202949096881F8C9
:105CE000590027480068001D01F08EFC50B9244877
:105CF000006890F82C1001208840224909688143EF
:105D000020480160681CD8B9D6B11F4948681C49B1
:105D1000096888601A4982680968CA601849096870
:105D2000091D8268516016490968091D8160164A7B
:105D3000134909684A6111460968491C11601AE053
:105D40007C190F4800684460BC4207D20C480168C7
:105D5000091D0E48006801F07BFC0CE00848016852
:105D6000091D0B48006801F073FC0A480068844272
:105D700001D208480460BDE8F081000080000020E6
:105D80006C00002084000020308501207400002079
:105D9000700000209C00002010B5044601F07EFC3D
:105DA00031480068401C304908603048006840B9FC
:105DB0002E4804600846006801280DD100F016FA4C
:105DC0000AE02B48006838B928480068C06AE16AD0
:105DD000884201D82548046026480068401C2549AF
:105DE000086008460068606494F82C100120884020
:105DF00021490968084320490860E16A01EB8101F3
:105E00001E4A02EB81014868A0608268E260211DA1
:105E1000826851608160E16A01EB8101174A02EBFF
:105E200081026261E16A01EB8101144A52F821109A
:105E3000491CE26A02EB8202104B43F8221001F087
:105E400079FC0B48006868B108480068C06AE16ADC
:105E5000884207D24FF0805009490860BFF34F8F46
:105E6000BFF36F8F10BD00007C0000206C0000208D
:105E7000880000209800002084000020608201201B
:105E800004ED00E010B501F009FC10480068D0B93D
:105E90000F4801F0CDFB0F4801F0CAFB0C480E493A
:105EA00008600C480D49086000221021052002F00E
:105EB00081F8064908600846006820B108A1034837
:105EC000006801F0F7FC01F035FC10BDB4000020C3
:105ED0004485012058850120AC000020B00000203E
:105EE000546D72510000000010B516E001F0D6FBB1
:105EF0000C48C068C468201D01F086FB0A48006891
:105F0000401E0949086009480068401E07490860AA
:105F100001F010FC204600F05FF8044800680028FB
:105F2000E4D110BD1C8501207C00002078000020F9
:105F300070B504460D46206C70B1216CE0680144D8
:105F4000E160D4E90210884201D32168E16028466B
:105F5000226CE168FAF75AFB70BD2DE9F041044666
:105F60000F4615464FF00008A66B206C48B9206814
:105F700000282CD1A06802F043FB80460020A060DE
:105F800025E07DB93946226C6068FAF73FFB216C49
:105F9000606808446060D4E90101884217D3206832
:105FA000606014E03946226CE068FAF72FFB216C40
:105FB000E068411AE1602168E068884203D2216C00
:105FC000A068411AE160022D01D106B1761E701C55
:105FD000A0634046BDE8F08110B50446206B01F097
:105FE000E9FB204601F0E6FB10BD00000146084A2F
:105FF000126812680AB9012200E000220A600A68E9
:1060000022B9034A1268D268106800E00020704785
:10601000AC00002030B54FF42053174800F00704BF
:106020002CB1C01D20F00700134C041B1B1B0246A3
:10603000124C22600024114D6C60D018083820F0FA
:1060400007000F4C206000240D4D2D686C600C4D36
:106050002D682C601146441A4C60094C24680C6071
:10606000084D4C682C60084D4C682C604FF0004483
:10607000064D2C6030BD00006C850120C000002062
:10608000C8000020D0000020CC000020DC00002050
:1060900000BFFFF729FF064800680128F9D94FF033
:1060A000805004490860BFF34F8FBFF36F8FF0E754
:1060B0006082012004ED00E02DE9F04106460D4626
:1060C00017469846069C0DB9246000E02760E663F9
:1060D00025640121204601F0B5FF84F8508000209E
:1060E000A064BDE8F08100002DE9F05F82460F4614
:1060F00090469B460A9E0C9C4FEA8801A522206B85
:10610000FAF7C9FAA8F10100216B01EB800929F027
:10611000070909F0070008B9012000E0002028B9AC
:106120004FF4587224A12DA0FAF78CF987B10025FD
:1061300007E0795D04F134004155785D00B902E073
:106140006D1C102DF5D300BF00214320015502E046
:10615000002084F83400202E01D2012000E000202D
:1061600028B940F2973214A11CA0FAF76BF9202E3F
:1061700000D31F26E662E66400202065201D01F0A2
:1061800064FA04F1180001F060FA2461C6F12000FD
:10619000A06164620020606584F8580084F85900AA
:1061A0005A465146484600F0FBFB20600B9808B168
:1061B0000B980460BDE8F09F2E2E5C2E2E5C4D697E
:1061C00064646C6577617265735C46726565525490
:1061D0004F535C7461736B732E6300004572726F72
:1061E000723A2025732C2025640D0A0010B5002476
:1061F00007E004EB84010F4A02EB810001F018FA7A
:10620000641C202CF5D30C4801F012FA0B4801F065
:106210000FFA0B4801F00CFA0A4801F009FA0A4893
:1062200001F006FA04480949086004480849086072
:1062300010BD000060820120E0840120F484012070
:10624000088501201C850120308501207000002078
:106250007400002010B50146164800E0006803688D
:106260008B42FBD30246436813448B4204D14368FC
:106270004C682344436001460A464B681344046853
:10628000A34211D10C4C03682468A34208D04B6888
:106290000468646823444B6003681B680B6005E076
:1062A000054B1B680B6001E003680B60884200D05F
:1062B000016010BDC0000020C80000202DE9F041A1
:1062C00004460D4616461F464FF0000865602461DF
:1062D000B5420CD8F01BA169884202D34FF00108E7
:1062E00011E0211D0948006801F0B2F90BE0BE423F
:1062F00004D2BD4202D34FF0010804E0211D04483E
:10630000006801F0A5F94046BDE8F081B00000202A
:10631000AC00002070B5054601F0C0F9A86B08B9C3
:10632000012400E0002401F005FA204670BD0000C1
:10633000F1B50098846C00262CB940F6D53220A126
:1063400028A0FAF77FF8A06BE16B884201D2012008
:1063500000E0002028B940F6D63219A121A0FAF7B2
:1063600071F8A06BE16B884227D294F94550002266
:1063700069462046FFF7F1FD0646681C60B9606A71
:1063800008B9012000E00020B0B904F1240002F0B7
:10639000BFF988B101260FE07F2D01D0012000E078
:1063A000002028B940F6F63205A10EA0FAF74AF807
:1063B000681C40B284F8450000BF3046F8BD0000BC
:1063C0002E2E5C2E2E5C4D6964646C65776172655F
:1063D000735C4672656552544F535C7175657565A3
:1063E0002E6300004572726F723A2025732C2025AF
:1063F000640D0A0070B505460E460E480068C06878
:10640000C468201D01F000F994F8280000F0040091
:1064100028B132462946204600F0FEF805E094F8FF
:10642000280000F0FE0084F828002046216A8847F2
:1064300070BD0000AC00002070B586B08AE0029804
:1064400000280CDA03AE2EB940F2063247A150A064
:10645000F9F7F8FFD6E90020B168904700BF02982D
:10646000002877DB049C606908B9012000E0002067
:1064700010B9201D01F0C8F801A800F0F9F8054690
:1064800002980A2864D2DFE800F06305072E36532D
:1064900006082F3700BF00BF00BF94F8280040F067
:1064A000010084F828000398A269811803462A464F
:1064B0002046FFF703FFA8B194F8280000F004007D
:1064C00038B10398A26981182A46204600F0A4F842
:1064D00005E094F8280000F0FE0084F8280020462B
:1064E000216A884735E000BF94F8280000F0FE00DC
:1064F00084F828002DE000BF94F8280040F0010047
:1065000084F828000398A061A06908B1012000E088
:10651000002028B940F2593214A11DA0F9F792FFCA
:10652000A06941192B462A462046FFF7C7FE10E016
:1065300094F8280000F0020018B9204601F03AF95A
:1065400005E094F8280000F0FE0084F8280000E040
:1065500000BF00BF002202A91148006801F0F0FD51
:1065600000287FF46CAF06B070BD00002E2E5C2EAC
:106570002E5C4D6964646C6577617265735C46720C
:10658000656552544F535C74696D6572732E630078
:106590004572726F723A2025732C2025640D0A0013
:1065A000B4000020F8B505460C4601F0AFFB684684
:1065B00000F05EF80646009820BB44B9B54206D804
:1065C00002F04CF931462846FFF714FF1CE03CB1BD
:1065D0000E480068006808B9012000E00020044669
:1065E000A91B22460A48006801F0AAF902F036F910
:1065F00050B94FF0805007490860BFF34F8FBFF389
:106600006F8F01E002F02AF9F8BD0000B000002011
:10661000B400002004ED00E070B504460D461646B7
:1066200004E0A06905442046216A8847A069411911
:106630002B4632462046FFF741FE0028F1D170BDBF
:1066400009480068006808B9012000E0002020B176
:106650004FF0FF300549086005E003480068C06856
:106660000068024908607047700000209C0000200C
:1066700070B5044601F0CAFE054607480068854229
:1066800004D200F00BF80120206001E0002020601F
:1066900001480560284670BDBC00002070B508E0C8
:1066A0000D480068C06804684FF0FF312046FFF7CE
:1066B000A1FE09480068006808B9012000E0002038
:1066C0000028EDD0044805680448006802490860C5
:1066D0000248056070BD0000AC000020B000002042
:1066E0000B480068401C08B9012000E0002020B9D8
:1066F000E92208A116A0F9F7A5FE00BF502080F3FB
:106700001188BFF34F8FBFF36F8F00BF00BFFEE74D
:10671000E00000202E2E5C2E2E5C4D6964646C65BA
:1067200077617265735C4672656552544F535C7055
:106730006F727461626C655C525644535C41524D99
:106740005F434D34465C706F72742E63000000002E
:106750004572726F723A2025732C2025640D0A0051
:1067600008B500BF6846FFF741FC04462046009983
:10677000FFF718FFFFF760FEF4E770B5044600F07E
:106780008DFF94F9455019E0A06C30B12046FFF719
:10679000CFFD88B101F0DAF90EE0606A08B9012096
:1067A00000E0002038B904F1240001F0B1FF18B175
:1067B00001F0CCF900E003E0681E45B2002DE3DCF7
:1067C00000BFFF2084F8450000F0B4FF00F066FF32
:1067D00094F9445010E0206908B9012000E000203D
:1067E00048B904F1100001F093FF08B101F0AEF9CF
:1067F000681E45B200E001E0002DECDC00BFFF2088
:1068000084F8440000F096FF70BD00002DE9F041CF
:1068100004464FF0000801F079FA4948006808B9C9
:10682000FFF7F8FB474800682040002875D1002C8E
:1068300023D004F10800A0421FD9083404F0070057
:1068400000281BD004F00700C0F108002044A0423B
:1068500011D904F00700C0F10800044404F0070057
:1068600008B9012000E0002040B99C2236A144A0D4
:10687000F9F7E8FD02E0002400E00024002C4CD0F1
:1068800043480068844248D8424E3046056801E0DB
:106890002E462D686868A04202D228680028F7D1E9
:1068A00027480068854238D0306800F10808286819
:1068B00030606868001B102813D92F1907F00700F3
:1068C00008B9012000E0002020B9CF221EA12CA091
:1068D000F9F7B8FD6868001B78606C603846FFF710
:1068E000B9FC2B4968680968081A294908600846F4
:1068F000006829490968884203D22548006826496A
:1069000008601049686809680843686000202860CA
:1069100022480068401C2149086001F09FFF08F0F0
:10692000070008B9012000E0002028B94FF4887260
:1069300005A113A0F9F786FD4046BDE8F0810000EF
:10694000C8000020DC0000202E2E5C2E2E5C4D693D
:1069500064646C6577617265735C467265655254F8
:106960004F535C706F727461626C655C4D656D4D08
:10697000616E675C686561705F342E6300000000C3
:106980004572726F723A2025732C2025640D0A001F
:10699000CC000020C0000020D0000020D400002047
:1069A000001F4FF080730360001F21F0010303609C
:1069B000001F054B036014380260001F6FF00203D4
:1069C0000360203870470000E166000800B58DB014
:1069D000FBF776FC00BF00BF002000907148006804
:1069E00040F040006F4908600846006800F0400031
:1069F000009000BF00BF00BF00BF00BF002000909C
:106A00000846006840F0080008600846006800F08A
:106A10000800009000BF00BF00BF00BF00BF002003
:106A200000900846006840F00800086008460068CA
:106A300000F00800009000BF00BF00BF00BF0020B2
:106A4000009058480830006840F00100554908316E
:106A500008600846006800F00100009000BF00BF19
:106A600000BF002000904F48006840F008004D49EA
:106A700008600846006800F00800009000BF00BFF2
:106A800000BF002000900846006840F01000086039
:106A90000846006800F01000009000BF00BF00BF73
:106AA000002000900846006840F02000086008467A
:106AB000006800F02000009000BF00BF00BF002071
:106AC00000900846006840F04000086008460068F2
:106AD00000F04000009000BF00BF081508900220A1
:106AE000099001200A9002200B900C200C9008A91C
:106AF0002D48FAF709F82020089008A92B48FAF742
:106B000003F81020089008A92848F9F7FDFF4FF670
:106B1000037008900220099001200A9002200B9037
:106B200008A92248F9F7F0FF4FF68370089008A9EA
:106B30001F48F9F7E9FF4FF23F00089008A91D48E8
:106B4000F9F7E2FF3F20089008A91748F9F7DCFFA2
:106B50004FF02040184908601848486004208860B9
:106B600000211548C160016110214161002181614E
:106B7000C16141624FF4805181620021C1620163B1
:106B80004163816300200190029006200390002061
:106B90000490079001AA01A90748FAF70FFD0DB06C
:106BA00000BD00003038024000180240000C0240D6
:106BB0000010024000140240B4020020040100A0B2
:106BC0001CB52048006840F078001E49086001208C
:106BD000032100230246CDE900104EF233011A488A
:106BE000FBF7D2F80120032100230246CDE9001073
:106BF0004EF22F011548FBF7C7F8012003210023AF
:106C00000246CDE9001040F233411148FBF7BCF8D1
:106C10000120032100230246CDE900104FF4F0616A
:106C20000C48FBF7B1F801200B4908600B49C1F88B
:106C3000A8020949091F086000200849C1F880021C
:106C40001CBD000030380240000C0240001402401D
:106C5000001802400010024094824142000043426A
:106C60002DE9FC410446002500260027FFF7A8FF78
:106C700000206B49086001F001FF00BF10E0002018
:106C800067490860674931F81500FBF74FFB01F0D1
:106C9000F5FE01206449C1F8940201F0EFFE6D1C7D
:106CA000052DECDB01206149086000205E49C1F838
:106CB0009402200AFBF776FB01F0E0FE0120584920
:106CC000086001F0DBFE00205749C1F89402E0B2F1
:106CD000FBF768FB01F0D2FE01205149086001F08A
:106CE000CDFE00205049C1F894025148006840F0A0
:106CF00078004F4908600120032103460022CDE9B6
:106D000000104FF4F0614B48FBF73EF801200321DF
:106D100003460022CDE900104CF203014648FBF780
:106D200033F800203E49091F0860091D086001F082
:106D3000A5FE01203C49C1F8940201F09FFE3848AD
:106D40005C3800683849D1F83C1240EA41003649C5
:106D5000D1F8001240EA81003349D1F8041240EA28
:106D6000C1003649D1F81C1240EA01103349D1F86C
:106D7000201240EA41103149D1F8241240EA811032
:106D80002E49D1F8281240EAC110C6B201F076FEB1
:106D900000202349086001F071FE01202249C1F85A
:106DA000940201F06BFE1E485C3800681E49D1F861
:106DB0003C1240EA41001C49D1F8001240EA81002F
:106DC0001949D1F8041240EAC1001C49D1F81C123B
:106DD00040EA01101949D1F8201240EA4110174940
:106DE000D1F8241240EA81101449D1F8281240EA5F
:106DF000C110C7B201F042FE00200C4928310860E2
:106E0000012007490860091F086001F037FE0120D2
:106E100006492831086047EA0620BDE8FC810000E9
:106E200094824142EC0000200080414280024342B3
:106E30003038024000100240000C02400000424284
:106E400070B504460D460026FFF7BAFE01F016FEA7
:106E500000BF10E000202F4908602F4931F81600CC
:106E6000FBF764FA01F00AFE01202C49C1F89402F4
:106E700001F004FE761C052EECDB01202849086099
:106E800000202649C1F89402802141EA1420FBF732
:106E900089FA01F0F3FD01201E49086001F0EEFDC2
:106EA00000201E49C1F89402E0B2FBF77BFA01F022
:106EB000E5FD01201749086001F0E0FD00201749B9
:106EC000C1F89402280AFBF76DFA01F0D7FD012002
:106ED0001049086001F0D2FD00201049C1F8940269
:106EE000E8B2FBF75FFA01F0C9FD0120094908602B
:106EF00001F0C4FD00200A4928310860012005493D
:106F00000860091F086001F0B9FD0120044928311B
:106F1000086070BD94824142EC0000200080414234
:106F2000800243421CB5044600F0B8FB0D48022124
:106F300000238022CDE900100BA10D4801F026FAB4
:106F40000C48032100238022CDE900100AA10C483F
:106F500001F01CFA0B48006800F05AFD00F0EAFB53
:106F60001CBD0000080000207461736B310000003C
:106F7000557000080C0000207461736B3200000033
:106F800075700008040000202DE9F04192B08046A1
:106F90000C4615461E46002700BF002000902A48D8
:106FA000006840F08050284908600846006800F0FA
:106FB0008050009000BF00BF00BF00200090234819
:106FC000006840F48040214908600846006800F4E9
:106FD0008040009000BF00BF01200190000402909B
:106FE0000220079041050891CDF8288009940B955F
:106FF0000C9601A8FAF794F807461FB1012012B0C9
:10700000BDE8F0810F200D9002200E9000200F901F
:107010004FF4A05010904FF48050119004210DA80F
:10702000F9F73EFF07460FB10120E8E7F9F77EFECA
:1070300041F20101884205D10548006840F48070A2
:10704000034908600020DAE7403802400070004041
:10705000003C02400AE000BF4FF400710448F9F719
:1070600055FE00BF4FF4FA7000F090FCF3E700000B
:10707000001402409A4800F0DBFA9A4800F0E5FA62
:10708000994800F0E2FA994800F0DFFA03209549A8
:1070900008600220944908600120944908609148E2
:1070A00004689148056808460668214690A0F9F7EB
:1070B000C9F9294694A0F9F7C5F9314698A0F9F71E
:1070C000C1F99DA0F9F7BEF9ABA0F9F7BBF9844966
:1070D000ADA0F9F7B7F982484168B0A0F9F7B2F965
:1070E0007F490831B4A0F9F7ADF97E49B9A0F9F7A5
:1070F000A9F97D49BCA0F9F7A5F97C49BFA0F9F72A
:10710000A1F9C3A0F9F79EF9D148F9F79BF97549A0
:10711000734800F09DFACFA0F9F794F97048C16860
:10712000D0A0F9F78FF96F484168D7A0F9F78AF92D
:107130006B480169DBA0F9F785F96A488168E3A02B
:10714000F9F780F9B2A0F9F77DF9E848F9F77AF98B
:107150006549634800F07CFABEA0F9F773F960480E
:10716000C168C0A0F9F76EF95E484168C6A0F9F79A
:1071700069F95D484168DEA0F9F764F9584801698A
:10718000C8A0F9F75FF957488168D0A0F9F75AF914
:1071900055488168DDA0F9F755F99DA0F9F752F936
:1071A000E248F9F74FF951494D4800F051FAA9A0CA
:1071B000F9F748F94A48C168AAA0F9F743F94948DC
:1071C0004168B1A0F9F73EF947484168C8A0F9F70E
:1071D00039F946484168D6A0F9F734F940480169C1
:1071E000B0A0F9F72FF93F488168B8A0F9F72AF95C
:1071F0003D488168C5A0F9F725F93C488168D3A0CE
:10720000F9F720F982A0F9F71DF9D848F9F71AF92A
:10721000354800F0F9F98FA0F9F714F93048C16842
:1072200090A0F9F70FF92F48416897A0F9F70AF9EC
:107230002E484168BEA0F9F705F92948016999A0CF
:10724000F9F700F927488168A0A0F9F7FBF827486B
:107250008168BEA0F9F7F6F86DA0F9F7F3F8C44815
:10726000F9F7F0F820491E4800F00CFA79A0F9F778
:10727000E9F81B484168BFA0F9F7E4F81848C1686D
:1072800078A0F9F7DFF8174841687FA0F9F7DAF836
:107290001548416896A0F9F7D5F814484168A4A0AC
:1072A000F9F7D0F80E4801697EA0F9F7CBF80D4840
:1072B000816886A0F9F7C6F80B48816893A0F9F7B2
:1072C000C1F80A488168A1A0F9F7BCF8B0A0F9F7A5
:1072D000B9F803E04FF47A6000F058FBFAE70000D9
:1072E000F80000200C0100202001002034010020C3
:1072F000784C6973744974656D3156616C75653D80
:1073000025750D0A00000000784C69737449746596
:107310006D3256616C75653D25750D0A00000000E3
:10732000784C6973744974656D3356616C75653D4D
:1073300025750D0A000000002F2A2A2A2A2A2A2A47
:107340002A2A2A2A2A2A2AB5DAB6FEB2BDA3BAB454
:10735000F2D3A1C1D0B1EDBACDC1D0B1EDCFEEB570
:10736000C4B5D8D6B72A2A2A2A2A2A2A2A2A2A2A71
:107370002A2A2A2F0D0A0000CFEEC4BF090909B539
:10738000D8D6B70D0A000000546573744C69737445
:10739000090930782570090D0A00000054657374DE
:1073A0004C6973742D3E7078496E64657809307845
:1073B0002570090D0A000000546573744C697374DC
:1073C0002D3E784C697374456E64093078257009D8
:1073D0000D0A00004C6973744974656D31090930F8
:1073E000782570090D0A00004C6973744974656D45
:1073F00032090930782570090D0A00004C69737450
:107400004974656D33090930782570090D0A00004B
:107410002F2A2A2A2A2A2A2A2A2A2A2A2A2A2A2AC7
:107420002A2A2A2A2A2A2A2A2A2A2ABDE1CAF82A04
:107430002A2A2A2A2A2A2A2A2A2A2A2A2A2A2A2AAC
:107440002A2A2A2A2A2A2A2A2A2A2F0D0A00000052
:107450003CBD0008CFEEC4BF09090909B5D8D6B7AD
:107460000D0A0000546573744C6973742D3E784C9A
:10747000697374456E642D3E70784E65787409307A
:107480007825700D0A0000004C6973744974656DAD
:10749000312D3E70784E6578740909307825700D6D
:1074A0000A000000546573744C6973742D3E784C67
:1074B000697374456E642D3E707850726576696F9D
:1074C000757309307825700D0A0000004C697374DB
:1074D0004974656D312D3E707850726576696F75AF
:1074E000730909307825700D0A00000080BD00087E
:1074F0004C6973744974656D322D3E70784E6578B1
:10750000740909307825700D0A0000004C69737405
:107510004974656D322D3E707850726576696F756D
:10752000730909307825700D0A000000C4BD0008F9
:107530004C6973744974656D332D3E70784E65786F
:10754000740909307825700D0A0000004C697374C5
:107550004974656D332D3E707850726576696F752C
:10756000730909307825700D0A000000F8BC000886
:1075700008BE0008546573744C6973742D3E7078AE
:10758000496E6465780909307825700D0A0000009D
:107590002F2A2A2A2A2A2A2A2A2A2A2A2A2A2A2A46
:1075A0002A2A2A2A2A2A2A2A2ACAB5D1E9BDE1CAC0
:1075B000F82A2A2A2A2A2A2A2A2A2A2A2A2A2A2A5D
:1075C0002A2A2A2A2A2A2A2A2A2A2A2A2F0D0A007D
:1075D00010B5044609480A4908600846446000217D
:1075E0008160C160016181610C214161FAF7B6FAE5
:1075F000012204490248FAF751FB10BD0010014076
:10760000100200203200002001460A69D1E9013051
:107610009860D1E9010358605068884201D18868B8
:107620005060002008611068401E106010687047AC
:1076300000F1080141604FF0FF31816000F1080165
:10764000C160016100210160704700210161704744
:1076500010B502460B685C1C0CB9106907E002F11A
:10766000080000E04068446824689C42FAD94468F5
:107670004C604C68A160886041600A611468641CB9
:10768000146010BD42684A6093688B6093685960CB
:107690009160086103685B1C0360704710B500BF10
:1076A000502080F31188BFF34F8FBFF36F8F00BF5F
:1076B0000B480068401C0A49086008460068012819
:1076C0000DD108480068C0B208B9012000E00020D0
:1076D00028B94FF4DB7204A112A0F8F7B3FE10BD75
:1076E000E000002004ED00E02E2E5C2E2E5C4D69A3
:1076F00064646C6577617265735C4672656552544B
:107700004F535C706F727461626C655C5256445387
:107710005C41524D5F434D34465C706F72742E6312
:10772000000000004572726F723A2025732C2025EC
:10773000640D0A0010B50B48006828B940F2BD126C
:1077400009A118A0F8F77EFE06480068401E05490A
:1077500008600846006820B9002080F3118800BF47
:1077600000BF10BDE00000202E2E5C2E2E5C4D6967
:1077700064646C6577617265735C467265655254CA
:107780004F535C706F727461626C655C5256445307
:107790005C41524D5F434D34465C706F72742E6392
:1077A000000000004572726F723A2025732C20256C
:1077B000640D0A0070B506463546002E3AD0083DE5
:1077C0002C461D4960680968084008B1012000E0A6
:1077D000002028B94FF4927218A126A0F8F732FEC3
:1077E000206808B9012000E0002028B940F22512E5
:1077F00012A120A0F8F726FE0F496068096808402A
:10780000C0B12068B0B90C496068096888436060FD
:1078100000F07CFA1B49606809680844194908604F
:107820002046FEF717FD18480068401C16490860FE
:1078300001F014F870BD0000DC0000202E2E5C2E3C
:107840002E5C4D6964646C6577617265735C467229
:10785000656552544F535C706F727461626C655C05
:107860004D656D4D616E675C686561705F342E6358
:10787000000000004572726F723A2025732C20259B
:10788000640D0A00CC000020D800002000204FF03A
:10789000E02108618861064800684FF47A71B0FB06
:1078A000F1F0401E4FF0E021486107200861704769
:1078B000000000202DE9F04106460F462EB940F6A3
:1078C000C82211A119A0F8F7BDFD0025BFB1002401
:1078D00012E01A4800EBC4004068B04203D11748D8
:1078E00000EBC4050AE035B9144850F8340010B96B
:1078F000124800EBC405641C082CEAD300BF0DB18C
:107900002F606E60BDE8F0812E2E5C2E2E5C4D69DE
:1079100064646C6577617265735C46726565525428
:107920004F535C71756575652E6300004572726F0B
:10793000723A2025732C2025640D0A002082012034
:107940002DE9F04105460E4617462C46FFF7A6FEE8
:1079500094F94400401C10B9002084F8440094F9C4
:107960004500401C10B9002084F84500FFF7E2FEF6
:10797000A06B28B93A46314604F1240000F01EF904
:107980002046FEF7FAFEBDE8F081000070B504461F
:107990000025ACB10F48006808B9012000E00020C4
:1079A00028B940F249520CA114A0F8F74BFD00F0A1
:1079B000ADF900212046FEF789F900F04FFF05469A
:1079C0003DB94FF0805011490860BFF34F8FBFF3AE
:1079D0006F8F70BDA80000202E2E5C2E2E5C4D698E
:1079E00064646C6577617265735C46726565525458
:1079F0004F535C7461736B732E6300004572726F3A
:107A0000723A2025732C2025640D0A0004ED00E055
:107A100070B50546FFF742FE15B92F48006800E033
:107A200028460446201DFFF7EFFD78B9E06A00EB19
:107A300080002A4951F8200040B994F82C10012008
:107A4000884027490968814325480160A06A18B128
:107A500004F11800FFF7D8FD22480068401C2149B6
:107A600008601D480068844209D1211D1E48FFF7A7
:107A700009FE1E480068401C1C49086006E01C48BE
:107A80000068401E1A490860FEF7DAFDFFF752FE53
:107A900011480068844202D02046FEF79DFA15483E
:107AA0000068C0B10C480068844214D112480068D4
:107AB00008B9012000E0002028B940F2DC420FA103
:107AC00017A0F8F7BFFC4FF0805019490860BFF3CA
:107AD0004F8FBFF36F8F70BD6C000020608201205C
:107AE00084000020980000201C85012078000020E0
:107AF0007C00002088000020A80000202E2E5C2E94
:107B00002E5C4D6964646C6577617265735C467266
:107B1000656552544F535C7461736B732E63000040
:107B20004572726F723A2025732C2025640D0A006D
:107B300004ED00E0034909680160034909684160F8
:107B400070470000940000208000002001200149BF
:107B5000086070479000002070B504460D462CB9AF
:107B600040F61C4207A110A0F8F76CFC124801680F
:107B700018312046FFF76CFD01212846FEF7A6F8D4
:107B800070BD00002E2E5C2E2E5C4D6964646C6509
:107B900077617265735C4672656552544F535C74CD
:107BA00061736B732E6300004572726F723A202509
:107BB000732C2025640D0A006C00002070B504466B
:107BC0000E4615462CB940F6524211A119A0F8F7FD
:107BD00039FC60681B490968C8611A4982680968EC
:107BE0000A621849096818318268516015490968A4
:107BF00018318160134909688C622168491C216031
:107C00000DB14FF0FF3629463046FEF75FF870BDE4
:107C10002E2E5C2E2E5C4D6964646C6577617265F6
:107C2000735C4672656552544F535C7461736B7339
:107C30002E6300004572726F723A2025732C202546
:107C4000640D0A006C0000201CB51B4800210B4687
:107C50008022CDE9001019A11A4800F097FB0446D4
:107C6000012C02D100F0CAFE0446012C15D100BF40
:107C7000502080F31188BFF34F8FBFF36F8F00BF89
:107C80004FF0FF30104908600120104908600020C3
:107C90000F49086000F09EF80BE0601C08B101205D
:107CA00000E0002028B94FF404620AA112A0F8F7FE
:107CB000C9FB154800681CBDA000002049444C4584
:107CC00000000000916000089C0000208800002057
:107CD000800000202E2E5C2E2E5C4D6964646C6545
:107CE00077617265735C4672656552544F535C747C
:107CF00061736B732E6300004572726F723A2025B8
:107D0000732C2025640D0A00A4000020024800689E
:107D1000401C014908607047A800002010B51B48AE
:107D2000006818B101201A4908602DE000201849A8
:107D3000086018480068B0FA80F0C0F11F0404EB36
:107D40008400154951F8200008B1012000E000200E
:107D500028B940F6024211A119A0F8F773FB04EB11
:107D600084010D4A02EB810041684968416000F1DD
:107D7000080142688A4202D141684968416041680D
:107D8000C968134A116000BF10BD0000A8000020A0
:107D90009000002084000020608201202E2E5C2EA6
:107DA0002E5C4D6964646C6577617265735C4672C4
:107DB000656552544F535C7461736B732E6300009E
:107DC0004572726F723A2025732C2025640D0A00CB
:107DD0006C0000201CB5504800685049884201D012
:107DE000012000E0002028B940F243124CA15BA022
:107DF000F8F728FB484800684849491E884201D0E6
:107E0000012000E0002028B94FF4A27244A153A041
:107E1000F8F718FB554C204600780190FF202146CA
:107E200008700846007800909DF8000000F0F0000F
:107E30009DF80010884201D1012000E0002028B9FF
:107E400040F25D1236A145A0F8F7FCFA9DF800005B
:107E500000F050004649087007204649086009E0D4
:107E600044480068401E434908609DF800004006F1
:107E7000000E00909DF8000000F080008028EFD0F8
:107E80003C480068C0F10700042801D1012000E04F
:107E9000002028B940F2711221A130A0F8F7D2FADF
:107EA00034480068C0F10700042801D1012000E037
:107EB000002028B94FF4BD7219A128A0F8F7C2FA22
:107EC0002C48006800022B4908600846008800F42E
:107ED000E06008602549019808700F48203000686C
:107EE00040F470000C49203108600846006840F0FA
:107EF00070400860FFF7CAFC00201F490860F8F7CF
:107F0000C7F91E48006840F040401C490860F8F777
:107F1000ABF900201CBD000000ED00E071C20F4174
:107F20002E2E5C2E2E5C4D6964646C6577617265E3
:107F3000735C4672656552544F535C706F72746126
:107F4000626C655C525644535C41524D5F434D3404
:107F5000465C706F72742E63000000004572726F91
:107F6000723A2025732C2025640D0A0000E400E0FD
:107F7000E4000020E8000020E000002034EF00E0F2
:107F800010B500BF502080F31188BFF34F8FBFF3AF
:107F90006F8F00BF00F040FA18B14FF080500449D5
:107FA000086000BF002080F3118800BF10BD0000F2
:107FB00004ED00E02DE9F84305460E46174600247F
:107FC000E5B1601EB0FBF5F0B04217D305FB06F03B
:107FD00010F1550F12D805FB06F909F15400FEF710
:107FE00015FC04468CB1A04608F154083B464246B5
:107FF000314628460094FEF75FF806E02CB94FF4AE
:10800000E37203A10BA0F8F71DFA2046BDE8F88340
:108010002E2E5C2E2E5C4D6964646C6577617265F2
:10802000735C4672656552544F535C717565756536
:108030002E6300004572726F723A2025732C202542
:10804000640D0A002DE9F04105460E4601272C4635
:108050002CB94FF488722CA134A0F8F7F3F9002C56
:1080600042D0E06B00283FD04FF0FF31E06BB1FB16
:10807000F0F0216C884237D3FFF710FBD4E90F12E0
:10808000206801FB0200A0600020A06320686060FF
:10809000E06B401E226C216800FB0211E160FF20B2
:1080A00084F8440084F845009EB9206908B901208D
:1080B00000E00020A8B904F1100000F029FB80B115
:1080C0004FF080501D490860BFF34F8FBFF36F8F93
:1080D00007E004F11000FFF7ABFA04F12400FFF70A
:1080E000A7FAFFF727FB00E000270FB1012000E00F
:1080F000002028B940F2451203A10CA0F8F7A2F91C
:108100003846BDE8F08100002E2E5C2E2E5C4D69B5
:1081100064646C6577617265735C46726565525420
:108120004F535C71756575652E6300004572726F03
:10813000723A2025732C2025640D0A0004ED00E01E
:108140002DE9F74183B005460E464FF000082C4656
:108150002CB940F251524CA154A0F8F773F90EB962
:10816000206C08B9012000E0002028B940F25552E7
:1081700045A14EA0F8F766F900F038F908B905985E
:1081800008B9012000E0002028B940F25A523EA16F
:1081900046A0F8F757F900BFFFF780FAA76BF7B1D1
:1081A00031462046FDF7C4FE781EA063206908B959
:1081B000012000E0002060B904F1100000F0A8FAEE
:1081C00038B14FF080503D490860BFF34F8FBFF387
:1081D0006F8FFFF7AFFA012006B0BDE8F081059878
:1081E00018B9FFF7A7FA0020F6E7B8F1000F04D19D
:1081F00001A8FFF79FFC4FF00108FFF79BFAFFF77C
:1082000085FDFFF74BFA94F94400401C10B900209B
:1082100084F8440094F94500401C10B9002084F80B
:108220004500FFF787FA05A901A800F049F8F0B961
:108230002046FEF76FF8A0B104F124000599FFF77E
:108240008BFC2046FEF799FA00F008FB0028A3D12A
:108250004FF0805019490860BFF34F8FBFF36F8F05
:108260009AE72046FEF789FA00F0F8FA94E72046EC
:10827000FEF783FA00F0F2FA2046FEF74BF80028EA
:108280008AD00020A8E700002E2E5C2E2E5C4D69BF
:1082900064646C6577617265735C4672656552549F
:1082A0004F535C71756575652E6300004572726F82
:1082B000723A2025732C2025640D0A0004ED00E09D
:1082C00070B506460C462EB940F6FD421FA128A007
:1082D000F8F7B8F82CB940F6FE421CA124A0F8F734
:1082E000B1F8FFF7DBF9264802687068131A2548D1
:1082F000006890F8590030B100202249096881F8DF
:10830000590001251EE02068401C08B9002519E02D
:108310001D4930680968884206D07068904203D8C9
:108320000125002020600DE02068984207D92068D0
:10833000C01A20603046FFF7FDFB002502E0002058
:1083400020600125FFF7F6F9284670BD2E2E5C2E21
:108350002E5C4D6964646C6577617265735C46720E
:10836000656552544F535C7461736B732E630000E8
:108370004572726F723A2025732C2025640D0A0015
:10838000800000206C000020940000202DE9FF4FA9
:1083900085B0804689461746DDE912ABB800FEF786
:1083A00035FA064656B15C20FEF730FA04460CB1A9
:1083B000266304E03046FFF7FDF900E000247CB1BD
:1083C0000020CDE900ABCDE902403A46494640469F
:1083D000089BFDF789FE2046FDF7DEFC012501E044
:1083E0004FF0FF35284609B0BDE8F08F0549096810
:1083F00009B9012005E00449096809B9022000E033
:108400000020704788000020A8000020014908686B
:1084100070470000800000202DE9F0414FF0000877
:108420005F48006800287DD15E480068451C5D48B3
:108430000560002D1DD15C480068006808B9012066
:1084400000E0002028B940F6C72258A160A0F7F745
:10845000F9FF55480768624800685349086060485A
:10846000076060480068401C5E490860FEF7E8F855
:1084700000BF5D480068854277D300BF4A48006866
:10848000006808B9012000E0002020B14FF0FF3063
:108490005549086068E044480068C068C468666878
:1084A000B54202D2504806605EE06069D4E902122B
:1084B0008A60D4E902214A60211D42688A4201D1C2
:1084C000E1684160002262610168491E0160A06AA2
:1084D00098B1A06AD4E907128A60D4E907214A60FA
:1084E00004F1180142688A4201D1216A41600022E8
:1084F000A2620168491E016000BF94F82C1001209F
:1085000088403A490968084338490860E16A01EB44
:108510008101374A02EB81014868A0608268E2600D
:10852000211D00E033E0826851608160E16A01EB67
:1085300081012F4A02EB81026261E16A01EB810154
:108540002B4A52F82110491CE26A02EB8202284BA6
:1085500043F822102749E06A0968C96A88428DD326
:108560004FF001088AE700E000BF22480068C06AB7
:1085700000EB80001E4951F82000012801D94FF07E
:1085800001081D48006808B14FF0010804E01B48CD
:108590000068401C194908604046BDE8F0810000B1
:1085A000A800002080000020700000202E2E5C2EED
:1085B0002E5C4D6964646C6577617265735C4672AC
:1085C000656552544F535C7461736B732E63000086
:1085D0004572726F723A2025732C2025640D0A00B3
:1085E00074000020940000209C00002084000020E3
:1085F000608201206C000020900000208C00002090
:1086000070B505462C460026002D5ED03048006827
:10861000844201D1012000E0002028B941F24F023C
:108620002CA135A0F7F70EFF206D28B941F25002BA
:1086300028A131A0F7F706FF206D401E2065E16CF0
:10864000E06A884241D0206D00283ED1201DFEF70F
:10865000DBFF40B994F82C10012088402A490968B2
:10866000814329480160E06CE062E06AC0F12000CB
:10867000A06194F82C100120884023490968084320
:1086800021490860E16A01EB8101204A02EB810186
:108690004868A0608268E260211D82685160816044
:1086A000E16A01EB8101194A02EB81026261E16A30
:1086B00001EB8101154A52F82110491CE26A02EBD4
:1086C0008202124B43F822100126304670BD000092
:1086D0006C0000202E2E5C2E2E5C4D6964646C654F
:1086E00077617265735C4672656552544F535C7472
:1086F00061736B732E6300004572726F723A2025AE
:10870000732C2025640D0A00840000206082012063
:1087100070B50646F068C4682CB940F682423CA1A8
:1087200044A0F7F78FFEA06AD4E907128A60D4E963
:1087300007214A6004F1180142688A4201D1216A86
:1087400041600022A2620168491E01603D48006844
:1087500000283DD16069D4E902128A60D4E902217F
:108760004A60211D42688A4201D1E16841600022CD
:1087700062610168491E016094F82C100120884054
:1087800031490968084330490860E16A01EB810119
:108790002E4A02EB81014868A0608268E260211DD8
:1087A000826851608160E16A01EB8101274A02EB36
:1087B00081026261E16A01EB8101244A52F82110D1
:1087C000491CE26A02EB8202204B43F8221010E0BF
:1087D0001F494868E0618268226204F118018268DA
:1087E000516081601A4AA26211460968491C1160F1
:1087F00000BF1849E06A0968C96A884204D901259E
:1088000001201549086000E00025284670BD0000E1
:108810002E2E5C2E2E5C4D6964646C6577617265EA
:10882000735C4672656552544F535C7461736B732D
:108830002E6300004572726F723A2025732C20253A
:10884000640D0A00A800002084000020608201203E
:10885000088501206C0000209000002070B50024E5
:1088600000265048006828B940F6B3024EA157A030
:10887000F7F7E8FDFEF712FF4A480068401E494935
:1088800008600846006800287ED154480068002827
:108890007AD05BE05248C068C468A06AD4E9071285
:1088A0008A60D4E907214A6004F1180142688A42CB
:1088B00001D1216A41600022A2620168491E016063
:1088C0006069D4E902128A60D4E902214A60211D5C
:1088D00042688A4201D1E168416000226261016818
:1088E000491E016094F82C10012088403D49096818
:1088F00008433C490860E16A01EB81013A4A02EB16
:1089000081014868A0608268E260211D8268516030
:108910008160E16A01EB8101334A02EB810262610D
:10892000E16A01EB8101304A52F82110491CE26AE8
:1089300002EB82022C4B43F822102C49E06A0968B2
:10894000C96A884202D30120294908602448006886
:1089500008B9012000E0002000289BD00CB1FDF7F1
:108960006FFE2448056865B100BFFFF755FD10B1E3
:1089700001201F4908606D1E002DF6D100201D4901
:1089800008601B48006800E008E038B101263007A5
:1089900019490860BFF34F8FBFF36F8FFEF7CAFE10
:1089A000304670BDA80000202E2E5C2E2E5C4D6936
:1089B00064646C6577617265735C46726565525478
:1089C0004F535C7461736B732E6300004572726F5A
:1089D000723A2025732C2025640D0A007C000020AB
:1089E0000885012084000020608201206C000020A6
:1089F000900000208C00002004ED00E01CB5002455
:108A0000FDF740FA0B48006858B10B481F210023BE
:108A10004FF48072CDE9001008A10A48FFF7B6FCB8
:108A200004462CB940F2191207A110A0F7F70AFD6D
:108A300020461CBDB4000020B8000020546D7220F8
:108A400053766300616700082E2E5C2E2E5C4D6904
:108A500064646C6577617265735C467265655254D7
:108A60004F535C74696D6572732E63004572726F4B
:108A7000723A2025732C2025640D0A0044F2A010C0
:108A800001E000BF401E0028FBD170474FEA1153A0
:108A9000A3F58063D3F11E03A8BFD3F1200C08DB3C
:108AA0004FF0004242EAC12252EA505232FA03F039
:108AB000704709420BD4102BC4BF0020704703F548
:108AC000787CBCF1FF3F05D04FF0FF3070474FF08E
:108AD0000000704770B500F0C3F800BF49922480D1
:108AE00000207047F0E7B0FA80F310FA03F10AD0E3
:108AF000C3F11D0303F580634FEA41504FEA03526F
:108B000002EBD12170474FF000007047DFF848C1F9
:108B100070B51CEA111E1EBF1CEA13159EEA0C0F4D
:108B200095EA0C0F00F06F8081EA030423EA4C13EE
:108B30004EEAD47E21EA4C1141F4801143F48013B3
:108B4000AE44A1FB024CA0FB0365AEF17F7E36195B
:108B500055EB0C05A1FB034C4CF10003A0FB021CE0
:108B600016EB0C06654153F10003094218BF46F0AD
:108B7000010613F4007F0BD14FEA03314FEA0530B1
:108B8000340341EA155140EA16506FF003020AE03F
:108B90004FEAC3214FEAC520F40241EA555140EAA9
:108BA00056506FF0020202EB2E4201EB025585EAAD
:108BB000CE710AD05FEA440C18BF24F0004450F193
:108BC000000041F1000120EAD47040F2FE7C6245D1
:108BD00000D270BDA84214BF4FF080444FF0404413
:108BE000002E08BF0024BEF1806FA8BFA1F1C041D4
:108BF000BDE8704080F282804FF0000001F1C0417A
:108C000001F0004170479EEA0C0F0CEA131518BFE3
:108C100095EA0C0F06D04FF0000081EA030E0EF02B
:108C2000004170BD00F01CF88900013E00F007B85B
:108C300000F009B84FEA430C5FEA5C5C08D081EAB7
:108C4000030100F05BB84FEA410C5FEA5C5CF6D1CF
:108C50004FF00000014970470000FF070000F87F57
:108C60000EF1020E2EF0030E5EF8046B364205D4B0
:108C7000012A43EB030515F5001F12D8012841EB2B
:108C8000010C1CF5001F0CD80ED14FEAD17C15F554
:108C9000001F0CEB4C0C0CF1020C08BF4CEBD37C0E
:108CA00004E04FF0080C01E04FEAD37C0CEB4C05DC
:108CB00026FA05F606F00706B6F1040C06D20EEB0E
:108CC000860CBDE870404CF0010C6047DFE80CF00A
:108CD000090B02024FF000414FF00000A1F5002106
:108CE00070BD19461046012851EB010418BFD4F598
:108CF000001484BF002001F0004170BD0808A0F5F9
:108D000000114FEA310170474FF04070E1EE100A58
:108D10007047000000000000000001020304060785
:108D20000809000000000102030400000000000028
:108D3000000000000000000000003F4000000000B4
:108D4000000000003000400030004000000009003A
:108D50000BC03D000BC03D00090018C024407FE05F
:108D6000224031800000180024C01B000D803240DA
:108D7000018003801C4027401C80074000401000F9
:108D80006000000000000000000000000000000083
:108D90001F80204040200000402020401F80000015
:108DA0000000090006001F80060009000000040002
:108DB00004003F8004000400000000100060000078
:108DC000000000000000040004000400040004008F
:108DD0000000000000400000000000000000002033
:108DE00001C006003800400000001F8020402040E5
:108DF00020401F800000000010403FC000400000E5
:108E0000000018C02140224024401840000010807B
:108E10002040244024401B80000002000D0011006F
:108E20003FC0014000003C80244024402440238077
:108E300000001F80244024403440038000003000A4
:108E4000200027C03800200000001B802440244060
:108E500024401B8000001C0022C0224022401F80B2
:108E600000000000000008400000000000000000BA
:108E700000000460000000000000000004000A0080
:108E80001100208040400900090009000900090084
:108E9000000000004040208011000A00040018007B
:108EA000200023402400180000001F80204027409D
:108EB00029401F400000004007C039000F0001C0DA
:108EC000004020403FC0244024401B8000001F8001
:108ED0002040204020403080000020403FC0204003
:108EE00020401F80000020403FC024402E4030C062
:108EF000000020403FC024402E00300000000F0042
:108F00001080204022403380020020403FC00400F7
:108F100004003FC02040204020403FC0204020406F
:108F200000000060202020203FC0200020002040C2
:108F30003FC024400B0030C0204020403FC02040B4
:108F40000040004000C03FC03C0003C03C003FC0A8
:108F5000000020403FC00C4023003FC020001F8085
:108F60002040204020401F80000020403FC024407F
:108F70002400180000001F802140214020E01FA095
:108F8000000020403FC02440260019C0004018C007
:108F900024402440224031800000300020403FC067
:108FA00020403000000020003F80004000403F8013
:108FB000200020003E0001C00700380020003800DB
:108FC00007C03C0007C038000000204039C0060040
:108FD00039C0204000002000384007C03840200041
:108FE0000000304021C02640384020C00000000072
:108FF00000007FE0402040200000000070000C00D6
:109000000380004000000000402040207FE000007E
:1090100000000000200040002000000000000010C0
:1090200000100010001000100010000000004000B0
:10903000000000000000000002800540054003C061
:10904000004020003FC004400440038000000000B6
:1090500003800440044006400000000003800440F8
:1090600024403FC00040000003800540054003400D
:109070000000000004401FC02440244020000000E5
:1090800002E0055005500650042020403FC0044037
:10909000040003C000400000044027C0004000005E
:1090A000000000100010041027E000000000204025
:1090B0003FC00140070004C00440204020403FC0A2
:1090C00000400040000007C0040007C0040003C0C7
:1090D0000000044007C00440040003C0004000003A
:1090E00003800440044003800000041007F0045093
:1090F000044003800000000003800440045007F097
:109100000010044007C002400400040000000000FA
:1091100006400540054004C00000000004001F8018
:10912000044000400000040007800040044007C0E5
:1091300000400400070004C001800600040006008F
:1091400001C0070001C006000000044006C0010085
:1091500006C0044000000410071004E0018006006F
:1091600004000000044005C0064004400000000068
:10917000000004007BE04020000000000000000030
:10918000FFF000000000000040207BE00400000031
:10919000000040008000400020002000400000004F
:1091A00000000000000000000000000000000000BF
:1091B000000000001FCC000C0000000000000000B8
:1091C000080030006000080030006000000002204D
:1091D00003FC1E20022003FC1E20022000000000D1
:1091E0000E1811043FFF10840C78000000000F00DF
:1091F00010840F3800C007781884007800000078C9
:109200000F8410C411240E9800E4008400080800A4
:109210006800700000000000000000000000000076
:109220000000000007E018182004400200000000C1
:1092300040022004181807E000000000000002406F
:10924000024001800FF001800240024000000080D7
:10925000008000800FF80080008000800000000186
:10926000000D000E000000000000000000000000E3
:10927000008000800080008000800080008000006E
:10928000000C000C000000000000000000000000C6
:109290000006001800600180060018002000000091
:1092A00007F0080810041004080807F00000000088
:1092B000080408041FFC0004000400000000000073
:1092C0000E0C10141024104411840E0C0000000029
:1092D0000C1810041104110412880C700000000016
:1092E00000E00320042408241FFC002400000000E8
:1092F0001F981084110411041088107000000000E1
:1093000007F008881104110418880070000000009C
:109310001C00100010FC13001C00100000000000D6
:109320000E3811441084108411440E3800000000DF
:109330000700088C10441044088807F00000000063
:1093400000000000030C030C0000000000000000FF
:109350000000000101060000000000000000000005
:1093600000800140022004100808100400000220C0
:109370000220022002200220022002200000000021
:1093800010040808041002200140008000000000C2
:109390000E001200100C106C10800F00000003E093
:1093A0000C1813E4142417C4082807D00000000484
:1093B000003C03C41C40074000E4001C00041004EF
:1093C0001FFC1104110411040E880070000003E05A
:1093D0000C1810041004100410081C1000001004D5
:1093E0001FFC100410041004080807F0000010040B
:1093F0001FFC1104110417C4100408180000100405
:109400001FFC1104110017C010000800000003E049
:109410000C181004100410441C78004000001004C4
:109420001FFC10840080008010841FFC10040000CA
:10943000100410041FFC10041004000000000003BE
:109440000001100110011FFE1000100000001004A8
:109450001FFC110403801464181C10040000100485
:109460001FFC1004000400040004000C00001004A1
:109470001FFC1F0000FC1F001FFC10040000100454
:109480001FFC0C04030000E010181FFC100007F084
:109490000808100410041004080807F00000100465
:1094A0001FFC10841080108010800F00000007F057
:1094B000081810241024101C080A07F200001004D9
:1094C0001FFC1104110011C011300E0C000400002B
:1094D0000E1C11041084108410441C380000180065
:1094E000100010041FFC10041000180000001000F1
:1094F0001FF810040004000410041FF810001000EE
:109500001E0011E0001C007013801C0010001FC022
:10951000103C00E01F0000E0103C1FC000001004E1
:10952000180C163401C001C01634180C10041000B9
:109530001C00130400FC13041C00100000000804AD
:10954000101C1064108413041C0410180000000088
:10955000000000007FFE40024002400200000000C8
:1095600030000C0003800060001C000300000000BD
:109570004002400240027FFE0000000000000000A8
:1095800000002000400040004000200000000001DA
:1095900000010001000100010001000100010000C4
:1095A000400040002000000000000000000000001B
:1095B0000098012401440144014400FC000410000F
:1095C0001FFC0088010401040088007000000000F6
:1095D00000700088010401040104008800000000FC
:1095E000007000880104010411081FFC0004000041
:1095F00000F8014401440144014400C80000000097
:10960000010401040FFC11041104110018000000F2
:1096100000D601290129012901C901060000100411
:109620001FFC008401000100010400FC0004000094
:109630000104190419FC00040004000000000000EB
:10964000000300010101190119FE000000001004CF
:109650001FFC0024004001B4010C010400000000C4
:10966000100410041FFC00040004000000000104AA
:1096700001FC0104010001FC0104010000FC0104E3
:1096800001FC008401000100010400FC0004000052
:1096900000F8010401040104010400F800000101C4
:1096A00001FF008501040104008800700000000033
:1096B0000070008801040104010501FF000101049C
:1096C000010401FC0084010401000180000000008D
:1096D00000CC012401240124012401980000000091
:1096E0000100010007F8010401040000000001006E
:1096F00001F8000400040004010801FC000401005A
:1097000001800170000C001001600180010001F077
:10971000010C003001C00030010C01F0010000001C
:109720000104018C00740170018C0104000001012E
:1097300001810171000E001801600180010000002C
:109740000184010C013401440184010C000000007B
:1097500000000000000001003EFC4002400200004A
:10976000000000000000FFFF0000000000000000FB
:10977000400240023EFC010000000000000000002A
:1097800060008000800040004000200020000000B9
:1097900000000000000000000000000000000000C9
:1097A00000000000000000000000000000000000B9
:1097B00000000000000000000000000000000000A9
:1097C000000F80380FFE380F8038000000000000C6
:1097D0000000000000000000000000000100000682
:1097E00000000C00003800003100000600000C00F2
:1097F0000038000030000000000000000000618020
:109800000067F807F98000618000618000618000D6
:1098100061800067F807F9800061800000000000A7
:109820000000000001C0E003E0F006300804180862
:109830001FFFFE040E080787F00381E00000000010
:10984000000001F000060C00040408060C7001F989
:10985000C0000E00003BE000EC18070808040C18DC
:109860000003E00000000001E00007F003F8180426
:109870001C0804170807E1D003C0E00023B0003C37
:109880000800200800001000000000000001000097
:109890003100003200001C00000000000000000049
:1098A00000000000000000000000000000000000B8
:1098B00000000000000000000000000000007F0029
:1098C00001FFC00780F00C00181000042000020007
:1098D00000000000002000021000040C00180780A7
:1098E000F001FFC0007F0000000000000000000049
:1098F00000000000000000000000420000660000C0
:109900006600003C0000180003FFC0001800003C87
:109910000000660000660000420000000000080031
:1099200000080000080000080000080001FFC00057
:1099300008000008000008000008000008000000FF
:109940000000000100003100003200001C00000097
:109950000000000000000000000000000000000007
:1099600000000000000008000008000008000008D7
:1099700000000800000800000800000800000800BF
:109980000008000000000000000000000000380097
:109990000038000038000000000000000000000057
:1099A00000000000000000000000000000000006B1
:1099B00000001C000070000180000E000038000054
:1099C000C0000700001C0000300000000000000084
:1099D00000007F8001FFE00380700600180400088B
:1099E00004000806001803807001FFE0007F80007B
:1099F0000000000000000000010008010008010054
:109A00000803FFF807FFF80000080000080000083E
:109A100000000000000000000001C03802C058042F
:109A20000098040118040218040418061C1803F80E
:109A30001801E0F800000000000000000001C0E094
:109A400003C0F00400080408080408080618080306
:109A5000F41801E7F00001E0000000000000000041
:109A600000000300000D00001100006100008108EB
:109A700003010807FFF80FFFF800010800010800C4
:109A800000000000000000E007FCD00608080610F7
:109A900008061008061008061838060FF00607C05A
:109AA000000000000000000000003F8001FFE00314
:109AB000843002081804100804100804100807185D
:109AC00010030FF00007C0000000000000000000BD
:109AD00003C0000700000600000600F80607F806AD
:109AE000180006E00007000006000000000000006B
:109AF0000001E1E003F7F006341004180804180828
:109B0000040C08040C0806161803F3F001C1E00069
:109B1000000000000000F80003FC300306380402D7
:109B2000080402080402080404100308F001FFC03E
:109B3000007F0000000000000000000000000000A6
:109B4000000000000000703800703800703800001D
:109B50000000000000000000000000000000000005
:109B600000000000000000000000301A00301C005F
:109B700000000000000000000000000000000000E5
:109B80000000000000080000140000220000410056
:109B9000008080010040020020040010080008003E
:109BA0000000000000002100002100002100002131
:109BB0000000210000210000210000210000210000
:109BC0000021000000000000000000000800080460
:109BD00000100200200100400080800041000022AF
:109BE0000000140000080000000000000003C00096
:109BF00004C000040000080038080F3808083808BE
:109C000010000C300007E00003C00000000000005E
:109C100000003F8000FFE0038070020F1006708894
:109C200004C088048308047F8802C09003012000D8
:109C3000FE400000080000180001F8003E0801C2C4
:109C40000007020007E20000FE00001FC80001F844
:109C500000003800000804000807FFF807FFF804B8
:109C6000080804080804080804080806180803F48B
:109C70001801E7F00001E0000000000000003F8054
:109C800001FFE003807002001804000804000804CB
:109C900000080400100600200780C0000000040037
:109CA0000807FFF807FFF80400080400080400088C
:109CB00004001802001003807001FFE0007F8000A4
:109CC000000004000807FFF807FFF804080804086C
:109CD00008040808040808043E08040008060018E0
:109CE00001006000000004000807FFF807FFF80407
:109CF0000808040800040800040800043E000600E8
:109D000000060000018000000000000000003F800D
:109D100001FFE00380700600180400080402080434
:109D200002080203F00783F00002000002000400B2
:109D30000807FFF807FFF8040808000800000800FB
:109D400000080000080004080807FFF807FFF804EF
:109D500000080000000000000400080400080400DF
:109D60000807FFF807FFF8040008040008040008CB
:109D700000000000000000000000000600000700D6
:109D8000000104000104000104000307FFFE07FFB7
:109D9000FC04000004000004000004000807FFF8B1
:109DA00007FFF8040C08001800003E0004C78005F7
:109DB00003C80600F8040038040018000008040076
:109DC0000807FFF807FFF804000800000800000873
:109DD00000000800000800000800001800006000F3
:109DE000000004000807FFF807800807FC00007F58
:109DF000C00003F80007C000780007800807FFF8DC
:109E000007FFF804000804000807FFF8070008032C
:109E1000C00000E000003800001E00000700000144
:109E2000C00400F007FFF8040000000000007F807D
:109E300001FFE00380700600180400080400080613
:109E4000001803003001FFE0007F800000000400E4
:109E50000807FFF807FFF8040408040400040400DE
:109E6000040400040400060C0003F80001F00000E4
:109E70000000000000007F8001FFE003807006000A
:109E8000880400880400C806003C03003E01FFE689
:109E9000007F8400000004000807FFF807FFF804B3
:109EA0000808040800040C00040F00040BC006108E
:109EB000F003F03801E00800000800000001E0F8BD
:109EC00003F030063010041808041808040C0804C5
:109ED0000C080206180207F00781E000000001806C
:109EE0000006000004000004000004000807FFF85A
:109EF00007FFF80400080400000400000600000149
:109F0000800004000007FFE007FFF00400180000D5
:109F10000800000800000800000800000804001005
:109F200007FFE004000004000006000007E000074F
:109F3000FE00041FE00001F80000380001E0043ECC
:109F40000007C00006000004000004000007E00055
:109F500007FFC0041FF80007C007F80007FF8004D0
:109F60003FF80007C004F8000700000400000000EC
:109F70000004000806001807C07805F1C8003E007C
:109F8000001F800463E80780F8060018040008003A
:109F9000000004000006000007800007E008047CC1
:109FA00008001FF80007F800180804E00807000080
:109FB000060000040000000000010008060038044C
:109FC00000F80403E8040F08047C0805F00807C043
:109FD00008070018040060000000000000000000F6
:109FE0000000000000000000003FFFFE20000220F3
:109FF00000022000022000022000020000000000F9
:10A000000000000008000007000000C00000380049
:10A010000006000001C000003000000E000001003A
:10A0200000000000000000002000022000022000CC
:10A03000022000022000023FFFFE0000000000009E
:10A040000000000000000000000000000000000808
:10A050000000100000300000200000300000100060
:10A0600000080000000000000000000001000001E6
:10A0700000000100000100000100000100000100DB
:10A0800000010000010000010000010000010000CB
:10A090000000000000000020000020000010000070
:10A0A00010000000000000000000000000000000A0
:10A0B00000000000000000F00019F8001B1800224A
:10A0C00008002608002408002410003FF8001FF8AC
:10A0D00000000800001800000004000007FFF80F4F
:10A0E000FFF00018180010080020080020080030B9
:10A0F00018001FF0000FC00000000000000007C0A3
:10A10000001FF00018300020080020080020080080
:10A110003C08001C1000006000000000000000006F
:10A12000000007C0001FF0003818002008002008B9
:10A1300000200804101007FFF80FFFF000001000C7
:10A1400000000000000000000007C0001FF0001227
:10A1500030002218002208002208003208001E10D9
:10A16000000E200000000000000020000020080079
:10A17000200801FFF803FFF8062008042008042047
:10A180000807200003000000000000000000000E8F
:10A19000000E6E001FF30031B10020B10020B100AD
:10A1A0003191001F13002E1E00200E003000000011
:10A1B0000004000807FFF80FFFF800100800200057
:10A1C000002000002008003FF8001FF800000800F1
:10A1D000000000000000000000200800200800200F
:10A1E00008063FF8063FF8000008000008000008D5
:10A1F000000000000000000000000000000003005C
:10A200000003002001002001002003063FFE063F5E
:10A21000FC00000000000000000000000004000836
:10A2200007FFF80FFFF8000188000300002FC000AF
:10A2300038F8002038002008000008000000000066
:10A240000000000004000804000804000807FFF8EC
:10A250000FFFF800000800000800000800000000E0
:10A260000000002008003FF8003FF8001008002020
:10A2700000003FF8003FF8001008002000003FF801
:10A28000003FF8000008000000002008003FF80030
:10A290003FF8001008001000002000002008003FD8
:10A2A000F8001FF80000080000000000000007C0D0
:10A2B000000FF000183000300800200800200800CF
:10A2C0003008001830000FF00007C0000000000048
:10A2D00000002001003FFF003FFF00101100200997
:10A2E000002008002008003038001FF0000FC000D8
:10A2F00000000000000007C0001FF0003818002018
:10A3000008002008002009001011001FFF003FFF77
:10A3100000000100000000200800200800200800C4
:10A320003FF8003FF800080800100800200800204F
:10A3300000003000003000000000000000000000BD
:10A34000000C78001E1800330800230800210800C4
:10A3500021880021980030F00038600000000000E3
:10A360000000200000200000200000FFF003FFF8A4
:10A370000020080020080020080000300000000035
:10A380000000000000002000003FF0007FF8000007
:10A3900018000008000008002010003FF8007FF0BF
:10A3A000000010000000000000002000003000004D
:10A3B0003C00003F800023F0000078000070002384
:10A3C00080003C00003000002000002000003C0025
:10A3D000003FE00023F80000E0002700003E0000FE
:10A3E0003FE00021F80001E0003E000020000000F6
:10A3F00000002008002008003838003E6800278050
:10A400000003C8002CF8003838002018002008008D
:10A410000000000000002000003003003C01003F6D
:10A42000830023EC000070002380003C000020002B
:10A4300000200000000000000000000000380800BC
:10A4400020380020F80023E8002F88003E0800385C
:10A45000080020180000700000000000000000004C
:10A460000000000000000000000008000014001FB1
:10A47000F7FC300006200002000000000000000091
:10A4800000000000000000000000000000000000CC
:10A49000FFFFFF00000000000000000000000000BF
:10A4A00000000000000000002000023000061FF73E
:10A4B000FC00140000080000000000000000000084
:10A4C00000000000000000000018000060000040D4
:10A4D0000000400000200000100000080000040000
:10A4E000000400000C00001000000000000000004C
:10A4F000000000000000000000000000000000005C
:10A50000000000000000000000000000000000004B
:10A51000000000000000000000000000000000003B
:10A52000000000000000000000000000000000002B
:10A53000000000000000000000000000000000001B
:10A54000000007F000C007FFE1E007F001E00000B5
:10A5500000C000000000000000000000000000003B
:10A5600000000000000000000000000000000000EB
:10A5700000000020000001C00000078000001F0054
:10A5800000001E0000001C20000001C00000078029
:10A5900000001F0000001E0000001C000000000062
:10A5A0000000000000000000000000000000001893
:10A5B0000C0000180C0000180FE0001FFC0003F84E
:10A5C0000C0000180C0000180C0000180C000018FB
:10A5D0000C0000180FE0001FFC0003F80C0000182E
:10A5E0000C0000180C00000000000000000000003B
:10A5F000000000000780007807C000FC0640010E44
:10A60000002003070020020380200FFFFFFC02014F
:10A61000C0200200E0600130704001F03F8000F097
:10A620001F00000000000000000000FE000001FF0D
:10A6300000000301800002008060030181C001FF6F
:10A64000070000FE18000000E0000003BF00000C3F
:10A65000FFC00071806001C1002003018060000024
:10A66000FFC000003F000000000000001F000000CD
:10A670007FC000FCC0C001FF80600303E020020235
:10A68000782002061E2003FC074001F00380000131
:10A6900003C000011C600001E02000010020000157
:10A6A00000400000018000000000000000000020C9
:10A6B00000001C6000001C4000001F8000000F0014
:10A6C000000000000000000000000000000000008A
:10A6D000000000000000000000000000000000007A
:10A6E000000000000000000000000000000000006A
:10A6F000000000000000000000000000000000005A
:10A700000000000000000007F800003FFF00007894
:10A7100007C001C000E0030000300400000808008A
:10A720000004100000020000000000000000100003
:10A73000000208000004040000080300003001C00B
:10A7400000E0007807C0003FFF000007F8000000AD
:10A7500000000000000000000000000000000000F9
:10A7600000000000000000000000000000000000E9
:10A770000000000C1800000E3800000E3800000623
:10A780003000000360000061438000FFFF80006133
:10A7900043000003600000063000000E3800000E89
:10A7A0003800000C1800000000000000000000004D
:10A7B0000000000080000000800000008000000019
:10A7C00080000000800000008000007FFF0000008B
:10A7D0008000000080000000800000008000000079
:10A7E0008000000080000000000000000000000069
:10A7F0000001000000E3000000E2000000FC000097
:10A8000000780000000000000000000000000000D0
:10A810000000000000000000000000000000000038
:10A820000000000000000000000000000000000028
:10A830008000000080000000800000008000000018
:10A840008000000080000000800000008000000008
:10A8500080000000800000008000000080000000F8
:10A8600080000000800000000000000000000000E8
:10A870000000000000C0000001E0000001E0000056
:10A8800000C0000000000000000000000000000008
:10A8900000000000000000000000000000000000B8
:10A8A00000000000000000000000000000000000A8
:10A8B000000C00000038000000E0000003800000F1
:10A8C0000E00000038000000E00000038000000ED1
:10A8D00000000038000000E00000038000000E00CF
:10A8E0000000180000000000000000000000000050
:10A8F0000000000FF800007FFF0000F007800180DB
:10A9000000C00300006002000020020000200200DE
:10A91000002003000060018000C000E00380007F91
:10A92000FF00000FF8000000000000000000000021
:10A930000000000000000080002000800020008057
:10A9400000200080006001FFFFE003FFFFE0000047
:10A950000060000000200000002000000020000037
:10A9600000000000000000000000000000000000E7
:10A970000000007800E00098016001000260020021
:10A980000460020008600200106002002060020003
:10A990004060030080600183006001FE00E0007CF5
:10A9A0000780000000000000000000000000000020
:10A9B000000000F0078001F007C001000040020025
:10A9C00000200201002002010020020100200303F8
:10A9D00080200186804001FCC0C000787F8000009C
:10A9E0001E00000000000000000000000000000049
:10A9F0000800000038000000480000018800000640
:10AA00000800000C0810003008100040081001FF7A
:10AA1000FFF003FFFFF003FFFFF00000081000004D
:10AA200008100000081000000000000000000000F6
:10AA3000000000000780001F864003E100200302A1
:10AA4000002003040020030400200304002003046A
:10AA5000002003060040030301C00301FF80030040
:10AA60007E00000000000000000000000000000068
:10AA700000000007FC00003FFF000070C380008161
:10AA800080C00101006003020020020200200202D7
:10AA90000020020200200203004001C180C000C06B
:10AAA000FF8000007E0000000000000000000000A9
:10AAB000000000F0000003C000000380000003005D
:10AAC0000000030007E003003FE00301C0000306AD
:10AAD0000000031800000360000003800000030072
:10AAE0000000000000000000000000000000000066
:10AAF0001F0000783F8000FC60C0018EC04003074B
:10AB00008020020300200201802002018020020137
:10AB1000C0200301E040018670C000FC3F80007847
:10AB20001F00000000000000000000000000003FC7
:10AB3000000000FF81C001C0C1C001006020020010
:10AB400020200200202002002020020020600200BD
:10AB500040C00100C18000C18F00007FFE00001FC7
:10AB6000F0000000000000000000000000000000F5
:10AB700000000000000000000000000000000000D5
:10AB80000000000300C0000781E0000781E000032F
:10AB900000C00000000000000000000000000000F5
:10ABA00000000000000000000000000000000000A5
:10ABB0000000000000000000000000000000000095
:10ABC000000000060066000600780000000000009B
:10ABD0000000000000000000000000000000000075
:10ABE0000000000000000000000000000000000065
:10ABF0000000000080000001C000000360000006AB
:10AC00003000000C180000180C0000300600006036
:10AC1000030000C001800100004002000020040089
:10AC20000010000000000000000000000000000410
:10AC300010000004100000041000000410000004C4
:10AC400010000004100000041000000410000004B4
:10AC500010000004100000041000000410000004A4
:10AC600010000004100000000000000000000000C0
:10AC7000000004000010020000200100004000C09D
:10AC80000180006003000030060000180C00000C7A
:10AC9000180000063000000360000001C000000042
:10ACA0008000000000000000000000000000000024
:10ACB00000000078000001F80000023800000200E7
:10ACC0000000040000C0040079E0040081E00401F9
:10ACD00000C004030000020200000306000001FCA3
:10ACE000000000F800000000000000000000000F5D
:10ACF000F800003FFE000070078000C000C00101A6
:10AD0000F8400307FC20021E042002300820022025
:10AD10003020023FFC20013F044001800CC000E0D5
:10AD20003180001FC2000000000000000020000071
:10AD30000060000003E000003E200003E020003E31
:10AD4000200003E020000380200007FC2000003FDB
:10AD5000E0000003FE2000003FE0000001E00000F2
:10AD600000200000002000000000000000000200A1
:10AD700000200200002003FFFFE003FFFFE00201CC
:10AD80000020020100200201002002010020020137
:10AD90000020030300200186806001FCC0C000F891
:10ADA0007F8000001F00000000000000000000077E
:10ADB000F800003FFF000070078000C000C00100E5
:10ADC00000400300002002000020020000200200DA
:10ADD00000200200002001000040018000C003C0EC
:10ADE00001800030060000000000000000000200AA
:10ADF00000200200002003FFFFE003FFFFE002004D
:10AE000000200200002002000020020000200300B9
:10AE1000006001000040018000C000F00780007F5A
:10AE2000FE00000FF800000000000000000002001B
:10AE300000200200002003FFFFE003FFFFE002010B
:10AE40000020020100200201002002010020020176
:10AE5000002002038020020FE0200300006003C0F6
:10AE600000E000600300000000000000000002009D
:10AE700000200200002003FFFFE003FFFFE00201CB
:10AE80000020020100200201000002010000020176
:10AE900000000201000002038000030FE000030035
:10AEA000000003C000000060000000000000000778
:10AEB000F800003FFE000070078001C001C00100E3
:10AEC00000400300002002000020020000200200D9
:10AED0000020010020200100204003C03F800030FE
:10AEE0003F8000002000000020000200002002003F
:10AEF000002003FFFFE003FFFFE0020080200200CC
:10AF0000802000008000000080000000800002001F
:10AF100080200200802003FFFFE003FFFFE002002B
:10AF200000200200002000000000000000000000DF
:10AF300000000000000002000020020000200200CB
:10AF400000200200002003FFFFE003FFFFE00200FB
:10AF5000002002000020020000200200002000006B
:10AF600000000000000000000000000000000000E1
:10AF7000000E0000000F0000000F000000010200A2
:10AF8000000102000001020000030200000603FFAE
:10AF9000FFFC03FFFFF802000000020000000200B7
:10AFA000000002000000000000000000000002009D
:10AFB00000200200002003FFFFE003FFFFE002008B
:10AFC000C0200201002000078000000FE0000030D8
:10AFD000F80002603E2003800F20030003E002001F
:10AFE00000E002000020000000200000000002003D
:10AFF00000200200002003FFFFE003FFFFE002004B
:10B0000000200200002000000020000000200000BE
:10B010000020000000200000002000000060000070
:10B0200000E0000003000000000002000020020019
:10B03000002003FFFFE003E0002003FF0020001FCB
:10B04000F0000001FF8000000FE000001E00000380
:10B05000E000003E002003E0002003FFFFE003FFCC
:10B06000FFE0020000200200002002000020020099
:10B07000002003FFFFE00380002003F0002000FC1D
:10B080000000001F00000007C0000001F0000000E9
:10B090007C0002001F80020007E003FFFFE00200C7
:10B0A0000000020000000000000000000000000F8F
:10B0B000F800003FFE0000F00780018000C00100A2
:10B0C00000400200002002000020020000200200D8
:10B0D000002001000040018000C000F00380003F1C
:10B0E000FE00000FF8000000000000000000020059
:10B0F00000200200002003FFFFE003FFFFE002004A
:10B1000080200200802002008000020080000200F7
:10B11000800002008000030180000183000000FE27
:10B120000000007C00000000000000000000000F94
:10B13000F800007FFF0000F00380018001C00100E3
:10B140000640020004200200042002000620020043
:10B1500003E0010000F80180005C00E0038C003F88
:10B16000FF0C000FFC1800000000000000000200AF
:10B1700000200200002003FFFFE003FFFFE00201C8
:10B18000002002010020020180000201E000020113
:10B19000FC0003033F80018607E001FC00E000F8AB
:10B1A000002000000020000000000000000000005F
:10B1B00000000078060000FE01E0018600C00303E5
:10B1C00000400203002002018020020180200201D1
:10B1D000C0200200C0200100E060018070C003E0D8
:10B1E0003F8000001F000000000000000000006021
:10B1F00000000380000003000000020000000200C5
:10B2000000200200002003FFFFE003FFFFE0020038
:10B210000020020000200200000002000000038065
:10B22000000000E00000000000000200000002003A
:10B23000000003FFFF0003FFFFC002000040020008
:10B24000006000000020000000200000002000003E
:10B250000020020000400200008003FFFF00020007
:10B2600000000200000000000000000000000200DA
:10B2700000000200000003C0000003FC0000023FC9
:10B28000C0000003F80000007F80000007E000001D
:10B290000780000078000203C000023C000003C0E9
:10B2A000000002000000020000000200000003C0D5
:10B2B000000003FF8000023FFE0002007FE000006C
:10B2C0000F000200F00003EF000003FF8000020FF8
:10B2D000FE0000003FE000001F000207E00003F84E
:10B2E0000000030000000200000000000000020057
:10B2F000002002000020038000E003F0032002FC95
:10B300000C20021F30000007C0000007F0000218E8
:10B310007C0002601F20038003E0020000E00200C6
:10B3200000200000002000000000000000000200DB
:10B3300000000300000003C0000003F80000023E0C
:10B340000020020FC0200001FFE000007FE00003AA
:10B350008020021C00200270000003800000020018
:10B3600000000200000000000000000000000000DB
:10B370000020006000E0038003E003000FA0020053
:10B380003E200200F8200203E020020F8020023E4F
:10B3900000200278002003E00060038000E002004B
:10B3A000030000000000000000000000000000009A
:10B3B000000000000000000000000000000000008D
:10B3C00000001FFFFFFC100000041000000410002C
:10B3D000000410000004100000041000000410001D
:10B3E0000004000000000000000000000000000059
:10B3F0000000000000000700000003C0000000780B
:10B400000000001E00000003C0000000F00000006B
:10B410001E0000000780000000F00000003C00005B
:10B420000006000000000000000000000000000016
:10B4300000001000000410000004100000041000C0
:10B4400000041000000410000004100000041FFF9E
:10B45000FFFC0000000000000000000000000000F1
:10B4600000000000000000000000000000000000DC
:10B4700000000000000000000000020000000400C6
:10B480000000080000001800000010000000180074
:10B49000000018000000040000000200000000008E
:10B4A000000000000000000000000000000100009B
:10B4B0000001000000010000000100000001000088
:10B4C0000001000000010000000100000001000078
:10B4D0000001000000010000000100000001000068
:10B4E0000001000000010000000100000000000059
:10B4F000000000000000100000001000000010001C
:10B500000000180000000800000004000000000017
:10B51000000000000000000000000000000000002B
:10B52000000000000000000000000000000000001B
:10B53000038000018FC000038C6000061820000407
:10B5400010200004102000042020000420400006E9
:10B5500020400003FFC00001FFE0000000200000C9
:10B560000020000000C000000000000000000200F9
:10B5700000000200000003FFFFE007FFFFC0000122
:10B5800080C00002006000020020000400200004CF
:10B5900000200004002000060040000300C000015D
:10B5A000FF800000FE00000000000000000000001E
:10B5B000000000007E000001FF80000381C0000247
:10B5C00000400006002000040020000400200004C9
:10B5D0000020000600200003C0400001C0800000E1
:10B5E0000300000000000000000000000000000058
:10B5F000000000007E000001FF80000380C0000604
:10B600000060000400200004002000040020020468
:10B6100000400202008003FFFFE007FFFFC00000C0
:10B62000004000000040000000000000000000009A
:10B63000000000007E000001FF80000311C0000236
:10B6400010400004106000041020000410200004CA
:10B65000102000061020000310400001F0C0000080
:10B660007100000000000000000000000000000069
:10B67000000000040000000400200004002000047A
:10B680000020007FFFE001FFFFE001040020030431
:10B690000020020400200204002002040000020036
:10B6A000000001C0000001C0000000000000000018
:10B6B00000000000001C0000E33E0003FFC2000287
:10B6C0000CC3000404C1000404C1000404C100044C
:10B6D00004C100060CC10003F8C30005F0620006B7
:10B6E000007E0006003C0000000000000000020098
:10B6F00000200200002003FFFFE007FFFFE0000141
:10B7000000200002002000060000000400000004E9
:10B71000000000040020000600200003FFE00001FC
:10B72000FFE00000002000000020000000000000FA
:10B7300000000000000000040020000400200004BD
:10B740000020000400200387FFE0038FFFE0038058
:10B750000020000000200000002000000020000069
:10B7600000000000000000000000000000000000D9
:10B7700000000000000000000006000000070000BC
:10B7800000010000000100040001000400010004A9
:10B790000003000400060387FFFC038FFFF803800B
:10B7A0000000000000000000000000000000020097
:10B7B00000200200002003FFFFE007FFFFE0000081
:10B7C000082000001020000030000000FC000005F0
:10B7D0008E00000707A0000601E0000400E000045E
:10B7E0000020000000200000000000000000000019
:10B7F0000000000000000200002002000020020003
:10B8000000200200002003FFFFE007FFFFE0000030
:10B8100000200000002000000020000000200000A8
:10B820000000000000000000000000000000000414
:10B8300000200007FFE0000FFFE0000200200004EE
:10B840000000000400200007FFE00003FFE000020A
:10B85000002000040000000400200007FFE00003B7
:10B86000FFE00000002000000000000000000004D5
:10B870000020000400200007FFE0000FFFE00001AF
:10B88000002000020020000200000004000000046C
:10B89000000000040020000600200003FFE000017B
:10B8A000FFE0000000200000002000000000000079
:10B8B000000000007E000000FF80000381C0000245
:10B8C00000400006002000040020000400200004C6
:10B8D00000200006002000020040000381C000019B
:10B8E000FF8000007E000000000000000000000457
:10B8F0000001000400010007FFFF000FFFFF00012F
:10B9000000C10002004100040020000400200004E7
:10B9100000200004002000060040000301C00001D8
:10B92000FF8000007E00000000000000000000001A
:10B93000000000007E000001FF80000380C00002C4
:10B940000060000400200004002000040020000427
:10B95000002000020041000300C10003FFFF0007B8
:10B96000FFFF0000000100000001000000000004D3
:10B970000020000400200004002000040020000F2C
:10B98000FFE0000FFFE00000C020000100200002E7
:10B990000020000600200004000000040000000752
:10B9A0000000000300000000000000000000000094
:10B9B0000000000003E00001C0E00003E0400006DA
:10B9C0003020000430200004182000041820000457
:10B9D000182000040C2000020C60000307C00007C0
:10B9E0008380000000000000000000000000000054
:10B9F0000000000400000004000000040000000C2F
:10BA00000000001FFF8000FFFFC000040060000472
:10BA1000002000040020000400200004004000007A
:10BA20000180000000000000000000000000000491
:10BA30000000000400000007FF80000FFFC00000AE
:10BA40000060000000200000002000000020000036
:10BA5000002000040040000400800007FFE0000F09
:10BA6000FFC0000000400000004000000000000493
:10BA7000000000040000000780000007F000000440
:10BA8000FE0000041FC0000003E00000038000006F
:10BA90001C00000460000007800000060000000495
:10BAA000000000000000000000000004000000068C
:10BAB00000000007C0000007FC0000043F800000F9
:10BAC00003E000040F800006F0000007F00000070C
:10BAD000FF8000040FE00000038000043C0000072A
:10BAE000C00000060000000400000000000000008C
:10BAF00000200004002000040060000700E00007B0
:10BB000083200007E6000004F80000003C00000469
:10BB10005E20000587A0000601E00004006000042C
:10BB200000200000002000000000000000000004D1
:10BB3000000000040003000700030007E001000408
:10BB4000F80100041F02000007FC000000E00000F4
:10BB50000700000438000007C000000600000004D1
:10BB600000000004000000000000000000000000D1
:10BB7000000000078060000600E0000403E000040D
:10BB800007A000040E2000043C20000470200005E3
:10BB9000E0200007802000070060000400E00000B3
:10BBA0000380000000000000000000000000000012
:10BBB0000000000000000000000000000000000085
:10BBC0000000000000000000800000008000000174
:10BBD000400007FE3FF808000004100000021000BB
:10BBE0000002000000000000000000000000000053
:10BBF0000000000000000000000000000000000045
:10BC000000000000000000000000FFFFFFFF000038
:10BC10000000000000000000000000000000000024
:10BC20000000000000000000000000000000000014
:10BC3000000010000002100000020800000407FECF
:10BC40003FF800014000000080000000800000007C
:10BC500000000000000000000000000000000000E4
:10BC600000000000000000000000000000001800BC
:10BC700000003000000040000000400000004000D4
:10BC80000000200000003000000008000000040058
:10BC900000000200000002000000020000000C0092
:10BCA000000018000000000000000000400B000031
:10BCB00080070000607800002000000020000000E5
:10BCC000200000000068010000F00000000C0F00E0
:10BCD00030313233343536373839414243444546C2
:10BCE00040305800303132333435363738396162BC
:10BCF00063646566403078000D0A2F2A2A2A2A2AB2
:10BD00002A2A2A2A2A2A2A2A2A2A2A2A2A2AB5DA58
:10BD1000C1F9B2BDA3BAD2C6B3FDC1D0B1EDCFEE69
:10BD2000322A2A2A2A2A2A2A2A2A2A2A2A2A2A2A6B
:10BD30002A2A2A2A2A2F0D0A000000002F0D0A2A7B
:10BD40002A2A2A2A2A2A2A2A2A2A2A2A2A2A2A2A53
:10BD5000B5DAC8FDB2BDA3BAC1D0B1EDCFEE31B2F4
:10BD6000E5C8EBC1D0B1ED2A2A2A2A2A2A2A2A2A92
:10BD70002A2A2A2A2A2A2A2A2A2F0D0A0000000003
:10BD80000D0A2F2A2A2A2A2A2A2A2A2A2A2A2A2A4B
:10BD90002A2A2A2AB5DACBC4B2BDA3BAC1D0B1EDE2
:10BDA000CFEE32B2E5C8EBC1D0B1ED2A2A2A2A2A59
:10BDB0002A2A2A2A2A2A2A2A2A2A2A2A2A2F0D0A1B
:10BDC000000000000D0A2F2A2A2A2A2A2A2A2A2AB3
:10BDD0002A2A2A2A2A2A2A2AB5DACEE5B2BDA3BA05
:10BDE000C1D0B1EDCFEE33B2E5C8EBC1D0B1ED2A91
:10BDF0002A2A2A2A2A2A2A2A2A2A2A2A2A2A2A2AA3
:10BE00002A2F0D0A000000000D0A2F2A2A2A2A2AAA
:10BE10002A2A2A2A2A2A2A2A2A2A2AB5DAC6DFB26E
:10BE2000BDA3BAC1D0B1EDC4A9CEB2CCEDBCD3C1D3
:10BE3000D0B1EDCFEE322A2A2A2A2A2A2A2A2A2A01
:10BE40002A2A2A2A2A2A2F0D0A0000006CBE00087E
:10BE500000000020F8000000C401000864BF0008D2
:10BE6000F8000020D8B00100E00100080024F40030
:10BE7000000000000000000000000000FFFF0000C4
:10BE80001F0000F81FF8E007FF07E0FF40BC07FCB9
:10BE900030840000000000000000000000000000EE
:10BEA00000000000100000000100000000F8000089
:10BEB000FFFF0000355C0008795C0008A00300204B
:10BEC0000000001000000068A06B012000F00010CE
:10BED000000C0F68000000000000000000000000DF
:10BEE0000000000000000000000000000000000052
:10BEF0000000000000000000000000000000000042
:10BF00000000000000000000000000000000000031
:10BF10001F00000000000000000000000000000002
:10BF20000000000000000000000000000000000011
:10BF30000000000000000000000000000000000001
:10BF4000000000000000000000000000AAAAAAAA49
:10BF5000000000000000000030059007D008400AF3
:04BF6000C006000017
:040000050800018965
:00000001FF
