:020000040800F2
:1000000090B10120FD020008FB1E0008F31E00084D
:10001000F71E000815090008092500080000000067
:100020000000000000000000000000003D02000889
:10003000310900080000000099020008DB1F0008D9
:100040002103000821030008210300082103000800
:1000500021030008210300082103000821030008F0
:1000600021030008210300082103000821030008E0
:1000700021030008210300082103000821030008D0
:1000800021030008210300082103000821030008C0
:1000900021030008210300082103000821030008B0
:1000A00021030008210300082103000821030008A0
:1000B000210300080520000821030008210300088F
:1000C0002103000821030008210300082103000880
:1000D00021030008F9240008210300082103000877
:1000E0002103000821030008210300082103000860
:1000F0002103000821030008210300082103000850
:10010000210300082103000821030008210300083F
:10011000210300082103000821030008152000081E
:10012000210300082103000821030008210300081F
:10013000210300082103000821030008210300080F
:1001400021030008210300082103000821030008FF
:1001500021030008210300082103000821030008EF
:1001600021030008210300082103000821030008DF
:1001700021030008210300082103000800000000FB
:10018000210300082103000800F002F800F047F8FE
:100190000AA090E8000C82448344AAF10107DA45E2
:1001A00001D100F03CF8AFF2090EBAE80F0013F0ED
:1001B000010F18BFFB1A43F0010318478CBE000063
:1001C000ACBE0000103A24BF78C878C1FAD85207F4
:1001D00024BF30C830C144BF04680C6070470000C1
:1001E0000023002400250026103A28BF78C1FBD840
:1001F000520728BF30C148BF0B607047642900F028
:100200008581782900F0BE81732900F0E382002007
:1002100070471FB508F020FF1FBD10B510BD00F0DE
:1002200047FB1146FFF7F5FF05F078FE00F065FB90
:1002300003B4FFF7F2FF03BC02F09CF92C4B1968E2
:100240000868B0E8F04F80F30988BFF36F8F4FF074
:10025000000080F311887047000000000848006823
:10026000006880F308884FF0000080F3148862B6BD
:1002700061B6BFF34F8FBFF36F8F00DF00BF00BFCA
:1002800008ED00E0DFF80C00016841F47001016046
:10029000704700BF88ED00E0EFF30980BFF36F8F78
:1002A000134B1A681EF0100F08BF20ED108A20E9CA
:1002B000F04F106009B44FF0500080F31188BFF385
:1002C0004F8FBFF36F8F07F071FD4FF0000080F389
:1002D000118809BC19680868B0E8F04F1EF0100FCB
:1002E00008BFB0EC108A80F30988BFF36F8F7047A6
:1002F00078000020EFF30580704700000C4801688B
:1003000041F4700101600B4880470B480047FEE74D
:10031000FEE7FEE7FEE7FEE7FEE7FEE7FEE7FEE7B5
:10032000FEE7000005480649044A064B70470000F6
:1003300088ED00E0F11F00088901000890AD012060
:1003400090B1012090AD0120704753EA020C00F0FB
:1003500069802DE9F04B4FF00006002B1FBFB3FA68
:1003600083F503FA05F424FA05F65E4012BF16433E
:10037000B2FA82F502FA05F4C5F120051EBF22FA91
:1003800005FC44EA0C04203556EA044C4FEA1444B8
:1003900018BF641C4FF000084FF00009904271EB49
:1003A000030C39D3002919BFB1FA81F701FA07F616
:1003B000B0FA80F700FA07F6C7F120071EBF20FA4F
:1003C00007FC46EA0C062037B6FBF4FCA7EB050752
:1003D000103F07F01F0BCBF120060CFA0BFB2CFA99
:1003E00006F644BFB3460026202FA4BF5E464FF05A
:1003F000000B5BEA060C08BF4FF0010B19EB0B0971
:10040000ABFB027C48EB0608C01B06FB02CC0BFBD7
:1004100003CC71EB0C01C1E70B460246414648464E
:10042000BDE8F08B13B54FF000004FF00001AFF3C3
:100430000080BDE81C4070470FB4044910B503AA02
:10044000029800F0CBF910BC5DF814FB30000020DE
:100450002DE9F0410E460446002020622046E16866
:10046000884730B3252805D0D4E901219047206A78
:10047000401CF2E7E168204600278847050018D0B5
:10048000A5F14100192802D820354FF40067324603
:10049000294620462760FFF7B1FE40B1012804D06D
:1004A000F61D26F007060836D8E7361DD6E728469B
:1004B000DAE7206ABDE8F08170B50C460546012AEE
:1004C00005D02878800600D5EA69002302E00123E0
:1004D00005E05B1C934202D2E05C0028F9D1A869D8
:1004E000E618C01AA861286A184428622846AFF3A3
:1004F000008004E0D5E9012114F8010B9047B442D3
:10050000F8D32846AFF3008070BD00002DE9F0411C
:100510000646002410687529314616A510D0AFF3A1
:100520000080002802DA404213A507E031688A07FC
:1005300001D512A502E0490704D511A5012401E067
:10054000AFF3008000210A2206F1240709E0B0FB86
:10055000F2FCB0FBF2F302FB1C003030785418467A
:10056000491C0028F3D123462A463046BDE8F04115
:1005700000F0ACB8000000002D0000002B000000CF
:100580002000000070B504460D4621461068AFF308
:1005900000802188090502D50F4A7A4402E00E4AFC
:1005A0007A440E32002104F1240305E000F00F0626
:1005B0000009965D5E54491C0028F7D1207800237D
:1005C000000704D5702D02D009B102231132204654
:1005D000BDE8704000F07AB882BA0000032A40F209
:1005E000308010F0030C00F0158011F8013BBCF1D5
:1005F000020F624498BF11F801CB00F8013B38BFED
:1006000011F8013BA2F1040298BF00F801CB38BFFA
:1006100000F8013B11F0030300F0F280083AC0F04B
:10062000088051F8043B083A51F804CBA0E80810C0
:10063000F5E7121D5CBF51F8043B40F8043BAFF3F3
:100640000080D20724BF11F8013B11F801CB48BF4D
:1006500011F8012B24BF00F8013B00F801CB48BF83
:1006600000F8012B704702F0FF0343EA032242EA3D
:10067000024200F0F9B84FF0000200B5134694466C
:100680009646203922BFA0E80C50A0E80C50B1F1EA
:100690002001BFF4F7AF090728BFA0E80C5048BFFE
:1006A0000CC05DF804EB890028BF40F8042B08BF9C
:1006B000704748BF20F8022B11F0804F18BF00F898
:1006C000012B704770477047704770472DE9F0471E
:1006D0000D4699469246044600F1240801688806B2
:1006E00004D5E06921F01001216000E00120A8425A
:1006F00001DD471B00E00027A1697A1902EB090020
:10070000081AA0612078C00602D42046AFF300800A
:10071000002608E0D4E901211AF806009047206A73
:10072000401C761C20624E45F4DB2078C0060AD5BA
:100730002046AFF3008006E0D4E901213020904745
:10074000206A401C2062381EA7F10107F4DC07E094
:10075000D4E9012118F805009047206A401C206266
:10076000281EA5F10105F3DC2046AFF300802078B8
:10077000000602D50220BDE8F0870120FBE700005B
:1007800001694A1C02610878704700B58FB0CDE955
:1007900001310021059105497944CDE90310114645
:1007A0006846FFF755FE0FB000BD0000E5FFFFFFF4
:1007B00010B5436913B1AFF3008001E0FFF77CFE91
:1007C000012010BD127800F124010A7000224A7045
:1007D0000122EDE711684FF0FF32E9E7074B70B5F2
:1007E0000D467B44FFF7D1FF0446284600F05CF835
:1007F00010B14FF0FF3070BD204670BD271F0000C4
:1008000010B5203AC0F00B80B1E81850203AA0E8AB
:100810001850B1E81850A0E81850BFF4F5AF5FEADF
:10082000027C24BFB1E81850A0E8185044BF18C992
:1008300018C0BDE810405FEA827C24BF51F8043B39
:1008400040F8043B08BF7047D20728BF31F8023B8D
:1008500048BF11F8012B28BF20F8023B48BF00F821
:10086000012B70474FF000020429C0F0128010F0F5
:10087000030C3FF402AFCCF1040CBCF1020F18BF23
:1008800000F8012BA8BF20F8022BA1EB0C01FFF709
:10089000F4BE5FEAC17C24BF00F8012B00F8012BF5
:1008A00048BF00F8012B7047007B00F080007047C4
:1008B000754600F02BF8AE4605006946534620F019
:1008C0000700854618B020B5FFF72CFDBDE8204095
:1008D0004FF000064FF000074FF000084FF0000BFC
:1008E00021F00701AC46ACE8C009ACE8C009ACE8AF
:1008F000C009ACE8C0098D46704710B50446AFF397
:1009000000802046BDE81040FFF792BC00487047C9
:100910002CAD012000BFFEE710B55321092001F0E6
:1009200067FE00200149086010BD00005000002053
:100930007047000070B504461D460023B5F5804F92
:1009400013D154F822300C480340D1E9000640EAA4
:1009500006108E6840EA06208E8940EA06408E69BD
:100960003043034344F8223003E06FF0704044F812
:100970002200002070BD00000000F0CF10B503463B
:100980000022086853F8202012480240D1E90104EF
:100990002043CC6820430C6920434C6920438C6978
:1009A0002043CC6920430C6A20434C6A20438C6A64
:1009B0002043CC6A2043CC6B20430C6B2043024382
:1009C0008868082801D142F04002086843F82020D6
:1009D000002010BD8000F0FF30B503460024501CFD
:1009E00053F8204004F04044D1E9000540EA0510E6
:1009F0008D6840EA05208D8940EA0545088A401E39
:100A000045EA0055087D801E45EA00608D6928434F
:100A10000443501C43F82040002030BD70B504460C
:100A2000A56D00F07BF9064694F83500022808D041
:100A30008020606500BF002084F8340000BF0120E2
:100A400070BD2068006820F01600216808602068EA
:100A5000406920F0800021684861206C08B9A06CD2
:100A600028B12068006820F008002168086020682C
:100A7000006820F00100216808600FE000F04EF9E6
:100A8000801B05280AD92020606500BF002084F85B
:100A9000340000BF032084F83500D1E720680068E7
:100AA00000F001000028E9D194F85C103F20884054
:100AB000A86000BF002084F8340000BF012084F843
:100AC00035000020BCE7014691F83500022803D02C
:100AD0008020486501207047052081F835000868AE
:100AE000006820F001000A6810600020F3E70000B1
:100AF000F8B502460B460025002400200021DEE068
:100B0000012606FA01F51E6806EA0504AC4275D115
:100B10001E7906F00306012E04D01E7906F00306A6
:100B2000022E13D190684F000326BE40B0434F0001
:100B3000DE68BE4030439060506801268E40B0436E
:100B40001E79C6F300168E40304350601E7906F0C1
:100B50000306032E09D0D0684F000326BE40B043E1
:100B60004F009E68BE403043D0601E7906F00306F9
:100B7000022E13D1CF0802F1200656F827004E07A7
:100B8000F70E0F26BE40B0434F07FF0E1E69BE4052
:100B90003043CF0802F1200646F8270010684F00C6
:100BA0000326BE40B0431E7906F003064F00BE4048
:100BB000304310605E6806F08056B6F1805F7DD1EC
:100BC00000BF00260096404E366846F480463E4FF1
:100BD0003E603E46366806F48046009600BF00BF81
:100BE0003A4E8F0856F827008E07370F0F26BE4063
:100BF000B043374EB24202D1002624E05EE0354ECB
:100C0000B24201D101261EE0334EB24201D102268A
:100C100019E0324EB24201D1032614E0304EB24206
:100C200001D104260FE02F4EB24201D105260AE081
:100C30002D4EB24201D1062605E02C4EB24201D122
:100C4000072600E008268F073F0FBE4030431F4EA7
:100C50008F0846F82700264E3068A0435E6806F4E9
:100C60008036B6F5803F00D12043214E3060361DDE
:100C70003068A0435E6806F40036B6F5003F00D148
:100C800020431B4E361D3060361D3068A0435E6821
:100C900006F48016B6F5801F00D12043144E0836A6
:100CA0003060361D3068A0435E6806F40016B6F565
:100CB000001F00D120430E4E0C363060491C102915
:100CC000FFF41EAFF8BD0000443802400838014070
:100CD000000002400004024000080240000C0240F4
:100CE000001002400014024000180240001C0240A4
:100CF000003C0140024613690B400BB1012000E0AB
:100D0000002070470AB1816101E00B0483617047E4
:100D100001480068000C7047002004E001480068AA
:100D20007047000038000020034800680349097834
:100D30000844014908607047380000204000002046
:100D400010B50A48006840F4007008490860084679
:100D5000006840F480600860032000F07FF80F20F6
:100D600000F006F800F02AF8002010BD003C024018
:100D700070B504460E4800784FF47A71B1FBF0F07C
:100D80000C490968B1FBF0F5284600F09BFC08B15E
:100D9000012070BD102C07D200222146501E00F009
:100DA0001EF80548046001E00120F2E70020F0E7AA
:100DB00040000020000000203C0000207047014659
:100DC0000846002809DB00F01F0301229A4043096E
:100DD0009B0003F1E023C3F8002100BF70472DE919
:100DE000F05F80460D461646002701F0A7FB074638
:100DF00039462A46334601F00700C0F1070ABAF126
:100E0000040F02D94FF0040A01E0C0F1070AD146ED
:100E100000F1040ABAF1070F02D24FF0000A01E014
:100E2000A0F1030AD4464FF0010A0AFA09FAAAF11E
:100E3000010A0AEA020A0AFA0CFA4FF0010B0BFA4D
:100E40000CFBABF1010B0BEA030B4AEA0B04214646
:100E5000404601F07BFBBDE8F09F000000BF00F0C2
:100E60000702064B19684FF6FF031940044B0B436A
:100E700043EA0221014B196000BF70470CED00E00E
:100E80000000FA0570B504460D460CB9012070BD8E
:100E90005848006800F00700A84209D255490D7073
:100EA0000846006800F00700A84201D00120EEE7E4
:100EB000207800F0020002281DD1207800F0040004
:100EC000042805D14C48006840F4E0504A490860C5
:100ED000207800F00800082805D14748006840F451
:100EE0006040454908604448006820F0F000A1686F
:100EF000084341490860207800F00100A8B3606809
:100F0000012807D13C4808380068C0F34040B8B910
:100F10000120BCE76068022802D06068032807D17E
:100F2000354808380068C0F3406048B90120AEE792
:100F3000314808380068C0F3400008B90120A6E72E
:100F40002D48006820F00300616808432A490860C2
:100F5000FFF7E4FE064609E0FFF7E0FE801B41F2E2
:100F60008831884202D9032091E707E022480068CF
:100F700000F00C006168B0EB810FEDD11D480068F6
:100F800000F00700A84209D91A490D700846006808
:100F900000F00700A84201D0012078E7207800F097
:100FA0000400042807D11448006820F4E050E168E8
:100FB000084311490860207800F00800082808D18B
:100FC0000D48006820F46040216940EAC1000A49E8
:100FD000086000F03FF808490968C1F30311074AA7
:100FE000515CC8400649086006480068FFF7C0FE2B
:100FF00000204CE7003C02400838024062900008A4
:10100000000000203C0000200148006870470000FC
:101010000000002000B5FFF7F7FF04490968C1F39D
:101020008221034A515CC84000BD000008380240DC
:101030007290000800B5FFF7E7FF04490968C1F3A3
:101040004231034A515CC84000BD000008380240EC
:10105000729000082DE9F047002400250026A146E3
:101060002548006800F00C0020B1042805D00828AD
:101070003AD105E0DFF8849039E0DFF8849036E07B
:101080001D48001F006800F03F041B48001F006857
:1010900000F4800078B11A481749091F0968C1F3A4
:1010A0008811A0FB01700146224600233846FFF755
:1010B0004CF905460EE011480F49091F0968C1F3B4
:1010C0008811A0FB01700146224600233846FFF735
:1010D0003CF905460848001F0068C0F30140401C69
:1010E0004600B5FBF6F902E0DFF8109000BF00BF44
:1010F0004846BDE8F0870000083802400024F400AC
:1011000000127A00F8B504460CB90120F8BD207829
:1011100000F00100002874D0F948006800F00C00CD
:1011200004280DD0F648006800F00C00082813D100
:10113000F348001F006800F48000B0F5800F0BD169
:10114000EF4808380068C0F34040002859D0606874
:10115000002856D10120D9E700BF6068B0F5803F74
:1011600008D1E7480838006840F48030E44908397D
:1011700008601EE06068B0F5A02F0DD1E048083887
:10118000006840F48020DE4908390860084600689D
:1011900040F4803008600CE0D9480838006820F43A
:1011A0008030D749083908600846006820F480205C
:1011B000086000BF606890B1FFF7B0FD054606E02B
:1011C000FFF7ACFD401B642801D903209EE7CC4803
:1011D00008380068C0F340400028F1D011E0FFF764
:1011E0009DFD054606E0FFF799FD401B642801D9E7
:1011F00003208BE7C24808380068C0F3404000284D
:10120000F1D1207800F0020002285FD1BC480068CC
:1012100000F00C0058B1BA48006800F00C00082833
:101220001CD1B748001F006800F48000B0B9B44872
:1012300008380068C0F3400020B1E068012801D000
:10124000012063E7AE480838006820F0F800216903
:1012500040EAC100AA490839086037E0E06800B3F5
:101260000120A8490860FFF759FD054606E0FFF791
:1012700055FD401B022801D9032047E7A048083844
:101280000068C0F340000028F1D09D48083800688D
:1012900020F0F800216940EAC10099490839086046
:1012A00014E0002097490860FFF738FD054606E086
:1012B000FFF734FD401B022801D9032026E79048A0
:1012C00008380068C0F340000028F1D1207800F011
:1012D000080008282CD16069A8B101208A4908605B
:1012E000FFF71CFD054606E0FFF718FD401B02282E
:1012F00001D903200AE782486C300068C0F340003F
:101300000028F1D014E000207F490860FFF706FDB7
:10131000054606E0FFF702FD401B022801D9032025
:10132000F4E677486C300068C0F340000028F1D143
:10133000207800F00400042870D10027704838306D
:10134000006800F0805090B900BF002000906C4809
:101350003830006840F080506949383108600846EC
:10136000006800F08050009000BF00BF0127674870
:10137000006800F48070B0B96448006840F4807080
:1013800062490860FFF7CAFC054606E0FFF7C6FCA5
:10139000401B022801D90320B8E65C48006800F42D
:1013A00080700028F2D000BFA068012808D15448FE
:1013B0006830006840F001005149683108601DE064
:1013C000A06805280DD14E486830006840F0040040
:1013D0004B49683108600846006840F00100086029
:1013E0000CE047486830006820F00100444968314B
:1013F00008600846006820F00400086000BFA0688C
:10140000A8B1FFF78BFC054609E0FFF787FC401BFE
:1014100041F28831884202D9032077E626E0384835
:1014200068300068C0F340000028EED013E0FFF7FA
:1014300075FC054608E0FFF771FC401B41F288315E
:10144000884201D9032061E62D4868300068C0F366
:1014500040000028EFD1012F07D12948383000681B
:1014600020F0805026493831086000BFA06900286C
:1014700045D02348006800F00C0008285DD0A06922
:10148000022845D100201F490866FFF747FC0546A2
:1014900006E0FFF743FC401B022801D9032035E694
:1014A000174808380068C0F340600028F1D1D4E93B
:1014B00007010843616A40EA81110122A06AC2EB78
:1014C000500041EA00412C20005D41EA00600C49D7
:1014D000091F086001200B490866FFF71FFC05463D
:1014E00006E0FFF71BFC401B022801D903200DE694
:1014F000034808380068C0F340600028F1D049E094
:101500000838024000004742800E47420070004009
:10151000002021490866FFF701FC054606E0FFF7B9
:10152000FDFB401B022801D90320EFE51B480068A2
:10153000C0F340600028F2D12CE0A069012800D15E
:10154000E4E51648001D0668A069012820D006F4CD
:101550008001E06981421BD106F03F01206A81428F
:1015600016D147F6C0703040616AB0EB811F0FD1D1
:1015700006F440310122A06AC2EB5000B1EB004FEB
:1015800006D106F070612C20005DB1EB006F01D038
:101590000120BBE50020B9E50000474200380240C9
:1015A00070B504460E4615460CB9012070BD94F87E
:1015B000490028B9002084F84800204600F01CF8B3
:1015C00004F108012068FFF7D9F93146A2682068C4
:1015D000FFF702FA2946236BD4E90102FFF7AAF9C3
:1015E000A168206850F8210040F00100A26821683D
:1015F00041F822000020D9E710B586B0044600BFAC
:10160000002000902248006840F001002049086056
:101610000846006800F00100009000BF00BF00BF56
:10162000002000901A480838006840F00800184967
:10163000083908600846006800F00800009000BF04
:1016400000BF00BF002000900846006840F0100076
:1016500008600846006800F01000009000BF00BF5E
:101660004CF20370019002200290012003900220AE
:1016700004900C20059001A90648FFF739FA4FF6AF
:101680008070019001A90448FFF732FA06B010BD3E
:1016900038380240000C024000100240042808D1F3
:1016A0004FF0E021096941F004014FF0E02211619F
:1016B00007E04FF0E021096921F004014FF0E0223A
:1016C0001161704770B504462546681EB0F1807FF1
:1016D00001D301200FE0681E4FF0E02148610F2187
:1016E0004FF0FF3000F032FF00204FF0E021886122
:1016F00007200861002070BD7047704710B5044690
:101700000CB9012010BD94F83D0028B9002084F8E0
:101710003C00204600F026F8022084F83D00211D00
:10172000206800F07FFC012084F8460000BF84F8A8
:101730003E0001213F200155402001554120015527
:1017400000BF00BF012084F842004320015544201F
:1017500001554520015500BF012084F83D000020BF
:10176000D0E7000038B504461E49206888421AD1E7
:1017700000BF00BF002000901B48006840F002003E
:10178000194908600846006800F00200009000BF98
:1017900000BF00BF002203211D20FFF720FB1D20FA
:1017A000FFF70DFB1DE011492068884219D100BFE9
:1017B00000BF002000900C48006840F020000A495B
:1017C00008600846006800F02000009000BF00BFDD
:1017D00000BF002207213720FFF701FB3720FFF76A
:1017E000EEFA38BD000400404038024000140040CA
:1017F000014691F83D00012801D0012070470220E8
:1018000081F83D000868C06840F001000B68D860AE
:101810001A4B086898421BD00868B0F1804F17D067
:10182000174B0868984213D0164B086898420FD09F
:10183000154B086898420BD0144B0868984207D0A3
:10184000134B0868984203D0124B086898420CD199
:101850000868806800F00702062A0CD00868006853
:1018600040F001000B68186005E00868006840F06F
:1018700001000B6818600020C0E700000000014074
:101880000004004000080040000C0040000401403B
:101890000040014000180040704710B50446206821
:1018A0000069C0F34000D8B12068C068C0F34000B0
:1018B000B0B16FF002002168086101202077206834
:1018C000806900F0030018B12046FFF7E5FF05E04E
:1018D000204600F0ADF8204600F0ABF8002020775D
:1018E00020680069C0F38000D8B12068C068C0F3E8
:1018F0008000B0B16FF004002168086102202077F9
:101900002068806900F4407018B12046FFF7C4FFDA
:1019100005E0204600F08CF8204600F08AF8002010
:10192000207720680069C0F3C000D8B12068C06883
:10193000C0F3C000B0B16FF0080021680861042056
:1019400020772068C06900F0030018B12046FFF737
:10195000A3FF05E0204600F06BF8204600F069F890
:101960000020207720680069C0F30010D8B12068FB
:10197000C068C0F30010B0B16FF0100021680861BA
:10198000082020772068C06900F4407018B1204614
:10199000FFF782FF05E0204600F04AF8204600F0FD
:1019A00048F8002020772068006900F0010058B155
:1019B0002068C06800F0010030B16FF001002168BC
:1019C0000861204600F036F820680069C0F3C010B6
:1019D00058B12068C068C0F3C01030B16FF080000B
:1019E000216808612046FFF787FE20680069C0F380
:1019F000801058B12068C068C0F3801030B16FF01B
:101A0000400021680861204600F036F8206800692F
:101A1000C0F3401058B12068C068C0F3401030B126
:101A20006FF02000216808612046FFF766FE10BDB8
:101A30007047704710B504460748844205D10748EF
:101A40000068401C0549086005E00548844202D151
:101A500004A0FEF7F1FC10BDC802002050000020D9
:101A60001003002054494D37CAE4B3F62E2E2E2E13
:101A70002E2E2E0D0A0000007047704770470000A0
:101A80002DE9F84F0446206805682068C66820687C
:101A900047694FF00009CA4605F00F09B9F1000F78
:101AA0000AD105F0200038B106F0200020B1204610
:101AB00000F059FBBDE8F88FB9F1000F72D007F0C4
:101AC000010018B906F4907000286BD005F00100F1
:101AD00030B106F4807018B1206C40F00100206431
:101AE00005F0040030B107F0010018B1206C40F09F
:101AF0000200206405F0020030B107F0010018B1C7
:101B0000206C40F00400206405F0080048B106F0A5
:101B1000200010B907F0010018B1206C40F0080057
:101B20002064206C70B305F0200028B106F020007E
:101B300010B1204600F017FB20684069C0F3801AFE
:101B4000206C00F0080010B9BAF1000F23D0204635
:101B500000F0DEFA2068406900F04000402816D10D
:101B60002068406920F0400021684861A06B50B1B6
:101B70005648A16B0865A06BFEF7A5FF10B1A06BDE
:101B8000016D88470CE02046FFF778FF08E020460B
:101B9000FFF774FF04E02046FFF770FF0020206489
:101BA00088E7FFE7206B012879D105F010000028B5
:101BB00075D006F01000002871D000BF0020009002
:101BC00020680068009020684068009000BF00BF57
:101BD0002068406900F04000402839D1A06B0068BF
:101BE00040681FFA80F8B8F1000F30D0A08D404552
:101BF0002DDDA4F82E80A06BC069B0F5807F1FD0CA
:101C00002068C06820F480702168C860206840693E
:101C100020F00100216848612068406920F0400000
:101C200021684861202084F83E000020206320685D
:101C3000C06820F010002168C860A06BFEF7EEFEBF
:101C4000A08DE28D801A81B22046FFF716FF31E7A2
:101C5000A08DE18D401A1FFA80F8E08DE8B1B8F14F
:101C6000000F1AD02068C06820F490702168C86006
:101C70002068406920F0010021684861202084F834
:101C80003E00002020632068C06820F0100021681A
:101C9000C86041462046FFF7F0FE0BE7FFE705F07E
:101CA000800030B106F0800018B1204600F0F3FB50
:101CB00000E705F0400030B106F0400018B12046C2
:101CC00000F041FAF6E600BFF4E60000FD2000084F
:101CD00010B504460CB9012010BDA06900B100E0A8
:101CE00000BF94F83D0028B9002084F83C0020464D
:101CF00000F028F8242084F83D002068C06820F413
:101D000000502168C860204600F08CFA2068006905
:101D100020F49040216808612068406920F02A0082
:101D2000216848612068C06840F400502168C8609C
:101D300000202064202084F83D0084F83E0000202C
:101D4000CAE7000010B586B004462E4920688842D4
:101D500055D100BF00BF002000902B48006840F024
:101D60001000294908600846006800F01000009043
:101D700000BF00BF00BF00BF00BF0020009022488E
:101D80001438006840F001001F4914390860084603
:101D9000006800F00100009000BF00BF00BF00BF5E
:101DA00000BF002000900846006840F00100086075
:101DB0000846006800F00100009000BF00BF00BFAF
:101DC0004815019002200290012003900220049007
:101DD0000720059001A90D48FEF78AFE4FF48060A8
:101DE00001900720059001A90848FEF781FE2520F3
:101DF000FEF7E5FF032211462520FEF7F0FF06B0AF
:101E000010BD0000001001404438024000000240B4
:101E100070B504460D46164694F83E00202816D1AB
:101E200005B10EB9012070BD00BF94F83C00012837
:101E300001D10220F7E7012084F83C0000BF002018
:101E4000206332462946204600F002FBEBE70220E1
:101E5000E9E7000010B504462049206888423BD1DC
:101E60001F48008800F4004088BB1D48008800F42B
:101E7000804070B11B4800780A2803D00020184920
:101E8000088024E01648008840F400401449088087
:101E90001DE0144800780D2806D11148008840F450
:101EA00080400F49088012E00E4800780C490988EC
:101EB000C1F30D010C4A505409480088401C0849E0
:101EC000088008460088C72801DD0020088001221C
:101ED00004490648FFF79CFF10BD000000100140B8
:101EE00034000020360000200C010020D401002026
:101EF000704700BFFEE700BFFEE770472DE9F047DF
:101F00000C46DDE90867002100258C4600BF60E033
:101F10004FF0010808FA01F504EA050CAC4557D169
:101F2000D0F800804FEA410A4FF0030909FA0AF994
:101F300028EA0908C0F80080D0F800804FEA41097B
:101F400002FA09F948EA0908C0F80080012A01D01C
:101F5000022A27D1D0F808804FEA410A4FF003093E
:101F600009FA0AF928EA0908C0F80880D0F80880B8
:101F70004FEA410906FA09F948EA0908C0F8088059
:101F8000D0F804904FF0010808FA01F829EA08098E
:101F9000C0F80490D0F8048003FA01F948EA09086F
:101FA000C0F80480D0F80C804FEA410A4FF00309D2
:101FB00009FA0AF928EA0908C0F80C80D0F80C8060
:101FC0004FEA410907FA09F948EA0908C0F80C8004
:101FD000491C10299CD3BDE8F08710B5FEF7A4FE7C
:101FE00006F0ACFB012801D006F072F910BD00002C
:101FF0000348006840F47000014908607047000021
:1020000088ED00E010B50248FFF747FC10BD000066
:10201000C802002010B50248FFF73FFC10BD0000C9
:102020001003002010B50268294B98420ED0B0F181
:10203000804F0BD0274B984208D0274B984205D0B1
:10204000264B984202D0264B984203D122F07002D0
:102050004B681A431E4B984220D0B0F1804F1DD0E0
:102060001C4B98421AD01C4B984217D01B4B9842DD
:1020700014D01B4B984211D01A4B98420ED01A4BD9
:1020800098420BD0194B984208D0194B984205D072
:10209000184B984202D0184B984203D122F4407258
:1020A000CB681A4322F080034C6943EA04020260C1
:1020B0008B68C3620B688362054B984202D0084B61
:1020C000984201D10B6903630123436110BD0000F5
:1020D000000001400004004000080040000C0040E7
:1020E000000401400040014000440140004801401C
:1020F00000180040001C00400020004070B505465C
:10210000AC6B0020E085E0842046FFF7B7FC70BD93
:102110000168C96821F490710268D1600168496959
:1021200021F0010102685161016B012905D10168AB
:10213000C96821F010010268D160202180F83E10AA
:1021400000210163704710B504462068C06820F084
:1021500040002168C860202084F83D002046FFF739
:10216000C7FE002010BD70B5044694F83E0022283A
:1021700056D1A068B0F5805F0CD1206950B9002518
:10218000A66A20684068C0F308003080A06A801CFE
:10219000A06215E0A56A0026A068B0F5805F03D0B4
:1021A000A06828B9206918B920684068287004E040
:1021B0002068406800F07F002870A06A401CA06280
:1021C000E08D401E80B2E08540BB2068C06820F0F2
:1021D00020002168C8602068C06820F480702168F1
:1021E000C8602068406920F0010021684861202013
:1021F00084F83E00206B01280AD12068C06820F0D6
:1022000010002168C860A18D2046FFF736FC02E06F
:102210002046FFF71FFE0020206370BD0020FCE772
:102220000220FAE72DE9F84F04462068006920F4FF
:102230004050E1680843216808612169A0680843AB
:1022400061690843E169084300902068C06849F269
:102250000C618843009908432168C8602068406980
:1022600020F44070A16908432168486176492068DC
:10227000884203D075492068884203D1FEF7DAFE10
:10228000814602E0FEF7C6FE8146E069B0F5004FE8
:102290006CD102206168A0FB015003461920A9FB04
:1022A000007001462A463846FEF74FF86421B0FB1D
:1022B000F1F04FEA001A02206168A0FB01510B46C1
:1022C0001920A9FB00712A463846FEF73EF88346DE
:1022D00002206168A0FB015003461920A9FB007190
:1022E0002A463846FEF731F86421B0FBF1F000EBE6
:1022F000C00101EB0010ABEB8000322101EBC0000C
:102300006421B0FBF1F000F0F8000AEB400A022073
:102310006168A0FB015003461920A9FB007001462B
:102320002A463846FEF711F8834602206168A0FB72
:10233000015003461920A9FB00712A463846FEF7D2
:1023400004F86421B0FBF1F000EBC00101EB0010D8
:10235000ABEB8000322101EBC0006421B0FBF1F057
:1023600000F007005044216888606AE0042061683A
:10237000A0FB015003461920A9FB007001462A4624
:102380003846FDF7E2FF824604206168A0FB015059
:1023900003461920A9FB007001462A463846FDF77E
:1023A000D4FF6421B0FBF1F000EBC00101EB0010A1
:1023B000AAEB8000322101EB00106421B0FBF1F0A8
:1023C00000F0F00A04206168A0FB017003461920A8
:1023D000A9FB00513A462846FDF7B7FF6421B0FB40
:1023E000F1F00AEB001A04206168A0FB01510B46D2
:1023F0001920A9FB00712A463846FDF7A6FF83463F
:1024000004206168A0FB015003461920A9FB00705D
:1024100001462A463846FDF798FF6421B0FBF1F0EB
:1024200000EBC00101EB0010ABEB8000322101EBAF
:1024300000106421B0FBF1F000F00F00504421685F
:102440008860BDE8F88F00000010014000140140D2
:1024500010B5034699629A85DA8500201864222017
:1024600083F83E0000BF002083F83C0000BF1868DE
:10247000C06840F480701C68E0601868406940F0F3
:1024800001001C6860611868C06840F020001C688A
:10249000E060002010BD014691F83D00212828D1C0
:1024A0008868B0F5805F0BD1086948B90A6A10885E
:1024B000C0F308000B685860086A801C086205E0D9
:1024C0000B6A581C086218780B685860C88C401E4C
:1024D00080B2C88458B90868C06820F080000B68D2
:1024E000D8600868C06840F040000B68D8600020E1
:1024F00070470220FCE7000010B50248FFF7C0FA61
:1025000010BD0000D401002000BFFEE770B5062119
:10251000302004F043FE302004F050FD0546062D27
:1025200003D00621302004F039FE002403E006F039
:102530004DFC601C84B2C82CF9DB70BD02480068F9
:10254000C0F30220704700000CED00E010B5002839
:1025500004DB0A07130E054A135406E00A07140E9B
:10256000034A00F00F031B1FD45410BD00E400E029
:1025700018ED00E000BF704700F00101194A11603A
:10258000C0F34001184AC2F88412C0F38001154A12
:1025900008321160C0F30011121F1160C0F3401126
:1025A000104A3C321160C0F38011104A1160C0F330
:1025B000C0110C4A38321160C0F300210B4A121DC1
:1025C0001160C0F34021074A34321160C0F380210A
:1025D000044A14321160C0F3C021024A0C32116067
:1025E0007047000080824242000043429002434212
:1025F00070B505460C460748074908600846446020
:1026000000218160C5600161FFF778F80248FFF79B
:10261000EFF870BD00040040C802002000F0010186
:10262000104A1160C0F340010F4AC2F8BC12C0F357
:1026300080010C4A383A1160C0F3C001121D1160CC
:10264000C0F30011094A1160C0F34011121D11605E
:10265000C0F38011121D1160C109054AC2F8A81209
:1026600070470000B8824142008041429C024242D1
:102670000000424270B504460420FFF70FF80A48F4
:10268000046025464FF47A7045434FF0E02000691E
:1026900040F002004FF0E021086108464561006902
:1026A00040F00100086170BD2C00002030B50446E8
:1026B000002504E04FF47A7000F004F86D1CA54288
:1026C000F8D330BD70B5034600224FF0E02675699F
:1026D0000D4E366803FB06F44FF0E026B16910E0BA
:1026E0004FF0E026B06988420BD0884202D20E1A21
:1026F000324402E02E1A0E4432440146A24200D374
:1027000000E0EDE700BF70BD2C00002000BF054ACF
:10271000126802F04002002AF9D0C2B2014B5A609E
:1027200070470000001001400EB54FF4784019A129
:1027300020221346CDE900210290DC220A2108461E
:1027400003F00EFB4FF4784014A118221346CDE994
:1027500000210290DC222F210A2003F001FB4FF41C
:10276000784013A110221346CDE900210290DC220B
:102770004C210A2003F0F4FA1148012100238022A1
:10278000CDE900100FA1124805F0A8FF05F0A2FA4C
:102790000EBD000053544D33320000004672656593
:1027A00052544F5320506F7274696E6700000000DE
:1027B00041544F4D40414C49454E54454B0000005B
:1027C0000400002073746172745F7461736B0000A5
:1027D0008172000800B587B000BF00BF00200190E3
:1027E0003848006840F01000364908600846006824
:1027F00000F01000019000BF00BF00BF00BF00BF8D
:10280000002001900846006840F01000086008466B
:10281000006800F01000019000BF00BF00BF00BFC3
:1028200000BF002001900846006840F010000860DA
:102830000846006800F01000019000BF00BF00BF14
:1028400000BF00BF002001900846006840F0010072
:1028500008600846006800F00100019000BF00BF5A
:1028600000BF10200290002003900120049002205D
:10287000059002A91448FEF73BF9082002900020B9
:102880000390012004900220059002A90E48FEF753
:102890002FF90420029000200390012004900220D0
:1028A000059002A90848FEF723F9012002900020B4
:1028B000039002200490059002A90448FEF718F93D
:1028C00007B000BD30380240001002400000024056
:1028D00070B50446002514B101202B4908702A4820
:1028E0000078002834D010212848FEF703FA78B188
:1028F00008212648FEF7FEF950B104212348FEF7CF
:10290000F9F928B101212248FEF7F4F901281FD175
:102910000A20FFF7CBFE00201B49087010211B483E
:10292000FEF7E8F900B9012508211848FEF7E2F999
:1029300000B9022504211548FEF7DCF900B903258A
:1029400001211348FEF7D6F901281BD1042519E00F
:1029500010210E48FEF7CEF9012813D108210B48AB
:10296000FEF7C8F901280DD104210848FEF7C2F985
:10297000012807D101210648FEF7BCF910B9012052
:1029800001490870284670BD4C000020001002402C
:102990000000024070B504460026094805884088BA
:1029A00045430021084603F0ABF803F057FA00BF97
:1029B00002E004480480761CAE42FAD370BD0000E9
:1029C000680200208000006C10B5044658488471ED
:1029D000002C58D1F020564908804FF4A070488050
:1029E0000846808845F21051884210D14FF430508B
:1029F0004F4908814FF4285048814FF42C5088816A
:102A00004FF4F07008804FF4487048801AE048484E
:102A1000808841F6631188420DD12C2044490881F9
:102A20002B2048812A2088814FF4F07008804FF4D1
:102A30004870488006E02C203D4908812A204881C2
:102A40002B2088813A48808845F21031884205D091
:102A50003748808847F29671884206D14FF4A070BB
:102A6000334908804FF4F07048803148808849F637
:102A70000601884258D14FF4F0702D4908804FF478
:102A80004870488050E04FF4A07029490880F02039
:102A900048800846808845F21051884210D14FF492
:102AA0003050234908814FF4285048814FF42C506E
:102AB00088814FF4487008804FF4F070488020E01F
:102AC0001B48808841F66311884205D018488088E9
:102AD00049F6060188420DD12C20154908812A208B
:102AE00048812B2088814FF4487008804FF4F070A3
:102AF000488006E02C200E4908812A2048812B209E
:102B000088810B48808845F21031884205D00848FA
:102B1000808847F29671884206D14FF4F0700449DC
:102B200008804FF4A0704880002002F0CBFE10BD5A
:102B30006802002070B505460E4614463146284608
:102B400002F0DEFF03F08AF901490C8070BD00003D
:102B50008000006C10B5CF2003F074F9002003F062
:102B600065F9C12003F062F9302003F05FF9ED2030
:102B700003F068F9642003F059F9032003F056F9D3
:102B8000122003F053F9812003F050F9E82003F0FC
:102B900059F9852003F04AF9102003F047F97A200B
:102BA00003F044F9CB2003F04DF9392003F03EF94E
:102BB0002C2003F03BF9002003F038F9342003F017
:102BC00035F9022003F032F9F72003F03BF9202019
:102BD00003F02CF9EA2003F035F9002003F026F980
:102BE000002003F023F9C02003F02CF91B2003F090
:102BF0001DF9C12003F026F9012003F017F9C520C3
:102C000003F020F9302003F011F9302003F00EF921
:102C1000C72003F017F9B72003F008F9362003F0B6
:102C200011F9482003F002F93A2003F00BF955207E
:102C300003F0FCF8B12003F005F9002003F0F6F8EA
:102C40001A2003F0F3F8B62003F0FCF80A2003F092
:102C5000EDF8A22003F0EAF8F22003F0F3F80020E8
:102C600003F0E4F8262003F0EDF8012003F0DEF88D
:102C7000E02003F0E7F80F2003F0D8F82A2003F053
:102C8000D5F8282003F0D2F8082003F0CFF80E2062
:102C900003F0CCF8082003F0C9F8542003F0C6F87C
:102CA000A92003F0C3F8432003F0C0F80A2003F082
:102CB000BDF80F2003F0BAF8002003F0B7F80020A9
:102CC00003F0B4F8002003F0B1F8002003F0AEF8F0
:102CD000E12003F0B7F8002003F0A8F8152003F076
:102CE000A5F8172003F0A2F8072003F09FF81120A1
:102CF00003F09CF8062003F099F82B2003F096F8D7
:102D0000562003F093F83C2003F090F8052003F0E0
:102D10008DF8102003F08AF80F2003F087F83F2089
:102D200003F084F83F2003F081F80F2003F07EF8D1
:102D30002B2003F087F8002003F078F8002003F040
:102D400075F8012003F072F83F2003F06FF82A2095
:102D500003F078F8002003F069F8002003F066F82B
:102D6000002003F063F8EF2003F060F8112003F077
:102D700069F87820FFF79AFC292003F063F810BD6A
:102D800010B5FF2003F05EF8FF2003F04FF8982005
:102D900003F04CF8062003F049F8BC2003F052F889
:102DA000012003F043F80F2003F040F8612003F006
:102DB0003DF8FF2003F03AF8012003F037F8012036
:102DC00003F034F80B2003F031F8102003F02EF854
:102DD000372003F02BF8632003F028F8FF2003F0DE
:102DE00025F8FF2003F022F8012003F01FF801204E
:102DF00003F01CF8002003F019F8002003F016F887
:102E0000FF2003F013F8522003F010F8012003F024
:102E10000DF8002003F00AF8402003F007F8BD2069
:102E200003F010F8012003F001F8232002F0FEFF68
:102E3000452002F0FBFF672002F0F8FF012002F0BE
:102E4000F5FF232002F0F2FF452002F0EFFF67209C
:102E500002F0ECFFBE2002F0F5FF002002F0E6FFDA
:102E6000012002F0E3FFAB2002F0E0FF602002F05F
:102E7000DDFF222002F0DAFF222002F0D7FF22201D
:102E800002F0D4FF222002F0D1FF222002F0CEFF78
:102E9000C72002F0D7FF362002F0C8FFED2002F075
:102EA000D1FF7F2002F0C2FF0F2002F0BFFFC02041
:102EB00002F0C8FF0F2002F0B9FF0B2002F0B6FFAE
:102EC0000A2002F0B3FFFC2002F0BCFF082002F051
:102ED000ADFFDF2002F0B6FF002002F0A7FF0020C8
:102EE00002F0A4FF002002F0A1FF002002F09EFFEC
:102EF000002002F09BFF202002F098FFF32002F058
:102F0000A1FF742002F092FFB42002F09BFF00208A
:102F100002F08CFF002002F089FF002002F086FF03
:102F2000F72002F08FFF822002F080FFB12002F034
:102F300089FF002002F07AFF132002F077FF1320B0
:102F400002F074FFF22002F07DFF802002F06EFF9D
:102F5000042002F06BFF402002F068FF282002F0FE
:102F600065FFC12002F06EFF172002F05FFF88208E
:102F700002F05CFF882002F059FF202002F056FF8B
:102F8000E02002F05FFF002002F050FF0A2002F074
:102F90004DFF122002F04AFF102002F047FF0E20E2
:102FA00002F044FF202002F041FFCC2002F03EFF5F
:102FB000072002F03BFF062002F038FF0B2002F052
:102FC00035FF0E2002F032FF0F2002F02FFF0D2000
:102FD00002F02CFF152002F029FF102002F026FF3E
:102FE000002002F023FFE12002F02CFF002002F07D
:102FF0001DFF0B2002F01AFF132002F017FF0D2017
:1030000002F014FF0E2002F011FF1B2002F00EFF51
:10301000712002F00BFF062002F008FF062002F0EC
:1030200005FF0A2002F002FF0F2002F0FFFE0E2033
:1030300002F0FCFE0F2002F0F9FE152002F0F6FE71
:103040000C2002F0F3FE002002F0F0FE2A2002F035
:10305000F9FE002002F0EAFE002002F0E7FE012067
:1030600002F0E4FEDF2002F0E1FE2B2002F0EAFE97
:10307000002002F0DBFE002002F0D8FE032002F068
:10308000D5FE1F2002F0D2FE3A2002F0DBFE5520D2
:1030900002F0CCFE362002F0D5FE002002F0C6FE83
:1030A000112002F0CFFE7820FFF700FB292002F06C
:1030B000C9FE1420FFF7FAFA2C2002F0C3FE10BD5F
:1030C00010B5ED2002F0BEFE012002F0AFFEFE20A2
:1030D00002F0ACFEEE2002F0B5FEDE2002F0A6FE0D
:1030E000212002F0A3FEF12002F0ACFE012002F04C
:1030F0009DFEDF2002F0A6FE102002F097FEC42005
:1031000002F0A0FE8F2002F091FEC62002F09AFE8F
:10311000002002F08BFEE22002F088FEE22002F0A6
:1031200085FEE22002F082FEBF2002F08BFEAA2084
:1031300002F07CFEB02002F085FE0D2002F076FE4B
:10314000002002F073FE0D2002F070FE002002F05D
:103150006DFE112002F06AFE002002F067FE1920C9
:1031600002F064FE002002F061FE212002F05EFE0B
:10317000002002F05BFE2D2002F058FE002002F03D
:1031800055FE3D2002F052FE002002F04FFE5D2071
:1031900002F04CFE002002F049FE5D2002F046FEE7
:1031A000002002F043FEB12002F04CFE802002F02D
:1031B0003DFE002002F03AFE8B2002F037FE002098
:1031C00002F034FE962002F031FE002002F02EFEC6
:1031D000B22002F037FE002002F028FE002002F0AC
:1031E00025FE022002F022FE002002F01FFE032036
:1031F00002F01CFE002002F019FEB32002F022FEB5
:10320000002002F013FE002002F010FE002002F069
:103210000DFE002002F00AFE002002F007FE002052
:1032200002F004FE002002F001FE002002F0FEFD8C
:10323000002002F0FBFD002002F0F8FD002002F06B
:10324000F5FD002002F0F2FD002002F0EFFD00206D
:1032500002F0ECFD002002F0E9FD002002F0E6FDA6
:10326000002002F0E3FD002002F0E0FD002002F06B
:10327000DDFD002002F0DAFD002002F0D7FD002085
:1032800002F0D4FD002002F0D1FD002002F0CEFDBE
:10329000B42002F0D7FD8B2002F0C8FD002002F020
:1032A000C5FD962002F0C2FD002002F0BFFDA12066
:1032B00002F0BCFD002002F0B9FDB52002F0C2FD15
:1032C000022002F0B3FD002002F0B0FD032002F066
:1032D000ADFD002002F0AAFD042002F0A7FD0020B1
:1032E00002F0A4FDB62002F0ADFD002002F09EFD2C
:1032F000002002F09BFDB72002F0A4FD002002F0A8
:1033000095FD002002F092FD3F2002F08FFD00208D
:1033100002F08CFD5E2002F089FD002002F086FDA7
:10332000642002F083FD002002F080FD8C2002F07A
:103330007DFD002002F07AFDAC2002F077FD002038
:1033400002F074FDDC2002F071FD002002F06EFD41
:10335000702002F06BFD002002F068FD902002F06A
:1033600065FD002002F062FDEB2002F05FFD002011
:1033700002F05CFDDC2002F059FD002002F056FD59
:10338000B82002F05FFD002002F050FD002002F0A6
:103390004DFD002002F04AFD002002F047FD002014
:1033A00002F044FD002002F041FD002002F03EFD4D
:1033B000002002F03BFDBA2002F044FD242002F080
:1033C00035FD002002F032FD002002F02FFD00202C
:1033D00002F02CFDC12002F035FD202002F026FD78
:1033E000002002F023FD542002F020FD002002F016
:1033F0001DFDFF2002F01AFD002002F017FDC22083
:1034000002F020FD0A2002F011FD002002F00EFD66
:10341000042002F00BFD002002F008FDC32002F0A2
:1034200011FD3C2002F002FD002002F0FFFC3A20DA
:1034300002F0FCFC002002F0F9FC392002F0F6FC5E
:10344000002002F0F3FC372002F0F0FC002002F034
:10345000EDFC3C2002F0EAFC002002F0E7FC362004
:1034600002F0E4FC002002F0E1FC322002F0DEFC7D
:10347000002002F0DBFC2F2002F0D8FC002002F03C
:10348000D5FC2C2002F0D2FC002002F0CFFC292039
:1034900002F0CCFC002002F0C9FC262002F0C6FCA1
:1034A000002002F0C3FC242002F0C0FC002002F047
:1034B000BDFC242002F0BAFC002002F0B7FC23205F
:1034C00002F0B4FC002002F0B1FC3C2002F0AEFCA3
:1034D000002002F0ABFC362002F0A8FC002002F035
:1034E000A5FC322002F0A2FC002002F09FFC2F205D
:1034F00002F09CFC002002F099FC2C2002F096FCCB
:10350000002002F093FC292002F090FC002002F041
:103510008DFC262002F08AFC002002F087FC24208B
:1035200002F084FC002002F081FC242002F07EFCEA
:10353000002002F07BFC232002F078FC002002F047
:1035400075FCC42002F07EFC622002F06FFC0020BB
:1035500002F06CFC052002F069FC002002F066FC21
:10356000842002F063FC002002F060FCF02002F0F6
:103570005DFC002002F05AFC182002F057FC0020ED
:1035800002F054FCA42002F051FC002002F04EFC9A
:10359000182002F04BFC002002F048FC502002F002
:1035A00045FC002002F042FC0C2002F03FFC002011
:1035B00002F03CFC172002F039FC002002F036FC3F
:1035C000952002F033FC002002F030FCF32002F0E2
:1035D0002DFC002002F02AFCE62002F027FC00204F
:1035E00002F024FCC52002F02DFC322002F01EFC6B
:1035F000002002F01BFC442002F018FC002002F026
:1036000015FC652002F012FC002002F00FFC762071
:1036100002F00CFC002002F009FC882002F006FCFD
:10362000002002F003FCC62002F00CFC202002F077
:10363000FDFB002002F0FAFB172002F0F7FB002050
:1036400002F0F4FB012002F0F1FB002002F0EEFB9F
:10365000C72002F0F7FB002002F0E8FB002002F098
:10366000E5FB002002F0E2FB002002F0DFFBC820B7
:1036700002F0E8FB002002F0D9FB002002F0D6FBAC
:10368000002002F0D3FB002002F0D0FBC92002F0A2
:10369000D9FB002002F0CAFB002002F0C7FB00208B
:1036A00002F0C4FB002002F0C1FB002002F0BEFBD0
:1036B000002002F0BBFB002002F0B8FB002002F06B
:1036C000B5FB002002F0B2FB002002F0AFFB0020AF
:1036D00002F0ACFB002002F0A9FB002002F0A6FBE8
:1036E000002002F0A3FB002002F0A0FB002002F06B
:1036F0009DFBE02002F0A6FB162002F097FB0020C5
:1037000002F094FB1C2002F091FB002002F08EFBE3
:10371000212002F08BFB002002F088FB362002F013
:1037200085FB002002F082FB462002F07FFB002098
:1037300002F07CFB522002F079FB002002F076FBC5
:10374000642002F073FB002002F070FB7A2002F08C
:103750006DFB002002F06AFB8B2002F067FB00206B
:1037600002F064FB992002F061FB002002F05EFB96
:10377000A82002F05BFB002002F058FBB92002F009
:1037800055FB002002F052FBC42002F04FFB00204A
:1037900002F04CFBCA2002F049FB002002F046FB7D
:1037A000D22002F043FB002002F040FBD92002F0BF
:1037B0003DFB002002F03AFBE02002F037FB002046
:1037C00002F034FBF32002F031FB002002F02EFB6C
:1037D000E12002F037FB162002F028FB002002F067
:1037E00025FB1C2002F022FB002002F01FFB222000
:1037F00002F01CFB002002F019FB362002F016FB41
:10380000002002F013FB452002F010FB002002F024
:103810000DFB522002F00AFB002002F007FB64209F
:1038200002F004FB002002F001FB7A2002F0FEFA15
:10383000002002F0FBFA8B2002F0F8FA002002F0E0
:10384000F5FA992002F0F2FA002002F0EFFAA8202F
:1038500002F0ECFA002002F0E9FAB92002F0E6FAF0
:10386000002002F0E3FAC42002F0E0FA002002F0A7
:10387000DDFACA2002F0DAFA002002F0D7FAD220EC
:1038800002F0D4FA002002F0D1FAD82002F0CEFAE9
:10389000002002F0CBFAE02002F0C8FA002002F08B
:1038A000C5FAF32002F0C2FA002002F0BFFAE220CB
:1038B00002F0C8FA052002F0B9FA002002F0B6FAC8
:1038C0000B2002F0B3FA002002F0B0FA1B2002F045
:1038D000ADFA002002F0AAFA342002F0A7FA002084
:1038E00002F0A4FA442002F0A1FA002002F09EFAAD
:1038F0004F2002F09BFA002002F098FA612002F0BB
:1039000095FA002002F092FA792002F08FFA002056
:1039100002F08CFA882002F089FA002002F086FA80
:10392000972002F083FA002002F080FAA62002F02D
:103930007DFA002002F07AFAB72002F077FA002030
:1039400002F074FAC22002F071FA002002F06EFA5E
:10395000C72002F06BFA002002F068FAD12002F0D2
:1039600065FA002002F062FAD62002F05FFA002029
:1039700002F05CFADD2002F059FA002002F056FA5B
:10398000F32002F053FA002002F050FAE32002F094
:1039900059FA052002F04AFA002002F047FA0A20FC
:1039A00002F044FA002002F041FA1C2002F03EFA34
:1039B000002002F03BFA332002F038FA002002F037
:1039C00035FA442002F032FA002002F02FFA50209B
:1039D00002F02CFA002002F029FA622002F026FA06
:1039E000002002F023FA782002F020FA002002F0F2
:1039F0001DFA882002F01AFA002002F017FA972028
:103A000002F014FA002002F011FAA62002F00EFAD9
:103A1000002002F00BFAB72002F008FA002002F0B2
:103A200005FAC22002F002FA002002F0FFF9C720D6
:103A300002F0FCF9002002F0F9F9D12002F0F6F9C9
:103A4000002002F0F3F9D52002F0F0F9002002F096
:103A5000EDF9DD2002F0EAF9002002F0E7F9F320A9
:103A600002F0E4F9002002F0E1F9E42002F0EAF9C2
:103A7000012002F0DBF9002002F0D8F9012002F069
:103A8000D5F9002002F0D2F9022002F0CFF900208F
:103A900002F0CCF92A2002F0C9F9002002F0C6F9A0
:103AA0003C2002F0C3F9002002F0C0F94B2002F0E4
:103AB000BDF9002002F0BAF95D2002F0B7F900204C
:103AC00002F0B4F9742002F0B1F9002002F0AEF96E
:103AD000842002F0ABF9002002F0A8F9932002F054
:103AE000A5F9002002F0A2F9A22002F09FF900201F
:103AF00002F09CF9B32002F099F9002002F096F947
:103B0000BE2002F093F9002002F090F9C42002F0E8
:103B10008DF9002002F08AF9CD2002F087F900200B
:103B200002F084F9D32002F081F9002002F07EF93E
:103B3000DD2002F07BF9002002F078F9F32002F09A
:103B400075F9002002F072F9E52002F07BF90020FF
:103B500002F06CF9002002F069F9002002F066F929
:103B6000002002F063F9022002F060F9002002F068
:103B70005DF9292002F05AF9002002F057F93C20A3
:103B800002F054F9002002F051F94B2002F04EF9F6
:103B9000002002F04BF95D2002F048F9002002F00D
:103BA00045F9742002F042F9002002F03FF9842028
:103BB00002F03CF9002002F039F9932002F036F9C6
:103BC000002002F033F9A22002F030F9002002F0C8
:103BD0002DF9B32002F02AF9002002F027F9BE20C7
:103BE00002F024F9002002F021F9C42002F01EF9AD
:103BF000002002F01BF9CD2002F018F9002002F09D
:103C000015F9D32002F012F9002002F00FF9DC20A0
:103C100002F00CF9002002F009F9F32002F006F995
:103C2000002002F003F9E62002F00CF9112002F066
:103C3000FDF8002002F0FAF8342002F0F7F8002036
:103C400002F0F4F8562002F0F1F8002002F0EEF84D
:103C5000762002F0EBF8002002F0E8F8772002F07E
:103C6000E5F8002002F0E2F8662002F0DFF800201C
:103C700002F0DCF8882002F0D9F8002002F0D6F833
:103C8000992002F0D3F8002002F0D0F8BB2002F017
:103C9000CDF8002002F0CAF8992002F0C7F8002001
:103CA00002F0C4F8662002F0C1F8002002F0BEF86D
:103CB000552002F0BBF8002002F0B8F8552002F0C1
:103CC000B5F8002002F0B2F8452002F0AFF800206D
:103CD00002F0ACF8432002F0A9F8002002F0A6F8A8
:103CE000442002F0A3F8002002F0A0F8E72002F040
:103CF000A9F8322002F09AF8002002F097F8552037
:103D000002F094F8002002F091F8762002F08EF88C
:103D1000002002F08BF8662002F088F8002002F004
:103D200085F8672002F082F8002002F07FF8672013
:103D300002F07CF8002002F079F8872002F076F893
:103D4000002002F073F8992002F070F8002002F0D1
:103D50006DF8BB2002F06AF8002002F067F89920A5
:103D600002F064F8002002F061F8772002F05EF8BB
:103D7000002002F05BF8442002F058F8002002F026
:103D800055F8562002F052F8002002F04FF8232098
:103D900002F04CF8002002F049F8332002F046F817
:103DA000002002F043F8452002F040F8002002F025
:103DB0003DF8E82002F046F8002002F037F8002035
:103DC00002F034F8992002F031F8002002F02EF8C9
:103DD000872002F02BF8002002F028F8882002F05B
:103DE00025F8002002F022F8772002F01FF80020CA
:103DF00002F01CF8662002F019F8002002F016F814
:103E0000882002F013F8002002F010F8AA2002F037
:103E10000DF8002002F00AF8BB2002F007F800209D
:103E200002F004F8992002F001F8002001F0FEFFF2
:103E3000662001F0FBFF002001F0F8FF552001F0A3
:103E4000F5FF002001F0F2FF552001F0EFFF002008
:103E500001F0ECFF442001F0E9FF002001F0E6FF53
:103E6000442001F0E3FF002001F0E0FF552001F0C5
:103E7000DDFF002001F0DAFFE92001F0E3FFAA20D6
:103E800001F0D4FF002001F0D1FF002001F0CEFFAF
:103E9000002001F0CBFF002001F0D4FFAA2001F0A8
:103EA000C5FFCF2001F0CEFF002001F0BFFF0020B2
:103EB00001F0BCFF002001F0B9FF002001F0B6FFC7
:103EC000002001F0B3FF002001F0B0FF002001F05E
:103ED000ADFF002001F0AAFF002001F0A7FF0020A5
:103EE00001F0A4FF002001F0A1FF002001F09EFFDF
:103EF000002001F09BFF002001F098FF002001F05E
:103F000095FF002001F092FF002001F08FFFF020CC
:103F100001F098FF002001F089FF502001F086FF9A
:103F2000002001F083FF002001F080FF002001F05D
:103F30007DFFF32001F086FF002001F077FFF920DC
:103F400001F080FF062001F071FF102001F06EFFEC
:103F5000292001F06BFF002001F068FF3A2001F0FA
:103F600071FF552001F062FF112001F06BFF64200A
:103F7000FEF79CFB292001F065FF352001F062FF70
:103F8000002001F053FF512001F05CFFFF2001F001
:103F90004DFF532001F056FF2C2001F047FF552024
:103FA00001F050FF822001F041FF2C2001F04AFF78
:103FB00010BD10B555214FF4704001F059FFAA21F2
:103FC0004FF2010001F054FF52214FF2020001F0C4
:103FD0004FFF08214FF2030001F04AFF01214FF289
:103FE000040001F045FF0D214FF4304001F040FF87
:103FF0000D214BF2010001F03BFF0D214BF20200BD
:1040000001F036FF34214FF4364001F031FF342106
:104010004BF2016001F02CFF34214BF2026001F001
:1040200027FF0D214FF4314001F022FF0D214BF20B
:10403000011001F01DFF0D214BF2021001F018FFDD
:1040400034214FF4374001F013FF34214BF201705B
:1040500001F00EFF34214BF2027001F009FF002144
:104060004FF4324001F004FF00214BF2012001F037
:10407000FFFE00214BF2022001F0FAFE24214FF452
:10408000384001F0F5FE24214BF6010001F0F0FE6E
:1040900024214BF6020001F0EBFE01214FF43F40DA
:1040A00001F0E6FE0F214FF4334001F0E1FE0F2155
:1040B0004BF2013001F0DCFE0F214BF2023001F037
:1040C000D7FE34214FF4394001F0D2FE34214BF6B3
:1040D000011001F0CDFE34214BF6021001F0C8FEB4
:1040E00008214FF4354001F0C3FE08214BF2015086
:1040F00001F0BEFE08214BF2025001F0B9FE03218F
:104100004FF4424001F0B4FE24214FF43A4001F054
:10411000AFFE24214BF6012001F0AAFE24214BF62C
:10412000022001F0A5FE00214FF43C4001F0A0FE6A
:1041300078214BF6014001F09BFE00214BF6024036
:1041400001F096FE00214FF43D4001F091FE7821F0
:104150004BF6015001F08CFE00214BF6025001F0AD
:1041600087FE00214FF43E4001F082FE64214BF6B1
:10417000016001F07DFE00214FF4514001F078FE16
:1041800033214DF2011001F073FE00214DF20210B7
:1041900001F06EFE34214DF2031001F069FE0021A2
:1041A0004DF2041001F064FE3A214DF2051001F0C9
:1041B0005FFE00214DF2061001F05AFE4A214DF239
:1041C000071001F055FE00214DF2081001F050FEDD
:1041D0005C214DF2091001F04BFE00214DF20A1056
:1041E00001F046FE81214DF20B1001F041FE00214D
:1041F0004DF20C1001F03CFEA6214DF20D1001F025
:1042000037FE00214DF20E1001F032FEE5214DF295
:104210000F1001F02DFE01214DF2101001F028FECB
:1042200013214DF2111001F023FE01214DF2121065
:1042300001F01EFE54214DF2131001F019FE012170
:104240004DF2141001F014FE82214DF2151001F010
:104250000FFE01214DF2161001F00AFECA214DF2A7
:10426000171001F005FE02214DF2181001F000FEBA
:1042700000214DF2191001F0FBFD02214DF21A1040
:1042800001F0F6FD01214DF21B1001F0F1FD0221BC
:104290004DF21C1001F0ECFD34214DF21D1001F027
:1042A000E7FD02214DF21E1001F0E2FD67214DF203
:1042B0001F1001F0DDFD02214DF2201001F0D8FDAC
:1042C00084214DF2211001F0D3FD02214DF2221084
:1042D00001F0CEFDA4214DF2231001F0C9FD022111
:1042E0004DF2241001F0C4FDB7214DF2251001F06C
:1042F000BFFD02214DF2261001F0BAFDCF214DF293
:10430000271001F0B5FD02214DF2281001F0B0FD9B
:10431000DE214DF2291001F0ABFD02214DF22A10F1
:1043200001F0A6FDF2214DF22B1001F0A1FD0221BA
:104330004DF22C1001F09CFDFE214DF22D1001F0EC
:1043400097FD03214DF22E1001F092FD10214DF248
:104350002F1001F08DFD03214DF2301001F088FD8A
:1043600033214DF2311001F083FD03214DF2321063
:1043700001F07EFD6D214DF2331001F079FD002139
:104380004FF4524001F074FD33214DF2012001F051
:104390006FFD00214DF2022001F06AFD34214DF243
:1043A000032001F065FD00214DF2042001F060FDC5
:1043B0003A214DF2052001F05BFD00214DF206206F
:1043C00001F056FD4A214DF2072001F051FD002178
:1043D0004DF2082001F04CFD5C214DF2092001F066
:1043E00047FD00214DF20A2001F042FD81214DF2EE
:1043F0000B2001F03DFD00214DF20C2001F038FDB5
:10440000A6214DF20D2001F033FD00214DF20E20CA
:1044100001F02EFDE5214DF20F2001F029FD0121D3
:104420004DF2102001F024FD13214DF2112001F076
:104430001FFD01214DF2122001F01AFD54214DF211
:10444000132001F015FD01214DF2142001F010FDA3
:1044500082214DF2152001F00BFD01214DF21620B5
:1044600001F006FDCA214DF2172001F001FD0221E5
:104470004DF2182001F0FCFC00214DF2192001F052
:10448000F7FC02214DF21A2001F0F2FC01214DF25D
:104490001B2001F0EDFC02214DF21C2001F0E8FC94
:1044A00034214DF21D2001F0E3FC02214DF21E20CB
:1044B00001F0DEFC67214DF21F2001F0D9FC022142
:1044C0004DF2202001F0D4FC84214DF2212001F096
:1044D000CFFC02214DF2222001F0CAFCA4214DF2B2
:1044E000232001F0C5FC02214DF2242001F0C0FC84
:1044F000B7214DF2252001F0BBFC02214DF2262010
:1045000001F0B6FCCF214DF2272001F0B1FC0221D1
:104510004DF2282001F0ACFCDE214DF2292001F003
:10452000A7FC02214DF22A2001F0A2FCF2214DF25B
:104530002B2001F09DFC02214DF22C2001F098FC73
:10454000FE214DF22D2001F093FC03214DF22E208F
:1045500001F08EFC10214DF22F2001F089FC032187
:104560004DF2302001F084FC33214DF2312001F076
:104570007FFC03214DF2322001F07AFC6D214DF2D7
:10458000332001F075FC00214FF4534001F070FC22
:1045900033214DF2013001F06BFC00214DF202306D
:1045A00001F066FC34214DF2033001F061FC002182
:1045B0004DF2043001F05CFC3A214DF2053001F07F
:1045C00057FC00214DF2063001F052FC4A214DF219
:1045D000073001F04DFC00214DF2083001F048FC9D
:1045E0005C214DF2093001F043FC00214DF20A300C
:1045F00001F03EFC81214DF20B3001F039FC00212D
:104600004DF20C3001F034FCA6214DF20D3001F0DA
:104610002FFC00214DF20E3001F02AFCE5214DF275
:104620000F3001F025FC01214DF2103001F020FC8B
:1046300013214DF2113001F01BFC01214DF212301B
:1046400001F016FC54214DF2133001F011FC012150
:104650004DF2143001F00CFC82214DF2153001F0C6
:1046600007FC01214DF2163001F002FCCA214DF287
:10467000173001F0FDFB02214DF2183001F0F8FB7C
:1046800000214DF2193001F0F3FB02214DF21A30F6
:1046900001F0EEFB01214DF21B3001F0E9FB02219C
:1046A0004DF21C3001F0E4FB34214DF21D3001F0DD
:1046B000DFFB02214DF21E3001F0DAFB67214DF2E3
:1046C0001F3001F0D5FB02214DF2203001F0D0FB6C
:1046D00084214DF2213001F0CBFB02214DF222303A
:1046E00001F0C6FBA4214DF2233001F0C1FB0221F1
:1046F0004DF2243001F0BCFBB7214DF2253001F022
:10470000B7FB02214DF2263001F0B2FBCF214DF272
:10471000273001F0ADFB02214DF2283001F0A8FB5B
:10472000DE214DF2293001F0A3FB02214DF22A30A7
:1047300001F09EFBF2214DF22B3001F099FB02219A
:104740004DF22C3001F094FBFE214DF22D3001F0A2
:104750008FFB03214DF22E3001F08AFB10214DF228
:104760002F3001F085FB03214DF2303001F080FB4A
:1047700033214DF2313001F07BFB03214DF2323019
:1047800001F076FB6D214DF2333001F071FB002119
:104790004FF4544001F06CFB33214DF2014001F025
:1047A00067FB00214DF2024001F062FB34214DF223
:1047B000034001F05DFB00214DF2044001F058FB85
:1047C0003A214DF2054001F053FB00214DF2064025
:1047D00001F04EFB4A214DF2074001F049FB002158
:1047E0004DF2084001F044FB5C214DF2094001F01C
:1047F0003FFB00214DF20A4001F03AFB81214DF2CE
:104800000B4001F035FB00214DF20C4001F030FB74
:10481000A6214DF20D4001F02BFB00214DF20E4080
:1048200001F026FBE5214DF20F4001F021FB0121B3
:104830004DF2104001F01CFB13214DF2114001F02C
:1048400017FB01214DF2124001F012FB54214DF2F1
:10485000134001F00DFB01214DF2144001F008FB63
:1048600082214DF2154001F003FB01214DF216406B
:1048700001F0FEFACA214DF2174001F0F9FA0221C7
:104880004DF2184001F0F4FA00214DF2194001F008
:10489000EFFA02214DF21A4001F0EAFA01214DF23D
:1048A0001B4001F0E5FA02214DF21C4001F0E0FA54
:1048B00034214DF21D4001F0DBFA02214DF21E4081
:1048C00001F0D6FA67214DF21F4001F0D1FA022122
:1048D0004DF2204001F0CCFA84214DF2214001F04C
:1048E000C7FA02214DF2224001F0C2FAA4214DF292
:1048F000234001F0BDFA02214DF2244001F0B8FA44
:10490000B7214DF2254001F0B3FA02214DF22640C5
:1049100001F0AEFACF214DF2274001F0A9FA0221B1
:104920004DF2284001F0A4FADE214DF2294001F0B9
:104930009FFA02214DF22A4001F09AFAF2214DF23B
:104940002B4001F095FA02214DF22C4001F090FA33
:10495000FE214DF22D4001F08BFA03214DF22E4045
:1049600001F086FA10214DF22F4001F081FA032167
:104970004DF2304001F07CFA33214DF2314001F02C
:1049800077FA03214DF2324001F072FA6D214DF2B7
:10499000334001F06DFA00214FF4554001F068FA00
:1049A00033214DF2015001F063FA00214DF2025023
:1049B00001F05EFA34214DF2035001F059FA002162
:1049C0004DF2045001F054FA3A214DF2055001F035
:1049D0004FFA00214DF2065001F04AFA4A214DF2F9
:1049E000075001F045FA00214DF2085001F040FA5D
:1049F0005C214DF2095001F03BFA00214DF20A50C2
:104A000001F036FA81214DF20B5001F031FA00210C
:104A10004DF20C5001F02CFAA6214DF20D5001F090
:104A200027FA00214DF20E5001F022FAE5214DF255
:104A30000F5001F01DFA01214DF2105001F018FA4B
:104A400013214DF2115001F013FA01214DF21250D1
:104A500001F00EFA54214DF2135001F009FA012130
:104A60004DF2145001F004FA82214DF2155001F07C
:104A7000FFF901214DF2165001F0FAF9CA214DF269
:104A8000175001F0F5F902214DF2185001F0F0F93C
:104A900000214DF2195001F0EBF902214DF21A50AC
:104AA00001F0E6F901214DF21B5001F0E1F902217C
:104AB0004DF21C5001F0DCF934214DF21D5001F093
:104AC000D7F902214DF21E5001F0D2F967214DF2C3
:104AD0001F5001F0CDF902214DF2205001F0C8F92C
:104AE00084214DF2215001F0C3F902214DF22250F0
:104AF00001F0BEF9A4214DF2235001F0B9F90221D1
:104B00004DF2245001F0B4F9B7214DF2255001F0D7
:104B1000AFF902214DF2265001F0AAF9CF214DF252
:104B2000275001F0A5F902214DF2285001F0A0F91B
:104B3000DE214DF2295001F09BF902214DF22A505D
:104B400001F096F9F2214DF22B5001F091F902217A
:104B50004DF22C5001F08CF9FE214DF22D5001F058
:104B600087F903214DF22E5001F082F910214DF208
:104B70002F5001F07DF903214DF2305001F078F90A
:104B800033214DF2315001F073F903214DF23250CF
:104B900001F06EF96D214DF2335001F069F90021F9
:104BA0004FF4564001F064F933214DF2016001F0F9
:104BB0005FF900214DF2026001F05AF934214DF203
:104BC000036001F055F900214DF2046001F050F945
:104BD0003A214DF2056001F04BF900214DF20660DB
:104BE00001F046F94A214DF2076001F041F9002138
:104BF0004DF2086001F03CF95C214DF2096001F0D2
:104C000037F900214DF20A6001F032F981214DF2AD
:104C10000B6001F02DF900214DF20C6001F028F934
:104C2000A6214DF20D6001F023F900214DF20E6036
:104C300001F01EF9E5214DF20F6001F019F9012193
:104C40004DF2106001F014F913214DF2116001F0E2
:104C50000FF901214DF2126001F00AF954214DF2D1
:104C6000136001F005F901214DF2146001F000F923
:104C700082214DF2156001F0FBF801214DF2166022
:104C800001F0F6F8CA214DF2176001F0F1F80221A7
:104C90004DF2186001F0ECF800214DF2196001F0BE
:104CA000E7F802214DF21A6001F0E2F801214DF21D
:104CB0001B6001F0DDF802214DF21C6001F0D8F814
:104CC00034214DF21D6001F0D3F802214DF21E6037
:104CD00001F0CEF867214DF21F6001F0C9F8022102
:104CE0004DF2206001F0C4F884214DF2216001F002
:104CF000BFF802214DF2226001F0BAF8A4214DF272
:104D0000236001F0B5F802214DF2246001F0B0F803
:104D1000B7214DF2256001F0ABF802214DF226607B
:104D200001F0A6F8CF214DF2276001F0A1F8022191
:104D30004DF2286001F09CF8DE214DF2296001F06F
:104D400097F802214DF22A6001F092F8F2214DF21B
:104D50002B6001F08DF802214DF22C6001F088F8F3
:104D6000FE214DF22D6001F083F803214DF22E60FB
:104D700001F07EF810214DF22F6001F079F8032147
:104D80004DF2306001F074F833214DF2316001F0E2
:104D90006FF803214DF2326001F06AF86D214DF297
:104DA000336001F065F855214FF4704001F060F870
:104DB000AA214FF2010001F05BF852214FF20200EC
:104DC00001F056F808214FF2030001F051F80021DC
:104DD0004FF2040001F04CF8CC214FF4314001F0C7
:104DE00047F800214BF2011001F042F805214FF481
:104DF000364001F03DF870214FF4374001F038F8AB
:104E000070214BF2017001F033F801214FF438406A
:104E100001F02EF803214BF6010001F029F80321DF
:104E20004BF6020001F024F803214BF6030001F0D9
:104E30001FF802214FF43C4001F01AF800214BF614
:104E4000014001F015F800214BF6024001F010F886
:104E5000D0214FF4494001F00BF802214CF601102B
:104E600001F006F850214CF6021001F001F8502133
:104E70004CF6031000F0FCFF50214CF6041000F03B
:104E8000F7FF00214FF4545000F0F2FF55214FF48A
:104E9000685000F0EDFF4FF4885000F0D3FF782009
:104EA000FDF710FC4FF4245000F0CCFF10BD10B5FE
:104EB000E22000F0C7FF1D2000F0B8FF022000F044
:104EC000B5FF042000F0B2FF6420FDF7FBFBE020FB
:104ED00000F0B8FF012000F0A9FF0A20FDF7E6FB73
:104EE000E02000F0AFFF032000F0A0FF0C20FDF752
:104EF000DDFB012000F0A6FF0A20FDF7D7FBE6202E
:104F000000F0A0FF2F2000F091FFFF2000F08EFFA7
:104F1000FF2000F08BFFB02000F094FF202000F075
:104F200085FF002000F082FF032000F07FFF40F2A9
:104F30001F3000F07BFF012000F078FF40F2DF100F
:104F400000F074FF002000F071FFB42000F07AFF41
:104F5000042000F06BFF40F21F4000F067FF0020CC
:104F600000F064FF2E2000F061FF002000F05EFFE3
:104F7000002000F05BFF002000F058FF002000F050
:104F800055FFB62000F05EFF022000F04FFF4FF407
:104F9000037000F04BFF002000F048FF172000F0E6
:104FA00045FF152000F042FF002000F03FFF0020E9
:104FB00000F03CFFF02000F045FF032000F036FF3A
:104FC000292000F03FFFD02000F03CFF002000F03F
:104FD0002DFFBE2000F036FF052000F027FFFE2049
:104FE00000F024FF012000F021FF002000F01EFF50
:104FF000002000F01BFF002000F018FFB82000F098
:1050000021FF032000F012FF012000F00FFFBA2063
:1050100000F018FF012000F009FF10BD10B51120AD
:1050200000F010FF7820FDF741FB362000F00AFF6A
:10503000002000F0FBFE3A2000F004FF052000F005
:10504000F5FEB22000F0FEFE0C2000F0EFFE0C207A
:1050500000F0ECFE002000F0E9FE332000F0E6FE58
:10506000332000F0E3FEB72000F0ECFE352000F026
:10507000DDFEBB2000F0E6FE322000F0D7FEC020AF
:1050800000F0E0FE0C2000F0D1FEC22000F0DAFEBD
:10509000012000F0CBFEC32000F0D4FE102000F071
:1050A000C5FEC42000F0CEFE202000F0BFFEC620CA
:1050B00000F0C8FE0F2000F0B9FED02000F0C2FEC4
:1050C000A42000F0B3FEA12000F0B0FEE02000F02C
:1050D000B9FED02000F0AAFE002000F0A7FE0220BA
:1050E00000F0A4FE072000F0A1FE0A2000F09EFEC2
:1050F000282000F09BFE322000F098FE442000F0B3
:1051000095FE422000F092FE062000F08FFE0E2059
:1051100000F08CFE122000F089FE142000F086FEC4
:10512000172000F083FEE12000F08CFED02000F07C
:105130007DFE002000F07AFE022000F077FE0720BE
:1051400000F074FE0A2000F071FE282000F06EFED0
:10515000312000F06BFE542000F068FE472000F084
:1051600065FE0E2000F062FE1C2000F05FFE17209E
:1051700000F05CFE1B2000F059FE1E2000F056FEE1
:105180002A2000F05FFE002000F050FE002000F01A
:105190004DFE002000F04AFEEF2000F047FE2B20DD
:1051A00000F050FE002000F041FE002000F03EFE26
:1051B000012000F03BFE3F2000F038FE292000F0E7
:1051C00041FE10BD10B5112000F03CFE7820FDF727
:1051D0006DFA362000F036FE482000F027FE3A2017
:1051E00000F030FE552000F021FEF02000F02AFEF5
:1051F000C32000F01BFEF02000F024FE962000F0FB
:1052000015FEB42000F01EFE012000F00FFEB620B7
:1052100000F018FE0A2000F009FEA22000F006FEB1
:10522000B72000F00FFEC62000F000FEB92000F00D
:1052300009FE022000F0FAFDE02000F0F7FDC0209A
:1052400000F000FE802000F0F1FD162000F0EEFDE1
:10525000C12000F0F7FD192000F0E8FDC22000F0A9
:10526000F1FDA72000F0E2FDC52000F0EBFD1620C7
:1052700000F0DCFDE82000F0E5FD402000F0D6FD68
:105280008A2000F0D3FD002000F0D0FD002000F0C7
:10529000CDFD292000F0CAFD192000F0C7FDA52092
:1052A00000F0C4FD332000F0C1FDE02000F0CAFD95
:1052B000F02000F0BBFD072000F0B8FD0D2000F04D
:1052C000B5FD042000F0B2FD052000F0AFFD142074
:1052D00000F0ACFD362000F0A9FD542000F0A6FD42
:1052E0004C2000F0A3FD382000F0A0FD132000F0BA
:1052F0009DFD142000F09AFD2E2000F097FD342033
:1053000000F094FDE12000F09DFDF02000F08EFD06
:10531000102000F08BFD142000F088FD0E2000F01E
:1053200085FD0C2000F082FD082000F07FFD352077
:1053300000F07CFD442000F079FD4C2000F076FD6B
:10534000262000F073FD102000F070FD122000F008
:105350006DFD2C2000F06AFD322000F067FDF0208A
:1053600000F070FD3C2000F061FDF02000F06AFDCF
:10537000692000F05BFD7820FDF798F9212000F00E
:1053800061FD292000F05EFD10BD000000B595B064
:1053900000BF00BF00200190F848006840F04000C6
:1053A000F64908600846006800F04000019000BF20
:1053B00000BF00BF00BF00BF00200190084600688A
:1053C00040F0080008600846006800F008000190FE
:1053D00000BF00BF00BF00BF00BF00200190084613
:1053E000006840F0080008600846006800F0080007
:1053F000019000BF00BF00BF00BF00BF00200190B0
:105400000846006840F0400008600846006800F068
:105410004000019000BF00BF00BF00BF00BF0020E0
:1054200001900846006840F00200086008460068E5
:1054300000F00200019000BF00BF00BF8814109070
:105440000220119001201290022013900C20149041
:1054500010A9CB48FBF74CFB2020109010A9C9489D
:10546000FBF746FB1020109010A9C648FBF740FB45
:105470004FF48050109010A9C348FBF739FB4FF44C
:10548000004010900120119010A9C048FBF730FB9C
:105490004FF02040BE490860BE4848600620886042
:1054A0000021BB48C1601021416100218161C161BF
:1054B00041624FF4805181620021C1624FF480410A
:1054C00001630021416381630F20099000200A904D
:1054D0003C200B9000200F900920029000200390A8
:1054E000092004900020089002AA09A9A848FCF706
:1054F00057F83220FDF7DAF8D32000F0A3FC00F0D3
:10550000D5F9A549888000F0D1F9A349888000F039
:10551000CDF9A1498880084680884FF6FF7101EADD
:1055200000209D49888000F0C1F99B498988084383
:10553000994988800846808849F2413188427CD068
:10554000042000F07FFC00F0B1F99349888000F05E
:10555000ADF99149888000F0A9F98F498880084603
:1055600080884FF6FF7101EA00208B49888000F0A7
:105570009DF9894989880843874988800846808839
:1055800048F25251884203D147F28970824988809B
:105590008148808847F289718842D0D0D42000F0B9
:1055A00051FC00F083F97C49888000F07FF97A494A
:1055B000888000F07BF978498880084680884FF61B
:1055C000FF7101EA00207449888000F06FF9724988
:1055D00089880843704988800846808845F21031E0
:1055E0008842ACD0D32000F02DFC00F05FF96A496E
:1055F000888000F05BF96849888000F057F96649B7
:105600008880084680884FF6FF7101EA00206249D1
:10561000888000F04BF96049898808435E4988809A
:105620000846808847F29671884288D055214FF409
:10563000704000F01DFCAA2100E07EE04FF2010066
:1056400000F016FC52214FF2020000F011FC08217C
:105650004FF2030000F00CFC01214FF2040000F0B7
:1056600007FC4FF4454000F0EDFB00F01FF94A49FC
:105670008880084680884FF6FF7101EA002046497D
:1056800088804CF2015000F0DDFB00F00FF9424938
:1056900089880843404988800520FDF707F83E487F
:1056A000808845F21051884247D0D32000F0CAFBD1
:1056B00000F0FCF83849888000F0F8F83649888016
:1056C00000F0F4F834498880084680884FF6FF716E
:1056D00001EA00203049888000F0E8F82E498988E6
:1056E00008432D4988800846808849F6060188428B
:1056F00023D0A12000F0A6FB00F0D8F8264988802E
:1057000000F0D4F824498880084680884FF6FF715D
:1057100001EA00202049888000F0C8F81E498988E5
:1057200008431D4988800846808845F26171884297
:1057300003D141F66310184988801748818817A063
:10574000FAF77AFE1448808847F28971884202D1BC
:10575000FFF764FC4EE01048808849F241318842EE
:1057600002D1FDF7F7F945E00B48808845F210318A
:10577000884219D1FDF7A4FC3CE00000303802401B
:1057800000180240000C02400014024000040240D5
:1057900018020020040100A0680200204C434420AD
:1057A00049443A25780D0A003A48808847F29671B4
:1057B000884202D1FFF706FD1CE03648808845F29A
:1057C0001051884202D1FEF7F4FB13E03148808883
:1057D00049F60601884202D1FDF7D2FA0AE02D48C7
:1057E000808841F66311884204D1FFF760FB642092
:1057F00000F0ECFA2748808847F2897188420BD084
:105800002448808849F24131884205D02148808867
:1058100041F6631188420AD10320029004901E4988
:105820000B6B8A68486802A9FBF784F821E01948E5
:10583000808845F21031884211D01648808847F29E
:10584000967188420BD01348808845F210518842E7
:1058500005D01048808849F60601884209D1022007
:10586000029004900C490B6B8A68486802A9FBF708
:1058700061F80020FDF7A8F800BF0122D103074816
:10588000FBF740FA00BF4FF6FF70FDF783F815B045
:1058900000BD000068020020180200200004024041
:1058A00000BF011EA0F10100FBD1704708B5022026
:1058B000FFF7F6FF024800880090BDF8000008BD21
:1058C0008000006CF0B50546002400278B488079E5
:1058D000012805D18948808841F66311884208D1A2
:1058E00086488079F0B98548808841F663118842FE
:1058F00018D1082D15D2DFE805F00406080A0C0EB1
:10590000101206250DE007250BE0042509E005250A
:1059100007E0012505E0002503E0032501E002255D
:1059200000BF00BF082D1CD2DFE805F00406090CFB
:105930000F12151800BF14E044F0800411E044F089
:1059400040040EE044F0C0040BE044F0200408E002
:1059500044F0600405E044F0A00402E044F0E004F8
:1059600000BF00BF36276548808845F21051884245
:1059700000D13F026148808849F2413188420BD012
:105980005E48808847F28971884205D05B488088EC
:1059900047F29671884201D144F008042146384606
:1059A00000F066FA5548808841F6631188421DD0A0
:1059B00004F0200068B15148008850494988884265
:1059C00014DA4E48068840884C49088008464680CC
:1059D0000CE04A48008849494988884206DD474822
:1059E00006884088454908800846468043488088A4
:1059F00045F21051884252D14049488900F022FABC
:105A0000002000F013FA3D494989491C88B200F092
:105A100019FA002000F00AFA38494989891C88B22D
:105A200000F010FA35490988491EC1F30F2000F033
:105A3000FDF932494989C91C88B200F003FA2F499F
:105A40000978491EC8B200F0F1F92C49888900F0A4
:105A5000F9F9002000F0EAF928498989491C88B23F
:105A600000F0F0F9002000F0E1F924498989891C4F
:105A700088B200F0E7F921494988491EC1F30F2097
:105A800000F0D4F91D498989C91C88B200F0DAF9FF
:105A90001A498978491EC8B200F0C8F92DE01749A3
:105AA000488900F0CFF9002000F0C0F9002000F094
:105AB000BDF912490988491EC1F30F2000F0B6F95B
:105AC0000E490978491EC8B200F0B0F90B4988891F
:105AD00000F0B8F9002000F0A9F9002000F0A6F9C4
:105AE00006494988491EC1F30F2000F09FF9034978
:105AF0008978491EC8B200F099F9F0BD680200200B
:105B000010B502460C464548808841F6631188422C
:105B100047D142488079A8B940480088401E801A81
:105B200082B23E49488900F08DF9002000F07EF9EC
:105B3000002000F07BF9101200F078F9D0B200F0EC
:105B400075F916E03549488900F07CF9101200F02B
:105B50006DF9D0B200F06AF930490988491EC1F3E5
:105B60000F2000F063F92D490978491EC8B200F0F2
:105B70005DF92A49888900F065F9201200F056F98C
:105B8000E0B200F053F925494988491EC1F30F20BE
:105B900000F04CF921498978491EC8B200F046F955
:105BA0003AE01E48808845F21051884220D11B49B6
:105BB000488900F047F9101200F038F9174949896F
:105BC000491C88B200F03EF9D0B200F02FF9134919
:105BD000888900F037F9201200F028F90F498989E7
:105BE000491C88B200F02EF9E0B200F01FF913E072
:105BF0000A49488900F026F9101200F017F9D0B2CE
:105C000000F014F90549888900F01CF9201200F011
:105C10000DF9E0B200F00AF910BD000068020020A2
:105C20002DE9FC4F80460E4615461C46B346002023
:105C3000019000902046E31704EB5373DB102146DC
:105C40004FEAE47C04EB5C7C4FEAEC0CA4EBCC0C5C
:105C5000BCF1000F02D04FF0010C01E04FF0000C3E
:105C60006344224604EBD27C4FEA6C0C03FB0CF33A
:105C7000DBB20193A5F12000C5B20C2C06D0102C8C
:105C80000BD0182C0ED0202C18D112E005EB4500BB
:105C90002D4901EB8000009012E02C4800EB05102C
:105CA00000900DE005EBC500294901EB8000009054
:105CB00006E0284800EB8510009001E0BDE8FC8F6D
:105CC00000BF00273AE0009810F807904FF0000A54
:105CD0002EE009F0800028B1314640460C9AFCF7CE
:105CE00029FF07E00B9828B91B4831460268404657
:105CF000FCF720FF4FEA49604FEA1069701C86B23A
:105D000016484088B04200DCD8E7A6EB0B00A04262
:105D10000AD15E4608F101001FFA80F80F4800889A
:105D2000404500DCCAE706E00AF1010000F0FF0A86
:105D3000BAF1080FCDDB00BF781CC7B201988742CB
:105D4000C1DB00BFBAE700007A900008EE940008BB
:105D5000DE9A00083AA800084800002068020020E7
:105D60002DE9FC4F04460D4690469946DDE90C7A34
:105D70000B9E04F0FF0B08EB04001FFA80F809EB00
:105D800005001FFA80F917E0444502DB5C46A819BC
:105D900085B24D4500DB15E00020CDE9000A3A78D8
:105DA000334629462046FFF73BFF304606EBD071CD
:105DB00004EB61018CB27F1C38787E2802DC3878D5
:105DC0002028E1DA00BFBDE8FC8F000070B52DEDA2
:105DD000048B0446BE2000F035F8052000F026F8BC
:105DE000204603F028F841EC190B9FED0E0B53EC05
:105DF000102B03F033F841EC180B02F0EFFF85B2E3
:105E0000284600F013F8012000F010F8FF2000F001
:105E10000DF8002000F00AF8002000F007F8BDECB3
:105E2000048B70BD666666666666044001B5BDF8A3
:105E300000000090BDF800000149088008BD000086
:105E40008000006C01B5BDF800000090BDF80000B6
:105E50000149088008BD00007E00006C02480089EE
:105E60000249088070470000680200207E00006C34
:105E7000034A10804FF0D842A2F88010704700000B
:105E80007E00006C00B587B000BF00BF002001900D
:105E90002048006840F020001E490860084600685D
:105EA00000F02000019000BF00BF00BF00BF00BF96
:105EB000002001900846006840F020000860084675
:105EC000006800F02000019000BF00BF00BF48152F
:105ED00002900120039004900220059002A90E4830
:105EE000FAF706FE4FF48060029002A90A48FAF71A
:105EF000FFFD00BF012251020748FAF703FF00BF70
:105F000000BF012291020448FAF7FCFE00BF07B06F
:105F100000BD0000303802400014024010B50320DC
:105F2000FAF79CFFFAF70CFF0723022208214FF42F
:105F3000A87001F0EFF9A820FCF79CFB4FF4E130CA
:105F400001F08EFAFFF79EFFFFF720FAFCF742FC04
:105F500000F0EAFE002000F00BF8022000F008F844
:105F6000012000F005F8FCF7DFFB002010BD000069
:105F700010B504460C4951F824104A000B4951F859
:105F80002400002100F036F8094951F8242007497F
:105F90000C3951F82400002100F02CF801210348AD
:105FA0000C30015510BD0000FCBF00086800002047
:105FB00014C0000810B501460023002207E00B487A
:105FC00050F8210030F8120000B15B1C521C084848
:105FD00050F821009042F2D84FF47A705843044CA4
:105FE00054F82140B0FBF4F080B210BD68000020EE
:105FF000FCBF000830B5034601E003F8011B141E86
:10600000A2F10102F9D130BD2DE9F04105460E465D
:106010002948076800202949096881F85D00274858
:106020000068001D01F038FA50B92448006890F863
:106030002C100120884022490968814320480160D2
:10604000681CD8B9D6B11F4948681C4909688860DE
:106050001A4982680968CA6018490968091D826876
:10606000516016490968091D8160164A134909687B
:106070004A6111460968491C11601AE07C190F48F1
:1060800000684460BC4207D20C480168091D0E48F4
:10609000006801F033FA0CE008480168091D0B485C
:1060A000006801F02BFA0A480068844201D20848CF
:1060B0000460BDE8F08100008C0000207800002022
:1060C00090000020F0840120800000207C0000204F
:1060D000A800002010B5044601F036FA31480068E7
:1060E000401C304908603048006840B92E480460C0
:1060F0000846006801280DD100F018FA0AE02B4884
:10610000006838B928480068C06AE16A884201D846
:106110002548046026480068401C25490860084658
:106120000068606494F82C100120884021490968B7
:10613000084320490860E16A01EB81011E4A02EB35
:1061400081014868A0608268E260211D8268516018
:106150008160E16A01EB8101174A02EB8102626111
:10616000E16A01EB8101144A52F82110491CE26AEC
:1061700002EB8202104B43F8221001F031FA0B4877
:10618000006868B108480068C06AE16A884207D2BE
:106190004FF0805009490860BFF34F8FBFF36F8FF6
:1061A00010BD00008800002078000020940000202E
:1061B000A4000020900000202082012004ED00E0D7
:1061C00010B501F0C1F910480068D0B90F4801F0CE
:1061D00085F90F4801F082F90C480E4908600C4817
:1061E0000D49086000221021052002F08BF80649B5
:1061F00008600846006820B108A10348006801F063
:10620000AFFA01F0EDF910BDC800002004850120AF
:1062100018850120C0000020C4000020546D725178
:106220000000000010B516E001F08EF90C48C068BF
:10623000C468201D01F030F90A480068401E094971
:10624000086009480068401E0749086001F0C8F965
:10625000204600F05FF8044800680028E4D110BD33
:10626000DC840120880000208400002070B50446F2
:106270000D46206C70B1216CE0680144E160D4E906
:106280000210884201D32168E1602846226CE1684F
:10629000FAF7A4F970BD2DE9F04104460F46154602
:1062A0004FF00008A66B206C48B9206800282CD15C
:1062B000A06802F04DFB80460020A06025E07DB97B
:1062C0003946226C6068FAF789F9216C60680844E5
:1062D0006060D4E90101884217D32068606014E04F
:1062E0003946226CE068FAF779F9216CE068411AC6
:1062F000E1602168E068884203D2216CA068411AFD
:10630000E160022D01D106B1761E701CA0634046EB
:10631000BDE8F08110B50446206B01F0A1F92046DC
:1063200001F09EF910BD00000146084A126812688B
:106330000AB9012200E000220A600A6822B9034A71
:106340001268D268106800E000207047C00000208A
:1063500030B54FF42053174800F007042CB1C01D8E
:1063600020F00700134C041B1B1B0246124C22603A
:106370000024114D6C60D018083820F007000F4C35
:10638000206000240D4D2D686C600C4D2D682C6034
:106390001146441A4C60094C24680C60084D4C6846
:1063A0002C60084D4C682C604FF00044064D2C606A
:1063B00030BD00002C850120D4000020DC0000202E
:1063C000E4000020E0000020F000002000BFFFF704
:1063D00029FF064800680128F9D94FF08050044988
:1063E0000860BFF34F8FBFF36F8FF0E7208201206B
:1063F00004ED00E02DE9F04106460D4617469846AB
:10640000069C0DB9246000E02760E6632564012145
:10641000204601F0BFFF84F850800020A064BDE852
:10642000F08100002DE9F05F82460F4690469B46C2
:106430000A9E0C9C4FEA8801A522206BFAF713F9FB
:10644000A8F10100216B01EB800929F0070909F08F
:10645000070008B9012000E0002028B94FF4587265
:1064600025A12EA0F9F7E8FF87B1002507E0795DA7
:1064700004F134004155785D00B902E06D1C102D27
:10648000F5D300BF00214320015502E0002084F82D
:106490003400202E01D2012000E0002028B940F273
:1064A000973215A11DA0F9F7C7FF202E00D31F2694
:1064B000E662E66400202065201D01F01CF804F16E
:1064C000180001F018F82461C6F12000A061646290
:1064D00000206065A06584F85C0084F85D005A4681
:1064E0005146484600F00AFC20600B9808B10B9812
:1064F0000460BDE8F09F00002E2E5C2E2E5C4D69DE
:1065000064646C6577617265735C4672656552544C
:106510004F535C7461736B732E6300004572726F2E
:10652000723A2025732C2025640D0A0010B5002432
:1065300007E004EB84010F4A02EB810000F0CEFF7C
:10654000641C202CF5D30C4800F0C8FF0B4800F069
:10655000C5FF0B4800F0C2FF0A4800F0BFFF0A4821
:1065600000F0BCFF04480949086004480849086075
:1065700010BD000020820120A0840120B4840120ED
:10658000C8840120DC840120F08401207C000020EC
:106590008000002010B50146164800E0006803683E
:1065A0008B42FBD30246436813448B4204D14368B9
:1065B0004C682344436001460A464B681344046810
:1065C000A34211D10C4C03682468A34208D04B6845
:1065D0000468646823444B6003681B680B6005E033
:1065E000054B1B680B6001E003680B60884200D01C
:1065F000016010BDD4000020DC0000202DE9F04136
:1066000004460D4616461F464FF00008656024619B
:10661000B5420CD8F01BA169884202D34FF00108A3
:1066200011E0211D0948006800F068FF0BE0BE4240
:1066300004D2BD4202D34FF0010804E0211D0448FA
:10664000006800F05BFF4046BDE8F081C400002018
:10665000C000002070B5054600F076FFA86B08B9B1
:10666000012400E0002400F0BBFF204670BD0000C4
:10667000F1B50098846C00262CB940F6D53220A1E3
:1066800028A0F9F7D9FEA06BE16B884201D2012066
:1066900000E0002028B940F6D63219A121A0F9F770
:1066A000CBFEA06BE16B884227D294F945500022C3
:1066B00069462046FFF7EFFD0646681C60B9606A30
:1066C00008B9012000E00020B0B904F1240002F074
:1066D000C7F988B101260FE07F2D01D0012000E02D
:1066E000002028B940F6F63205A10EA0F9F7A4FE65
:1066F000681C40B284F8450000BF3046F8BD000079
:106700002E2E5C2E2E5C4D6964646C65776172651B
:10671000735C4672656552544F535C71756575655F
:106720002E6300004572726F723A2025732C20256B
:10673000640D0A0070B505460E460E480068C06834
:10674000C468201D00F0A8FE94F8280000F00400A2
:1067500028B132462946204600F0FEF805E094F8BC
:10676000280000F0FE0084F828002046216A8847AF
:1067700070BD0000C000002070B586B08AE00298AD
:1067800000280CDA03AE2EB940F2063247A150A021
:10679000F9F752FED6E90020B168904700BF029891
:1067A000002877DB049C606908B9012000E0002024
:1067B00010B9201D00F070FE01A800F0F9F80546A0
:1067C00002980A2864D2DFE800F06305072E3653EA
:1067D00006082F3700BF00BF00BF94F8280040F024
:1067E000010084F828000398A269811803462A460C
:1067F0002046FFF703FFA8B194F8280000F004003A
:1068000038B10398A26981182A46204600F0A4F8FE
:1068100005E094F8280000F0FE0084F828002046E7
:10682000216A884735E000BF94F8280000F0FE0098
:1068300084F828002DE000BF94F8280040F0010003
:1068400084F828000398A061A06908B1012000E045
:10685000002028B940F2593214A11DA0F9F7ECFD2F
:10686000A06941192B462A462046FFF7C7FE10E0D3
:1068700094F8280000F0020018B9204600F0F0FE5D
:1068800005E094F8280000F0FE0084F8280000E0FD
:1068900000BF00BF002202A91148006801F0F8FD06
:1068A00000287FF46CAF06B070BD00002E2E5C2E69
:1068B0002E5C4D6964646C6577617265735C4672C9
:1068C000656552544F535C74696D6572732E630035
:1068D0004572726F723A2025732C2025640D0A00D0
:1068E000C8000020F8B505460C4601F057FA684686
:1068F00000F05EF80646009820BB44B9B54206D8C1
:1069000002F054F931462846FFF714FF1CE03CB171
:106910000E480068006808B9012000E00020044625
:10692000A91B22460A48006800F060FF02F03EF909
:1069300050B94FF0805007490860BFF34F8FBFF345
:106940006F8F01E002F032F9F8BD0000C4000020B2
:10695000C800002004ED00E070B504460D46164660
:1069600004E0A06905442046216A8847A0694119CE
:106970002B4632462046FFF741FE0028F1D170BD7C
:1069800009480068006808B9012000E0002020B133
:106990004FF0FF300549086005E003480068C06813
:1069A00000680249086070477C000020A8000020B1
:1069B00070B5044601F0D2FE0546074800688542DE
:1069C00004D200F00BF80120206001E000202060DC
:1069D00001480560284670BDD000002070B508E071
:1069E0000D480068C06804684FF0FF312046FFF78B
:1069F000A1FE09480068006808B9012000E00020F5
:106A00000028EDD004480568044800680249086081
:106A10000248056070BD0000C0000020C4000020D6
:106A20000B480068401C08B9012000E0002020B994
:106A3000E92208A116A0F9F7FFFC00BF502080F35F
:106A40001188BFF34F8FBFF36F8F00BF00BFFEE70A
:106A5000F40000202E2E5C2E2E5C4D6964646C6563
:106A600077617265735C4672656552544F535C7012
:106A70006F727461626C655C525644535C41524D56
:106A80005F434D34465C706F72742E6300000000EB
:106A90004572726F723A2025732C2025640D0A000E
:106AA00010B50346002022B903EA010434B10120E5
:106AB00004E003EA01048C4200D1012010BD08B5B6
:106AC00000BF6846FFF730FC044620460099FFF7F8
:106AD00009FFFFF751FEF4E770B5044600F034FDFE
:106AE00094F9455019E0A06C30B12046FFF7C0FD85
:106AF00088B100F081FF0EE0606A08B9012000E073
:106B0000002038B904F1240001F0AAFF18B100F008
:106B100073FF00E003E0681E45B2002DE3DC00BF18
:106B2000FF2084F8450000F05BFD00F00DFD94F9B6
:106B3000445010E0206908B9012000E0002048B965
:106B400004F1100001F08CFF08B100F055FF681E41
:106B500045B200E001E0002DECDC00BFFF2084F82E
:106B6000440000F03DFD70BD2DE9F04104464FF0BA
:106B7000000801F013F94948006808B9FFF7E8FB7D
:106B8000474800682040002875D1002C23D004F12C
:106B90000800A0421FD9083404F0070000281BD0C9
:106BA00004F00700C0F108002044A04211D904F00D
:106BB0000700C0F10800044404F0070008B90120F0
:106BC00000E0002040B99C2236A144A0F9F734FC33
:106BD00002E0002400E00024002C4CD04348006870
:106BE000844248D8424E3046056801E02E462D6862
:106BF0006868A04202D228680028F7D127480068B8
:106C0000854238D0306800F108082868306068682C
:106C1000001B102813D92F1907F0070008B901200D
:106C200000E0002020B9CF221EA12CA0F9F704FC1F
:106C30006868001B78606C603846FFF7ABFC2B4936
:106C400068680968081A29490860084600682949DF
:106C50000968884203D2254800682649086010491F
:106C60006868096808436860002028602248006856
:106C7000401C2149086001F099FF08F0070008B99D
:106C8000012000E0002028B94FF4887205A113A06C
:106C9000F9F7D2FB4046BDE8F0810000DC0000209F
:106CA000F00000202E2E5C2E2E5C4D6964646C6515
:106CB00077617265735C4672656552544F535C70C0
:106CC0006F727461626C655C4D656D4D616E675C81
:106CD000686561705F342E63000000004572726F5A
:106CE000723A2025732C2025640D0A00E000002054
:106CF000D4000020E4000020E8000020001F4FF036
:106D000080730360001F21F001030360001F054B27
:106D1000036014380260001F6FF002030360203824
:106D200070470000216A000800B58DB0FBF7EEFB4C
:106D300000BF00BF002000907148006840F0400094
:106D40006F4908600846006800F04000009000BFEE
:106D500000BF00BF00BF00BF0020009008460068D1
:106D600040F0080008600846006800F00800009045
:106D700000BF00BF00BF00BF00BF0020009008465A
:106D8000006840F0080008600846006800F008004D
:106D9000009000BF00BF00BF00BF00200090584817
:106DA0000830006840F00100554908310860084685
:106DB000006800F00100009000BF00BF00BF00208D
:106DC00000904F48006840F008004D4908600846B0
:106DD000006800F00800009000BF00BF00BF002066
:106DE00000900846006840F01000086008460068FF
:106DF00000F01000009000BF00BF00BF0020009016
:106E00000846006840F0200008600846006800F06E
:106E10002000009000BF00BF00BF00200090084687
:106E2000006840F0400008600846006800F040003C
:106E3000009000BF00BF08150890022009900120B3
:106E40000A9002200B900C200C9008A92D48F9F70D
:106E50004FFE2020089008A92B48F9F749FE102082
:106E6000089008A92848F9F743FE4FF603700890E8
:106E70000220099001200A9002200B9008A92248C4
:106E8000F9F736FE4FF68370089008A91F48F9F706
:106E90002FFE4FF23F00089008A91D48F9F728FE81
:106EA0003F20089008A91748F9F722FE4FF020402C
:106EB0001849086018484860042088600021154877
:106EC000C16001611021416100218161C1614162A4
:106ED0004FF4805181620021C1620163416381638B
:106EE000002001900290062003900020049007905B
:106EF00001AA01A90748FAF753FB0DB000BD000035
:106F00003038024000180240000C024000100240DD
:106F10000014024078020020040100A01CB52048A3
:106F2000006840F078001E4908600120032100231A
:106F30000246CDE900104EF233011A48FAF7DEFF9F
:106F40000120032100230246CDE900104EF22F015B
:106F50001548FAF7D3FF0120032100230246CDE9AB
:106F6000001040F233411148FAF7C8FF0120032115
:106F700000230246CDE900104FF4F0610C48FAF707
:106F8000BDFF01200B4908600B49C1F8A80209495F
:106F9000091F086000200849C1F880021CBD0000DC
:106FA00030380240000C0240001402400018024039
:106FB0000010024094824142000043422DE9FC410E
:106FC0000446002500260027FFF7A8FF00206B4994
:106FD000086001F0FBFE00BF10E000206749086078
:106FE000674931F81500FBF7C7FA01F0EFFE012001
:106FF0006449C1F8940201F0E9FE6D1C052DECDB3B
:1070000001206149086000205E49C1F89402200A0D
:10701000FBF704FB01F0DAFE01205849086001F09B
:10702000D5FE00205749C1F89402E0B2FBF7F6FA0A
:1070300001F0CCFE01205149086001F0C7FE00209C
:107040005049C1F894025148006840F078004F4917
:1070500008600120032103460022CDE900104FF40F
:10706000F0614B48FAF74AFF012003210346002252
:10707000CDE900104CF203014648FAF73FFF00202B
:107080003E49091F0860091D086001F09FFE0120AC
:107090003C49C1F8940201F099FE38485C38006818
:1070A0003849D1F83C1240EA41003649D1F8001283
:1070B00040EA81003349D1F8041240EAC100364960
:1070C000D1F81C1240EA01103349D1F8201240EAED
:1070D00041103149D1F8241240EA81102E49D1F8EB
:1070E000281240EAC110C6B201F070FE0020234908
:1070F000086001F06BFE01202249C1F8940201F002
:1071000065FE1E485C3800681E49D1F83C1240EA12
:1071100041001C49D1F8001240EA81001949D1F818
:10712000041240EAC1001C49D1F81C1240EA0110C7
:107130001949D1F8201240EA41101749D1F8241218
:1071400040EA81101449D1F8281240EAC110C7B2B0
:1071500001F03CFE00200C4928310860012007495D
:107160000860091F086001F031FE0120064928313E
:10717000086047EA0620BDE8FC8100009482414295
:10718000000100200080414280024342303802402A
:1071900000100240000C02400000424270B504465C
:1071A0000D460026FFF7BAFE01F010FE00BF10E00A
:1071B00000202F4908602F4931F81600FBF7DCF951
:1071C00001F004FE01202C49C1F8940201F0FEFDFB
:1071D000761C052EECDB012028490860002026499A
:1071E000C1F89402802141EA1420FBF717FA01F05C
:1071F000EDFD01201E49086001F0E8FD00201E4958
:10720000C1F89402E0B2FBF709FA01F0DFFD0120BA
:107210001749086001F0DAFD00201749C1F894020F
:10722000280AFBF7FBF901F0D1FD012010490860A5
:1072300001F0CCFD00201049C1F89402E8B2FBF740
:10724000EDF901F0C3FD01200949086001F0BEFD20
:1072500000200A4928310860012005490860091FFB
:10726000086001F0B3FD012004492831086070BDB9
:10727000948241420001002000804142800243424A
:107280001CB5044600F060F900F00CFE11490860DE
:107290000846006810B110A0F9F7CEF81448022192
:1072A00000238022CDE9001012A1144801F016FA43
:1072B0001348032100238022CDE9001011A11348B7
:1072C00001F00CFA1248006800F0F8FA00F088F9B2
:1072D0001CBD000010000020CAC2BCFEB1EAD6BE30
:1072E000D7E9B4B4BDA8B3C9B9A6A3A10D0A0000DB
:1072F000080000207461736B31000000E173000826
:107300000C0000207461736B3200000019740008D7
:10731000040000202DE9F04192B080460C4615464D
:107320001E46002700BF002000902A48006840F059
:107330008050284908600846006800F0805000909E
:1073400000BF00BF00BF002000902348006840F449
:107350008040214908600846006800F480400090A1
:1073600000BF00BF0120019000040290022007909E
:1073700041050891CDF8288009940B950C9601A839
:10738000F9F7C0FE07461FB1012012B0BDE8F08139
:107390000F200D9002200E9000200F904FF4A0506F
:1073A00010904FF48050119004210DA8F9F76AFD58
:1073B00007460FB10120E8E7F9F7AAFC41F2010105
:1073C000884205D10548006840F480700349086090
:1073D0000020DAE74038024000700040003C0240E4
:1073E000002415E00020FBF773FA0446012C05D1B8
:1073F00001210848006800F063FD06E0022C04D17A
:1074000002210448006800F05BFD0A2000F014FA35
:10741000E8E700001000002008B50DE04FF0FF3154
:107420000023012200910321044C206800F0C4FDD8
:10743000014603A0F9F700F8F0E700001000002073
:10744000B5C8B4FDCAC2BCFEB3C9B9A6A3ACCAFDD7
:10745000BEDDCEAAA3BA307825780D0A0000000060
:1074600010B5044609480A490860084644600021EE
:107470008160C160016181610C214161FAF728FCE2
:10748000012204490248FAF7C3FC10BD0010014074
:10749000D40100203600002001460A69D1E90130FC
:1074A0009860D1E9010358605068884201D188682A
:1074B0005060002008611068401E1060106870471E
:1074C00005490968886904490968C96AC1F1200148
:1074D000014A1268916170477800002000F10801AC
:1074E00041604FF0FF31816000F10801C16001612E
:1074F00000210160704700210161704710B502460C
:107500000B685C1C0CB9106907E002F1080000E090
:107510004068446824689C42FAD944684C604C68CE
:10752000A160886041600A611468641C146010BD29
:1075300042684A6093688B60936859609160086103
:1075400003685B1C0360704710B500BF502080F3D8
:107550001188BFF34F8FBFF36F8F00BF0B480068D8
:10756000401C0A4908600846006801280DD10848F7
:107570000068C0B208B9012000E0002028B94FF42B
:10758000DB7204A112A0F8F757FF10BDF400002031
:1075900004ED00E02E2E5C2E2E5C4D6964646C655B
:1075A00077617265735C4672656552544F535C70C7
:1075B0006F727461626C655C525644535C41524D0B
:1075C0005F434D34465C706F72742E6300000000A0
:1075D0004572726F723A2025732C2025640D0A00C3
:1075E00010B50B48006828B940F2BD1209A118A0D7
:1075F000F8F722FF06480068401E05490860084663
:10760000006820B9002080F3118800BF00BF10BDC2
:10761000F40000202E2E5C2E2E5C4D6964646C6597
:1076200077617265735C4672656552544F535C7046
:107630006F727461626C655C525644535C41524D8A
:107640005F434D34465C706F72742E63000000001F
:107650004572726F723A2025732C2025640D0A0042
:1076600070B506463546002E3AD0083D2C461D49D9
:1076700060680968084008B1012000E0002028B9CE
:107680004FF4927218A126A0F8F7D6FE206808B928
:10769000012000E0002028B940F2251212A120A00C
:1076A000F8F7CAFE0F49606809680840C0B1206851
:1076B000B0B90C49606809688843606000F06EFBEF
:1076C0001B49606809680844194908602046FEF7AC
:1076D00061FF18480068401C1649086001F066FA0E
:1076E00070BD0000F00000202E2E5C2E2E5C4D6937
:1076F00064646C6577617265735C4672656552544B
:107700004F535C706F727461626C655C4D656D4D5A
:10771000616E675C686561705F342E630000000015
:107720004572726F723A2025732C2025640D0A0071
:10773000E0000020EC00002000204FF0E021086174
:107740008861064800684FF47A71B0FBF1F0401E82
:107750004FF0E021486107200861704700000020D9
:107760002DE9F04106460F462EB940F6C82211A178
:1077700019A0F8F761FE0025BFB1002412E01A48F5
:1077800000EBC4004068B04203D1174800EBC405C9
:107790000AE035B9144850F8340010B9124800EB2B
:1077A000C405641C082CEAD300BF0DB12F606E60C5
:1077B000BDE8F0812E2E5C2E2E5C4D6964646C65F4
:1077C00077617265735C4672656552544F535C71A4
:1077D000756575652E6300004572726F723A2025DB
:1077E000732C2025640D0A00E08101202DE9F04171
:1077F00005460E4617462C46FFF7A6FE94F94400B0
:10780000401C10B9002084F8440094F94500401C45
:1078100010B9002084F84500FFF7E2FEA06B28B9FC
:107820003A46314604F1240000F01EF92046FFF7E5
:1078300053F9BDE8F081000070B504460025ACB1F5
:107840000F48006808B9012000E0002028B940F284
:1078500049520CA114A0F8F7EFFD00F09FFA0021A7
:107860002046FEF7D1FB01F0A1F905463DB94FF0E6
:10787000805011490860BFF34F8FBFF36F8F70BD09
:10788000B40000202E2E5C2E2E5C4D6964646C6565
:1078900077617265735C4672656552544F535C74D0
:1078A00061736B732E6300004572726F723A20250C
:1078B000732C2025640D0A0004ED00E070B5054628
:1078C000FFF742FE15B92F48006800E0284604463D
:1078D000201DFFF7E1FD78B9E06A00EB80002A493E
:1078E00051F8200040B994F82C1001208840274915
:1078F0000968814325480160A06A18B104F11800A5
:10790000FFF7CAFD22480068401C214908601D4855
:107910000068844209D1211D1E48FFF709FE1E4858
:107920000068401C1C49086006E01C480068401EB6
:107930001A490860FFF724F8FFF752FE1148006863
:10794000844202D02046FEF7E5FC15480068C0B12D
:107950000C480068844214D11248006808B901201C
:1079600000E0002028B940F2DC420FA117A0F8F790
:1079700063FD4FF0805019490860BFF34F8FBFF38C
:107980006F8F70BD780000202082012090000020C1
:10799000A4000020DC840120840000208800002056
:1079A00094000020B40000202E2E5C2E2E5C4D6929
:1079B00064646C6577617265735C46726565525488
:1079C0004F535C7461736B732E6300004572726F6A
:1079D000723A2025732C2025640D0A0004ED00E086
:1079E0000349096801600349096841607047000064
:1079F000A00000208C000020012001490860704791
:107A00009C00002070B504460D462CB940F61C427F
:107A100007A110A0F8F710FD1248016818312046A0
:107A2000FFF76CFD01212846FEF7EEFA70BD00005D
:107A30002E2E5C2E2E5C4D6964646C6577617265D8
:107A4000735C4672656552544F535C7461736B731B
:107A50002E6300004572726F723A2025732C202528
:107A6000640D0A007800002070B504460E461546E5
:107A70002CB940F6524211A119A0F8F7DDFC60685C
:107A80001B490968C8611A49826809680A6218496D
:107A90000968183182685160154909681831816098
:107AA000134909688C622168491C21600DB14FF0AF
:107AB000FF3629463046FEF7A7FA70BD2E2E5C2E03
:107AC0002E5C4D6964646C6577617265735C4672A7
:107AD000656552544F535C7461736B732E63000081
:107AE0004572726F723A2025732C2025640D0A00AE
:107AF0007800002070B504460D4616462CB940F6B5
:107B0000364219A121A0F8F797FC2448006808B173
:107B1000012000E0002028B940F63A4212A11BA043
:107B2000F8F78AFC45F000401D49096888616068E3
:107B30001B490968C8611A49826809680A621849BC
:107B400009681831826851601549096818318160E7
:107B5000134909688C622168491C21600121304663
:107B6000FEF752FA70BD00002E2E5C2E2E5C4D6981
:107B700064646C6577617265735C467265655254C6
:107B80004F535C7461736B732E6300004572726FA8
:107B9000723A2025732C2025640D0A00B4000020C1
:107BA0007800002070B505460E463848006808B1D8
:107BB000012000E0002028B940F6BA4234A13DA0DF
:107BC000F8F73AFC46F000402860EC682CB940F623
:107BD000C2422FA137A0F8F72FFC2869D5E901216F
:107BE0009160D5E9011251604168A94201D1A968AB
:107BF0004160002129610168491E01606069D4E982
:107C000002128A60D4E902214A60211D42688A4238
:107C100001D1E1684160002262610168491E016092
:107C200094F82C100120884026490968084325490A
:107C30000860E16A01EB8101234A02EB8101486897
:107C4000A0608268E260211D826851608160E16A03
:107C500001EB81011C4A02EB81026261E16A01EBE6
:107C60008101194A52F82110491CE26A02EB820292
:107C7000154B43F822101549E06A0968C96A884221
:107C800002D901201249086070BD0000B400002034
:107C90002E2E5C2E2E5C4D6964646C657761726576
:107CA000735C4672656552544F535C7461736B73B9
:107CB0002E6300004572726F723A2025732C2025C6
:107CC000640D0A009000002020820120780000202E
:107CD0009C0000201CB51C4800210B468022CDE9E9
:107CE00000101AA11B4800F0F9FC0446012C02D137
:107CF00001F02CF80446012C17D100BF502080F36E
:107D00001188BFF34F8FBFF36F8F00BF4FF0FF306D
:107D100011490860012011490860002010490860DD
:107D2000F8F7FAFD00F0FEF90BE0601C08B1012045
:107D300000E0002028B94FF404620AA112A0F8F76D
:107D40007BFB154800681CBDAC00002049444C4535
:107D500000000000CD630008A8000020940000206F
:107D60008C0000202E2E5C2E2E5C4D6964646C65A8
:107D700077617265735C4672656552544F535C74EB
:107D800061736B732E6300004572726F723A202527
:107D9000732C2025640D0A00B00000200248006802
:107DA000401C014908607047B400002010B5284805
:107DB000006818B101202749086047E000202549E4
:107DC000086025480068254908600846006824497D
:107DD000096888420BD92349096801F15400496DAB
:107DE0001E4A12681E4B1B68D21A114401601B48C0
:107DF00000681B4908601C480068B0FA80F0C0F1B8
:107E00001F0404EB8400194951F8200008B1012037
:107E100000E0002028B940F6024215A11DA0F8F7A5
:107E20000BFB04EB8401114A02EB810041684968B5
:107E3000416000F1080142688A4202D14168496804
:107E400041604168C968074A116000BF10BD000069
:107E5000B40000209C00002050000020BC00002046
:107E6000B80000207800002090000020208201202F
:107E70002E2E5C2E2E5C4D6964646C657761726594
:107E8000735C4672656552544F535C7461736B73D7
:107E90002E6300004572726F723A2025732C2025E4
:107EA000640D0A0010B51C20FEF75EFE044624B1E6
:107EB00000202060201DFFF711FB204610BD0000B0
:107EC0002DE9FE4F07468846002001903C46009071
:107ED0002FB940F2212229A133A0F8F7ADFA08F01A
:107EE0007F4008B9012000E0002028B940F222229A
:107EF00022A12DA0F8F7A0FA04F1040909F1080065
:107F00000290FFF74BFFD9F80C60206840EA0800A8
:107F1000206026E0D6F804B035680020009005F017
:107F20007F4A25F07F450AF0806028B92068284004
:107F300040B10120009005E020682840A84201D10E
:107F400001200090009858B10AF0807010B101989B
:107F500028430190206840F000713046FFF722FE70
:107F60005E4602988642D5D12068019988432060F8
:107F700000F01CFE2068BDE8FE8F00002E2E5C2E57
:107F80002E5C4D6964646C6577617265735C4672E2
:107F9000656552544F535C6576656E745F67726FAA
:107FA0007570732E630000004572726F723A20255F
:107FB000732C2025640D0A002DE9FF4F83B0814604
:107FC0000D461746DDF840804C464FF0000A002071
:107FD0000190B9F1000F05D14FF4A57241A14CA059
:107FE000F8F72AFA05F07F4008B9012000E00020E8
:107FF00028B940F24B123BA145A0F8F71DFA0DB18C
:10800000012000E0002028B94FF4A67235A140A05D
:10801000F8F712FA00F092FB10B9B8F1000F01D195
:10802000012000E0002028B940F24F122DA138A015
:10803000F8F702FAFFF7B2FE206800902946069A88
:108040000098FEF72DFD0290029838B1009E4FF087
:108050000008C7B12068A843206014E0B8F1000F01
:1080600003D1009E012001900DE00FB14AF0807A0B
:10807000069808B14AF0806A45EA0A014246201D86
:10808000FFF738FD002600F091FD8346B8F1000FA0
:1080900023D0BBF1000F07D14FF08050204908607A
:1080A000BFF34F8FBFF36F8FFFF70AFA064606F054
:1080B000007080B9FFF748FA266829463046069ACC
:1080C000FEF7EEFC18B117B12068A843206001202C
:1080D0000190FFF785FA26F07F46304607B0BDE8ED
:1080E000F08F00002E2E5C2E2E5C4D6964646C6552
:1080F00077617265735C4672656552544F535C6577
:1081000076656E745F67726F7570732E6300000022
:108110004572726F723A2025732C2025640D0A0077
:1081200004ED00E01CB5504800685049884201D079
:10813000012000E0002028B940F243124CA15BA0CE
:10814000F8F77AF9484800684849491E884201D042
:10815000012000E0002028B94FF4A27244A153A0EE
:10816000F8F76AF9554C204600780190FF20214627
:1081700008700846007800909DF8000000F0F000BC
:108180009DF80010884201D1012000E0002028B9AC
:1081900040F25D1236A145A0F8F74EF99DF80000B7
:1081A00000F050004649087007204649086009E081
:1081B00044480068401E434908609DF8000040069E
:1081C000000E00909DF8000000F080008028EFD0A5
:1081D0003C480068C0F10700042801D1012000E0FC
:1081E000002028B940F2711221A130A0F8F724F93B
:1081F00034480068C0F10700042801D1012000E0E4
:10820000002028B94FF4BD7219A128A0F8F714F97D
:108210002C48006800022B4908600846008800F4DA
:10822000E06008602549019808700F482030006818
:1082300040F470000C49203108600846006840F0A6
:1082400070400860FFF778FA00201F490860F8F7CF
:1082500019F81E48006840F040401C490860F7F7D4
:10826000FDFF00201CBD000000ED00E071C20F41C9
:108270002E2E5C2E2E5C4D6964646C657761726590
:10828000735C4672656552544F535C706F727461D3
:10829000626C655C525644535C41524D5F434D34B1
:1082A000465C706F72742E63000000004572726F3E
:1082B000723A2025732C2025640D0A0000E400E0AA
:1082C000F8000020FC000020F400002034EF00E063
:1082D00010B500BF502080F31188BFF34F8FBFF35C
:1082E0006F8F00BF00F040FA18B14FF08050044982
:1082F000086000BF002080F3118800BF10BD00009F
:1083000004ED00E02DE9F84305460E46174600242B
:10831000E5B1601EB0FBF5F0B04217D305FB06F0E7
:1083200010F1550F12D805FB06F909F15400FEF7BC
:108330001BFC04468CB1A04608F154083B4642465B
:10834000314628460094FEF755F806E02CB94FF464
:10835000E37203A10BA0F8F76FF82046BDE8F8839D
:108360002E2E5C2E2E5C4D6964646C65776172659F
:10837000735C4672656552544F535C7175657565E3
:108380002E6300004572726F723A2025732C2025EF
:10839000640D0A002DE9F04105460E4601272C46E2
:1083A0002CB94FF488722CA134A0F8F745F8002CB2
:1083B00042D0E06B00283FD04FF0FF31E06BB1FBC3
:1083C000F0F0216C884237D3FFF7BEF8D4E90F12E2
:1083D000206801FB0200A0600020A06320686060AC
:1083E000E06B401E226C216800FB0211E160FF205F
:1083F00084F8440084F845009EB9206908B901203A
:1084000000E00020A8B904F1100000F029FB80B1C1
:108410004FF080501D490860BFF34F8FBFF36F8F3F
:1084200007E004F11000FFF759F804F12400FFF70A
:1084300055F8FFF7D5F800E000270FB1012000E064
:10844000002028B940F2451203A10CA0F7F7F4FF71
:108450003846BDE8F08100002E2E5C2E2E5C4D6962
:1084600064646C6577617265735C467265655254CD
:108470004F535C71756575652E6300004572726FB0
:10848000723A2025732C2025640D0A0004ED00E0CB
:108490002DE9F74183B005460E464FF000082C4603
:1084A0002CB940F251524CA154A0F7F7C5FF0EB9B8
:1084B000206C08B9012000E0002028B940F2555294
:1084C00045A14EA0F7F7B8FF00F038F908B90598B4
:1084D00008B9012000E0002028B940F25A523EA11C
:1084E00046A0F7F7A9FF00BFFFF72EF8A76BF7B17B
:1084F00031462046FDF7BAFE781EA063206908B910
:10850000012000E0002060B904F1100000F0A8FA9A
:1085100038B14FF080503D490860BFF34F8FBFF333
:108520006F8FFFF75DF8012006B0BDE8F081059878
:1085300018B9FFF755F80020F6E7B8F1000F04D19D
:1085400001A8FFF74DFA4FF00108FFF749F8FFF7D0
:1085500025FCFEF7F9FF94F94400401C10B90020F7
:1085600084F8440094F94500401C10B9002084F8B8
:108570004500FFF735F805A901A800F049F8F0B962
:108580002046FEF767F8A0B104F124000599FFF733
:1085900039FA2046FEF7A0FA00F008FB0028A3D124
:1085A0004FF0805019490860BFF34F8FBFF36F8FB2
:1085B0009AE72046FEF790FA00F0F8FA94E7204692
:1085C000FEF78AFA00F0F2FA2046FEF743F8002898
:1085D0008AD00020A8E700002E2E5C2E2E5C4D696C
:1085E00064646C6577617265735C4672656552544C
:1085F0004F535C71756575652E6300004572726F2F
:10860000723A2025732C2025640D0A0004ED00E049
:1086100070B506460C462EB940F6FD421FA128A0B3
:10862000F7F70AFF2CB940F6FE421CA124A0F7F789
:1086300003FFFEF789FF264802687068131A254871
:10864000006890F85D0030B100202249096881F887
:108650005D0001251EE02068401C08B9002519E0D6
:108660001D4930680968884206D07068904203D876
:108670000125002020600DE02068984207D920687D
:10868000C01A20603046FFF7ABF9002502E0002059
:1086900020600125FEF7A4FF284670BD2E2E5C2E1B
:1086A0002E5C4D6964646C6577617265735C4672BB
:1086B000656552544F535C7461736B732E63000095
:1086C0004572726F723A2025732C2025640D0A00C2
:1086D0008C00002078000020A00000202DE9FF4F32
:1086E00085B0804689461746DDE912ABB800FEF733
:1086F0003BFA064656B16020FEF736FA04460CB146
:10870000266304E03046FEF7ABFF00E000247CB1B6
:108710000020CDE900ABCDE902403A46494640464B
:10872000089BFDF77FFE2046FDF7D4FC012501E004
:108730004FF0FF35284609B0BDE8F08F05490968BC
:1087400009B9012005E00449096809B9022000E0DF
:108750000020704794000020B40000200149086800
:10876000704700008C0000202DE9F0414FF0000818
:108770005F48006800287DD15E480068451C5D4860
:108780000560002D1DD15C480068006808B9012013
:1087900000E0002028B940F6C72258A160A0F7F7F2
:1087A0004BFE5548076862480068534908606048B6
:1087B000076060480068401C5E490860FEF7E0F80A
:1087C00000BF5D480068854277D300BF4A48006813
:1087D000006808B9012000E0002020B14FF0FF3010
:1087E0005549086068E044480068C068C468666825
:1087F000B54202D2504806605EE06069D4E90212D8
:108800008A60D4E902214A60211D42688A4201D16E
:10881000E1684160002262610168491E0160A06A4E
:1088200098B1A06AD4E907128A60D4E907214A60A6
:1088300004F1180142688A4201D1216A4160002294
:10884000A2620168491E016000BF94F82C1001204B
:1088500088403A490968084338490860E16A01EBF1
:108860008101374A02EB81014868A0608268E260BA
:10887000211D00E033E0826851608160E16A01EB14
:1088800081012F4A02EB81026261E16A01EB810101
:108890002B4A52F82110491CE26A02EB8202284B53
:1088A00043F822102749E06A0968C96A88428DD3D3
:1088B0004FF001088AE700E000BF22480068C06A64
:1088C00000EB80001E4951F82000012801D94FF02B
:1088D00001081D48006808B14FF0010804E01B487A
:1088E0000068401C194908604046BDE8F08100005E
:1088F000B40000208C0000207C0000202E2E5C2E76
:108900002E5C4D6964646C6577617265735C467258
:10891000656552544F535C7461736B732E63000032
:108920004572726F723A2025732C2025640D0A005F
:1089300080000020A0000020A8000020900000205F
:1089400020820120780000209C0000209800002058
:1089500070B505462C460026002D5ED030480068D4
:10896000844201D1012000E0002028B941F24F02E9
:108970002CA135A0F7F760FD206D28B941F2500217
:1089800028A131A0F7F758FD206D401E2065E16C4D
:10899000E06A884241D0206D00283ED1201DFEF7BC
:1089A0007BFD40B994F82C10012088402A490968C1
:1089B000814329480160E06CE062E06AC0F1200078
:1089C000A06194F82C1001208840234909680843CD
:1089D00021490860E16A01EB8101204A02EB810133
:1089E0004868A0608268E260211D826851608160F1
:1089F000E16A01EB8101194A02EB81026261E16ADD
:108A000001EB8101154A52F82110491CE26A02EB80
:108A10008202124B43F822100126304670BD00003E
:108A2000780000202E2E5C2E2E5C4D6964646C65EF
:108A300077617265735C4672656552544F535C741E
:108A400061736B732E6300004572726F723A20255A
:108A5000732C2025640D0A00900000202082012044
:108A600070B50646F068C4682CB940F682423CA155
:108A700044A0F7F7E1FCA06AD4E907128A60D4E9C0
:108A800007214A6004F1180142688A4201D1216A33
:108A900041600022A2620168491E01603D480068F1
:108AA00000283DD16069D4E902128A60D4E902212C
:108AB0004A60211D42688A4201D1E168416000227A
:108AC00062610168491E016094F82C100120884001
:108AD00031490968084330490860E16A01EB8101C6
:108AE0002E4A02EB81014868A0608268E260211D85
:108AF000826851608160E16A01EB8101274A02EBE3
:108B000081026261E16A01EB8101244A52F821107D
:108B1000491CE26A02EB8202204B43F8221010E06B
:108B20001F494868E0618268226204F11801826886
:108B3000516081601A4AA26211460968491C11609D
:108B400000BF1849E06A0968C96A884204D901254A
:108B500001201549086000E00025284670BD00008E
:108B60002E2E5C2E2E5C4D6964646C657761726597
:108B7000735C4672656552544F535C7461736B73DA
:108B80002E6300004572726F723A2025732C2025E7
:108B9000640D0A00B4000020900000202082012013
:108BA000C8840120780000209C00002070B50024BB
:108BB00000265048006828B940F6B3024EA157A0DD
:108BC000F7F73AFCFEF7C0FC4A480068401E4949E6
:108BD00008600846006800287ED1544800680028D4
:108BE0007AD05BE05248C068C468A06AD4E9071232
:108BF0008A60D4E907214A6004F1180142688A4278
:108C000001D1216A41600022A2620168491E01600F
:108C10006069D4E902128A60D4E902214A60211D08
:108C200042688A4201D1E1684160002262610168C4
:108C3000491E016094F82C10012088403D490968C4
:108C400008433C490860E16A01EB81013A4A02EBC2
:108C500081014868A0608268E260211D82685160DD
:108C60008160E16A01EB8101334A02EB81026261BA
:108C7000E16A01EB8101304A52F82110491CE26A95
:108C800002EB82022C4B43F822102C49E06A09685F
:108C9000C96A884202D30120294908602448006833
:108CA00008B9012000E0002000289BD00CB1FDF79E
:108CB00067FE2448056865B100BFFFF755FD10B198
:108CC00001201F4908606D1E002DF6D100201D49AE
:108CD00008601B48006800E008E038B10126300752
:108CE00019490860BFF34F8FBFF36F8FFEF778FC11
:108CF000304670BDB40000202E2E5C2E2E5C4D69D7
:108D000064646C6577617265735C46726565525424
:108D10004F535C7461736B732E6300004572726F06
:108D2000723A2025732C2025640D0A00880000204B
:108D3000C8840120900000202082012078000020BB
:108D40009C0000209800002004ED00E01CB50024E9
:108D5000FDF736FA0B48006858B10B481F21002375
:108D60004FF48072CDE9001008A10A48FFF7B6FC65
:108D700004462CB940F2191207A110A0F7F75CFBCA
:108D800020461CBDC8000020CC000020546D72207D
:108D900053766300BF6A00082E2E5C2E2E5C4D6950
:108DA00064646C6577617265735C46726565525484
:108DB0004F535C74696D6572732E63004572726FF8
:108DC000723A2025732C2025640D0A0044F2A0106D
:108DD00001E000BF401E0028FBD170474FEA11534D
:108DE000A3F58063D3F11E03A8BFD3F1200C08DBE9
:108DF0004FF0004242EAC12252EA505232FA03F0E6
:108E0000704709420BD4102BC4BF0020704703F5F4
:108E1000787CBCF1FF3F05D04FF0FF3070474FF03A
:108E20000000704770B500F0C3F800BF499224807D
:108E300000207047F0E7B0FA80F310FA03F10AD08F
:108E4000C3F11D0303F580634FEA41504FEA03521B
:108E500002EBD12170474FF000007047DFF848C1A6
:108E600070B51CEA111E1EBF1CEA13159EEA0C0FFA
:108E700095EA0C0F00F06F8081EA030423EA4C139B
:108E80004EEAD47E21EA4C1141F4801143F4801360
:108E9000AE44A1FB024CA0FB0365AEF17F7E361908
:108EA00055EB0C05A1FB034C4CF10003A0FB021C8D
:108EB00016EB0C06654153F10003094218BF46F05A
:108EC000010613F4007F0BD14FEA03314FEA05305E
:108ED000340341EA155140EA16506FF003020AE0EC
:108EE0004FEAC3214FEAC520F40241EA555140EA56
:108EF00056506FF0020202EB2E4201EB025585EA5A
:108F0000CE710AD05FEA440C18BF24F0004450F13F
:108F1000000041F1000120EAD47040F2FE7C62457D
:108F200000D270BDA84214BF4FF080444FF04044BF
:108F3000002E08BF0024BEF1806FA8BFA1F1C04180
:108F4000BDE8704080F282804FF0000001F1C04126
:108F500001F0004170479EEA0C0F0CEA131518BF90
:108F600095EA0C0F06D04FF0000081EA030E0EF0D8
:108F7000004170BD00F01CF88900013E00F007B808
:108F800000F009B84FEA430C5FEA5C5C08D081EA64
:108F9000030100F05BB84FEA410C5FEA5C5CF6D17C
:108FA0004FF00000014970470000FF070000F87F04
:108FB0000EF1020E2EF0030E5EF8046B364205D45D
:108FC000012A43EB030515F5001F12D8012841EBD8
:108FD000010C1CF5001F0CD80ED14FEAD17C15F501
:108FE000001F0CEB4C0C0CF1020C08BF4CEBD37CBB
:108FF00004E04FF0080C01E04FEAD37C0CEB4C0589
:1090000026FA05F606F00706B6F1040C06D20EEBBA
:10901000860CBDE870404CF0010C6047DFE80CF0B6
:10902000090B02024FF000414FF00000A1F50021B2
:1090300070BD19461046012851EB010418BFD4F544
:10904000001484BF002001F0004170BD0808A0F5A5
:1090500000114FEA310170474FF04070E1EE100A05
:109060007047000000000000000001020304060732
:1090700008090000000001020304000000000000D5
:10908000000000000000000000003F400000000061
:1090900000000000300040003000400000000900E7
:1090A0000BC03D000BC03D00090018C024407FE00C
:1090B000224031800000180024C01B000D80324087
:1090C000018003801C4027401C80074000401000A6
:1090D0006000000000000000000000000000000030
:1090E0001F80204040200000402020401F800000C2
:1090F0000000090006001F800600090000000400AF
:1091000004003F8004000400000000100060000024
:10911000000000000000040004000400040004003B
:1091200000000000004000000000000000000020DF
:1091300001C006003800400000001F802040204091
:1091400020401F800000000010403FC00040000091
:10915000000018C021402240244018400000108028
:109160002040244024401B80000002000D0011001C
:109170003FC0014000003C80244024402440238024
:1091800000001F8024402440344003800000300051
:10919000200027C03800200000001B80244024400D
:1091A00024401B8000001C0022C0224022401F805F
:1091B0000000000000000840000000000000000067
:1091C00000000460000000000000000004000A002D
:1091D0001100208040400900090009000900090031
:1091E000000000004040208011000A000400180028
:1091F000200023402400180000001F80204027404A
:1092000029401F400000004007C039000F0001C086
:10921000004020403FC0244024401B8000001F80AD
:109220002040204020403080000020403FC02040AF
:1092300020401F80000020403FC024402E4030C00E
:10924000000020403FC024402E00300000000F00EE
:109250001080204022403380020020403FC00400A4
:1092600004003FC02040204020403FC0204020401C
:1092700000000060202020203FC02000200020406F
:109280003FC024400B0030C0204020403FC0204061
:109290000040004000C03FC03C0003C03C003FC055
:1092A000000020403FC00C4023003FC020001F8032
:1092B0002040204020401F80000020403FC024402C
:1092C0002400180000001F802140214020E01FA042
:1092D000000020403FC02440260019C0004018C0B4
:1092E00024402440224031800000300020403FC014
:1092F00020403000000020003F80004000403F80C0
:10930000200020003E0001C0070038002000380087
:1093100007C03C0007C038000000204039C00600EC
:1093200039C0204000002000384007C038402000ED
:109330000000304021C02640384020C0000000001E
:1093400000007FE0402040200000000070000C0082
:109350000380004000000000402040207FE000002B
:10936000000000002000400020000000000000106D
:10937000001000100010001000100000000040005D
:10938000000000000000000002800540054003C00E
:10939000004020003FC00440044003800000000063
:1093A00003800440044006400000000003800440A5
:1093B00024403FC0004000000380054005400340BA
:1093C0000000000004401FC0244024402000000092
:1093D00002E0055005500650042020403FC00440E4
:1093E000040003C000400000044027C0004000000B
:1093F000000000100010041027E0000000002040D2
:109400003FC00140070004C00440204020403FC04E
:1094100000400040000007C0040007C0040003C073
:109420000000044007C00440040003C000400000E6
:1094300003800440044003800000041007F004503F
:10944000044003800000000003800440045007F043
:109450000010044007C002400400040000000000A7
:1094600006400540054004C00000000004001F80C5
:10947000044000400000040007800040044007C092
:1094800000400400070004C001800600040006003C
:1094900001C0070001C006000000044006C0010032
:1094A00006C0044000000410071004E0018006001C
:1094B00004000000044005C0064004400000000015
:1094C000000004007BE040200000000000000000DD
:1094D000FFF000000000000040207BE004000000DE
:1094E00000004000800040002000200040000000FC
:1094F000000000000000000000000000000000006C
:10950000000000001FCC000C000000000000000064
:1095100008003000600008003000600000000220F9
:1095200003FC1E20022003FC1E200220000000007D
:109530000E1811043FFF10840C78000000000F008B
:1095400010840F3800C00778188400780000007875
:109550000F8410C411240E9800E400840008080051
:109560006800700000000000000000000000000023
:109570000000000007E0181820044002000000006E
:1095800040022004181807E000000000000002401C
:10959000024001800FF00180024002400000008084
:1095A000008000800FF80080008000800000000133
:1095B000000D000E00000000000000000000000090
:1095C000008000800080008000800080008000001B
:1095D000000C000C00000000000000000000000073
:1095E000000600180060018006001800200000003E
:1095F00007F0080810041004080807F00000000035
:10960000080408041FFC000400040000000000001F
:109610000E0C10141024104411840E0C00000000D5
:109620000C1810041104110412880C7000000000C2
:1096300000E00320042408241FFC00240000000094
:109640001F9810841104110410881070000000008D
:1096500007F0088811041104188800700000000049
:109660001C00100010FC13001C0010000000000083
:109670000E3811441084108411440E38000000008C
:109680000700088C10441044088807F00000000010
:1096900000000000030C030C0000000000000000AC
:1096A00000000001010600000000000000000000B2
:1096B000008001400220041008081004000002206D
:1096C00002200220022002200220022000000000CE
:1096D000100408080410022001400080000000006F
:1096E0000E001200100C106C10800F00000003E040
:1096F0000C1813E4142417C4082807D00000000431
:10970000003C03C41C40074000E4001C000410049B
:109710001FFC1104110411040E880070000003E006
:109720000C1810041004100410081C100000100481
:109730001FFC100410041004080807F000001004B7
:109740001FFC1104110417C41004081800001004B1
:109750001FFC1104110017C010000800000003E0F6
:109760000C181004100410441C7800400000100471
:109770001FFC10840080008010841FFC1004000077
:10978000100410041FFC100410040000000000036B
:109790000001100110011FFE100010000000100455
:1097A0001FFC110403801464181C10040000100432
:1097B0001FFC1004000400040004000C000010044E
:1097C0001FFC1F0000FC1F001FFC10040000100401
:1097D0001FFC0C04030000E010181FFC100007F031
:1097E0000808100410041004080807F00000100412
:1097F0001FFC10841080108010800F00000007F004
:10980000081810241024101C080A07F20000100485
:109810001FFC1104110011C011300E0C00040000D7
:109820000E1C11041084108410441C380000180011
:10983000100010041FFC100410001800000010009D
:109840001FF810040004000410041FF8100010009A
:109850001E0011E0001C007013801C0010001FC0CF
:10986000103C00E01F0000E0103C1FC0000010048E
:10987000180C163401C001C01634180C1004100066
:109880001C00130400FC13041C001000000008045A
:10989000101C1064108413041C0410180000000035
:1098A000000000007FFE4002400240020000000075
:1098B00030000C0003800060001C0003000000006A
:1098C0004002400240027FFE000000000000000055
:1098D0000000200040004000400020000000000187
:1098E0000001000100010001000100010001000071
:1098F00040004000200000000000000000000000C8
:109900000098012401440144014400FC00041000BB
:109910001FFC0088010401040088007000000000A2
:1099200000700088010401040104008800000000A8
:10993000007000880104010411081FFC00040000ED
:1099400000F8014401440144014400C80000000043
:10995000010401040FFC110411041100180000009F
:1099600000D601290129012901C9010600001004BE
:109970001FFC008401000100010400FC0004000041
:109980000104190419FC0004000400000000000098
:10999000000300010101190119FE0000000010047C
:1099A0001FFC0024004001B4010C01040000000071
:1099B000100410041FFC0004000400000000010457
:1099C00001FC0104010001FC0104010000FC010490
:1099D00001FC008401000100010400FC00040000FF
:1099E00000F8010401040104010400F80000010171
:1099F00001FF0085010401040088007000000000E0
:109A00000070008801040104010501FF0001010448
:109A1000010401FC00840104010001800000000039
:109A200000CC01240124012401240198000000003D
:109A30000100010007F8010401040000000001001A
:109A400001F8000400040004010801FC0004010006
:109A500001800170000C001001600180010001F024
:109A6000010C003001C00030010C01F001000000C9
:109A70000104018C00740170018C010400000101DB
:109A800001810171000E00180160018001000000D9
:109A90000184010C013401440184010C0000000028
:109AA00000000000000001003EFC400240020000F7
:109AB000000000000000FFFF0000000000000000A8
:109AC000400240023EFC01000000000000000000D7
:109AD0006000800080004000400020002000000066
:109AE0000000000000000000000000000000000076
:109AF0000000000000000000000000000000000066
:109B00000000000000000000000000000000000055
:109B1000000F80380FFE380F803800000000000072
:109B2000000000000000000000000000010000062E
:109B300000000C00003800003100000600000C009E
:109B400000380000300000000000000000006180CC
:109B50000067F807F9800061800061800061800083
:109B600061800067F807F980006180000000000054
:109B70000000000001C0E003E0F00630080418080F
:109B80001FFFFE040E080787F00381E000000000BD
:109B9000000001F000060C00040408060C7001F936
:109BA000C0000E00003BE000EC18070808040C1889
:109BB0000003E00000000001E00007F003F81804D3
:109BC0001C0804170807E1D003C0E00023B0003CE4
:109BD0000800200800001000000000000001000044
:109BE0003100003200001C000000000000000000F6
:109BF0000000000000000000000000000000000065
:109C000000000000000000000000000000007F00D5
:109C100001FFC00780F00C001810000420000200B3
:109C200000000000002000021000040C0018078053
:109C3000F001FFC0007F00000000000000000000F5
:109C4000000000000000000000004200006600006C
:109C50006600003C0000180003FFC0001800003C34
:109C600000006600006600004200000000000800DE
:109C700000080000080000080000080001FFC00004
:109C800008000008000008000008000008000000AC
:109C90000000000100003100003200001C00000044
:109CA00000000000000000000000000000000000B4
:109CB0000000000000000800000800000800000884
:109CC000000008000008000008000008000008006C
:109CD0000008000000000000000000000000380044
:109CE0000038000038000000000000000000000004
:109CF000000000000000000000000000000000065E
:109D000000001C000070000180000E000038000000
:109D1000C0000700001C0000300000000000000030
:109D200000007F8001FFE003807006001804000837
:109D300004000806001803807001FFE0007F800027
:109D40000000000000000000010008010008010000
:109D50000803FFF807FFF8000008000008000008EB
:109D600000000000000000000001C03802C05804DC
:109D70000098040118040218040418061C1803F8BB
:109D80001801E0F800000000000000000001C0E041
:109D900003C0F004000804080804080806180803B3
:109DA000F41801E7F00001E00000000000000000EE
:109DB00000000300000D0000110000610000810898
:109DC00003010807FFF80FFFF80001080001080071
:109DD00000000000000000E007FCD00608080610A4
:109DE00008061008061008061838060FF00607C007
:109DF000000000000000000000003F8001FFE003C1
:109E00008430020818041008041008041008071809
:109E100010030FF00007C000000000000000000069
:109E200003C0000700000600000600F80607F80659
:109E3000180006E000070000060000000000000017
:109E40000001E1E003F7F0063410041808041808D4
:109E5000040C08040C0806161803F3F001C1E00016
:109E6000000000000000F80003FC30030638040284
:109E7000080402080402080404100308F001FFC0EB
:109E8000007F000000000000000000000000000053
:109E900000000000000070380070380070380000CA
:109EA00000000000000000000000000000000000B2
:109EB00000000000000000000000301A00301C000C
:109EC0000000000000000000000000000000000092
:109ED0000000000000080000140000220000410003
:109EE00000808001004002002004001008000800EB
:109EF00000000000000021000021000021000021DE
:109F000000002100002100002100002100002100AC
:109F1000002100000000000000000000080008040C
:109F2000001002002001004000808000410000225B
:109F30000000140000080000000000000003C00042
:109F400004C000040000080038080F38080838086A
:109F500010000C300007E00003C00000000000000B
:109F600000003F8000FFE0038070020F1006708841
:109F700004C088048308047F8802C0900301200085
:109F8000FE400000080000180001F8003E0801C271
:109F90000007020007E20000FE00001FC80001F8F1
:109FA00000003800000804000807FFF807FFF80465
:109FB000080804080804080804080806180803F438
:109FC0001801E7F00001E0000000000000003F8001
:109FD00001FFE00380700200180400080400080478
:109FE00000080400100600200780C00000000400E4
:109FF0000807FFF807FFF804000804000804000839
:10A0000004001802001003807001FFE0007F800050
:10A01000000004000807FFF807FFF8040808040818
:10A0200008040808040808043E080400080600188C
:10A0300001006000000004000807FFF807FFF804B3
:10A040000808040800040800040800043E00060094
:10A0500000060000018000000000000000003F80BA
:10A0600001FFE003807006001804000804020804E1
:10A0700002080203F00783F000020000020004005F
:10A080000807FFF807FFF8040808000800000800A8
:10A0900000080000080004080807FFF807FFF8049C
:10A0A000000800000000000004000804000804008C
:10A0B0000807FFF807FFF804000804000804000878
:10A0C0000000000000000000000000060000070083
:10A0D000000104000104000104000307FFFE07FF64
:10A0E000FC04000004000004000004000807FFF85E
:10A0F00007FFF8040C08001800003E0004C78005A4
:10A1000003C80600F8040038040018000008040022
:10A110000807FFF807FFF80400080000080000081F
:10A12000000008000008000008000018000060009F
:10A13000000004000807FFF807800807FC00007F04
:10A14000C00003F80007C000780007800807FFF888
:10A1500007FFF804000804000807FFF807000803D9
:10A16000C00000E000003800001E000007000001F1
:10A17000C00400F007FFF8040000000000007F802A
:10A1800001FFE003807006001804000804000806C0
:10A19000001803003001FFE0007F80000000040091
:10A1A0000807FFF807FFF80404080404000404008B
:10A1B000040400040400060C0003F80001F0000091
:10A1C0000000000000007F8001FFE00380700600B7
:10A1D000880400880400C806003C03003E01FFE636
:10A1E000007F8400000004000807FFF807FFF80460
:10A1F0000808040800040C00040F00040BC006103B
:10A20000F003F03801E00800000800000001E0F869
:10A2100003F030063010041808041808040C080471
:10A220000C080206180207F00781E0000000018018
:10A230000006000004000004000004000807FFF806
:10A2400007FFF804000804000004000006000001F5
:10A25000800004000007FFE007FFF0040018000082
:10A2600008000008000008000008000008040010B2
:10A2700007FFE004000004000006000007E00007FC
:10A28000FE00041FE00001F80000380001E0043E79
:10A290000007C00006000004000004000007E00002
:10A2A00007FFC0041FF80007C007F80007FF80047D
:10A2B0003FF80007C004F800070000040000000099
:10A2C0000004000806001807C07805F1C8003E0029
:10A2D000001F800463E80780F806001804000800E7
:10A2E000000004000006000007800007E008047C6E
:10A2F00008001FF80007F800180804E0080700002D
:10A3000006000004000000000001000806003804F8
:10A3100000F80403E8040F08047C0805F00807C0EF
:10A3200008070018040060000000000000000000A2
:10A330000000000000000000003FFFFE200002209F
:10A3400000022000022000022000020000000000A5
:10A350000000000008000007000000C000003800F6
:10A360000006000001C000003000000E00000100E7
:10A370000000000000000000200002200002200079
:10A38000022000022000023FFFFE0000000000004B
:10A3900000000000000000000000000000000008B5
:10A3A000000010000030000020000030000010000D
:10A3B0000008000000000000000000000100000193
:10A3C0000000010000010000010000010000010088
:10A3D0000001000001000001000001000001000078
:10A3E000000000000000002000002000001000001D
:10A3F000100000000000000000000000000000004D
:10A4000000000000000000F00019F8001B180022F6
:10A4100008002608002408002410003FF8001FF858
:10A4200000000800001800000004000007FFF80FFB
:10A43000FFF0001818001008002008002008003065
:10A4400018001FF0000FC00000000000000007C04F
:10A45000001FF0001830002008002008002008002D
:10A460003C08001C1000006000000000000000001C
:10A47000000007C0001FF000381800200800200866
:10A4800000200804101007FFF80FFFF00000100074
:10A4900000000000000000000007C0001FF00012D4
:10A4A00030002218002208002208003208001E1086
:10A4B000000E200000000000000020000020080026
:10A4C000200801FFF803FFF80620080420080420F4
:10A4D0000807200003000000000000000000000E3C
:10A4E000000E6E001FF30031B10020B10020B1005A
:10A4F0003191001F13002E1E00200E0030000000BE
:10A500000004000807FFF80FFFF800100800200003
:10A51000002000002008003FF8001FF8000008009D
:10A5200000000000000000000020080020080020BB
:10A5300008063FF8063FF800000800000800000881
:10A540000000000000000000000000000000030008
:10A550000003002001002001002003063FFE063F0B
:10A56000FC000000000000000000000000040008E3
:10A5700007FFF80FFFF8000188000300002FC0005C
:10A5800038F8002038002008000008000000000013
:10A590000000000004000804000804000807FFF899
:10A5A0000FFFF8000008000008000008000000008D
:10A5B0000000002008003FF8003FF80010080020CD
:10A5C00000003FF8003FF8001008002000003FF8AE
:10A5D000003FF8000008000000002008003FF800DD
:10A5E0003FF8001008001000002000002008003F85
:10A5F000F8001FF80000080000000000000007C07D
:10A60000000FF0001830003008002008002008007B
:10A610003008001830000FF00007C00000000000F4
:10A6200000002001003FFF003FFF00101100200943
:10A63000002008002008003038001FF0000FC00084
:10A6400000000000000007C0001FF00038180020C4
:10A6500008002008002009001011001FFF003FFF24
:10A660000000010000000020080020080020080071
:10A670003FF8003FF80008080010080020080020FC
:10A68000000030000030000000000000000000006A
:10A69000000C78001E180033080023080021080071
:10A6A00021880021980030F0003860000000000090
:10A6B0000000200000200000200000FFF003FFF851
:10A6C00000200800200800200800003000000000E2
:10A6D0000000000000002000003FF0007FF80000B4
:10A6E00018000008000008002010003FF8007FF06C
:10A6F00000001000000000000000200000300000FA
:10A700003C00003F800023F0000078000070002330
:10A7100080003C00003000002000002000003C00D1
:10A72000003FE00023F80000E0002700003E0000AA
:10A730003FE00021F80001E0003E000020000000A2
:10A7400000002008002008003838003E68002780FC
:10A750000003C8002CF8003838002018002008003A
:10A760000000000000002000003003003C01003F1A
:10A77000830023EC000070002380003C00002000D8
:10A780000020000000000000000000000038080069
:10A7900020380020F80023E8002F88003E08003809
:10A7A00008002018000070000000000000000000F9
:10A7B0000000000000000000000008000014001F5E
:10A7C000F7FC30000620000200000000000000003E
:10A7D0000000000000000000000000000000000079
:10A7E000FFFFFF000000000000000000000000006C
:10A7F00000000000000000002000023000061FF7EB
:10A80000FC00140000080000000000000000000030
:10A810000000000000000000001800006000004080
:10A8200000004000002000001000000800000400AC
:10A83000000400000C0000100000000000000000F8
:10A840000000000000000000000000000000000008
:10A8500000000000000000000000000000000000F8
:10A8600000000000000000000000000000000000E8
:10A8700000000000000000000000000000000000D8
:10A8800000000000000000000000000000000000C8
:10A89000000007F000C007FFE1E007F001E0000062
:10A8A00000C00000000000000000000000000000E8
:10A8B0000000000000000000000000000000000098
:10A8C00000000020000001C00000078000001F0001
:10A8D00000001E0000001C20000001C000000780D6
:10A8E00000001F0000001E0000001C00000000000F
:10A8F0000000000000000000000000000000001840
:10A900000C0000180C0000180FE0001FFC0003F8FA
:10A910000C0000180C0000180C0000180C000018A7
:10A920000C0000180FE0001FFC0003F80C000018DA
:10A930000C0000180C0000000000000000000000E7
:10A94000000000000780007807C000FC0640010EF0
:10A95000002003070020020380200FFFFFFC0201FC
:10A96000C0200200E0600130704001F03F8000F044
:10A970001F00000000000000000000FE000001FFBA
:10A9800000000301800002008060030181C001FF1C
:10A99000070000FE18000000E0000003BF00000CEC
:10A9A000FFC00071806001C10020030180600000D1
:10A9B000FFC000003F000000000000001F0000007A
:10A9C0007FC000FCC0C001FF80600303E0200202E2
:10A9D000782002061E2003FC074001F003800001DE
:10A9E00003C000011C600001E02000010020000104
:10A9F0000040000001800000000000000000002076
:10AA000000001C6000001C4000001F8000000F00C0
:10AA10000000000000000000000000000000000036
:10AA20000000000000000000000000000000000026
:10AA30000000000000000000000000000000000016
:10AA40000000000000000000000000000000000006
:10AA50000000000000000007F800003FFF00007841
:10AA600007C001C000E00300003004000008080037
:10AA700000041000000200000000000000001000B0
:10AA8000000208000004040000080300003001C0B8
:10AA900000E0007807C0003FFF000007F80000005A
:10AAA00000000000000000000000000000000000A6
:10AAB0000000000000000000000000000000000096
:10AAC0000000000C1800000E3800000E38000006D0
:10AAD0003000000360000061438000FFFF800061E0
:10AAE00043000003600000063000000E3800000E36
:10AAF0003800000C180000000000000000000000FA
:10AB000000000000800000008000000080000000C5
:10AB100080000000800000008000007FFF00000037
:10AB20008000000080000000800000008000000025
:10AB30008000000080000000000000000000000015
:10AB40000001000000E3000000E2000000FC000043
:10AB5000007800000000000000000000000000007D
:10AB600000000000000000000000000000000000E5
:10AB700000000000000000000000000000000000D5
:10AB800080000000800000008000000080000000C5
:10AB900080000000800000008000000080000000B5
:10ABA00080000000800000008000000080000000A5
:10ABB0008000000080000000000000000000000095
:10ABC0000000000000C0000001E0000001E0000003
:10ABD00000C00000000000000000000000000000B5
:10ABE0000000000000000000000000000000000065
:10ABF0000000000000000000000000000000000055
:10AC0000000C00000038000000E00000038000009D
:10AC10000E00000038000000E00000038000000E7D
:10AC200000000038000000E00000038000000E007B
:10AC300000001800000000000000000000000000FC
:10AC40000000000FF800007FFF0000F00780018087
:10AC500000C003000060020000200200002002008B
:10AC6000002003000060018000C000E00380007F3E
:10AC7000FF00000FF80000000000000000000000CE
:10AC80000000000000000080002000800020008004
:10AC900000200080006001FFFFE003FFFFE00000F4
:10ACA00000600000002000000020000000200000E4
:10ACB0000000000000000000000000000000000094
:10ACC0000000007800E000980160010002600200CE
:10ACD00004600200086002001060020020600200B0
:10ACE0004060030080600183006001FE00E0007CA2
:10ACF00007800000000000000000000000000000CD
:10AD0000000000F0078001F007C0010000400200D1
:10AD100000200201002002010020020100200303A4
:10AD200080200186804001FCC0C000787F80000048
:10AD30001E000000000000000000000000000000F5
:10AD400008000000380000004800000188000006EC
:10AD50000800000C0810003008100040081001FF27
:10AD6000FFF003FFFFF003FFFFF0000008100000FA
:10AD700008100000081000000000000000000000A3
:10AD8000000000000780001F864003E1002003024E
:10AD90000020030400200304002003040020030417
:10ADA000002003060040030301C00301FF800300ED
:10ADB0007E00000000000000000000000000000015
:10ADC00000000007FC00003FFF000070C38000810E
:10ADD00080C0010100600302002002020020020284
:10ADE0000020020200200203004001C180C000C018
:10ADF000FF8000007E000000000000000000000056
:10AE0000000000F0000003C0000003800000030009
:10AE10000000030007E003003FE00301C000030659
:10AE2000000003180000036000000380000003001E
:10AE30000000000000000000000000000000000012
:10AE40001F0000783F8000FC60C0018EC0400307F7
:10AE500080200203002002018020020180200201E4
:10AE6000C0200301E040018670C000FC3F800078F4
:10AE70001F00000000000000000000000000003F74
:10AE8000000000FF81C001C0C1C0010060200200BD
:10AE9000202002002020020020200200206002006A
:10AEA00040C00100C18000C18F00007FFE00001F74
:10AEB000F0000000000000000000000000000000A2
:10AEC0000000000000000000000000000000000082
:10AED0000000000300C0000781E0000781E00003DC
:10AEE00000C00000000000000000000000000000A2
:10AEF0000000000000000000000000000000000052
:10AF00000000000000000000000000000000000041
:10AF10000000000600660006007800000000000047
:10AF20000000000000000000000000000000000021
:10AF30000000000000000000000000000000000011
:10AF40000000000080000001C00000036000000657
:10AF50003000000C180000180C00003006000060E3
:10AF6000030000C001800100004002000020040036
:10AF700000100000000000000000000000000004BD
:10AF80001000000410000004100000041000000471
:10AF90001000000410000004100000041000000461
:10AFA0001000000410000004100000041000000451
:10AFB000100000041000000000000000000000006D
:10AFC000000004000010020000200100004000C04A
:10AFD0000180006003000030060000180C00000C27
:10AFE000180000063000000360000001C0000000EF
:10AFF00080000000000000000000000000000000D1
:10B0000000000078000001F8000002380000020093
:10B010000000040000C0040079E0040081E00401A5
:10B0200000C004030000020200000306000001FC4F
:10B03000000000F800000000000000000000000F09
:10B04000F800003FFE000070078000C000C0010152
:10B05000F8400307FC20021E0420023008200220D2
:10B060003020023FFC20013F044001800CC000E082
:10B070003180001FC200000000000000002000001E
:10B080000060000003E000003E200003E020003EDE
:10B09000200003E020000380200007FC2000003F88
:10B0A000E0000003FE2000003FE0000001E000009F
:10B0B000002000000020000000000000000002004E
:10B0C00000200200002003FFFFE003FFFFE0020179
:10B0D00000200201002002010020020100200201E4
:10B0E0000020030300200186806001FCC0C000F83E
:10B0F0007F8000001F00000000000000000000072B
:10B10000F800003FFF000070078000C000C0010091
:10B110000040030000200200002002000020020086
:10B1200000200200002001000040018000C003C098
:10B130000180003006000000000000000000020056
:10B1400000200200002003FFFFE003FFFFE00200F9
:10B150000020020000200200002002000020030066
:10B16000006001000040018000C000F00780007F07
:10B17000FE00000FF80000000000000000000200C8
:10B1800000200200002003FFFFE003FFFFE00201B8
:10B190000020020100200201002002010020020123
:10B1A000002002038020020FE0200300006003C0A3
:10B1B00000E000600300000000000000000002004A
:10B1C00000200200002003FFFFE003FFFFE0020178
:10B1D0000020020100200201000002010000020123
:10B1E00000000201000002038000030FE0000300E2
:10B1F000000003C000000060000000000000000725
:10B20000F800003FFE000070078001C001C001008F
:10B210000040030000200200002002000020020085
:10B220000020010020200100204003C03F800030AA
:10B230003F800000200000002000020000200200EB
:10B24000002003FFFFE003FFFFE002008020020078
:10B2500080200000800000008000000080000200CC
:10B2600080200200802003FFFFE003FFFFE00200D8
:10B27000002002000020000000000000000000008C
:10B280000000000000000200002002000020020078
:10B2900000200200002003FFFFE003FFFFE00200A8
:10B2A0000020020000200200002002000020000018
:10B2B000000000000000000000000000000000008E
:10B2C000000E0000000F0000000F0000000102004F
:10B2D000000102000001020000030200000603FF5B
:10B2E000FFFC03FFFFF80200000002000000020064
:10B2F000000002000000000000000000000002004A
:10B3000000200200002003FFFFE003FFFFE0020037
:10B31000C0200201002000078000000FE000003084
:10B32000F80002603E2003800F20030003E00200CB
:10B3300000E00200002000000020000000000200E9
:10B3400000200200002003FFFFE003FFFFE00200F7
:10B35000002002000020000000200000002000006B
:10B36000002000000020000000200000006000001D
:10B3700000E00000030000000000020000200200C6
:10B38000002003FFFFE003E0002003FF0020001F78
:10B39000F0000001FF8000000FE000001E0000032D
:10B3A000E000003E002003E0002003FFFFE003FF79
:10B3B000FFE0020000200200002002000020020046
:10B3C000002003FFFFE00380002003F0002000FCCA
:10B3D0000000001F00000007C0000001F000000096
:10B3E0007C0002001F80020007E003FFFFE0020074
:10B3F0000000020000000000000000000000000F3C
:10B40000F800003FFE0000F00780018000C001004E
:10B410000040020000200200002002000020020084
:10B42000002001000040018000C000F00380003FC8
:10B43000FE00000FF8000000000000000000020005
:10B4400000200200002003FFFFE003FFFFE00200F6
:10B4500080200200802002008000020080000200A4
:10B46000800002008000030180000183000000FED4
:10B470000000007C00000000000000000000000F41
:10B48000F800007FFF0000F00380018001C0010090
:10B4900006400200042002000420020006200200F0
:10B4A00003E0010000F80180005C00E0038C003F35
:10B4B000FF0C000FFC18000000000000000002005C
:10B4C00000200200002003FFFFE003FFFFE0020175
:10B4D000002002010020020180000201E0000201C0
:10B4E000FC0003033F80018607E001FC00E000F858
:10B4F000002000000020000000000000000000000C
:10B5000000000078060000FE01E0018600C0030391
:10B51000004002030020020180200201802002017D
:10B52000C0200200C0200100E060018070C003E084
:10B530003F8000001F0000000000000000000060CD
:10B540000000038000000300000002000000020071
:10B5500000200200002003FFFFE003FFFFE00200E5
:10B560000020020000200200000002000000038012
:10B57000000000E0000000000000020000000200E7
:10B58000000003FFFF0003FFFFC0020000400200B5
:10B5900000600000002000000020000000200000EB
:10B5A0000020020000400200008003FFFF000200B4
:10B5B0000000020000000000000000000000020087
:10B5C00000000200000003C0000003FC0000023F76
:10B5D000C0000003F80000007F80000007E00000CA
:10B5E0000780000078000203C000023C000003C096
:10B5F000000002000000020000000200000003C082
:10B60000000003FF8000023FFE0002007FE0000018
:10B610000F000200F00003EF000003FF8000020FA4
:10B62000FE0000003FE000001F000207E00003F8FA
:10B630000000030000000200000000000000020003
:10B64000002002000020038000E003F0032002FC41
:10B650000C20021F30000007C0000007F000021895
:10B660007C0002601F20038003E0020000E0020073
:10B670000020000000200000000000000000020088
:10B6800000000300000003C0000003F80000023EB9
:10B690000020020FC0200001FFE000007FE0000357
:10B6A0008020021C002002700000038000000200C5
:10B6B0000000020000000000000000000000000088
:10B6C0000020006000E0038003E003000FA0020000
:10B6D0003E200200F8200203E020020F8020023EFC
:10B6E00000200278002003E00060038000E00200F8
:10B6F0000300000000000000000000000000000047
:10B700000000000000000000000000000000000039
:10B7100000001FFFFFFC10000004100000041000D8
:10B7200000041000000410000004100000041000C9
:10B730000004000000000000000000000000000005
:10B740000000000000000700000003C000000078B7
:10B750000000001E00000003C0000000F000000018
:10B760001E0000000780000000F00000003C000008
:10B7700000060000000000000000000000000000C3
:10B78000000010000004100000041000000410006D
:10B7900000041000000410000004100000041FFF4B
:10B7A000FFFC00000000000000000000000000009E
:10B7B0000000000000000000000000000000000089
:10B7C0000000000000000000000002000000040073
:10B7D0000000080000001800000010000000180021
:10B7E000000018000000040000000200000000003B
:10B7F0000000000000000000000000000001000048
:10B800000001000000010000000100000001000034
:10B810000001000000010000000100000001000024
:10B820000001000000010000000100000001000014
:10B830000001000000010000000100000000000005
:10B8400000000000000010000000100000001000C8
:10B8500000001800000008000000040000000000C4
:10B8600000000000000000000000000000000000D8
:10B8700000000000000000000000000000000000C8
:10B88000038000018FC000038C60000618200004B4
:10B890001020000410200004202000042040000696
:10B8A00020400003FFC00001FFE000000020000076
:10B8B0000020000000C000000000000000000200A6
:10B8C00000000200000003FFFFE007FFFFC00001CF
:10B8D00080C000020060000200200004002000047C
:10B8E00000200004002000060040000300C000010A
:10B8F000FF800000FE0000000000000000000000CB
:10B90000000000007E000001FF80000381C00002F3
:10B910000040000600200004002000040020000475
:10B920000020000600200003C0400001C08000008D
:10B930000300000000000000000000000000000004
:10B94000000000007E000001FF80000380C00006B0
:10B950000060000400200004002000040020020415
:10B9600000400202008003FFFFE007FFFFC000006D
:10B970000040000000400000000000000000000047
:10B98000000000007E000001FF80000311C00002E3
:10B990001040000410600004102000041020000477
:10B9A000102000061020000310400001F0C000002D
:10B9B0007100000000000000000000000000000016
:10B9C0000000000400000004002000040020000427
:10B9D0000020007FFFE001FFFFE0010400200304DE
:10B9E00000200204002002040020020400000200E3
:10B9F000000001C0000001C00000000000000000C5
:10BA000000000000001C0000E33E0003FFC2000233
:10BA10000CC3000404C1000404C1000404C10004F8
:10BA200004C100060CC10003F8C30005F062000663
:10BA3000007E0006003C0000000000000000020044
:10BA400000200200002003FFFFE007FFFFE00001ED
:10BA50000020000200200006000000040000000496
:10BA6000000000040020000600200003FFE00001A9
:10BA7000FFE00000002000000020000000000000A7
:10BA8000000000000000000400200004002000046A
:10BA90000020000400200387FFE0038FFFE0038005
:10BAA0000020000000200000002000000020000016
:10BAB0000000000000000000000000000000000086
:10BAC0000000000000000000000600000007000069
:10BAD0000001000000010004000100040001000456
:10BAE0000003000400060387FFFC038FFFF80380B8
:10BAF0000000000000000000000000000000020044
:10BB000000200200002003FFFFE007FFFFE000002D
:10BB1000082000001020000030000000FC0000059C
:10BB20008E00000707A0000601E0000400E000040A
:10BB300000200000002000000000000000000000C5
:10BB400000000000000002000020020000200200AF
:10BB500000200200002003FFFFE007FFFFE00000DD
:10BB60000020000000200000002000000020000055
:10BB700000000000000000000000000000000004C1
:10BB800000200007FFE0000FFFE00002002000049B
:10BB90000000000400200007FFE00003FFE00002B7
:10BBA000002000040000000400200007FFE0000364
:10BBB000FFE0000000200000000000000000000482
:10BBC0000020000400200007FFE0000FFFE000015C
:10BBD0000020000200200002000000040000000419
:10BBE000000000040020000600200003FFE0000128
:10BBF000FFE0000000200000002000000000000026
:10BC0000000000007E000000FF80000381C00002F1
:10BC10000040000600200004002000040020000472
:10BC200000200006002000020040000381C0000147
:10BC3000FF8000007E000000000000000000000403
:10BC40000001000400010007FFFF000FFFFF0001DB
:10BC500000C1000200410004002000040020000494
:10BC600000200004002000060040000301C0000185
:10BC7000FF8000007E0000000000000000000000C7
:10BC8000000000007E000001FF80000380C0000271
:10BC900000600004002000040020000400200004D4
:10BCA000002000020041000300C10003FFFF000765
:10BCB000FFFF000000010000000100000000000480
:10BCC0000020000400200004002000040020000FD9
:10BCD000FFE0000FFFE00000C02000010020000294
:10BCE00000200006002000040000000400000007FF
:10BCF0000000000300000000000000000000000041
:10BD00000000000003E00001C0E00003E040000686
:10BD10003020000430200004182000041820000403
:10BD2000182000040C2000020C60000307C000076C
:10BD30008380000000000000000000000000000000
:10BD40000000000400000004000000040000000CDB
:10BD50000000001FFF8000FFFFC00004006000041F
:10BD60000020000400200004002000040040000027
:10BD7000018000000000000000000000000000043E
:10BD80000000000400000007FF80000FFFC000005B
:10BD900000600000002000000020000000200000E3
:10BDA000002000040040000400800007FFE0000FB6
:10BDB000FFC0000000400000004000000000000440
:10BDC000000000040000000780000007F0000004ED
:10BDD000FE0000041FC0000003E00000038000001C
:10BDE0001C00000460000007800000060000000442
:10BDF0000000000000000000000000040000000639
:10BE000000000007C0000007FC0000043F800000A5
:10BE100003E000040F800006F0000007F0000007B8
:10BE2000FF8000040FE00000038000043C000007D6
:10BE3000C000000600000004000000000000000038
:10BE400000200004002000040060000700E000075C
:10BE500083200007E6000004F80000003C00000416
:10BE60005E20000587A0000601E0000400600004D9
:10BE7000002000000020000000000000000000047E
:10BE8000000000040003000700030007E0010004B5
:10BE9000F80100041F02000007FC000000E00000A1
:10BEA0000700000438000007C0000006000000047E
:10BEB000000000040000000000000000000000007E
:10BEC000000000078060000600E0000403E00004BA
:10BED00007A000040E2000043C2000047020000590
:10BEE000E0200007802000070060000400E0000060
:10BEF00003800000000000000000000000000000BF
:10BF00000000000000000000000000000000000031
:10BF10000000000000000000800000008000000120
:10BF2000400007FE3FF80800000410000002100067
:10BF300000020000000000000000000000000000FF
:10BF400000000000000000000000000000000000F1
:10BF500000000000000000000000FFFFFFFF0000E5
:10BF600000000000000000000000000000000000D1
:10BF700000000000000000000000000000000000C1
:10BF8000000010000002100000020800000407FE7C
:10BF90003FF8000140000000800000008000000029
:10BFA0000000000000000000000000000000000091
:10BFB0000000000000000000000000000000180069
:10BFC0000000300000004000000040000000400081
:10BFD0000000200000003000000008000000040005
:10BFE00000000200000002000000020000000C003F
:10BFF000000018000000000000000000400B0000DE
:10C000008007000060780000200000002000000091
:10C01000200000000068010000F00000000C0F008C
:10C02000303132333435363738394142434445466E
:10C030004030580030313233343536373839616268
:10C04000636465664030780068C000080000002026
:10C050000C010000C401000874C100080C0100209C
:10C0600084B00100E00100080024F400000000009A
:10C07000000000000000000000000000FFFF0000C2
:10C080001F0000F81FF8E007FF07E0FF40BC07FCB7
:10C0900030840000000000000000000000000000EC
:10C0A00000000000100000000100000000F8000087
:10C0B000FFFF00000100000000000000715F0008A9
:10C0C000B55F000860030020000000100000006859
:10C0D000606B012000F00010000C0F6800000000F1
:10C0E0000000000000000000000000000000000050
:10C0F0000000000000000000000000000000000040
:10C10000000000000000000000000000000000002F
:10C1100000000000000000001F0000000000000000
:10C12000000000000000000000000000000000000F
:10C1300000000000000000000000000000000000FF
:10C1400000000000000000000000000000000000EF
:10C15000000000000000000000000000AAAAAAAA37
:10C16000000000000000000030059007D008400AE1
:04C17000C006000005
:040000050800018965
:00000001FF
