:020000040800F2
:10000000380800203902000887430008231400083C
:10001000854300085B0700087948000800000000DD
:100020000000000000000000000000008B430008FA
:100030005D07000800000000894300082144000813
:10004000530200085302000853020008530200083C
:10005000530200085302000853020008530200082C
:10006000530200085302000853020008530200081C
:10007000530200085302000853020008530200080C
:1000800053020008530200085302000853020008FC
:1000900053020008530200085302000853020008EC
:1000A00053020008530200085302000853020008DC
:1000B00053020008530200085302000853020008CC
:1000C00053020008530200085302000853020008BC
:1000D000530200084D48000853020008530200086C
:1000E000530200085302000853020008530200089C
:1000F000530200085302000853020008530200088C
:10010000530200085302000853020008530200087B
:10011000530200085302000853020008530200086B
:10012000530200085302000853020008530200085B
:10013000530200085302000853020008530200084B
:10014000530200085302000853020008530200083B
:10015000530200085302000853020008530200082B
:10016000530200085302000853020008530200081B
:100170005302000853020008530200080000000068
:10018000530200085302000800F002F800F044F89F
:100190000AA090E8000C82448344AAF10107DA45E2
:1001A00001D100F039F8AFF2090EBAE80F0013F0F0
:1001B000010F18BFFB1A43F00103184740960000D7
:1001C00060960000103A24BF78C878C1FAD8520768
:1001D00024BF30C830C144BF04680C6070470000C1
:1001E0000023002400250026103A28BF78C1FBD840
:1001F000520728BF30C148BF0B607047642900F028
:100200000781782900F04081002070471FB504F075
:100210002FFF1FBD10B510BD00F0F4F91146FFF718
:10022000F5FF04F091FB00F012FA03B4FFF7F2FFC0
:1002300003BC04F032FB000009488047094800472E
:10024000FEE7FEE7FEE7FEE7FEE7FEE7FEE7FEE786
:10025000FEE7FEE704480549054A064B70470000E3
:1002600025440008890100083802002038080020D1
:100270003804002038040020704753EA020C00F0D4
:1002800069802DE9F04B4FF00006002B1FBFB3FA39
:1002900083F503FA05F424FA05F65E4012BF16430F
:1002A000B2FA82F502FA05F4C5F120051EBF22FA62
:1002B00005FC44EA0C04203556EA044C4FEA144489
:1002C00018BF641C4FF000084FF00009904271EB1A
:1002D000030C39D3002919BFB1FA81F701FA07F6E7
:1002E000B0FA80F700FA07F6C7F120071EBF20FA20
:1002F00007FC46EA0C062037B6FBF4FCA7EB050723
:10030000103F07F01F0BCBF120060CFA0BFB2CFA69
:1003100006F644BFB3460026202FA4BF5E464FF02A
:10032000000B5BEA060C08BF4FF0010B19EB0B0941
:10033000ABFB027C48EB0608C01B06FB02CC0BFBA8
:1003400003CC71EB0C01C1E70B460246414648461F
:10035000BDE8F08B13B54FF000004FF00001AFF394
:100360000080BDE81C4070470FB4044910B503AAD3
:10037000029800F031F910BC5DF814FB1800002061
:100380000FB41CB5074B06AA7B446946009005983C
:1003900000F009F90020694600F018F91CBC5DF86E
:1003A00014FB0000410200002DE9F0410E46044616
:1003B000002020622046E168884730B3252805D018
:1003C000D4E901219047206A401CF2E7E168204609
:1003D00000278847050018D0A5F14100192802D848
:1003E00020354FF400673246294620462760FFF744
:1003F00005FF40B1012804D0F61D26F00706083697
:10040000D8E7361DD6E72846DAE7206ABDE8F0814E
:100410002DE9F0410646002410687529314616A5DD
:1004200010D0AFF30080002802DA404213A507E0A5
:1004300031688A0701D512A502E0490704D511A544
:10044000012401E0AFF3008000210A2206F1240715
:1004500009E0B0FBF2FCB0FBF2F302FB1C00303011
:1004600078541846491C0028F3D123462A463046C2
:10047000BDE8F04100F038B8000000002D00000099
:100480002B0000002000000070B504460D462146F8
:100490001068AFF300802188090502D50F4A7A441D
:1004A00002E00E4A7A440E32002104F1240305E0F2
:1004B00000F00F060009965D5E54491C0028F7D134
:1004C00020780023000704D5702D02D009B1022343
:1004D00011322046BDE8704000F006B830930000AD
:1004E00070477047704770472DE9F0470D469946B1
:1004F0009246044600F124080168880604D5E069A4
:1005000021F01001216000E00120A84201DD471B1D
:1005100000E00027A1697A1902EB0900081AA0611E
:100520002078C00602D42046AFF30080002608E001
:10053000D4E901211AF806009047206A401C761C75
:1005400020624E45F4DB2078C0060AD52046AFF382
:10055000008006E0D4E9012130209047206A401C49
:100560002062381EA7F10107F4DC07E0D4E901217D
:1005700018F805009047206A401C2062281EA5F14B
:100580000105F3DC2046AFF300802078000602D599
:100590000220BDE8F0870120FBE7000001694A1C4A
:1005A00002610878704700B58FB0CDE901310021B4
:1005B000059105497944CDE9031011466846FFF7D6
:1005C000F3FE0FB000BD0000E5FFFFFF0A6802F870
:1005D000010B0A6070470000074B70B50D467B4465
:1005E000FFF7E1FF0446284600F008F810B14FF08D
:1005F000FF3070BD204670BD53430000007B00F00B
:1006000080007047754600F02BF8AE46050069463D
:10061000534620F00700854618B020B5FFF71AFEB4
:10062000BDE820404FF000064FF000074FF00008F3
:100630004FF0000B21F00701AC46ACE8C009ACE874
:10064000C009ACE8C009ACE8C0098D46704710B5D8
:100650000446AFF300802046BDE81040FFF7E5BD3B
:1006600000487047D401002010B5FF2000F025F8A5
:1006700055280DD05521FF2000F050F80A2004F035
:1006800031F9FF2000F019F8552801D0012010BDE4
:10069000002010BD00F0DCBE70B514460D460646C5
:1006A00008E0304600F009F8761C641E05F8010BDE
:1006B000B6B2A4B2002CF4D170BD10B5044600F05F
:1006C0005BFF200AA02101EB4000C0B200F030FF28
:1006D00000F07CFFE0B200F02BFF00F077FF00F0AD
:1006E0004BFFA12000F024FF00F070FF002000F07D
:1006F000F3FE044600F056FF204610BD70B51446C8
:100700000D46064606E02978304600F007F8761CCC
:10071000B6B26D1C641EA4B2F5D270BD70B50D46A4
:10072000044600F029FF200AA02101EB4000C0B2DE
:1007300000F0FEFE00F04AFFE0B200F0F9FE00F02B
:1007400045FF284600F0F4FE00F040FF00F02AFFCD
:10075000BDE870400A2004F0C5B8FEE7704700000D
:1007600070B5B3F5804F05D06FF0704140F822109E
:10077000002070BD50F82230084C2340D1E90045DC
:1007800044EA05148D688E892D0245EA064589697B
:100790002C430C431C4340F82240E9E70000F0CF13
:1007A000F0B50C6850F82450114A1540D1E90123E6
:1007B000D1E903671A433E4332434E6932438E699F
:1007C0003243CE6932430E6A32434E6A32438E6AF6
:1007D0003243CE6A3243CE6B096B32430A432A431B
:1007E000082B01D142F0400240F824200020F0BD47
:1007F0008000F0FF30B500EB82004268D1E90034A0
:1008000043EA04138C688D89240244EA0544234397
:100810000C8A084D02F0404205EB045423430C7D42
:100820006D0105EB0464896923430B431343436063
:10083000002030BD0000F0FF90F83510022903D0F1
:100840008021416501207047052180F8351000683E
:10085000016821F001010160002070472DE9F84F87
:10086000DFF88C91002209F1040A0AF1040B4FF021
:100870000F080BF1040E01260B6896403340B3427B
:1008800071D14C68022C01D0122C11D1D40800EB8C
:1008900084073D6A5407E40E08FA04FC25EA0C05B7
:1008A000D1F810C00CFA04FC4CEA050CC7F820C0C3
:1008B00007685400032591F804C0A5400CF0030C10
:1008C000AF430CFA04FC4CEA070CC0F800C04F68B8
:1008D000012F05D0022F03D0112F01D0122F11D1DB
:1008E0008768D1F80CC0AF430CFA04FC4CEA070C43
:1008F000C0F808C04768B7430E79C6F300169640A3
:100900003E434660C668AE438D68A5403543C5602A
:100910004C68E40065D5374C256845F48045256072
:10092000246822F0030504F480440094324C2E190C
:10093000D6F808789407250F08FA05F4A7432F4C3A
:10094000A04201D1002424E02D4CA04201D1012479
:100950001FE02C4CA04201D102241AE02A4CA042F4
:1009600002D1032415E03CE0284CA04201D104242C
:100970000FE0274CA04201D105240AE0254CA042FB
:1009800001D1062405E0244CA04201D1072400E057
:100990000824AC403C43C6F80848D9F800404D460E
:1009A0004E689C43F60300D51C432C60DAF80040E7
:1009B00055464E689C43B60300D51C432C60DBF8BB
:1009C00000405D464E689C43F60200D51C432C60F7
:1009D000DEF8004075464E689C43B60200D51C43C5
:1009E0002C60521C102AFFF446AFBDE8F88F0000BF
:1009F000003C014044380240003001400000024009
:100A00000004024000080240000C024000100240B6
:100A10000014024000180240001C02400069084017
:100A200000D0012070470AB1816170470904FBE7DB
:100A300001480068000C7047002004E0014880680D
:100A400070470000040000200248816802781144C9
:100A50008160704704000020094810B5016841F426
:100A600000710160016841F480610160052000F0BF
:100A700057F80F2000F006F800F024F8002010BD11
:100A8000003C024070B50D4D04464FF47A71287851
:100A9000B1FBF0F00A490968B1FBF0F000F058FB37
:100AA00048B9102C07D200222146501E00F018F839
:100AB00000206C6070BD012070BD000004000020AB
:100AC000000000207047002809DB00F01F02012110
:100AD00091404009800000F1E020C0F8001170470B
:100AE000F0B40E4B1B68C3F30223C3F10704042CBC
:100AF00000D904241D1D072D01D2002300E0DB1EB8
:100B0000012606FA04F56D1E0D409D409E40761E9E
:100B1000164045EA0601F0BC03F0AFBE0CED00E064
:100B2000064A00F0070110684FF6FF03184040EA3C
:100B30000120034908431060704700000CED00E0FD
:100B40000000FA052DE9F0470D46040065D0DFF8F6
:100B50001491D9F80000EFB200F00F00A84207D2BC
:100B600089F80070D9F8000000F00F00A84254D1B5
:100B700020683D4E810712D5400703D5306840F408
:100B8000E05030602078000703D5306840F46040C2
:100B900030603068A16820F0F000084330602078B1
:100BA000C0072DD0304960680839012812D00228CA
:100BB00013D0032811D00968890700292DDA31687C
:100BC00021F0030101433160FFF738FF804641F215
:100BD000883A0EE009688903EFE709688901ECE7C4
:100BE000FFF72CFFA0EB0801514502D90320BDE817
:100BF000F0873068616800F00C00B0EB810FEFD136
:100C0000D9F80010484601F00F01A94207D9077032
:100C1000006800F00F00A84201D00120E7E720782B
:100C2000400705D53068E16820F4E05008433060A3
:100C30002078000706D53068216920F4604040EA3A
:100C4000C100306000F036F83168084AC1F3031182
:100C5000515CC840064908600F20FFF713FF0020D1
:100C6000C5E70000003C0240083802407A50000806
:100C7000000000200448054900680968044AC1F3DF
:100C80008221515CC84070470000002008380240B3
:100C90008A5000080448054900680968044AC1F3FD
:100CA0004231515CC84070470000002008380240C3
:100CB0008A500008154810B5006810F00C0114485F
:100CC00013D0431004290FD008290ED10F4C241F34
:100CD000216801F03F022168490207D52068C0F36E
:100CE0008810A0FB030106E0184610BD2168C1F37F
:100CF0008811A1FB00010023FFF7BFFA2168C1F3AF
:100D00000141491C4900B0FBF1F010BD0838024018
:100D10000024F4002DE9F84F040073D02078BD4D75
:100D2000C00748D0BB4808300168C1F381010129E0
:100D300008D00068C0F3810002280AD1281D00688D
:100D4000400206D52868800335D560680028E4D0C5
:100D500031E06068B0F5803F10D0B0F5A02F286872
:100D600010D020F480302860286820F4802028608B
:100D70006068A0B1FFF762FE06460CE0286840F408
:100D80008030F4E740F480202860F7E7FFF756FE54
:100D9000801B642872D828688003F7D50BE0FFF722
:100DA0004DFE064604E0FFF749FE801B6428F1D89B
:100DB00028688003F7D42078DFF85C9280074FF032
:100DC000000A3ED593480830016811F00C0F09D095
:100DD0000068C0F3810002280BD18E48001D006816
:100DE000400206D42868800715D5E068012809D19B
:100DF00011E0E068B8B10120C9F80000FFF71EFE5D
:100E0000064605E003E1FFF719FE801B0228C1D862
:100E100028688007F7D52868216920F0F80040EAA3
:100E2000C10028600DE0C9F800A0FFF707FE0646E4
:100E300004E0FFF703FE801B02281FD82868800704
:100E4000F7D42078000722D5724F7449606974374F
:100E500070B101200860FFF7F1FD064604E0FFF7DE
:100E6000EDFD801B022809D838688007F7D50EE011
:100E7000C1F800A0FFF7E2FD064605E081E0FFF7BC
:100E8000DDFD801B02287CD838688007F7D42078E5
:100E9000400769D5DFF87CB14FF000080BF1400B3B
:100EA000DBF80000C0000CD4DBF8001041F08051EA
:100EB000CBF80010DBF800004FF0010800F0805084
:100EC0000090574F3868C0050FD4386840F48070E0
:100ED0003860FFF7B3FD064604E0FFF7AFFD801B67
:100EE00002284ED83868C005F7D54A4FA068703739
:100EF00001280FD00528386810D020F00100386094
:100F0000386820F004003860A068B0B1FFF796FDA3
:100F100006460EE0386840F00100F4E740F00400B7
:100F20003860F7E7FFF78AFD811B41F28830814284
:100F300065D838688007F5D50DE0FFF77FFD0646D8
:100F400006E0FFF77BFD811B41F28830814256D8D5
:100F500038688007F5D4B8F1000F05D0DBF8001031
:100F600021F08051CBF80010A069C8B3294908319D
:100F70000968C1F38101022949D00228504607D0EF
:100F800000E03CE0C9F86000FFF758FD044639E096
:100F90004F46C9F86000FFF751FD064604E0FFF731
:100FA0004DFD801B02282AD828688001F7D4D4E997
:100FB00007010843A16A1B4A490802EB0141626A22
:100FC00041EA8211084394F82C1040EA016111486B
:100FD000001D016001203866FFF730FD044605E082
:100FE00013E0FFF72BFD001B022808D828688001BA
:100FF000F7D50AE0FFF722FD001B022802D90320E3
:10100000BDE8F88F28688001F4D40020F8E70120BB
:10101000F6E700000038024000004742800E4742D9
:10102000007000400000FFFF70B515460E4604003A
:1010300003D094F8490010B107E0012070BD0020F2
:1010400084F84800204600F01BF804F108012068ED
:10105000FFF7A6FB3146A2682068FFF7CBFBD4E977
:1010600001022946236BFFF77BFBA168206850F83B
:10107000212042F0010240F82120002070BD000034
:10108000284810B5016886B041F001010160006890
:1010900000F00100059023480838016841F008017C
:1010A0000160016801F008010591016841F010013B
:1010B0000160016801F010010591016841F0200113
:1010C0000160016801F020010591016841F04001D3
:1010D00001600068694600F0400005904CF23370F2
:1010E00000900220019001200290032003900C2028
:1010F00004900D48FFF7B2FB4FF6807000906946F0
:101100000A48FFF7ABFB4FF4805469460848009447
:10111000FFF7A4FB694607480094FFF79FFB06B062
:1011200010BD000038380240000C024000100240A0
:1011300000140240001802404FF0E0210428086922
:1011400003D020F004000861704740F00400FAE783
:1011500010B5401EB0F1807F01D3012010BD4FF0CB
:10116000E02460610F21601703F087FB0020A0617D
:1011700007202061002010BD704710F8391F40780B
:101180000843704770B5026804461068D168536917
:1011900010F00F0F50D003F0010501F490763543A5
:1011A0005DD0C20705D0CA0503D5E26B42F001024B
:1011B000E263420705D5DA0703D0E26B42F0020290
:1011C000E263820705D5DA0703D0E26B42F004023E
:1011D000E263020705D5DA0703D0E26B42F00802AA
:1011E000E263E26B002A33D0800604D5880602D57C
:1011F000204603F057F920684069E16BC0F3801086
:10120000090700D428B3204603F03EF9206841695D
:1012100049061AD5416921F040014161606BA0B1D6
:101220001B490165606BFFF707FB002810D0606B5E
:10123000016DBDE870400847830610D58B060ED5BA
:101240002046BDE8704003F02DB92046FFF794FF1B
:1012500070BD2046FFF790FF0020E06370BD0306DD
:1012600006D50B0604D52046BDE8704003F0BCBA95
:101270004006F3D54806F1D5D168204621F040015B
:10128000D160202184F8391000F0CAF870BD000048
:101290007944000870B5040004D094F839000025A2
:1012A00010B106E0012070BD84F83850204600F0EF
:1012B00023F8242084F839002068C16821F4005103
:1012C000C160204603F03AF92068016921F4904199
:1012D00001612068416921F02A0141612068C168EB
:1012E00041F40051C160E563202084F8390084F89E
:1012F0003A00002070BD000010B500681A4986B0A1
:1013000088422FD11948016841F00101016000684D
:1013100000F00100059015481430016841F01001FB
:1013200001600068012100F0100005904FF400708A
:1013300000900220CDE90101039007200C4C04909D
:1013400069462046FFF78AFA211500916946204632
:10135000FFF784FA2520FFF7B6FB0322114625206C
:10136000FFF7BEFB06B010BD001001403038024050
:101370000000024090F83A30202B22D1F9B1F2B1AE
:1013800090F83830012B1CD081628285C285002103
:10139000C163222280F83A2080F838100168CA68B8
:1013A00042F48072CA6001684A6942F001024A61EF
:1013B0000068C16841F02001C16000207047012031
:1013C000704702207047000030B50068114988421C
:1013D0000CD1114A5088010408D4114644040978FC
:1013E0004FF0000306D50A2901D0538030BD40F4E8
:1013F00000400DE00D2909D0C0F30D04074D401C3D
:1014000080B229555080C728EFD830BD40F48040C5
:10141000508030BD00100140140000206C000020FE
:101420007047FEE770B5094C0025C4F8A052C4F817
:10143000A452022004F5287403F062FA012020600F
:10144000022003F05DFA256070BD0000008040427C
:10145000134810B5026886B0002142F00202026013
:101460000068104C00F0020005904FF4807000906E
:101470001120CDE901010220039069462046FFF7C3
:10148000EDF96115009169462046FFF7E7F9064836
:101490000121C0F8A412C0F8A01206B010BD0000CF
:1014A00030380240000402400080404270B5094CD0
:1014B0000026C4F8A0620125C4F8A452022004F555
:1014C000287403F01DFA2560022003F019FA266043
:1014D00070BD0000008040422DE9F0470025134E0A
:1014E000012781462C46C6F8A472A846C6F8A082F9
:1014F000022003F005FAC6F8A0726006040ED6F8C2
:101500002402012801D1641CE4B2012003F0F8F99F
:101510006D1C082DEADBB9F1000F04D0FFF782FF44
:101520002046BDE8F087FFF7C1FFF9E700804042A1
:101530002DE9F0410F4E00270546C6F8A0723C4643
:101540004FF00108E809C6F8A4026806050E02205B
:1015500003F0D6F9C6F8A082022003F0D1F9C6F84C
:10156000A072022003F0CCF9641C082CEADBBDE871
:10157000F08100000080404270B5094C0120C4F8A1
:10158000A402C4F8A002042004F5287403F0B8F9FA
:1015900000256560042003F0B3F9256070BD0000EC
:1015A0000080404210B5084C0020C4F8A40204207A
:1015B00004F5287403F0A4F9012020606060BDE800
:1015C0001040042003F09CB90080404270B50E4DDD
:1015D00000240126C5F8A462304603F091F9C5F84D
:1015E000A062012003F08CF907E0641CE4B2FA2C3D
:1015F00003D9FFF7D7FF012070BDD5F824020028DA
:10160000F3D1C5F8A00270BD0080404270B5144807
:1016100086B00025016841F001010160016801F018
:1016200001010591016841F0100101600068032487
:1016300000F01000059002200126CDE90204CDE95A
:10164000006569460748FFF709F91C2003948DE8F7
:10165000610069460448FFF701F906B070BD00005B
:101660003038024000000240001002402DE9F041F5
:1016700001262E4C2E4F2F4D01281DD02078A0B1D1
:1016800010212846FFF7CAF9C0B108212846FFF704
:10169000C5F998B104212846FFF7C0F970B10121BE
:1016A0003846FFF7BBF9012808D010212846FFF77C
:1016B000B5F9012826D037E02670E1E70A2003F0CB
:1016C00011F90020207010212846FFF7A7F980B1FA
:1016D00008212846FFF7A2F970B104212846FFF738
:1016E0009DF958B101213846FFF798F9012807D034
:1016F0001AE00120BDE8F0810220FBE70320F9E7B2
:101700000420F7E708212846FFF788F901280BD1C4
:1017100004212846FFF782F9012805D10121384626
:10172000FFF77CF900B926700020E3E724000020D1
:10173000000002400010024070B506460A4800242E
:101740000188458820464D43214602F0BBFC02F04B
:10175000E1FDB1B24FF0D84002E0A0F88010641C67
:10176000AC42FAD370BD0000C40100202DE9F04F57
:101770002B4B2C27194698712B2589884FF4305A0A
:101780004FF4285B4FF4487441F6631E2A264FF04D
:10179000F00845F210594FF4A07C4FF4F072C8B134
:1017A000A3F800C0A3F80280494533D1A3F808A0EC
:1017B000A3F80AB0280298811C805A80A1F5A6409F
:1017C000103802D11A80A3F802C0BDE8F04F002003
:1017D00002F0A8BBA3F80080A3F802C0494507D1D6
:1017E000A3F808A0A3F80AB04FF42C50988104E0A5
:1017F00071451F8104D15D819E811A805C8001E06A
:101800005E819D81A1F5A6401038DED1A3F800C00D
:101810005A80DAE71F815E8171459D81CCD0CDE78A
:10182000C40100202DE9F041314D90460C4602469E
:10183000060AA9882846270A4089A1F5AA43103B31
:101840000FD0A1F5C853633B24D002F057FD3046BA
:1018500002F048FDD0B202F045FDA88902F04EFD2D
:1018600036E002F04BFD304602F03CFD6889401C3A
:1018700080B202F043FDD0B202F034FDA88902F03C
:101880003DFD384602F02EFDA889401C80B202F0D2
:1018900035FD20E0A97919B92988891A491E8AB22B
:1018A00002F02CFD160A304602F01CFDD0B202F008
:1018B00019FD304602F016FDD0B202F013FDA889E2
:1018C00002F01CFD384602F00DFDE0B202F00AFD08
:1018D000384602F007FDE0B202F004FD4FF0D841B7
:1018E000288921F87E0FA1F80280BDE8F081000070
:1018F000C40100202DE9F04FFF4895B00024016895
:1019000041F00201016000680EA900F0020013908E
:101910004FF400400E9001200F9010900320119082
:10192000F648FEF79BFFF648F6494FF02049C0E91C
:1019300000910621C0E902141021C0E9044184612C
:101940000902C461C0E909418900C0E90B4189016C
:101950004463C0E90E410F20CDE907043C20099003
:101960000920CDE9000408200D94029003946A46F2
:1019700007A90694E248FFF757FB322002F0B2FFB6
:10198000D32002F0BBFC02F09BFADD4E5036B08053
:1019900002F096FA3146888002F092FA4FF6FF7B09
:1019A00031460BEA0020888002F08AFA314645F27F
:1019B0001037898845F210550843314641F66318BF
:1019C0008880A0F5134147F2897441397CD0042006
:1019D00002F094FC02F074FAB08002F071FAB08068
:1019E00002F06EFA0BEA00205A46B08002F068FA64
:1019F000B1880843A0F50541B080523960D0A042BB
:101A000062D0D42002F07AFC02F05AFAB08002F0E0
:101A100057FAB08002F054FA02EA00209246B080F1
:101A200002F04EFAB1880843B080B8424CD055213C
:101A30004FF4704002F078FCAA214FF2010002F04E
:101A400073FC52214FF2020002F06EFC08214FF2AB
:101A5000030002F069FC01214FF2040002F064FC73
:101A60004FF4454002F04AFC02F02AFA0AEA00204C
:101A7000B0804CF2015002F041FC02F021FAB18832
:101A80000843B080052002F02DFFB088B0F5004F6C
:101A90007ED0A84218D0A12002F030FC02F010FA4B
:101AA000B08002F00DFA0AEA0020B08002F008FAD5
:101AB000B1880843A0F5AE41B080613902D003E09F
:101AC000B48001E0A6F80480B1888FA0FEF74CFC3A
:101AD000B08849F2413A50457ED1CF2002F00EFC49
:101AE000002002F0FFFBC12002F0FCFB302002F0DE
:101AF000F9FBED2002F002FC642002F0F3FB03206E
:101B000002F0F0FB122002F0EDFB812002F0EAFB74
:101B1000E82002F0F3FB852002F0E4FB102002F045
:101B2000E1FB7A2002F0DEFBCB2002F0E7FB39205C
:101B300002F0D8FB2C2002F0D5FB002002F0D2FBF3
:101B4000342002F0CFFB022002F0CCFBF72002F0A1
:101B5000D5FB202002F0C6FBEA2002F0CFFB0020DC
:101B600002F0C0FB002002F0BDFBC02002F0C6FB6B
:101B70001B2002F0B7FBC12002F0C0FB012002F0E5
:101B8000B1FBC52002F0BAFB302002F0ABFB00E055
:101B9000CBE0302002F0A6FBC72002F0AFFBB7205D
:101BA00002F0A0FB362002F0A9FB482002F09AFBCD
:101BB0003A2002F0A3FB552002F094FBB12002F082
:101BC0009DFB002002F08EFB1A2002F08BFBB6205A
:101BD00002F094FB0A2000E0A9E002F083FBA220BF
:101BE00002F080FBF22002F089FB002002F07AFB79
:101BF000262002F083FB012002F074FBE02002F0BB
:101C00007DFB0F2002F06EFB2A2002F06BFB2820E8
:101C100002F068FB082002F065FB0E2002F062FB78
:101C2000082002F05FFB542002F05CFBA92002F0C8
:101C300059FB432002F056FB0A2002F053FB0F2011
:101C400002F050FB002002F04DFB002002F04AFBA6
:101C5000002002F047FB002002F044FBE12002F0EC
:101C60004DFB002002F03EFB152002F03BFB17204D
:101C700002F038FB072002F035FB112002F032FBA6
:101C8000062002F02FFB2B2002F02CFB562002F046
:101C900029FB3C2002F026FB052002F023FB10204C
:101CA00002F020FB0F2002F01DFB3F2002F01AFB88
:101CB0003F2002F017FB0F2002F014FB2B2002F054
:101CC0001DFB002002F00EFB002002F00BFB0120A8
:101CD00002F008FB3F2002F005FB2A2002F00EFB79
:101CE000002002F0FFFA002002F0FCFA002002F0CF
:101CF000F9FAEF2010E00000303802400004024002
:101D000074010020040100A0204C43442049443ABF
:101D100025780D0A0000000002F0E4FA112002F01C
:101D2000EDFA782002F0DEFDD4E0B580CCE6A042EA
:101D30007ED1112002F0E2FA782002F0D3FD3620A5
:101D400002F0DCFA002002F0CDFA3A2002F0D6FAD6
:101D5000052002F0C7FAB22002F0D0FA0C2002F0FF
:101D6000C1FA0C2002F0BEFA002002F0BBFA3320C8
:101D700002F0B8FA332002F0B5FAB72002F0BEFA4A
:101D8000352002F0AFFABB2002F0B8FA322002F0A0
:101D9000A9FAC02002F0B2FA0C2002F0A3FAC22085
:101DA00002F0ACFA012002F09DFAC32002F0A6FA7C
:101DB000102002F097FAC42002F0A0FA202002F0CE
:101DC00091FAC62002F09AFA0F2002F08BFAD02086
:101DD00002F094FAA42002F085FAA12002F082FA1F
:101DE000E02002F08BFAD02002F07CFA002002F012
:101DF00079FA022002F076FA072002F073FA0A203C
:101E000002F070FA282002F06DFA322002F06AFA2D
:101E1000442002F067FA422002F064FA062002F041
:101E200061FA0E2002F05EFA122002F05BFA00E086
:101E300053E0142002F056FA172002F053FAE12082
:101E400002F05CFAD02002F04DFA002002F04AFACB
:101E5000022002F047FA072002F044FA0A2002F0BA
:101E600041FA282002F03EFA312002F03BFA5420D9
:101E700002F038FA472002F035FA0E2002F032FA6A
:101E80001C2002F02FFA172002F02CFA1B2002F07F
:101E900029FA1E2002F026FA2A2002F02FFA00204A
:101EA00002F020FA002002F01DFA002002F01AFAD7
:101EB000EF2002F017FA2B2002F020FA002002F0A7
:101EC00011FA002002F00EFA012002F00BFA3F2076
:101ED00002F008FA292001F0FEBEB8427ED1ED20C2
:101EE00002F00CFA012002F0FDF9FE2002F0FAF9EE
:101EF000EE2002F003FADE2002F0F4F9212002F0D5
:101F0000F1F9F12002F0FAF9012002F0EBF9DF20FB
:101F100002F0F4F9102002F0E5F9C42002F0EEF925
:101F20008F2002F0DFF9C62002F0E8F9002002F06D
:101F3000D9F9E22002F0D6F9E22002F0D3F9E2204A
:101F400002F0D0F9BF2002F0D9F9AA2002F0CAF9B4
:101F5000B02002F0D3F90D2002F0C4F9002002F005
:101F6000C1F90D2002F0BEF9002002F0BBF91120EA
:101F700002F0B8F9002002F0B5F9192002F0B2F928
:101F8000002002F0AFF9212002F0ACF9002002F0AD
:101F9000A9F92D2002F0A6F9002002F0A3F93D20B6
:101FA00002F0A0F9002002F09DF95D2002F09AF9FC
:101FB000002002F097F95D2002F094F9002002F071
:101FC00091F9B12002F09AF9802002F08BF90020FB
:101FD00002F088F98B2002F085F900E0FDE3002093
:101FE00002F080F9962002F07DF9002002F07AF9E3
:101FF000B22002F083F9002002F074F9002002F010
:1020000071F9022002F06EF9002002F06BF9032052
:1020100002F068F9002002F065F9B32002F06EF9D1
:10202000002002F05FF9002002F05CF9002002F0CD
:1020300059F9002002F056F9002002F053F900206F
:1020400002F050F9002002F04DF9002002F04AF9A8
:10205000002002F047F9002002F044F9002002F0CD
:1020600041F9002002F03EF9002002F03BF9002087
:1020700002F038F9002002F035F9002002F032F9C0
:10208000002002F02FF9002002F02CF9002002F0CD
:1020900029F9002002F026F9002002F023F900209F
:1020A00002F020F9002002F01DF9002002F01AF9D8
:1020B000B42002F023F98B2002F014F9002002F082
:1020C00011F9962002F00EF9002002F00BF9A12080
:1020D00002F008F9002002F005F9B52002F00EF92F
:1020E000022002F0FFF8002002F0FCF8032002F0CA
:1020F000F9F8002002F0F6F8042002F0F3F80020CE
:1021000002F0F0F8B62002F0F9F8002002F0EAF848
:10211000002002F0E7F8B72002F0F0F8002002F00B
:10212000E1F8002002F0DEF83F2002F0DBF80020AA
:1021300002F0D8F85E2002F0D5F8002002F0D2F8C4
:10214000642002F0CFF8002002F0CCF88C2002F0DE
:10215000C9F8002002F0C6F8AC2002F0C3F8002055
:1021600002F0C0F8DC2002F0BDF8002002F0BAF85E
:10217000702002F0B7F8002002F0B4F8902002F0CE
:10218000B1F8002002F0AEF8EB2002F0ABF800202E
:1021900002F0A8F8DC2002F0A5F8002002F0A2F876
:1021A000B82002F0ABF8002002F09CF8002002F00A
:1021B00099F8002002F096F8002002F093F8002031
:1021C00002F090F8002002F08DF8002002F08AF86A
:1021D000002002F087F8BA2002F090F8242002F0E4
:1021E00081F8002002F07EF8002002F07BF8002049
:1021F00002F078F8C12002F081F8202002F072F895
:10220000002002F06FF8542002F06CF8002002F079
:1022100069F8FF2002F066F8002002F063F8C2209F
:1022200002F06CF80A2002F05DF8002002F05AF883
:10223000042002F057F8002002F054F8C32002F006
:102240005DF83C2002F04EF8002002F04BF83A20F6
:1022500002F048F8002002F045F8392002F042F878
:10226000002002F03FF8372002F03CF8002002F096
:1022700039F83C2002F036F8002002F033F836201E
:1022800002F030F8002002F02DF8322002F02AF897
:10229000002002F027F82F2002F024F8002002F09E
:1022A00021F82C2002F01EF8002002F01BF8292053
:1022B00002F018F8002002F015F8262002F012F8BB
:1022C000002002F00FF8242002F00CF8002002F0A9
:1022D00009F8242002F006F8002002F003F8232079
:1022E00002F000F8002001F0FDFF3C2001F0FAFFB1
:1022F000002001F0F7FF362001F0F4FF002001F08C
:10230000F1FF322001F0EEFF002001F0EBFF2F2063
:1023100001F0E8FF002001F0E5FF2C2001F0E2FFD2
:10232000002001F0DFFF292001F0DCFF002001F098
:10233000D9FF262001F0D6FF002001F0D3FF242092
:1023400001F0D0FF002001F0CDFF242001F0CAFFF2
:10235000002001F0C7FF232001F0C4FF002001F09E
:10236000C1FFC42001F0CAFF622001F0BBFF0020C2
:1023700001F0B8FF052001F0B5FF002001F0B2FF29
:10238000842001F0AFFF002001F0ACFFF02001F04D
:10239000A9FF002001F0A6FF182001F0A3FF0020F4
:1023A00001F0A0FFA42001F09DFF002001F09AFFA2
:1023B000182001F097FF002001F094FF502001F059
:1023C00091FF002001F08EFF0C2001F08BFF002018
:1023D00001F088FF172001F085FF002001F082FF47
:1023E000952001F07FFF002001F07CFFF32001F039
:1023F00079FF002001F076FFE62001F073FF002056
:1024000001F070FFC52001F079FF322001F06AFF72
:10241000002001F067FF442001F064FF002001F07C
:1024200061FF652001F05EFF002001F05BFF762078
:1024300001F058FF002001F055FF882001F052FF05
:10244000002001F04FFFC62001F058FF202001F0CE
:1024500049FF002001F046FF172001F043FF002054
:1024600001F040FF012001F03DFF002001F03AFFA4
:10247000C72001F043FF002001F034FF002001F0ED
:1024800031FF002001F02EFF002001F02BFFC820BB
:1024900001F034FF002001F025FF002001F022FFB1
:1024A000002001F01FFF002001F01CFFC92001F0F7
:1024B00025FF002001F016FF002001F013FF00208F
:1024C00001F010FF002001F00DFF002001F00AFFD5
:1024D000002001F007FF002001F004FF002001F0C0
:1024E00001FF002001F0FEFE002001F0FBFE0020B5
:1024F00001F0F8FE002001F0F5FE002001F0F2FEF0
:10250000002001F0EFFE002001F0ECFE002001F0C1
:10251000E9FEE02001F0F2FE162001F0E3FE0020CB
:1025200001F0E0FE1C2001F0DDFE002001F0DAFEEB
:10253000212001F0D7FE002001F0D4FE362001F06A
:10254000D1FE002001F0CEFE462001F0CBFE00209F
:1025500001F0C8FE522001F0C5FE002001F0C2FECD
:10256000642001F0BFFE002001F0BCFE7A2001F0E3
:10257000B9FE002001F0B6FE8B2001F0B3FE002072
:1025800001F0B0FE992001F0ADFE002001F0AAFE9E
:10259000A82001F0A7FE002001F0A4FEB92001F060
:1025A000A1FE002001F09EFEC42001F09BFE002051
:1025B00001F098FECA2001F095FE002001F092FE85
:1025C000D22001F08FFE002001F08CFED92001F016
:1025D00089FE002001F086FEE02001F083FE00204D
:1025E00001F080FEF32001F07DFE002001F07AFE74
:1025F000E12001F083FE162001F074FE002001F0BE
:1026000071FE1C2001F06EFE002001F06BFE222006
:1026100001F068FE002001F065FE362001F062FE48
:10262000002001F05FFE452001F05CFE002001F07B
:1026300059FE522001F056FE002001F053FE6420A6
:1026400001F050FE002001F04DFE7A2001F04AFE1C
:10265000002001F047FE8B2001F044FE002001F035
:1026600041FE992001F03EFE002001F03BFEA82033
:1026700001F038FE002001F035FEB92001F032FEF5
:10268000002001F02FFEC42001F02CFE002001F0FC
:1026900029FECA2001F026FE002001F023FED220F0
:1026A00001F020FE002001F01DFED82001F01AFEEE
:1026B000002001F017FEE02001F014FE002001F0E0
:1026C00011FEF32001F00EFE002001F00BFEE220CF
:1026D00001F014FE052001F005FE002001F002FECD
:1026E0000B2001F0FFFD002001F0FCFD1B2001F09C
:1026F000F9FD002001F0F6FD342001F0F3FD00208B
:1027000001F0F0FD442001F0EDFD002001F0EAFDB4
:102710004F2001F0E7FD002001F0E4FD612001F011
:10272000E1FD002001F0DEFD792001F0DBFD00205D
:1027300001F0D8FD882001F0D5FD002001F0D2FD88
:10274000972001F0CFFD002001F0CCFDA62001F084
:10275000C9FD002001F0C6FDB72001F0C3FD002037
:1027600001F0C0FDC22001F0BDFD002001F0BAFD66
:10277000C72001F0B7FD002001F0B4FDD12001F029
:10278000B1FD002001F0AEFDD62001F0ABFD002030
:1027900001F0A8FDDD2001F0A5FD002001F0A2FD63
:1027A000F32001F09FFD002001F09CFDE32001F0EB
:1027B000A5FD052001F096FD002001F093FD0A2003
:1027C00001F090FD002001F08DFD1C2001F08AFD3C
:1027D000002001F087FD332000E0FAE201F082FDE5
:1027E000002001F07FFD442001F07CFD002001F07D
:1027F00079FD502001F076FD002001F073FD62208C
:1028000001F070FD002001F06DFD782001F06AFDFF
:10281000002001F067FD882001F064FD002001F038
:1028200061FD972001F05EFD002001F05BFDA62018
:1028300001F058FD002001F055FDB72001F052FDD8
:10284000002001F04FFDC22001F04CFD002001F0FE
:1028500049FDC72001F046FD002001F043FDD120D5
:1028600001F040FD002001F03DFDD52001F03AFDD2
:10287000002001F037FDDD2001F034FD002001F0E3
:1028800031FDF32001F02EFD002001F02BFDE420AE
:1028900001F034FD012001F025FD002001F022FDB2
:1028A000012001F01FFD002001F01CFD022001F0BD
:1028B00019FD002001F016FD2A2001F013FD002073
:1028C00001F010FD3C2001F00DFD002001F00AFD9B
:1028D0004B2001F007FD002001F004FD5D2001F018
:1028E00001FD002001F0FEFC742001F0FBFC002043
:1028F00001F0F8FC842001F0F5FC002001F0F2FC6E
:10290000932001F0EFFC002001F0ECFCA22001F08C
:10291000E9FC002001F0E6FCB32001F0E3FC00201C
:1029200001F0E0FCBE2001F0DDFC002001F0DAFC4B
:10293000C42001F0D7FC002001F0D4FCCD2001F030
:10294000D1FC002001F0CEFCD32001F0CBFC002014
:1029500001F0C8FCDD2001F0C5FC002001F0C2FC44
:10296000F32001F0BFFC002001F0BCFCE52001F0E9
:10297000C5FC002001F0B6FC002001F0B3FC0020F3
:1029800001F0B0FC002001F0ADFC022001F0AAFC37
:10299000002001F0A7FC292001F0A4FC002001F098
:1029A000A1FC3C2001F09EFC002001F09BFC4B2090
:1029B00001F098FC002001F095FC5D2001F092FCF4
:1029C000002001F08FFC742001F08CFC002001F04D
:1029D00089FC842001F086FC002001F083FC932018
:1029E00001F080FC002001F07DFCA22001F07AFCC7
:1029F000002001F077FCB32001F074FC002001F00E
:102A000071FCBE2001F06EFC002001F06BFCC420C4
:102A100001F068FC002001F065FCCD2001F062FCB3
:102A2000002001F05FFCD32001F05CFC002001F0ED
:102A300059FCDC2001F056FC002001F053FCF3208F
:102A400001F050FC002001F04DFCE62001F056FCA6
:102A5000112001F047FC002001F044FC342001F07B
:102A600041FC002001F03EFC562001F03BFC002020
:102A700001F038FC762001F035FC002001F032FC3A
:102A8000772001F02FFC002001F02CFC662001F0E3
:102A900029FC002001F026FC882001F023FC002006
:102AA00001F020FC992001F01DFC002001F01AFC2F
:102AB000BB2001F017FC002001F014FC992001F06C
:102AC00011FC002001F00EFC662001F00BFC002040
:102AD00001F008FC552001F005FC002001F002FC8B
:102AE000552001F0FFFB002001F0FCFB452001F028
:102AF000F9FB002001F0F6FB432001F0F3FB00207E
:102B000001F0F0FB442001F0EDFB002001F0EAFBB6
:102B1000E72001F0F3FB322001F0E4FB002001F09C
:102B2000E1FB552001F0DEFB002001F0DBFB76200D
:102B300001F0D8FB002001F0D5FB662001F0D2FBAC
:102B4000002001F0CFFB672001F0CCFB002001F05A
:102B5000C9FB672001F0C6FB002001F0C3FB872002
:102B600001F0C0FB002001F0BDFB992001F0BAFB91
:102B7000002001F0B7FBBB2001F0B4FB002001F006
:102B8000B1FB992001F0AEFB002001F0ABFB7720F8
:102B900001F0A8FB002001F0A5FB442001F0A2FBFE
:102BA000002001F09FFB562001F09CFB002001F06B
:102BB00099FB232001F096FB002001F093FB3320CA
:102BC00001F090FB002001F08DFB452001F08AFB15
:102BD000002001F087FBE82001F090FB002001F0CD
:102BE00081FB002001F07EFB992001F07BFB00209F
:102BF00001F078FB872001F075FB002001F072FBEB
:102C0000882001F06FFB002001F06CFB772001F0C1
:102C100069FB002001F066FB662001F063FB0020E9
:102C200001F060FB882001F05DFB002001F05AFB01
:102C3000AA2001F057FB002001F054FBBB2001F05B
:102C400051FB002001F04EFB992001F04BFB0020CE
:102C500001F048FB662001F045FB002001F042FB3B
:102C6000552001F03FFB002001F03CFB552001F016
:102C700039FB002001F036FB442001F033FB00203B
:102C800001F030FB442001F02DFB002001F02AFB75
:102C9000552001F027FB002001F024FBE92001F082
:102CA0002DFBAA2001F01EFB002001F01BFB0020E1
:102CB00001F018FB002001F015FB002001F01EFBC5
:102CC000AA2001F00FFBCF2001F018FB002001F03B
:102CD00009FB002001F006FB002001F003FB0020AF
:102CE00001F000FB002001F0FDFA002001F0FAFAEB
:102CF000002001F0F7FA002001F0F4FA002001F0C2
:102D0000F1FA002001F0EEFA002001F0EBFA0020C9
:102D100001F0E8FA002001F0E5FA002001F0E2FA03
:102D2000002001F0DFFA002001F0DCFA002001F0C1
:102D3000D9FAF02001F0E2FA002001F0D3FA502095
:102D400001F0D0FA002001F0CDFA002001F0CAFA1B
:102D5000002001F0C7FAF32001F0D0FA002001F0C2
:102D6000C1FAF92001F0CAFA062001F0BBFA1020DE
:102D700001F0B8FA292001F0B5FA002001F0B2FA0A
:102D80003A2001F0BBFA552001F0ACFA112001F015
:102D9000B5FA642001F0A6FD292001F0AFFA352034
:102DA00001F0ACFA002001F09DFA512001F0A6FAE2
:102DB000FF2001F097FA532001F0A0FA2C2001F037
:102DC00091FA552001F09AFA822001F08BFA2C201A
:102DD000FDE3A8427ED155214FF4704001F0A4FAE2
:102DE000AA214FF2010001F09FFA52214FF2020096
:102DF00001F09AFA08214FF2030001F095FA4FF220
:102E000004030121184601F08FFA0D214FF43040E0
:102E100001F08AFA0D214BF2010001F085FA0D2133
:102E20004BF2020001F080FA34214FF4364001F0F9
:102E30007BFA34214BF2016001F076FA34214BF237
:102E4000026001F071FA0D214FF4314001F06CFA8B
:102E50000D214BF2011001F067FA0D214BF2021027
:102E600001F062FA34214FF4374001F05DFA342169
:102E70004BF2017001F058FA34214BF2027001F06C
:102E800053FA00214FF4324001F04EFA00214BF288
:102E9000012001F049FA00214BF2022001F044FA2E
:102EA00024214FF4384001F03FFA24214BF6010071
:102EB00001F03AFA24214BF6020001F035FA012123
:102EC0004FF43F4001F030FA0F214FF4334001F04E
:102ED0002BFA00E0FEE30F214BF2013001F024FA5F
:102EE0000F214BF2023001F01FFA34214FF4394028
:102EF00001F01AFA34214BF6011001F015FA3421D1
:102F00004BF6021001F010FA08214FF4354001F0A1
:102F10000BFA08214BF2015001F006FA08214BF29E
:102F2000025001F001FA03214FF4424001F0FCF994
:102F300024214FF43A4001F0F7F924214BF6012007
:102F400001F0F2F924214BF6022001F0EDF9002105
:102F50004FF43C4001F0E8F978214BF6014001F0D4
:102F6000E3F900214BF6024001F0DEF900214FF4B5
:102F70003D4001F0D9F978214BF6015001F0D4F928
:102F800000214BF6025001F0CFF900214FF43E40F2
:102F900001F0CAF964214BF6016001F0C5F9002186
:102FA0004FF4514001F0C0F933214DF2011001F00E
:102FB000BBF900214DF2021001F0B6F934214DF2B7
:102FC000031001F0B1F900214DF2041001F0ACF949
:102FD0003A214DF2051001F0A7F900214DF206103B
:102FE00001F0A2F94A214DF2071001F09DF90021EC
:102FF0004DF2081001F098F95C214DF2091001F032
:1030000093F900214DF20A1001F08EF981214DF261
:103010000B1001F089F900214DF20C1001F084F938
:10302000A6214DF20D1001F07FF900214DF20E1096
:1030300001F07AF9E5214DF20F1001F075F9012147
:103040004DF2101001F070F913214DF2111001F042
:103050006BF901214DF2121001F066F954214DF285
:10306000131001F061F901214DF2141001F05CF927
:1030700082214DF2151001F057F901214DF2161081
:1030800001F052F9CA214DF2171001F04DF9022159
:103090004DF2181001F048F900214DF2191001F01D
:1030A00043F902214DF21A1001F03EF901214DF2CF
:1030B0001B1001F039F902214DF21C1001F034F916
:1030C00034214DF21D1001F02FF902214DF21E1096
:1030D00001F02AF967214DF21F1001F025F90221B4
:1030E0004DF2201001F020F984214DF2211001F061
:1030F0001BF902214DF2221001F016F9A4214DF224
:10310000231001F011F902214DF2241001F00CF905
:10311000B7214DF2251001F007F902214DF22610DA
:1031200001F002F9CF214DF2271001F0FDF8022144
:103130004DF2281001F0F8F8DE214DF2291001F0CF
:10314000F3F802214DF22A1001F0EEF8F2214DF2CF
:103150002B1001F0E9F802214DF22C1001F0E4F8F7
:10316000FE214DF22D1001F0DFF803214DF22E105B
:1031700001F0DAF810214DF22F1001F0D5F80321FB
:103180004DF2301001F0D0F833214DF2311001F042
:10319000CBF803214DF2321001F0C6F86D214DF24B
:1031A000331001F0C1F800214FF4524001F0BCF897
:1031B00033214DF2012001F0B7F800214DF2022039
:1031C00001F0B2F834214DF2032001F0ADF80021F6
:1031D0004DF2042001F0A8F83A214DF2052001F04B
:1031E000A3F800214DF2062001F09EF84A214DF28D
:1031F000072001F099F800214DF2082001F094F821
:103200005C214DF2092001F08FF800214DF20A20D7
:1032100001F08AF881214DF20B2001F085F80021A0
:103220004DF20C2001F080F8A6214DF20D2001F0A6
:103230007BF800214DF20E2001F076F8E5214DF2E9
:103240000F2001F071F801214DF2102001F06CF80F
:1032500013214DF2112001F067F801214DF21220E7
:1032600001F062F854214DF2132001F05DF80121C4
:103270004DF2142001F058F882214DF2152001F092
:1032800053F801214DF2162001F04EF8CA214DF2FB
:10329000172001F049F802214DF2182001F044F8FE
:1032A00000214DF2192001F03FF802214DF21A20C1
:1032B00001F03AF801214DF21B2001F035F802210E
:1032C0004DF21C2001F030F834214DF21D2001F0A8
:1032D0002BF802214DF21E2001F026F867214DF255
:1032E0001F2001F021F802214DF2202001F01CF8EE
:1032F00084214DF2212001F017F802214DF2222005
:1033000001F012F8A4214DF2232001F00DF8022162
:103310004DF2242001F008F8B7214DF2252001F0EC
:1033200003F802214DF2262000F0FEFFCF214DF2DE
:10333000272000F0F9FF02214DF2282000F0F4FFD1
:10334000DE214DF2292000F0EFFF02214DF22A206C
:1033500000F0EAFFF2214DF22B2000F0E5FF022100
:103360004DF22C2000F0E0FFFE214DF22D2000F068
:10337000DBFF03214DF22E2000F0D6FF10214DF28D
:103380002F2000F0D1FF03214DF2302000F0CCFFC0
:1033900033214DF2312000F0C7FF03214DF23220DE
:1033A00000F0C2FF6D214DF2332000F0BDFF00217F
:1033B0004FF4534000F0B8FF33214DF2013000F0DC
:1033C000B3FF00214DF2023000F0AEFF34214DF288
:1033D000033000F0A9FF00214DF2043000F0A4FFFB
:1033E0003A214DF2053000F09FFF00214DF20630EA
:1033F00000F09AFF4A214DF2073000F095FF0021BE
:103400004DF2083000F090FF5C214DF2093000F0E1
:103410008BFF00214DF20A3000F086FF81214DF232
:103420000B3000F081FF00214DF20C3000F07CFFEA
:10343000A6214DF20D3000F077FF00214DF20E3045
:1034400000F072FFE5214DF20F3000F06DFF012119
:103450004DF2103000F068FF13214DF2113000F0F2
:1034600063FF01214DF2123000F05EFF54214DF256
:10347000133000F059FF01214DF2143000F054FFD9
:1034800082214DF2153000F04FFF01214DF2163030
:1034900000F04AFFCA214DF2173000F045FF02212B
:1034A0004DF2183000F040FF00214DF2193000F0CD
:1034B0003BFF02214DF21A3000F036FF01214DF2A0
:1034C0001B3000F031FF02214DF21C3000F02CFFC8
:1034D00034214DF21D3000F027FF02214DF21E3045
:1034E00000F022FF67214DF21F3000F01DFF022186
:1034F0004DF2203000F018FF84214DF2213000F011
:1035000013FF02214DF2223000F00EFFA4214DF2F4
:10351000233000F009FF02214DF2243000F004FFB7
:10352000B7214DF2253000F0FFFE02214DF226308A
:1035300000F0FAFECF214DF2273000F0F5FE022117
:103540004DF2283000F0F0FEDE214DF2293000F07F
:10355000EBFE02214DF22A3000F0E6FEF2214DF2A0
:103560002B3000F0E1FE02214DF22C3000F0DCFEA9
:10357000FE214DF22D3000F0D7FE03214DF22E300A
:1035800000F0D2FE10214DF22F3000F0CDFE0321CD
:103590004DF2303000F0C8FE33214DF2313000F0F2
:1035A000C3FE03214DF2323000F0BEFE6D214DF21C
:1035B000333000F0B9FE00214FF4544000F0B4FE67
:1035C00033214DF2014000F0AFFE002100E082E324
:1035D0004DF2024000F0A8FE34214DF2034000F00D
:1035E000A3FE00214DF2044000F09EFE3A214DF270
:1035F000054000F099FE00214DF2064000F094FED7
:103600004A214DF2074000F08FFE00214DF20840A4
:1036100000F08AFE5C214DF2094000F085FE002199
:103620004DF20A4000F080FE81214DF20B4000F087
:103630007BFE00214DF20C4000F076FEA6214DF2FB
:103640000D4000F071FE00214DF20E4000F06CFEC6
:10365000E5214DF20F4000F067FE01214DF21040D0
:1036600000F062FE13214DF2114000F05DFE0121D9
:103670004DF2124000F058FE54214DF2134000F07C
:1036800053FE01214DF2144000F04EFE82214DF216
:10369000154000F049FE01214DF2164000F044FEB5
:1036A000CA214DF2174000F03FFE02214DF21840B2
:1036B00000F03AFE00214DF2194000F035FE0221E3
:1036C0004DF21A4000F030FE01214DF21B4000F097
:1036D0002BFE00E002E302214DF21C4000F024FE2C
:1036E00034214DF21D4000F01FFE02214DF21E401C
:1036F00000F01AFE67214DF21F4000F015FE022176
:103700004DF2204000F010FE84214DF2214000F0E7
:103710000BFE02214DF2224000F006FEA4214DF2E4
:10372000234000F001FE02214DF2244000F0FCFD98
:10373000B7214DF2254000F0F7FD02214DF2264061
:1037400000F0F2FDCF214DF2274000F0EDFD022107
:103750004DF2284000F0E8FDDE214DF2294000F056
:10376000E3FD02214DF22A4000F0DEFDF2214DF290
:103770002B4000F0D9FD02214DF22C4000F0D4FD89
:10378000FE214DF22D4000F0CFFD03214DF22E40E1
:1037900000F0CAFD10214DF22F4000F0C5FD0321BD
:1037A0004DF2304000F0C0FD33214DF2314000F0C9
:1037B000BBFD03214DF2324000F0B6FD6D214DF20C
:1037C000334000F0B1FD00214FF4554000F0ACFD56
:1037D00033214DF2015000F0A7FD00214DF20250BF
:1037E00000F0A2FD34214DF2035000F09DFD0021B8
:1037F0004DF2045000F098FD3A214DF2055000F0D2
:1038000093FD00214DF2065000F08EFD4A214DF24D
:10381000075000F089FD00214DF2085000F084FDB2
:103820005C214DF2095000F07FFD00214DF20A505D
:1038300000F07AFD81214DF20B5000F075FD002162
:103840004DF20C5000F070FDA6214DF20D5000F02D
:103850006BFD00214DF20E5000F066FDE5214DF2AA
:103860000F5000F061FD01214DF2105000F05CFDA1
:1038700013214DF2115000F057FD01214DF212506D
:1038800000F052FD54214DF2135000F04DFD012186
:103890004DF2145000F048FD82214DF2155000F019
:1038A00043FD01214DF2165000F03EFDCA214DF2BC
:1038B000175000F039FD02214DF2185000F034FD90
:1038C00000214DF2195000F02FFD02214DF21A5047
:1038D00000F02AFD01214DF21B5000F025FD0221D0
:1038E0004DF21C5000F020FD34214DF21D5000F02F
:1038F0001BFD02214DF21E5000F016FD67214DF216
:103900001F5000F011FD02214DF2205000F00CFD7F
:1039100084214DF2215000F007FD02214DF222508A
:1039200000F002FDA4214DF2235000F0FDFC022125
:103930004DF2245000F0F8FCB7214DF2255000F074
:10394000F3FC02214DF2265000F0EEFCCF214DF2A7
:10395000275000F0E9FC02214DF2285000F0E4FC71
:10396000DE214DF2295000F0DFFC02214DF22A50F9
:1039700000F0DAFCF2214DF22B5000F0D5FC0221D0
:103980004DF22C5000F0D0FCFE214DF22D5000F0F5
:10399000CBFC03214DF22E5000F0C6FC10214DF25D
:1039A0002F5000F0C1FC03214DF2305000F0BCFC60
:1039B00033214DF2315000F0B7FC03214DF232506B
:1039C00000F0B2FC6D214DF2335000F0ADFC00214F
:1039D0004FF4564000F0A8FC33214DF2016000F096
:1039E000A3FC00214DF2026000F09EFC34214DF258
:1039F000036000F099FC00214DF2046000F094FC9B
:103A00003A214DF2056000F08FFC00214DF2066076
:103A100000F08AFC4A214DF2076000F085FC00218D
:103A20004DF2086000F080FC5C214DF2096000F06E
:103A30007BFC00214DF20A6000F076FC81214DF202
:103A40000B6000F071FC00214DF20C6000F06CFC8A
:103A5000A6214DF20D6000F067FC00214DF20E60D2
:103A600000F062FCE5214DF20F6000F05DFC0121E9
:103A70004DF2106000F058FC13214DF2116000F07F
:103A800053FC01214DF2126000F04EFC54214DF226
:103A9000136000F049FC01214DF2146000F044FC79
:103AA00082214DF2156000F03FFC01214DF21660BD
:103AB00000F03AFCCA214DF2176000F035FC0221FB
:103AC0004DF2186000F030FC00214DF2196000F05A
:103AD0002BFC02214DF21A6000F026FC01214DF270
:103AE0001B6000F021FC02214DF21C6000F01CFC68
:103AF00034214DF21D6000F017FC02214DF21E60D2
:103B000000F012FC67214DF21F6000F00DFC022155
:103B10004DF2206000F008FC84214DF2216000F09D
:103B200003FC02214DF2226000F0FEFBA4214DF2C5
:103B3000236000F0F9FB02214DF2246000F0F4FB59
:103B4000B7214DF2256000F0EFFB02214DF2266017
:103B500000F0EAFBCF214DF2276000F0E5FB0221E7
:103B60004DF2286000F0E0FBDE214DF2296000F00C
:103B7000DBFB02214DF22A6000F0D6FBF2214DF270
:103B80002B6000F0D1FB02214DF22C6000F0CCFB49
:103B9000FE214DF22D6000F0C7FB03214DF22E6097
:103BA00000F0C2FB10214DF22F6000F0BDFB03219D
:103BB0004DF2306000F0B8FB33214DF2316000F07F
:103BC000B3FB03214DF2326000F0AEFB6D214DF2EC
:103BD000336000F0A9FB55214FF4704000F0A4FBC6
:103BE000AA214FF2010000F09FFB52214FF2020088
:103BF00000F09AFB08214FF2030000F095FB002132
:103C0000184600F091FBCC214FF4314000F08CFBC2
:103C100000214BF2011000F087FB05214FF43640E4
:103C200000F082FB70214FF4374000F07DFB7021E3
:103C30004BF2017000F078FB01214FF4384000F0A6
:103C400073FB03214BF6010000F06EFB03214BF6E2
:103C5000020000F069FB03214BF6030000F064FB57
:103C600002214FF43C4000F05FFB00214BF6014085
:103C700000F05AFB00214BF6024000F055FBD0212A
:103C80004FF4494000F050FB02214CF6011000F0C7
:103C90004BFB50214CF6021000F046FB50214CF635
:103CA000031000F041FB50214CF6041000F03CFBE7
:103CB00000214FF4545000F037FB55214FF4685069
:103CC00000F032FB4FF4885000F018FB782000F031
:103CD00017FE4FF4245000F011FBB9E04045FCD131
:103CE000E22000F00BFB1D2000F0FCFA022000F0A7
:103CF000F9FA042000F0F6FA642000F001FEE0205A
:103D000000F0FCFA012000F0EDFA0A2000F0EAFDD4
:103D1000E02000F0F3FA032000F0E4FA0C2000F0B9
:103D2000E1FD012000F0EAFA0A2000F0DBFDE620C8
:103D300000F0E4FA2F2000F0D5FAFF2000F0D2FACC
:103D4000FF2000F0CFFAB02000F0D8FA202000F0D9
:103D5000C9FA002000F0C6FA032000F0C3FA40F2CE
:103D60001F3000F0BFFA012000F0BCFA40F2DF1073
:103D700000F0B8FA002000F0B5FAB42000F0BEFA66
:103D8000042000F0AFFA40F21F4000F0ABFA002030
:103D900000F0A8FA2E2000F0A5FA002000F0A2FA08
:103DA000002000F09FFA002000F09CFA002000F0B4
:103DB00099FAB62000F0A2FA022000F093FA4FF42C
:103DC000037000F08FFA002000F08CFA172000F04A
:103DD00089FA152000F086FA002000F083FA00200E
:103DE00000F080FAF02000F089FA032000F07AFA5F
:103DF000292000F083FAD02000F080FA002000F0A3
:103E000071FABE2000F07AFA052000F06BFAFE206D
:103E100000F068FA012000F065FA002000F062FA74
:103E2000002000F05FFA002000F05CFAB82000F0FB
:103E300065FA032000F056FA012000F053FABA2088
:103E400000F05CFA012000F04DFA642000F042F826
:103E5000B088504507D0A04205D0B84203D0A84250
:103E600001D040451DD1D9F81C21494622F00F024E
:103E7000C9F81C21D9F81C2122F47062C9F81C2150
:103E8000D9F81C2142F00302C9F81C21A042D9F83C
:103E90001C0102D140F4407001E040F40070C1F810
:103EA0001C010020FDF762FC04490120C1F8BC029E
:103EB0005846FDF741FC15B0BDE8F08F0080404248
:103EC00008B54FF0D840B0F88000ADF80000BDF85C
:103ED000000008BD10B50246BE2000F00FFA052014
:103EE00000F000FA104600F0B2FF9FED0C1B53ECFF
:103EF000112B00F0BFFF00F07DFF80B200F0F2F95F
:103F0000012000F0EFF9FF2000F0ECF9002000F0B4
:103F1000E9F9BDE81040002000F0E4B96666666685
:103F20006666044070B5664C00232146A2798988F4
:103F300041F66315012A01D01AB11BE0A94202D152
:103F400018E0A94216D1082814D2DFE800F00406D0
:103F5000080A0C0E101206200CE007200AE00420CC
:103F600008E0052006E0012004E0002002E0032034
:103F700000E00220082812D2DFE800F01104060851
:103F80000A0C0E1080230AE0402308E0C02306E05C
:103F9000202304E0602302E0A02300E0E02345F2B8
:103FA0001056B14202D14FF4585000E03620A1F52E
:103FB0001342413A03D0A1F5EE42893A01D143F0D0
:103FC0000803194600F0B0F9A288AA420AD0980660
:103FD0002088618802D5884202D303E0884201D953
:103FE000218060806089B24240D100F087F90020D2
:103FF00000F078F96089401C80B200F07FF9002061
:1040000000F070F96089801C80B200F077F9208898
:10401000401EC0F30F2000F065F96089C01C80B21B
:1040200000F06CF92078401EC0B200F05BF9A08966
:1040300000F064F9002000F055F9A089401C80B21E
:1040400000F05CF9002000F04DF9A089801C80B2DE
:1040500000F054F96088401EC0F30F2000F042F9D0
:10406000A089C01C80B200F049F921E000F046F9B7
:10407000002000F037F9002000F034F92088401EBD
:10408000C0F30F2000F02EF92078401EC0B200F0DF
:1040900029F9A08900F032F9002000F023F900206E
:1040A00000F020F96088401EC0F30F2000F01AF9DC
:1040B000A078BDE87040401EC0B200F013B9000007
:1040C000C4010020F0B53A4D0C460246060AA98804
:1040D0002846270A4089A1F5C853633B16D0A1F5AD
:1040E000AA43103B4BD000F009F9304600F0FAF833
:1040F000D0B200F0F7F8A88900F000F9384600F0D7
:10410000F1F8E0B2BDE8F04000F0ECB8A97929B3CD
:1041100000F0F4F8304600F0E5F8D0B200F0E2F834
:104120002888401EC0F30F2000F0DCF82878401EDD
:10413000C0B200F0D7F8A88900F0E0F8384600F0E7
:10414000D1F8E0B200F0CEF86888401EC0F30F202E
:1041500000F0C8F8A878401EC0B2D3E72988891AB1
:10416000491E8AB200F0CAF8002000F0BBF8002017
:1041700000F0B8F8100A00F0B5F8D0B2D9E700F0B6
:10418000BDF8304600F0AEF86889401C80B200F0FF
:10419000B5F8D0B200F0A6F8A88900F0AFF838461C
:1041A00000F0A0F8A889401C80B200F0A7F8A8E7AA
:1041B000C40100202DE9F84F82461F460E468B466B
:1041C000580700D0012000EBD700790810FB01F060
:1041D000203AC0B202F0FF090025009047E00C2F02
:1041E00010D0102F12D0182F14D0202F42D12249D6
:1041F00001EBC9104FF00008445D200610D51F48A0
:10420000026811E009EB49001D4906E01D4901EB78
:104210000910EFE71C4909EBC90001EB8000E9E751
:104220000A9828B91548426831465046FDF7FAFA0F
:104230006006040E1548761CB6B24088B04219D903
:10424000A6EB0B00B84209D10AF101001FFA80FA6F
:104250000E485E46018851450CD906E008F1010080
:1042600000F0FF08B8F1080FC7D36D1CEDB200983D
:104270008542B4D3BDE8F88F526800081C000020C6
:104280009250000806550008F65A0008C4010020A4
:104290002DE9F84F044600F0FF0810190D46DDE93E
:1042A0000A761FFA80FA58191FFA80F94FF0000BAE
:1042B00011E0544502D3E819444685B24D450FD26A
:1042C0003B4629462046CDF800B0FFF773FF04EBCC
:1042D000570084B2761C3278A2F120005E28E8D91B
:1042E000BDE8F88F01B5BDF80000ADF80000BDF8DD
:1042F00000004FF0D841A1F8800008BD01B5BDF81D
:104300000000ADF80000BDF800004FF0D841A1F862
:104310007E0008BD03484FF0D8410089A1F87E0017
:1043200070470000C40100204FF0D84222F87E0FF1
:1043300051807047114810B5016886B041F02001E6
:10434000016000680E4C00F0200005904FF4C06042
:1043500000900120019002900320039069462046BE
:10436000FCF77CFA012251022046FCF75CFB01229B
:1043700091022046FCF757FB06B010BD30380240D2
:1043800000140240FEE770477047704770B5214C3B
:1043900092B00025266846F080562660246804F016
:1043A000805411941C4C266846F48046266024688C
:1043B0000DF1240C04F4804411940124009424048D
:1043C0000194022406948CE80D006605CDE907618E
:1043D0006846FCF79FFC00B1FEE70CA90F2081E8BE
:1043E00031004FF4A0500F904FF4805010900521F1
:1043F0000CA8FCF7A7FB00B1FEE7FCF719FB41F2A4
:104400000101884204D10548016841F480710160CE
:1044100012B070BD4038024000700040003C0240C5
:10442000FCF712BB1048016841F4700101600F48AD
:10443000016841F0010101600C4A0021083211605D
:1044400002680B4B1A400260031D0A4A1A60026898
:1044500022F48022026005480C30016002495806AF
:10446000803908607047000088ED00E000380240A5
:10447000FFFFF6FE1030002410B5806B0021C185CF
:10448000C184FCF779FE10BD0168CA6822F49072FD
:10449000CA6001684A6922F001024A61202180F85D
:1044A0003A10704710B590F83A10222901D0022036
:1044B00010BD8168B1F5805F11D0016900290168E4
:1044C0001FD0496801F07F03816A4A1C82620B7029
:1044D000C18D491E0904090CC18518D02BE0026961
:1044E000816A002A0268526805D0D2B20A80816AC5
:1044F000491C8162ECE7C2F308020A80816A891CC8
:10450000F7E74A68816A4B1C83620A70E0E701683A
:10451000CA6822F02002CA600168CA6822F4807268
:10452000CA6001684A6922F001024A61202180F8CC
:104530003A10FCF749FF002010BD00002DE9F041C2
:10454000044600680169E26821F4405111430161A9
:10455000A1682069E2690143606910430143206852
:10456000C26849F20C639A430A43C26020684169F9
:10457000A26921F4407111434161E0696425B0F5FD
:10458000004F974A974920684FF032083FD0884241
:1045900001D090427CD1FCF77DFB00EBC00101EB28
:1045A000001061688900B0FBF1F6FCF773FB00EBCB
:1045B000C00101EB001061688900B0FBF1F0B0FBB5
:1045C000F5F06FF01801484306EB800108EB01108D
:1045D000B0FBF5F000F0F006FCF75CFB00EBC0016F
:1045E00001EB001061688900B0FBF1F0B0FBF5F061
:1045F00006EB0016FCF74EFB00EBC00101EB0010D0
:1046000061688900B0FBF1F7FCF744FBD2E0884217
:1046100001D090423DD1FCF73DFB00EBC00101EB26
:10462000001061684900B0FBF1F0B0FBF5F0060145
:10463000FCF730FB00EBC00101EB001061684900A2
:10464000B0FBF1F7FCF726FB00EBC00101EB00101B
:1046500061684900B0FBF1F0B0FBF5F06FF01801B4
:10466000484307EB800108EBC100B0FBF5F000F018
:10467000F80006EB4006FCF70DFB00EBC00101EB78
:10468000001061684900B0FBF1F7FCF703FB3CE068
:1046900055E0FCF7EFFA00EBC00101EB0010616898
:1046A0004900B0FBF1F0B0FBF5F00601FCF7E2FACF
:1046B00000EBC00101EB001061684900B0FBF1F7AD
:1046C000FCF7D8FA00EBC00101EB0010616849006B
:1046D000B0FBF1F0B0FBF5F06FF01801484307EBC9
:1046E000800108EBC100B0FBF5F000F0F80006EB2C
:1046F0004006FCF7BFFA00EBC00101EB0010616857
:104700004900B0FBF1F7FCF7B5FA00EBC00101EB93
:10471000001061684900B0FBF1F0B0FBF5F06FF0FC
:104720001801484307EB800108EBC100B0FBF5F02E
:1047300000F00700216830448860BDE8F081FCF794
:1047400099FA00EBC00101EB001061688900B0FB31
:10475000F1F6FCF78FFA00EBC00101EB0010616885
:104760008900B0FBF1F0B0FBF5F06FF018014843A1
:1047700006EB800108EB0110B0FBF5F000F0F0064D
:10478000FCF778FA00EBC00101EB001061688900CA
:10479000B0FBF1F0B0FBF5F006EB0016FCF76AFA9F
:1047A00000EBC00101EB001061688900B0FBF1F77C
:1047B000FCF760FA00EBC00101EB001061688900B2
:1047C000B0FBF1F0B0FBF5F06FF01801484307EBD8
:1047D000800108EB0110B0FBF5F000F00F00A9E735
:1047E000001401400010014090F83910212901D037
:1047F000022070478168B1F5805F016A0BD04A1CC6
:104800000262026809785160C18C491E0904090CD2
:10481000C1840ED017E009880268C1F30801516015
:1048200001690029016A02D0491C0162ECE7891C78
:10483000FBE70168CA6822F08002CA600068C168AC
:1048400041F04001C16000207047000010B50848E9
:10485000FCF798FC0648FCF790FC2028FAD10122CE
:1048600004490348FCF786FD0028F8D110BD00007C
:104870003401002014000020FEE70907090E00287B
:1048800004DB00F1E02080F80014704700F00F0016
:1048900000F1E02080F8141D7047704730B54FF0EC
:1048A000FF320A4C0DE010F8013B5A400023D507B7
:1048B00002D084EA520200E052085B1CDBB2082BF3
:1048C000F5D3491EEFD2D04330BD00002083B8EDB0
:1048D00010B504460420FCF72FFC0148046010BD0D
:1048E0001000002070B5054600244FF47A7603E0EE
:1048F000304600F005F8641CAC42F9D370BD0000EE
:1049000070B54FF0E02500216C69094AAB69126867
:104910005043AA699A42FCD002D2A3EB020302E000
:10492000A4EB02063344194413468142F1D370BD0F
:104930001000002003490A685206FCD5C2B24A6042
:1049400070470000001001401CB50024FCF784F8FB
:104950000723022208214FF4A870FFF717FDA820B3
:10496000FFF7B6FF4FF4E13000F028FAFFF7E2FC62
:10497000FCF74CFEFCF7BEFFFBF78CFEAD4F4FF48F
:10498000784010263860ACA0CDE900603346C822DC
:1049900032211E20FFF77CFCACA0CDE90060102383
:1049A0004FF4967246211E20FFF772FCACA0CDE9B1
:1049B00000601023C8225A211E20FFF769FCACA01A
:1049C000CDE900601023C8226E211E20FFF760FC95
:1049D000AAA0CDE900601023C82282211E20FFF783
:1049E00057FCDFF8A8824FF4FA751FE0A8A0CDE9C4
:1049F00000601023C82296211E20FFF749FC28469C
:104A0000FFF770FFA7A0CDE900601023C822962110
:104A10001E20FFF73DFC2846FFF764FFD8F8A402EC
:104A20004146002845D00020C1F8A402FBF71CFE37
:104A30000028DBD1A0A0CDE900601023C822962178
:104A40001E20FFF725FCFE20FBF737FE9E4DAB280E
:104A500021D0AB21FE20FBF761FE0A20FFF742FFC9
:104A60009A4828600120A8801C21E980A8600A20BB
:104A700028730B2068730020A87328826861284679
:104A800000F098F9A8611C2229460020FBF736FEA9
:104A90006420FFF727FF1F2038601C228A4900206E
:104AA000FBF7FAFDA87B30B1012806D0022807D118
:104AB0008BE00120B8E786A000E08DA0FBF754FC56
:104AC000814892A11C302A68FBF75AFC7E4F1023C4
:104AD0001C37C822AA211E20CDE90067FFF7D8FBAA
:104AE000AA888DA13846FBF74BFC1023C822BE21B3
:104AF0001E20CDE90067FFF7CBFBEA888AA1384684
:104B0000FBF73EFC1023C822D2211E20CDE900670E
:104B1000FFF7BEFB87A13846AA68FBF731FC1023DC
:104B2000C822E6211E20CDE90067FFF7B1FB2A7BF2
:104B300084A13846FBF724FC1023C822FA211E204A
:104B4000CDE90067FFF7A4FB6A7B82A13846FBF73B
:104B500017FC1023C8224FF487711E20CDE900678F
:104B6000FFF796FBAA7B7FA13846FBF709FC1023D1
:104B7000C8224FF491711E20CDE90067FFF788FB32
:104B80002A8A7CA13846FBF7FBFB1023C8224FF48E
:104B90009B711E20CDE90067FFF77AFB2A8A79A175
:104BA0003846FBF7EDFB4FF4AF791023C822494696
:104BB0001E20CDE90067FFF76BFB0020FCF756FDD8
:104BC000012804D0022805D021E074A076E7288AC5
:104BD000401C01E0288A401E82B23B482A8269A11B
:104BE0001C30FBF7CDFB1023C82249461E20CDE91F
:104BF0000067FFF74DFB344800F0DCF8A8611C2289
:104C000031490020FBF77AFD6420FFF76BFE641C3E
:104C1000A4B20A20FFF766FE142CCED1D8F8A40265
:104C2000414620B10020C1F8A4020024C5E70120BC
:104C3000F9E700001C00002041706F6C6C6F20537E
:104C4000544D333246342F4637000000454550520C
:104C50004F4D2053746F72616765204F746100007F
:104C600041544F4D40414C49454E54454B00000086
:104C7000323032362F362F313000000061757468C3
:104C80006F723A20636875616E00000000804242D6
:104C9000323443303220436865636B204661696C6F
:104CA00065642100506C6561736520436865636BC2
:104CB0002120202020202000323443303220526531
:104CC0006164792100000000280000204941544F10
:104CD000E6ADA3E5B8B8E78AB6E680812C20E6B455
:104CE000BBE8B783E58886E58CBA0D0A00000000B2
:104CF000E8B7B3E8BDACE887B3E79BAEE6A087E5CD
:104D00008886E58CBA5C720A000000006D616769F4
:104D1000633A2578000000007374727563745F76DF
:104D200065723A25780000006C656E6774683A25F4
:104D30006400000066775F76657273696F6E3A256E
:104D4000640000006163746976655F736C6F743A28
:104D5000257800007461726765745F736C6F743AD4
:104D6000257800006F74615F73746174653A25641F
:104D700000000000626F6F745F636F756E743A2598
:104D80006400000063757272656E7420626F6F74E8
:104D90005F636F756E743A2564000000E696B0E7B5
:104DA0008988E6B58BE8AF95E998B6E6AEB50D0A09
:104DB000000000001821FFF771BD00000B4910B57D
:104DC000094AC1E9002000208860C8600861886144
:104DD0000C2048610846FCF75DFABDE8104001224E
:104DE00003490248FCF7C6BA001001403401002014
:104DF000140000204FEA1153A3F58063D3F11E0382
:104E0000A8BFD3F1200C08DB4FF0004242EAC122D8
:104E100052EA505232FA03F0704709420BD4102B79
:104E2000C4BF0020704703F5787CBCF1FF3F05D07C
:104E30004FF0FF3070474FF00000704770B500F042
:104E4000C3F800BF4992248000207047F0E7B0FA11
:104E500080F310FA03F10AD0C3F11D0303F5806358
:104E60004FEA41504FEA035202EBD12170474FF015
:104E700000007047DFF848C170B51CEA111E1EBF64
:104E80001CEA13159EEA0C0F95EA0C0F00F06F80D8
:104E900081EA030423EA4C134EEAD47E21EA4C1142
:104EA00041F4801143F48013AE44A1FB024CA0FBFB
:104EB0000365AEF17F7E361955EB0C05A1FB034C63
:104EC0004CF10003A0FB021C16EB0C06654153F1EC
:104ED0000003094218BF46F0010613F4007F0BD10E
:104EE0004FEA03314FEA0530340341EA155140EAF5
:104EF00016506FF003020AE04FEAC3214FEAC520C3
:104F0000F40241EA555140EA56506FF0020202EBBA
:104F10002E4201EB025585EACE710AD05FEA440CBD
:104F200018BF24F0004450F1000041F1000120EAD4
:104F3000D47040F2FE7C624500D270BDA84214BF1E
:104F40004FF080444FF04044002E08BF0024BEF1D3
:104F5000806FA8BFA1F1C041BDE8704080F282809F
:104F60004FF0000001F1C04101F0004170479EEA9E
:104F70000C0F0CEA131518BF95EA0C0F06D04FF072
:104F8000000081EA030E0EF0004170BD00F01CF835
:104F90008900013E00F007B800F009B84FEA430C61
:104FA0005FEA5C5C08D081EA030100F05BB84FEA7D
:104FB000410C5FEA5C5CF6D14FF00000014970479C
:104FC0000000FF070000F87F0EF1020E2EF0030E26
:104FD0005EF8046B364205D4012A43EB030515F550
:104FE000001F12D8012841EB010C1CF5001F0CD842
:104FF0000ED14FEAD17C15F5001F0CEB4C0C0CF1D7
:10500000020C08BF4CEBD37C04E04FF0080C01E02D
:105010004FEAD37C0CEB4C0526FA05F606F00706A2
:10502000B6F1040C06D20EEB860CBDE870404CF0D5
:10503000010C6047DFE80CF0090B02024FF0004161
:105040004FF00000A1F5002170BD1946104601285F
:1050500051EB010418BFD4F5001484BF002001F007
:10506000004170BD0808A0F500114FEA31017047FA
:105070004FF04070E1EE100A7047000000000000A1
:1050800000000102030406070809000000000102F5
:105090000304000000000000000000000000000009
:1050A00000003F4000000000000000003000400011
:1050B00030004000000009000BC03D000BC03D0067
:1050C000090018C024407FE0224031800000180011
:1050D00024C01B000D803240018003801C4027400B
:1050E0001C8007400040100060000000000000002D
:1050F00000000000000000001F8020404020000051
:10510000402020401F8000000000090006001F8092
:10511000060009000000040004003F8004000400B1
:10512000000000100060000000000000000004000B
:10513000040004000400040000000000004000001F
:10514000000000000000002001C006003800400000
:1051500000001F802040204020401F8000000000F1
:1051600010403FC000400000000018C02140224015
:1051700024401840000010802040244024401B8020
:10518000000002000D0011003FC0014000003C8003
:10519000244024402440238000001F8024402440D9
:1051A0003440038000003000200027C03800200079
:1051B00000001B802440244024401B8000001C0071
:1051C00022C0224022401F80000000000000084052
:1051D000000000000000000000000460000000006B
:1051E0000000000004000A00110020804040090077
:1051F000090009000900090000000000404020806B
:1052000011000A00040018002000234024001800A8
:1052100000001F802040274029401F400000004020
:1052200007C039000F0001C0004020403FC02440AB
:1052300024401B8000001F80204020402040308000
:10524000000020403FC0204020401F800000204040
:105250003FC024402E4030C0000020403FC02440CA
:105260002E00300000000F001080204022403380CC
:10527000020020403FC0040004003FC02040204006
:1052800020403FC02040204000000060202020201F
:105290003FC02000200020403FC024400B0030C011
:1052A000204020403FC020400040004000C03FC0A0
:1052B0003C0003C03C003FC0000020403FC00C4009
:1052C00023003FC020001F802040204020401F803E
:1052D000000020403FC024402400180000001F8030
:1052E0002140214020E01FA0000020403FC024407A
:1052F000260019C0004018C02440244022403180BC
:105300000000300020403FC020403000000020005E
:105310003F80004000403F80200020003E0001C050
:10532000070038002000380007C03C0007C03800E4
:105330000000204039C0060039C020400000200095
:10534000384007C0384020000000304021C02640CF
:10535000384020C00000000000007FE040204020D6
:105360000000000070000C000380004000000000FE
:10537000402040207FE000000000000020004000AE
:1053800020000000000000100010001000100010AD
:1053900000100000000040000000000000000000BD
:1053A00002800540054003C0004020003FC004408B
:1053B00004400380000000000380044004400640D5
:1053C000000000000380044024403FC00040000073
:1053D00003800540054003400000000004401FC05A
:1053E000244024402000000002E0055005500650F3
:1053F000042020403FC00440040003C000400000DF
:10540000044027C0004000000000001000100410FD
:1054100027E00000000020403FC00140070004C01A
:105420000440204020403FC000400040000007C032
:10543000040007C0040003C00000044007C004408B
:10544000040003C0004000000380044004400380C7
:105450000000041007F00450044003800000000026
:1054600003800440045007F00010044007C00240CD
:10547000040004000000000006400540054004C090
:105480000000000004001F800440004000000400F1
:1054900007800040044007C000400400070004C02B
:1054A000018006000400060001C0070001C00600DC
:1054B0000000044006C0010006C0044000000410C3
:1054C000071004E00180060004000000044005C04D
:1054D0000640044000000000000004007BE0402083
:1054E0000000000000000000FFF0000000000000CD
:1054F00040207BE0040000000000400080004000ED
:10550000200020004000000000000000000000001B
:105510000000000000000000000000001FCC000C94
:1055200000000000000000000800300060000800DB
:10553000300060000000022003FC1E20022003FC5B
:105540001E200220000000000E1811043FFF1084EE
:105550000C78000000000F0010840F3800C007789E
:1055600018840078000000780F8410C411240E986D
:1055700000E40084000808006800700000000000DB
:1055800000000000000000000000000007E0181804
:10559000200440020000000040022004181807E028
:1055A0000000000000000240024001800FF0018076
:1055B0000240024000000080008000800FF8008060
:1055C0000080008000000001000D000E00000000BF
:1055D00000000000000000000080008000800080CB
:1055E0000080008000800000000C000C0000000023
:1055F00000000000000000000006001800600180AC
:10560000060018002000000007F00808100410042D
:10561000080807F000000000080408041FFC00044C
:1056200000040000000000000E0C101410241044B0
:1056300011840E0C000000000C1810041104110459
:1056400012880C700000000000E0032004240824ED
:105650001FFC0024000000001F9810841104110496
:10566000108810700000000007F008881104110471
:1056700018880070000000001C00100010FC1300CF
:105680001C001000000000000E381144108410842B
:1056900011440E38000000000700088C104410442C
:1056A000088807F00000000000000000030C030C55
:1056B00000000000000000000000000101060000E2
:1056C00000000000000000000080014002200410E3
:1056D00008081004000002200220022002200220FC
:1056E000022002200000000010040808041002201C
:1056F00001400080000000000E001200100C106C31
:1057000010800F00000003E00C1813E4142417C4E9
:10571000082807D000000004003C03C41C400740D8
:1057200000E4001C000410041FFC11041104110407
:105730000E880070000003E00C1810041004100420
:1057400010081C10000010041FFC100410041004AA
:10575000080807F0000010041FFC1104110417C40E
:1057600010040818000010041FFC1104110017C0D9
:1057700010000800000003E00C181004100410448E
:105780001C780040000010041FFC10840080008082
:1057900010841FFC10040000100410041FFC1004EF
:1057A00010040000000000030001100110011FFEA2
:1057B00010001000000010041FFC1104038014648A
:1057C000181C1004000010041FFC10040004000446
:1057D0000004000C000010041FFC1F0000FC1F0050
:1057E0001FFC1004000010041FFC0C04030000E068
:1057F00010181FFC100007F0080810041004100413
:10580000080807F0000010041FFC108410801080AE
:1058100010800F00000007F0081810241024101C3E
:10582000080A07F2000010041FFC1104110011C047
:1058300011300E0C000400000E1C110410841084A2
:1058400010441C3800001800100010041FFC100445
:1058500010001800000010001FF8100400040004DD
:1058600010041FF8100010001E0011E0001C007052
:1058700013801C0010001FC0103C00E01F0000E05F
:10588000103C1FC000001004180C163401C001C0E9
:105890001634180C100410001C00130400FC130430
:1058A0001C00100000000804101C10641084130475
:1058B0001C04101800000000000000007FFE4002E1
:1058C000400240020000000030000C000380006035
:1058D000001C0003000000004002400240027FFE66
:1058E0000000000000000000000020004000400018
:1058F0004000200000000001000100010001000143
:1059000000010001000100004000400020000000F4
:105910000000000000000000009801240144014440
:10592000014400FC000410001FFC00880104010475
:10593000008800700000000000700088010401046D
:1059400001040088000000000070008801040104C8
:1059500011081FFC0004000000F801440144014448
:10596000014400C800000000010401040FFC110400
:10597000110411001800000000D601290129012995
:1059800001C90106000010041FFC00840100010091
:10599000010400FC000400000104190419FC0004C7
:1059A00000040000000000000003000101011901D3
:1059B00019FE0000000010041FFC0024004001B488
:1059C000010C010400000000100410041FFC00047E
:1059D000000400000000010401FC0104010001FCBE
:1059E0000104010000FC010401FC0084010001002D
:1059F000010400FC0004000000F80104010401049B
:105A0000010400F80000010101FF00850104010408
:105A1000008800700000000000700088010401048C
:105A2000010501FF00010104010401FC00840104DF
:105A3000010001800000000000CC012401240124A9
:105A400001240198000000000100010007F8010492
:105A5000010400000000010001F80004000400043B
:105A6000010801FC0004010001800170000C00101D
:105A700001600180010001F0010C003001C0003024
:105A8000010C01F0010000000104018C00740170A0
:105A9000018C01040000010101810171000E001858
:105AA00001600180010000000184010C0134014407
:105AB0000184010C00000000000000000000010053
:105AC0003EFC400240020000000000000000FFFF1A
:105AD0000000000000000000400240023EFC010007
:105AE0000000000000000000600080008000400016
:105AF0004000200020000000000000000000000026
:105B00000000000000000000000000000000000095
:105B10000000000000000000000000000000000085
:105B20000000000000000000000F80380FFE380F5A
:105B300080380000000000000000000000000000AD
:105B4000000000000100000600000C00003800000A
:105B50003100000600000C0000380000300000009A
:105B600000000000000061800067F807F980006114
:105B7000800061800061800061800067F807F98023
:105B800000618000000000000000000001C0E00390
:105B9000E0F00630080418081FFFFE040E0807870F
:105BA000F00381E000000000000001F000060C009E
:105BB000040408060C7001F9C0000E00003BE00070
:105BC000EC18070808040C180003E00000000001AE
:105BD000E00007F003F818041C0804170807E1D0D8
:105BE00003C0E00023B0003C0800200800001000C3
:105BF00000000000000100003100003200001C0025
:105C00000000000000000000000000000000000094
:105C10000000000000000000000000000000000084
:105C20000000000000007F0001FFC00780F00C00B2
:105C300018100004200002000000000000200002F4
:105C40001000040C00180780F001FFC0007F000066
:105C50000000000000000000000000000000000044
:105C600000004200006600006600003C00001800D2
:105C700003FFC0001800003C000066000066000042
:105C800042000000000008000008000008000008B2
:105C90000000080001FFC000080000080000080024
:105CA00000080000080000000000000100003100B2
:105CB000003200001C000000000000000000000096
:105CC00000000000000000000000000000000800CC
:105CD000000800000800000800000800000800009C
:105CE0000800000800000800000800000000000094
:105CF00000000000000038000038000038000000FC
:105D00000000000000000000000000000000000093
:105D1000000000000000000600001C0000700001F0
:105D200080000E0000380000C0000700001C0000CA
:105D3000300000000000000000007F8001FFE00351
:105D4000807006001804000804000806001803808C
:105D50007001FFE0007F80000000000000000000F4
:105D600001000801000801000803FFF807FFF80020
:105D7000000800000800000800000000000000000B
:105D80000001C03802C05804009804011804021829
:105D9000040418061C1803F81801E0F800000000BD
:105DA000000000000001C0E003C0F0040008040887
:105DB0000804080806180803F41801E7F00001E0D9
:105DC000000000000000000000000300000D0000C3
:105DD000110000610000810803010807FFF80FFFB0
:105DE000F80001080001080000000000000000E0C9
:105DF00007FCD0060808061008061008061008065A
:105E00001838060FF00607C0000000000000000070
:105E100000003F8001FFE0038430020818041008EE
:105E2000041008041008071810030FF00007C00042
:105E3000000000000000000003C000070000060092
:105E4000000600F80607F806180006E00007000044
:105E500006000000000000000001E1E003F7F0068A
:105E60003410041808041808040C08040C0806165A
:105E70001803F3F001C1E000000000000000F8008A
:105E800003FC300306380402080402080402080474
:105E900004100308F001FFC0007F000000000000B4
:105EA000000000000000000000000000000070384A
:105EB0000070380070380000000000000000000092
:105EC00000000000000000000000000000000000D2
:105ED0000000301A00301C0000000000000000002C
:105EE00000000000000000000000000000080000AA
:105EF00014000022000041000080800100400200E8
:105F0000200400100800080000000000000021002C
:105F100000210000210000210000210000210000DC
:105F200021000021000021000021000000000000ED
:105F300000000000080008040010020020010040DA
:105F400000808000410000220000140000080000D2
:105F5000000000000003C00004C0000400000800AE
:105F600038080F380808380810000C300007E00027
:105F700003C000000000000000003F8000FFE003BD
:105F80008070020F1006708804C088048308047FA4
:105F90008802C09003012000FE40000008000018A5
:105FA0000001F8003E0801C20007020007E20000FD
:105FB000FE00001FC80001F80000380000080400BF
:105FC0000807FFF807FFF804080804080804080891
:105FD00004080806180803F41801E7F00001E000BF
:105FE0000000000000003F8001FFE003807002001D
:105FF000180400080400080400080400100600202B
:106000000780C000000004000807FFF807FFF8043D
:1060100000080400080400080400180200100380AF
:106020007001FFE0007F8000000004000807FFF817
:1060300007FFF8040808040808040808040808040E
:106040003E0804000806001801006000000004007B
:106050000807FFF807FFF804080804080004080010
:10606000040800043E000600000600000180000055
:106070000000000000003F8001FFE0038070060088
:10608000180400080402080402080203F00783F061
:1060900000020000020004000807FFF807FFF804F0
:1060A00008080008000008000008000008000408B4
:1060B0000807FFF807FFF8040008000000000000D0
:1060C00004000804000804000807FFF807FFF804AC
:1060D00000080400080400080000000000000000A0
:1060E0000000000600000700000104000104000198
:1060F00004000307FFFE07FFFC0400000400000487
:10610000000004000807FFF807FFF8040C08001857
:1061100000003E0004C7800503C80600F8040038EC
:1061200004001800000804000807FFF807FFF8043F
:106130000008000008000008000008000008000037
:106140000800001800006000000004000807FFF8C5
:1061500007800807FC00007FC00003F80007C000AC
:10616000780007800807FFF807FFF804000804001C
:106170000807FFF807000803C00000E0000038002F
:10618000001E000007000001C00400F007FFF80433
:106190000000000000007F8001FFE0038070060027
:1061A0001804000804000806001803003001FFE08E
:1061B000007F8000000004000807FFF807FFF804D4
:1061C0000408040400040400040400040400060C91
:1061D0000003F80001F000000000000000007F80D4
:1061E00001FFE00380700600880400880400C806F0
:1061F000003C03003E01FFE6007F84000000040035
:106200000807FFF807FFF8040808040800040C005A
:10621000040F00040BC00610F003F03801E0080082
:10622000000800000001E0F803F030063010041808
:1062300008041808040C08040C080206180207F0E9
:106240000781E00000000180000600000400000457
:10625000000004000807FFF807FFF8040008040026
:106260000004000006000001800004000007FFE0B9
:1062700007FFF004001800000800000800000800F4
:10628000000800000804001007FFE00400000400FC
:106290000006000007E00007FE00041FE00001F810
:1062A0000000380001E0043E0007C00006000004C2
:1062B000000004000007E00007FFC0041FF800070B
:1062C000C007F80007FF80043FF80007C004F8008B
:1062D0000700000400000000000400080600180782
:1062E000C07805F1C8003E00001F800463E8078005
:1062F000F806001804000800000004000006000072
:1063000007800007E008047C08001FF80007F80079
:10631000180804E008070000060000040000000060
:10632000000100080600380400F80403E8040F0820
:10633000047C0805F00807C0080700180400600086
:10634000000000000000000000000000000000004D
:10635000003FFFFE20000220000220000220000279
:1063600020000200000000000000000008000007FC
:10637000000000C0000038000006000001C000005E
:106380003000000E000001000000000000000000CE
:106390002000022000022000022000022000023F14
:1063A000FFFE0000000000000000000000000000F0
:1063B0000000000000000008000010000030000095
:1063C0002000003000001000000800000000000065
:1063D00000000000010000010000010000010000B9
:1063E00001000001000001000001000001000001A7
:1063F000000001000001000000000000000000207B
:10640000000020000010000010000000000000004C
:10641000000000000000000000000000000000F08C
:106420000019F8001B1800220800260800240800A4
:106430002410003FF8001FF80000080000180000BA
:106440000004000007FFF80FFFF000181800100804
:10645000002008002008003018001FF0000FC000C6
:1064600000000000000007C0001FF00018300020EE
:1064700008002008002008003C08001C10000060F4
:106480000000000000000000000007C0001FF00036
:10649000381800200800200800200804101007FF0A
:1064A000F80FFFF0000010000000000000000000E6
:1064B0000007C0001FF00012300022180022080060
:1064C0002208003208001E10000E2000000000000C
:1064D0000000200000200800200801FFF803FFF85A
:1064E00006200804200804200807200003000000FC
:1064F000000000000000000E000E6E001FF30031CF
:10650000B10020B10020B1003191001F13002E1EF8
:1065100000200E00300000000004000807FFF80F04
:10652000FFF8001008002000002000002008003FB5
:10653000F8001FF800000800000000000000000044
:10654000002008002008002008063FF8063FF80059
:106550000008000008000008000000000000000023
:1065600000000000000003000003002001002001E3
:10657000002003063FFE063FFC0000000000000074
:10658000000000000004000807FFF80FFFF80001FA
:1065900088000300002FC00038F8002038002008D1
:1065A00000000800000000000000000004000804D3
:1065B000000804000807FFF80FFFF80000080000BB
:1065C00008000008000000000000002008003FF85C
:1065D000003FF8001008002000003FF8003FF800DE
:1065E0001008002000003FF8003FF80000080000FD
:1065F00000002008003FF8003FF8001008001000DD
:10660000002000002008003FF8001FF800000800EC
:1066100000000000000007C0000FF000183000303C
:1066200008002008002008003008001830000FF093
:106630000007C0000000000000002001003FFF0034
:106640003FFF001011002009002008002008003042
:1066500038001FF0000FC00000000000000007C05D
:10666000001FF00038180020080020080020090052
:106670001011001FFF003FFF00000100000000207C
:1066800008002008002008003FF8003FF800080834
:10669000001008002008002000003000003000003A
:1066A0000000000000000000000C78001E180033FD
:1066B000080023080021080021880021980030F0FC
:1066C00000386000000000000000200000200000F2
:1066D000200000FFF003FFF8002008002008002041
:1066E0000800003000000000000000000000200052
:1066F000003FF0007FF800001800000800000800CC
:106700002010003FF8007FF00000100000000000A3
:1067100000002000003000003C00003F800023F01B
:10672000000078000070002380003C000030000072
:106730002000002000003C00003FE00023F80000A3
:10674000E0002700003E00003FE00021F80001E0EB
:10675000003E00002000000000002008002008008B
:106760003838003E680027800003C8002CF8003845
:106770003800201800200800000000000000200061
:10678000003003003C01003F830023EC0000700058
:106790002380003C000020000020000000000000DA
:1067A000000000000038080020380020F80023E82E
:1067B000002F88003E0800380800201800007000F4
:1067C00000000000000000000000000000000000C9
:1067D000000008000014001FF7FC30000620000233
:1067E00000000000000000000000000000000000A9
:1067F0000000000000000000FFFFFF00000000009C
:106800000000000000000000000000000000000088
:106810002000023000061FF7FC00140000080000F2
:106820000000000000000000000000000000000068
:106830000018000060000040000040000020000040
:106840001000000800000400000400000C0000100C
:106850000000000000000000000000000000000038
:106860000000000000000000000000000000000028
:106870000000000000000000000000000000000018
:106880000000000000000000000000000000000008
:1068900000000000000000000000000000000000F8
:1068A00000000000000000000000000000000000E8
:1068B00000000000000000000000000000000000D8
:1068C00000000000000000000000000000000000C8
:1068D00000000000000000000000000000000000B8
:1068E0000000000000000000000007F000C007FFEB
:1068F000E1E007F001E0000000C00000000000003F
:106900000000000000000000000000000000000087
:106910000000000000000000000000000000000077
:106920000000000000000000000000000000000067
:106930000000000000000000000000000000000057
:106940000000000000000000000000000000000047
:10695000000000000000000000000020000001C056
:106960000000078000001F0000001E0000001C2027
:10697000000001C00000078000001F0000001E0092
:1069800000001C00000000000000000000000000EB
:1069900000000000000000000000000000000000F7
:1069A00000000000000000000000000000000000E7
:1069B00000000000000000000000000000000000D7
:1069C00000000000000000000000000000000000C7
:1069D00000000000000000180C0000180C00001857
:1069E0000FE0001FFC0003F80C0000180C0000185A
:1069F0000C0000180C0000180C0000180FE0001F1D
:106A0000FC0003F80C0000180C0000180C0000003B
:106A10000000000000000000000000000000000076
:106A20000000000000000000000000000000000066
:106A30000000000000000000000000000000000056
:106A40000000000000000000000000000000000046
:106A50000000000000000000000000000780007837
:106A600007C000FC0640010E0020030700200203BF
:106A700080200FFFFFFC0201C0200200E060013017
:106A8000704001F03F8000F01F0000000000000097
:106A900000000000000000000000000000000000F6
:106AA00000000000000000000000000000000000E6
:106AB00000000000000000000000000000000000D6
:106AC00000000000000000000000000000000000C6
:106AD000000000FE000001FF000003018000020032
:106AE0008060030181C001FF070000FE1800000064
:106AF000E0000003BF00000CFFC00071806001C116
:106B00000020030180600000FFC000003F00000083
:106B10000000000000000000000000000000000075
:106B20000000000000000000000000000000000065
:106B30000000000000000000000000000000000055
:106B40000000000000000000000000000000000045
:106B5000000000001F0000007FC000FCC0C001FF5B
:106B600080600303E0200202782002061E2003FC5E
:106B7000074001F00380000103C000011C60000118
:106B8000E020000100200001004000000180000022
:106B900000000000000000000000000000000000F5
:106BA00000000000000000000000000000000000E5
:106BB00000000000000000000000000000000000D5
:106BC00000000000000000000000000000000000C5
:106BD000000000000000002000001C6000001C40BD
:106BE00000001F8000000F000000000000000000F7
:106BF0000000000000000000000000000000000095
:106C00000000000000000000000000000000000084
:106C10000000000000000000000000000000000074
:106C20000000000000000000000000000000000064
:106C30000000000000000000000000000000000054
:106C40000000000000000000000000000000000044
:106C50000000000000000000000000000000000034
:106C6000000000000000000000000000000000071D
:106C7000F800003FFF00007807C001C000E00300FB
:106C800000300400000808000004100000020000AA
:106C900000000000000000000000000000000000F4
:106CA00000000000000000000000000000000000E4
:106CB00000000000000000000000000000000000D4
:106CC00000000000000000000000000000000000C4
:106CD0000000000000001000000208000004040092
:106CE00000080300003001C000E0007807C0003F4A
:106CF000FF000007F8000000000000000000000096
:106D00000000000000000000000000000000000083
:106D10000000000000000000000000000000000073
:106D20000000000000000000000000000000000063
:106D30000000000000000000000000000000000053
:106D40000000000000000000000000000000000043
:106D500000000000000000000000000C1800000E01
:106D60003800000E380000063000000360000061AB
:106D7000438000FFFF8000614300000360000006C5
:106D80003000000E3800000E3800000C1800000023
:106D900000000000000000000000000000000000F3
:106DA00000000000000000000000000000000000E3
:106DB00000000000000000000000000000000000D3
:106DC00000000000000000000000000000000000C3
:106DD0000000000000000000000000008000000033
:106DE00080000000800000008000000080000000A3
:106DF0008000007FFF000000800000008000000095
:106E00008000000080000000800000008000000082
:106E10000000000000000000000000000000000072
:106E20000000000000000000000000000000000062
:106E30000000000000000000000000000000000052
:106E40000000000000000000000000000000000042
:106E500000000000000000000001000000E300004E
:106E600000E2000000FC00000078000000000000CC
:106E70000000000000000000000000000000000012
:106E80000000000000000000000000000000000002
:106E900000000000000000000000000000000000F2
:106EA00000000000000000000000000000000000E2
:106EB00000000000000000000000000000000000D2
:106EC00000000000000000000000000000000000C2
:106ED00000000000000000008000000080000000B2
:106EE00080000000800000008000000080000000A2
:106EF0008000000080000000800000008000000092
:106F00008000000080000000800000008000000081
:106F10000000000000000000000000000000000071
:106F20000000000000000000000000000000000061
:106F30000000000000000000000000000000000051
:106F40000000000000000000000000000000000041
:106F500000000000000000000000000000C0000071
:106F600001E0000001E0000000C00000000000009F
:106F70000000000000000000000000000000000011
:106F80000000000000000000000000000000000001
:106F900000000000000000000000000000000000F1
:106FA00000000000000000000000000000000000E1
:106FB00000000000000000000000000000000000D1
:106FC00000000000000000000000000000000000C1
:106FD0000000000000000000000C0000003800006D
:106FE00000E00000038000000E00000038000000F8
:106FF000E00000038000000E00000038000000E008
:107000000000038000000E000000180000000000D7
:107010000000000000000000000000000000000070
:107020000000000000000000000000000000000060
:107030000000000000000000000000000000000050
:107040000000000000000000000000000000000040
:1070500000000000000000000000000FF800007FAA
:10706000FF0000F00780018000C003000060020004
:1070700000200200002002000020030000600180C8
:1070800000C000E00380007FFF00000FF800000058
:1070900000000000000000000000000000000000F0
:1070A00000000000000000000000000000000000E0
:1070B00000000000000000000000000000000000D0
:1070C00000000000000000000000000000000000C0
:1070D0000000000000000000000000000000008030
:1070E000002000800020008000200080006001FF60
:1070F000FFE003FFFFE00000006000000020000050
:10710000002000000020000000000000000000003F
:10711000000000000000000000000000000000006F
:10712000000000000000000000000000000000005F
:10713000000000000000000000000000000000004F
:10714000000000000000000000000000000000003F
:1071500000000000000000000000007800E000983F
:107160000160010002600200046002000860020089
:107170001060020020600200406003008060018314
:10718000006001FE00E0007C0780000000000000BD
:1071900000000000000000000000000000000000EF
:1071A00000000000000000000000000000000000DF
:1071B00000000000000000000000000000000000CF
:1071C00000000000000000000000000000000000BF
:1071D0000000000000000000000000F0078001F047
:1071E00007C001000040020000200201002002014F
:1071F000002002010020030380200186804001FC62
:10720000C0C000787F8000001E0000000000000069
:10721000000000000000000000000000000000006E
:10722000000000000000000000000000000000005E
:10723000000000000000000000000000000000004E
:10724000000000000000000000000000000000003E
:1072500000000000000000000800000038000000EE
:1072600048000001880000060800000C08100030EB
:1072700008100040081001FFFFF003FFFFF003FFBC
:10728000FFF00000081000000810000008100000C7
:1072900000000000000000000000000000000000EE
:1072A00000000000000000000000000000000000DE
:1072B00000000000000000000000000000000000CE
:1072C00000000000000000000000000000000000BE
:1072D0000000000000000000000000000780001F08
:1072E000864003E100200302002003040020030481
:1072F00000200304002003040020030600400303D1
:1073000001C00301FF8003007E00000000000000B8
:10731000000000000000000000000000000000006D
:10732000000000000000000000000000000000005D
:10733000000000000000000000000000000000004D
:10734000000000000000000000000000000000003D
:10735000000000000000000000000007FC00003FEB
:10736000FF000070C380008180C001010060030243
:10737000002002020020020200200202002002037C
:10738000004001C180C000C0FF8000007E000000FE
:1073900000000000000000000000000000000000ED
:1073A00000000000000000000000000000000000DD
:1073B00000000000000000000000000000000000CD
:1073C00000000000000000000000000000000000BD
:1073D0000000000000000000000000F0000003C0FA
:1073E00000000380000003000000030007E003002A
:1073F0003FE00301C0000306000003180000036023
:1074000000000380000003000000000000000000F6
:10741000000000000000000000000000000000006C
:10742000000000000000000000000000000000005C
:10743000000000000000000000000000000000004C
:10744000000000000000000000000000000000003C
:1074500000000000000000001F0000783F8000FCDA
:1074600060C0018EC040030780200203002002019B
:107470008020020180200201C0200301E04001863B
:1074800070C000FC3F8000781F000000000000007A
:1074900000000000000000000000000000000000EC
:1074A00000000000000000000000000000000000DC
:1074B00000000000000000000000000000000000CC
:1074C00000000000000000000000000000000000BC
:1074D000000000000000003F000000FF81C001C06C
:1074E000C1C0010060200200202002002020020014
:1074F000202002002060020040C00100C18000C1C5
:107500008F00007FFE00001FF00000000000000060
:10751000000000000000000000000000000000006B
:10752000000000000000000000000000000000005B
:10753000000000000000000000000000000000004B
:10754000000000000000000000000000000000003B
:10755000000000000000000000000000000000002B
:1075600000000000000000000000000300C0000751
:1075700081E0000781E0000300C00000000000007F
:1075800000000000000000000000000000000000FB
:1075900000000000000000000000000000000000EB
:1075A00000000000000000000000000000000000DB
:1075B00000000000000000000000000000000000CB
:1075C00000000000000000000000000000000000BB
:1075D00000000000000000000000000000000000AB
:1075E0000000000000000000000000060066000629
:1075F0000078000000000000000000000000000013
:10760000000000000000000000000000000000007A
:10761000000000000000000000000000000000006A
:10762000000000000000000000000000000000005A
:10763000000000000000000000000000000000004A
:10764000000000000000000000000000000000003A
:1076500000000000000000000000000080000001A9
:10766000C0000003600000063000000C1800001885
:107670000C00003006000060030000C00180010023
:107680000040020000200400001000000000000084
:1076900000000000000000000000000000000000EA
:1076A00000000000000000000000000000000000DA
:1076B00000000000000000000000000000000000CA
:1076C00000000000000000000000000000000000BA
:1076D000000000000000000410000004100000047E
:1076E000100000041000000410000004100000044A
:1076F000100000041000000410000004100000043A
:10770000100000041000000410000004100000002D
:107710000000000000000000000000000000000069
:107720000000000000000000000000000000000059
:107730000000000000000000000000000000000049
:107740000000000000000000000000000000000039
:107750000000000000000000000004000010020013
:1077600000200100004000C00180006003000030E4
:10777000060000180C00000C180000063000000382
:1077800060000001C0000000800000000000000058
:1077900000000000000000000000000000000000E9
:1077A00000000000000000000000000000000000D9
:1077B00000000000000000000000000000000000C9
:1077C00000000000000000000000000000000000B9
:1077D000000000000000000000000078000001F838
:1077E00000000238000002000000040000C0040095
:1077F00079E0040081E0040100C0040300000202FB
:1078000000000306000001FC000000F8000000007A
:107810000000000000000000000000000000000068
:107820000000000000000000000000000000000058
:107830000000000000000000000000000000000048
:107840000000000000000000000000000000000038
:10785000000000000000000FF800003FFE00007074
:10786000078000C000C00101F8400307FC20021E91
:1078700004200230082002203020023FFC20013F7B
:10788000044001800CC000E03180001FC2000000F5
:1078900000000000000000000000000000000000E8
:1078A00000000000000000000000000000000000D8
:1078B00000000000000000000000000000000000C8
:1078C00000000000000000000000000000000000B8
:1078D00000000000002000000060000003E0000045
:1078E0003E200003E020003E200003E02000038053
:1078F000200007FC2000003FE0000003FE20000005
:107900003FE0000001E00000002000000020000037
:107910000000000000000000000000000000000067
:107920000000000000000000000000000000000057
:107930000000000000000000000000000000000047
:107940000000000000000000000000000000000037
:10795000000000000000020000200200002003FFE1
:10796000FFE003FFFFE0020100200201002002010E
:1079700000200201002002010020030300200186F4
:10798000806001FCC0C000F87F8000001F00000084
:1079900000000000000000000000000000000000E7
:1079A00000000000000000000000000000000000D7
:1079B00000000000000000000000000000000000C7
:1079C00000000000000000000000000000000000B7
:1079D0000000000000000007F800003FFF000070FA
:1079E000078000C000C0010000400300002002002A
:1079F0000020020000200200002002000020010000
:107A00000040018000C003C001800030060000007B
:107A10000000000000000000000000000000000066
:107A20000000000000000000000000000000000056
:107A30000000000000000000000000000000000046
:107A40000000000000000000000000000000000036
:107A5000000000000000020000200200002003FFE0
:107A6000FFE003FFFFE00200002002000020020010
:107A7000002002000020030000600100004001809F
:107A800000C000F00780007FFE00000FF80000003B
:107A900000000000000000000000000000000000E6
:107AA00000000000000000000000000000000000D6
:107AB00000000000000000000000000000000000C6
:107AC00000000000000000000000000000000000B6
:107AD000000000000000020000200200002003FF60
:107AE000FFE003FFFFE0020100200201002002018D
:107AF0000020020100200201002002038020020F6A
:107B0000E0200300006003C000E00060030000000C
:107B10000000000000000000000000000000000065
:107B20000000000000000000000000000000000055
:107B30000000000000000000000000000000000045
:107B40000000000000000000000000000000000035
:107B5000000000000000020000200200002003FFDF
:107B6000FFE003FFFFE0020100200201002002010C
:107B700000000201000002010000020100000203F7
:107B80008000030FE0000300000003C0000000605D
:107B900000000000000000000000000000000000E5
:107BA00000000000000000000000000000000000D5
:107BB00000000000000000000000000000000000C5
:107BC00000000000000000000000000000000000B5
:107BD0000000000000000007F800003FFE000070F9
:107BE000078001C001C00100004003000020020026
:107BF00000200200002002000020010020200100DF
:107C0000204003C03F8000303F8000002000000083
:107C10002000000000000000000000000000000044
:107C20000000000000000000000000000000000054
:107C30000000000000000000000000000000000044
:107C40000000000000000000000000000000000034
:107C50000000020000200200002003FFFFE003FFFD
:107C6000FFE0020080200200802000008000000071
:107C7000800000008000020080200200802003FFBE
:107C8000FFE003FFFFE002000020020000200000F0
:107C900000000000000000000000000000000000E4
:107CA00000000000000000000000000000000000D4
:107CB00000000000000000000000000000000000C4
:107CC00000000000000000000000000000000000B4
:107CD00000000000000000000000000000000200A2
:107CE000002002000020020000200200002003FF0C
:107CF000FFE003FFFFE0020000200200002002007E
:107D00000020020000200000000000000000000031
:107D10000000000000000000000000000000000063
:107D20000000000000000000000000000000000053
:107D30000000000000000000000000000000000043
:107D40000000000000000000000000000000000033
:107D50000000000000000000000E0000000F000006
:107D6000000F0000000102000001020000010200FB
:107D700000030200000603FFFFFC03FFFFF8020000
:107D800000000200000002000000020000000000ED
:107D900000000000000000000000000000000000E3
:107DA00000000000000000000000000000000000D3
:107DB00000000000000000000000000000000000C3
:107DC00000000000000000000000000000000000B3
:107DD000000000000000020000200200002003FF5D
:107DE000FFE003FFFFE00200C020020100200007C7
:107DF0008000000FE0000030F80002603E200380A9
:107E00000F20030003E0020000E002000020000059
:107E10000020000000000000000000000000000042
:107E20000000000000000000000000000000000052
:107E30000000000000000000000000000000000042
:107E40000000000000000000000000000000000032
:107E5000000000000000020000200200002003FFDC
:107E6000FFE003FFFFE0020000200200002000000E
:107E70000020000000200000002000000020000082
:107E8000002000000060000000E00000030000008F
:107E900000000000000000000000000000000000E2
:107EA00000000000000000000000000000000000D2
:107EB00000000000000000000000000000000000C2
:107EC00000000000000000000000000000000000B2
:107ED0000000020000200200002003FFFFE003E09A
:107EE000002003FF0020001FF0000001FF800000C1
:107EF0000FE000001E000003E000003E002003E051
:107F0000002003FFFFE003FFFFE00200002002006B
:107F10000020000000000000000000000000000041
:107F20000000000000000000000000000000000051
:107F30000000000000000000000000000000000041
:107F40000000000000000000000000000000000031
:107F50000000020000200200002003FFFFE0038079
:107F6000002003F0002000FC0000001F00000007BC
:107F7000C0000001F00000007C0002001F80020031
:107F800007E003FFFFE00200000002000000000025
:107F900000000000000000000000000000000000E1
:107FA00000000000000000000000000000000000D1
:107FB00000000000000000000000000000000000C1
:107FC00000000000000000000000000000000000B1
:107FD000000000000000000FF800003FFE0000F06D
:107FE0000780018000C00100004002000020020064
:107FF000002002000020020000200100004001805B
:1080000000C000F00380003FFE00000FF8000000F9
:108010000000000000000000000000000000000060
:108020000000000000000000000000000000000050
:108030000000000000000000000000000000000040
:108040000000000000000000000000000000000030
:10805000000000000000020000200200002003FFDA
:10806000FFE003FFFFE0020080200200802002000A
:1080700080000200800002008000020080000301F6
:1080800080000183000000FE0000007C0000000072
:1080900000000000000000000000000000000000E0
:1080A00000000000000000000000000000000000D0
:1080B00000000000000000000000000000000000C0
:1080C00000000000000000000000000000000000B0
:1080D000000000000000000FF800007FFF0000F02B
:1080E0000380018001C0010006400200042002005C
:1080F000042002000620020003E0010000F80180D5
:10810000005C00E0038C003FFF0C000FFC18000037
:10811000000000000000000000000000000000005F
:10812000000000000000000000000000000000004F
:10813000000000000000000000000000000000003F
:10814000000000000000000000000000000000002F
:10815000000000000000020000200200002003FFD9
:10816000FFE003FFFFE00201002002010020020106
:1081700080000201E0000201FC0003033F80018651
:1081800007E001FC00E000F80020000000200000F3
:1081900000000000000000000000000000000000DF
:1081A00000000000000000000000000000000000CF
:1081B00000000000000000000000000000000000BF
:1081C00000000000000000000000000000000000AF
:1081D000000000000000000000000078060000FE23
:1081E00001E0018600C003030040020300200201F9
:1081F0008020020180200201C0200200C020010076
:10820000E060018070C003E03F8000001F000000BC
:10821000000000000000000000000000000000005E
:10822000000000000000000000000000000000004E
:10823000000000000000000000000000000000003E
:10824000000000000000000000000000000000002E
:108250000000000000000060000003800000030038
:10826000000002000000020000200200002003FFC6
:10827000FFE003FFFFE002000020020000200200F8
:108280000000020000000380000000E00000000089
:1082900000000000000000000000000000000000DE
:1082A00000000000000000000000000000000000CE
:1082B00000000000000000000000000000000000BE
:1082C00000000000000000000000000000000000AE
:1082D0000000020000000200000003FFFF0003FF97
:1082E000FFC002000040020000600000002000000B
:1082F00000200000002000000020020000400200DA
:10830000008003FFFF0002000000020000000000E8
:10831000000000000000000000000000000000005D
:10832000000000000000000000000000000000004D
:10833000000000000000000000000000000000003D
:10834000000000000000000000000000000000002D
:10835000000000000000020000000200000003C056
:10836000000003FC0000023FC0000003F800000012
:108370007F80000007E00000078000007800020313
:10838000C000023C000003C0000002000000020028
:1083900000000000000000000000000000000000DD
:1083A00000000000000000000000000000000000CD
:1083B00000000000000000000000000000000000BD
:1083C00000000000000000000000000000000000AD
:1083D00000000200000003C0000003FF8000023F15
:1083E000FE0002007FE000000F000200F00003EF3B
:1083F000000003FF8000020FFE0000003FE00000CD
:108400001F000207E00003F8000003000000020064
:10841000000000000000000000000000000000005C
:10842000000000000000000000000000000000004C
:10843000000000000000000000000000000000003C
:10844000000000000000000000000000000000002C
:108450000000000000000200002002000020038055
:1084600000E003F0032002FC0C20021F3000000794
:10847000C0000007F00002187C0002601F2003808B
:1084800003E0020000E002000020000000200000E5
:1084900000000000000000000000000000000000DC
:1084A00000000000000000000000000000000000CC
:1084B00000000000000000000000000000000000BC
:1084C00000000000000000000000000000000000AC
:1084D000000000000000020000000300000003C0D4
:1084E000000003F80000023E0020020FC02000013F
:1084F000FFE000007FE000038020021C00200270EB
:1085000000000380000002000000020000000000E4
:10851000000000000000000000000000000000005B
:10852000000000000000000000000000000000004B
:10853000000000000000000000000000000000003B
:10854000000000000000000000000000000000002B
:1085500000000000000000000020006000E0038038
:1085600003E003000FA002003E200200F8200203F7
:10857000E020020F8020023E00200278002003E06D
:108580000060038000E00200030000000000000023
:1085900000000000000000000000000000000000DB
:1085A00000000000000000000000000000000000CB
:1085B00000000000000000000000000000000000BB
:1085C00000000000000000000000000000000000AB
:1085D000000000000000000000000000000000009B
:1085E000000000000000000000001FFFFFFC100062
:1085F000000410000004100000041000000410002B
:10860000000410000004100000040000000000003E
:10861000000000000000000000000000000000005A
:10862000000000000000000000000000000000004A
:10863000000000000000000000000000000000003A
:10864000000000000000000000000000000000002A
:108650000000000000000000000000000000070013
:10866000000003C0000000780000001E00000003AE
:10867000C0000000F00000001E00000007800000A5
:1086800000F00000003C00000006000000000000B8
:1086900000000000000000000000000000000000DA
:1086A00000000000000000000000000000000000CA
:1086B00000000000000000000000000000000000BA
:1086C00000000000000000000000000000000000AA
:1086D0000000000000000000000010000004100076
:1086E000000410000004100000041000000410003A
:1086F0000004100000041FFFFFFC00000000000049
:108700000000000000000000000000000000000069
:108710000000000000000000000000000000000059
:108720000000000000000000000000000000000049
:108730000000000000000000000000000000000039
:108740000000000000000000000000000000000029
:108750000000000000000000000000000000000019
:1087600000000200000004000000080000001800E3
:1087700000001000000018000000180000000400B5
:1087800000000200000000000000000000000000E7
:1087900000000000000000000000000000000000D9
:1087A00000000000000000000000000000000000C9
:1087B00000000000000000000000000000000000B9
:1087C00000000000000000000000000000000000A9
:1087D0000000000000010000000100000001000096
:1087E0000001000000010000000100000001000085
:1087F0000001000000010000000100000001000075
:108800000001000000010000000100000001000064
:108810000001000000000000000000000000000057
:108820000000000000000000000000000000000048
:108830000000000000000000000000000000000038
:108840000000000000000000000000000000000028
:108850000000000000000000000000000000100008
:1088600000001000000010000000180000000800C8
:1088700000000400000000000000000000000000F4
:1088800000000000000000000000000000000000E8
:1088900000000000000000000000000000000000D8
:1088A00000000000000000000000000000000000C8
:1088B00000000000000000000000000000000000B8
:1088C00000000000000000000000000000000000A8
:1088D0000000000000000000038000018FC00003C2
:1088E0008C600006182000041020000410200004F2
:1088F000202000042040000620400003FFC00001AB
:10890000FFE00000002000000020000000C0000088
:108910000000000000000000000000000000000057
:108920000000000000000000000000000000000047
:108930000000000000000000000000000000000037
:108940000000000000000000000000000000000027
:10895000000000000000020000000200000003FF11
:10896000FFE007FFFFC0000180C0000200600002BE
:108970000020000400200004002000040020000665
:108980000040000300C00001FF800000FE00000066
:1089900000000000000000000000000000000000D7
:1089A00000000000000000000000000000000000C7
:1089B00000000000000000000000000000000000B7
:1089C00000000000000000000000000000000000A7
:1089D0000000000000000000000000007E00000118
:1089E000FF80000381C00002004000060020000458
:1089F00000200004002000040020000600200003E6
:108A0000C0400001C0800000030000000000000022
:108A10000000000000000000000000000000000056
:108A20000000000000000000000000000000000046
:108A30000000000000000000000000000000000036
:108A40000000000000000000000000000000000026
:108A50000000000000000000000000007E00000197
:108A6000FF80000380C000060060000400200004B6
:108A7000002000040020020400400202008003FFE6
:108A8000FFE007FFFFC000000040000000400000C2
:108A900000000000000000000000000000000000D6
:108AA00000000000000000000000000000000000C6
:108AB00000000000000000000000000000000000B6
:108AC00000000000000000000000000000000000A6
:108AD0000000000000000000000000007E00000117
:108AE000FF80000311C00002104000041060000469
:108AF00010200004102000041020000610200003A5
:108B000010400001F0C000007100000000000000F3
:108B10000000000000000000000000000000000055
:108B20000000000000000000000000000000000045
:108B30000000000000000000000000000000000035
:108B40000000000000000000000000000000000025
:108B5000000000000000000000000004000000040D
:108B600000200004002000040020007FFFE001FF3F
:108B7000FFE001040020030400200204002002049E
:108B80000020020400000200000001C0000001C03B
:108B900000000000000000000000000000000000D5
:108BA00000000000000000000000000000000000C5
:108BB00000000000000000000000000000000000B5
:108BC00000000000000000000000000000000000A5
:108BD000000000000000000000000000001C000079
:108BE000E33E0003FFC200020CC3000404C1000402
:108BF00004C1000404C1000404C100060CC1000348
:108C0000F8C30005F0620006007E0006003C00008C
:108C10000000000000000000000000000000000054
:108C20000000000000000000000000000000000044
:108C30000000000000000000000000000000000034
:108C40000000000000000000000000000000000024
:108C5000000000000000020000200200002003FFCE
:108C6000FFE007FFFFE000010020000200200006F7
:108C700000000004000000040000000400200006C2
:108C800000200003FFE00001FFE0000000200000E2
:108C900000200000000000000000000000000000B4
:108CA00000000000000000000000000000000000C4
:108CB00000000000000000000000000000000000B4
:108CC00000000000000000000000000000000000A4
:108CD0000000000000000000000000000000000490
:108CE000002000040020000400200004002003876E
:108CF000FFE0038FFFE00380002000000020000061
:108D00000020000000200000000000000000000023
:108D10000000000000000000000000000000000053
:108D20000000000000000000000000000000000043
:108D30000000000000000000000000000000000033
:108D40000000000000000000000000000000000023
:108D50000000000000000000000000000000000013
:108D600000060000000700000001000000010004F0
:108D70000001000400010004000300040006038752
:108D8000FFFC038FFFF803800000000000000000DC
:108D900000000000000000000000000000000000D3
:108DA00000000000000000000000000000000000C3
:108DB00000000000000000000000000000000000B3
:108DC00000000000000000000000000000000000A3
:108DD000000000000000020000200200002003FF4D
:108DE000FFE007FFFFE00000082000001020000067
:108DF00030000000FC0000058E00000707A0000600
:108E000001E0000400E00004002000000020000059
:108E10000000000000000000000000000000000052
:108E20000000000000000000000000000000000042
:108E30000000000000000000000000000000000032
:108E40000000000000000000000000000000000022
:108E50000000000000000000000000000000020010
:108E6000002002000020020000200200002003FF7A
:108E7000FFE007FFFFE000000020000000200000EE
:108E800000200000002000000000000000000000A2
:108E900000000000000000000000000000000000D2
:108EA00000000000000000000000000000000000C2
:108EB00000000000000000000000000000000000B2
:108EC00000000000000000000000000000000000A2
:108ED000000000000000000400200007FFE0000F79
:108EE000FFE0000200200004000000040020000752
:108EF000FFE00003FFE00002002000040000000487
:108F000000200007FFE00003FFE000000020000059
:108F10000000000000000000000000000000000051
:108F20000000000000000000000000000000000041
:108F30000000000000000000000000000000000031
:108F40000000000000000000000000000000000021
:108F500000000000000000040020000400200007C2
:108F6000FFE0000FFFE000010020000200200002EF
:108F700000000004000000040000000400200006BF
:108F800000200003FFE00001FFE0000000200000DF
:108F900000200000000000000000000000000000B1
:108FA00000000000000000000000000000000000C1
:108FB00000000000000000000000000000000000B1
:108FC00000000000000000000000000000000000A1
:108FD0000000000000000000000000007E00000013
:108FE000FF80000381C00002004000060020000452
:108FF00000200004002000040020000600200002E1
:109000000040000381C00001FF8000007E000000DE
:109010000000000000000000000000000000000050
:109020000000000000000000000000000000000040
:109030000000000000000000000000000000000030
:109040000000000000000000000000000000000020
:1090500000000000000000040001000400010007FF
:10906000FFFF000FFFFF000100C1000200410004EC
:10907000002000040020000400200004002000065E
:109080000040000301C00001FF8000007E000000DE
:1090900000000000000000000000000000000000D0
:1090A00000000000000000000000000000000000C0
:1090B00000000000000000000000000000000000B0
:1090C00000000000000000000000000000000000A0
:1090D0000000000000000000000000007E00000111
:1090E000FF80000380C00002006000040020000434
:1090F00000200004002000040020000200410003C2
:1091000000C10003FFFF0007FFFF00000001000097
:10911000000100000000000000000000000000004E
:10912000000000000000000000000000000000003F
:10913000000000000000000000000000000000002F
:10914000000000000000000000000000000000001F
:1091500000000000000000040020000400200004C3
:10916000002000040020000FFFE0000FFFE00000DF
:10917000C0200001002000020020000600200004A2
:1091800000000004000000070000000300000000D1
:1091900000000000000000000000000000000000CF
:1091A00000000000000000000000000000000000BF
:1091B00000000000000000000000000000000000AF
:1091C000000000000000000000000000000000009F
:1091D00000000000000000000000000003E00001AB
:1091E000C0E00003E040000630200004302000040E
:1091F0001820000418200004182000040C2000028D
:109200000C60000307C0000783800000000000001E
:10921000000000000000000000000000000000004E
:10922000000000000000000000000000000000003E
:10923000000000000000000000000000000000002E
:10924000000000000000000000000000000000001E
:109250000000000000000000000000040000000406
:10926000000000040000000C0000001FFF8000FF51
:10927000FFC000040060000400200004002000047F
:1092800000200004004000000180000000000000F9
:1092900000000000000000000000000000000000CE
:1092A00000000000000000000000000000000000BE
:1092B00000000000000000000000000000000000AE
:1092C000000000000000000000000000000000009E
:1092D000000000000000000400000004000000077F
:1092E000FF80000FFFC000000060000000200000B1
:1092F00000200000002000000020000400400004C6
:1093000000800007FFE0000FFFC0000000400000E9
:10931000004000000000000000000000000000000D
:10932000000000000000000000000000000000003D
:10933000000000000000000000000000000000002D
:10934000000000000000000000000000000000001D
:1093500000000000000000040000000400000007FE
:1093600080000007F0000004FE0000041FC00000A1
:1093700003E00000038000001C0000046000000700
:109380008000000600000004000000000000000053
:1093900000000000000000000000000000000000CD
:1093A00000000000000000000000000000000000BD
:1093B00000000000000000000000000000000000AD
:1093C000000000000000000000000000000000009D
:1093D000000000040000000600000007C0000007B5
:1093E000FC0000043F80000003E000040F80000642
:1093F000F0000007F0000007FF8000040FE000000D
:10940000038000043C000007C000000600000004C8
:10941000000000000000000000000000000000004C
:10942000000000000000000000000000000000003C
:10943000000000000000000000000000000000002C
:10944000000000000000000000000000000000001C
:1094500000000000000000000020000400200004C4
:109460000060000700E0000783200007E60000041A
:10947000F80000003C0000045E20000587A0000604
:1094800001E0000400600004002000000020000053
:1094900000000000000000000000000000000000CC
:1094A00000000000000000000000000000000000BC
:1094B00000000000000000000000000000000000AC
:1094C000000000000000000000000000000000009C
:1094D000000000000000000400000004000300077A
:1094E00000030007E0010004F80100041F0200006F
:1094F00007FC000000E0000007000004380000073F
:10950000C00000060000000400000004000000008D
:10951000000000000000000000000000000000004B
:10952000000000000000000000000000000000003B
:10953000000000000000000000000000000000002B
:10954000000000000000000000000000000000001B
:10955000000000000000000000000007806000061E
:1095600000E0000403E0000407A000040E20000453
:109570003C20000470200005E02000078020000748
:109580000060000400E00000038000000000000014
:1095900000000000000000000000000000000000CB
:1095A00000000000000000000000000000000000BB
:1095B00000000000000000000000000000000000AB
:1095C000000000000000000000000000000000009B
:1095D000000000000000000000000000000000008B
:1095E000000000000000000000000000000000007B
:1095F0008000000080000001400007FE3FF80800E6
:109600000004100000021000000200000000000032
:10961000000000000000000000000000000000004A
:10962000000000000000000000000000000000003A
:10963000000000000000000000000000000000002A
:10964000000000000000000000000000000000001A
:10965000000000000000000000000000000000000A
:1096600000000000000000000000000000000000FA
:109670000000FFFFFFFF00000000000000000000EE
:1096800000000000000000000000000000000000DA
:1096900000000000000000000000000000000000CA
:1096A00000000000000000000000000000000000BA
:1096B00000000000000000000000000000000000AA
:1096C000000000000000000000000000000000009A
:1096D0000000000000000000000010000002100068
:1096E00000020800000407FE3FF8000140000000EF
:1096F000800000008000000000000000000000006A
:109700000000000000000000000000000000000059
:109710000000000000000000000000000000000049
:109720000000000000000000000000000000000039
:109730000000000000000000000000000000000029
:109740000000000000000000000000000000000019
:109750000000000000001800000030000000400081
:109760000000400000004000000020000000300029
:1097700000000800000004000000020000000200D9
:109780000000020000000C000000180000000000B3
:1097900000000000000000000000000000000000C9
:1097A00000000000000000000000000000000000B9
:1097B00000000000000000000000000000000000A9
:1097C0000000000000000000000000000000000099
:1097D0000000303132333435363738394142434472
:1097E0004546403058003031323334353637383919
:1097F0006162636465664030780000001C98000870
:109800000000002028000000C4010008449800085F
:109810002800002010080000E00100080024F400E7
:109820000100000010000000000000000000000027
:109830000000000000000000000000FFFFFFFFFF2D
:049840000100000023
:040000050800018965
:00000001FF
