:020000040800F2
:1000000090B10120FD020008EB1E0008E31E00086D
:10001000E71E000815090008F92400080000000088
:100020000000000000000000000000003D02000889
:10003000310900080000000099020008CB1F0008E9
:100040002103000821030008210300082103000800
:1000500021030008210300082103000821030008F0
:1000600021030008210300082103000821030008E0
:1000700021030008210300082103000821030008D0
:1000800021030008210300082103000821030008C0
:1000900021030008210300082103000821030008B0
:1000A00021030008210300082103000821030008A0
:1000B00021030008F51F00082103000821030008A0
:1000C0002103000821030008210300082103000880
:1000D00021030008E9240008210300082103000887
:1000E0002103000821030008210300082103000860
:1000F0002103000821030008210300082103000850
:10010000210300082103000821030008210300083F
:10011000210300082103000821030008052000082E
:10012000210300082103000821030008210300081F
:10013000210300082103000821030008210300080F
:1001400021030008210300082103000821030008FF
:1001500021030008210300082103000821030008EF
:1001600021030008210300082103000821030008DF
:1001700021030008210300082103000800000000FB
:10018000210300082103000800F002F800F047F8FE
:100190000AA090E8000C82448344AAF10107DA45E2
:1001A00001D100F03CF8AFF2090EBAE80F0013F0ED
:1001B000010F18BFFB1A43F0010318478CC0000061
:1001C000ACC00000103A24BF78C878C1FAD85207F2
:1001D00024BF30C830C144BF04680C6070470000C1
:1001E0000023002400250026103A28BF78C1FBD840
:1001F000520728BF30C148BF0B607047642900F028
:100200008581782900F0BE81732900F0E382002007
:1002100070471FB509F020F81FBD10B510BD00F0E4
:1002200047FB1146FFF7F5FF05F0DCFE00F065FB2C
:1002300003B4FFF7F2FF03BC02F094F92C4B1968EA
:100240000868B0E8F04F80F30988BFF36F8F4FF074
:10025000000080F311887047000000000848006823
:10026000006880F308884FF0000080F3148862B6BD
:1002700061B6BFF34F8FBFF36F8F00DF00BF00BFCA
:1002800008ED00E0DFF80C00016841F47001016046
:10029000704700BF88ED00E0EFF30980BFF36F8F78
:1002A000134B1A681EF0100F08BF20ED108A20E9CA
:1002B000F04F106009B44FF0500080F31188BFF385
:1002C0004F8FBFF36F8F07F067FD4FF0000080F393
:1002D000118809BC19680868B0E8F04F1EF0100FCB
:1002E00008BFB0EC108A80F30988BFF36F8F7047A6
:1002F00078000020EFF30580704700000C4801688B
:1003000041F4700101600B4880470B480047FEE74D
:10031000FEE7FEE7FEE7FEE7FEE7FEE7FEE7FEE7B5
:10032000FEE7000005480649044A064B70470000F6
:1003300088ED00E0E11F00088901000890AD012070
:1003400090B1012090AD0120704753EA020C00F0FB
:1003500069802DE9F04B4FF00006002B1FBFB3FA68
:1003600083F503FA05F424FA05F65E4012BF16433E
:10037000B2FA82F502FA05F4C5F120051EBF22FA91
:1003800005FC44EA0C04203556EA044C4FEA1444B8
:1003900018BF641C4FF000084FF00009904271EB49
:1003A000030C39D3002919BFB1FA81F701FA07F616
:1003B000B0FA80F700FA07F6C7F120071EBF20FA4F
:1003C00007FC46EA0C062037B6FBF4FCA7EB050752
:1003D000103F07F01F0BCBF120060CFA0BFB2CFA99
:1003E00006F644BFB3460026202FA4BF5E464FF05A
:1003F000000B5BEA060C08BF4FF0010B19EB0B0971
:10040000ABFB027C48EB0608C01B06FB02CC0BFBD7
:1004100003CC71EB0C01C1E70B460246414648464E
:10042000BDE8F08B13B54FF000004FF00001AFF3C3
:100430000080BDE81C4070470FB4044910B503AA02
:10044000029800F0CBF910BC5DF814FB34000020DA
:100450002DE9F0410E460446002020622046E16866
:10046000884730B3252805D0D4E901219047206A78
:10047000401CF2E7E168204600278847050018D0B5
:10048000A5F14100192802D820354FF40067324603
:10049000294620462760FFF7B1FE40B1012804D06D
:1004A000F61D26F007060836D8E7361DD6E728469B
:1004B000DAE7206ABDE8F08170B50C460546012AEE
:1004C00005D02878800600D5EA69002302E00123E0
:1004D00005E05B1C934202D2E05C0028F9D1A869D8
:1004E000E618C01AA861286A184428622846AFF3A3
:1004F000008004E0D5E9012114F8010B9047B442D3
:10050000F8D32846AFF3008070BD00002DE9F0411C
:100510000646002410687529314616A510D0AFF3A1
:100520000080002802DA404213A507E031688A07FC
:1005300001D512A502E0490704D511A5012401E067
:10054000AFF3008000210A2206F1240709E0B0FB86
:10055000F2FCB0FBF2F302FB1C003030785418467A
:10056000491C0028F3D123462A463046BDE8F04115
:1005700000F0ACB8000000002D0000002B000000CF
:100580002000000070B504460D4621461068AFF308
:1005900000802188090502D50F4A7A4402E00E4AFC
:1005A0007A440E32002104F1240305E000F00F0626
:1005B0000009965D5E54491C0028F7D1207800237D
:1005C000000704D5702D02D009B102231132204654
:1005D000BDE8704000F07AB882BC0000032A40F207
:1005E000308010F0030C00F0158011F8013BBCF1D5
:1005F000020F624498BF11F801CB00F8013B38BFED
:1006000011F8013BA2F1040298BF00F801CB38BFFA
:1006100000F8013B11F0030300F0F280083AC0F04B
:10062000088051F8043B083A51F804CBA0E80810C0
:10063000F5E7121D5CBF51F8043B40F8043BAFF3F3
:100640000080D20724BF11F8013B11F801CB48BF4D
:1006500011F8012B24BF00F8013B00F801CB48BF83
:1006600000F8012B704702F0FF0343EA032242EA3D
:10067000024200F0F9B84FF0000200B5134694466C
:100680009646203922BFA0E80C50A0E80C50B1F1EA
:100690002001BFF4F7AF090728BFA0E80C5048BFFE
:1006A0000CC05DF804EB890028BF40F8042B08BF9C
:1006B000704748BF20F8022B11F0804F18BF00F898
:1006C000012B704770477047704770472DE9F0471E
:1006D0000D4699469246044600F1240801688806B2
:1006E00004D5E06921F01001216000E00120A8425A
:1006F00001DD471B00E00027A1697A1902EB090020
:10070000081AA0612078C00602D42046AFF300800A
:10071000002608E0D4E901211AF806009047206A73
:10072000401C761C20624E45F4DB2078C0060AD5BA
:100730002046AFF3008006E0D4E901213020904745
:10074000206A401C2062381EA7F10107F4DC07E094
:10075000D4E9012118F805009047206A401C206266
:10076000281EA5F10105F3DC2046AFF300802078B8
:10077000000602D50220BDE8F0870120FBE700005B
:1007800001694A1C02610878704700B58FB0CDE955
:1007900001310021059105497944CDE90310114645
:1007A0006846FFF755FE0FB000BD0000E5FFFFFFF4
:1007B00010B5436913B1AFF3008001E0FFF77CFE91
:1007C000012010BD127800F124010A7000224A7045
:1007D0000122EDE711684FF0FF32E9E7074B70B5F2
:1007E0000D467B44FFF7D1FF0446284600F05CF835
:1007F00010B14FF0FF3070BD204670BD171F0000D4
:1008000010B5203AC0F00B80B1E81850203AA0E8AB
:100810001850B1E81850A0E81850BFF4F5AF5FEADF
:10082000027C24BFB1E81850A0E8185044BF18C992
:1008300018C0BDE810405FEA827C24BF51F8043B39
:1008400040F8043B08BF7047D20728BF31F8023B8D
:1008500048BF11F8012B28BF20F8023B48BF00F821
:10086000012B70474FF000020429C0F0128010F0F5
:10087000030C3FF402AFCCF1040CBCF1020F18BF23
:1008800000F8012BA8BF20F8022BA1EB0C01FFF709
:10089000F4BE5FEAC17C24BF00F8012B00F8012BF5
:1008A00048BF00F8012B7047007B00F080007047C4
:1008B000754600F02BF8AE4605006946534620F019
:1008C0000700854618B020B5FFF72CFDBDE8204095
:1008D0004FF000064FF000074FF000084FF0000BFC
:1008E00021F00701AC46ACE8C009ACE8C009ACE8AF
:1008F000C009ACE8C0098D46704710B50446AFF397
:1009000000802046BDE81040FFF792BC00487047C9
:100910002CAD012000BFFEE710B55321092001F0E6
:100920005FFE00200149086010BD0000500000205B
:100930007047000070B504461D460023B5F5804F92
:1009400013D154F822300C480340D1E9000640EAA4
:1009500006108E6840EA06208E8940EA06408E69BD
:100960003043034344F8223003E06FF0704044F812
:100970002200002070BD00000000F0CF10B503463B
:100980000022086853F8202012480240D1E90104EF
:100990002043CC6820430C6920434C6920438C6978
:1009A0002043CC6920430C6A20434C6A20438C6A64
:1009B0002043CC6A2043CC6B20430C6B2043024382
:1009C0008868082801D142F04002086843F82020D6
:1009D000002010BD8000F0FF30B503460024501CFD
:1009E00053F8204004F04044D1E9000540EA0510E6
:1009F0008D6840EA05208D8940EA0545088A401E39
:100A000045EA0055087D801E45EA00608D6928434F
:100A10000443501C43F82040002030BD70B504460C
:100A2000A56D00F073F9064694F83500022808D049
:100A30008020606500BF002084F8340000BF0120E2
:100A400070BD2068006820F01600216808602068EA
:100A5000406920F0800021684861206C08B9A06CD2
:100A600028B12068006820F008002168086020682C
:100A7000006820F00100216808600FE000F046F9EE
:100A8000801B05280AD92020606500BF002084F85B
:100A9000340000BF032084F83500D1E720680068E7
:100AA00000F001000028E9D194F85C103F20884054
:100AB000A86000BF002084F8340000BF012084F843
:100AC00035000020BCE7014691F83500022803D02C
:100AD0008020486501207047052081F835000868AE
:100AE000006820F001000A6810600020F3E70000B1
:100AF000F8B502460B460025002400200021DEE068
:100B0000012606FA01F51E6806EA0504AC4275D115
:100B10001E7906F00306012E04D01E7906F00306A6
:100B2000022E13D190684F000326BE40B0434F0001
:100B3000DE68BE4030439060506801268E40B0436E
:100B40001E79C6F300168E40304350601E7906F0C1
:100B50000306032E09D0D0684F000326BE40B043E1
:100B60004F009E68BE403043D0601E7906F00306F9
:100B7000022E13D1CF0802F1200656F827004E07A7
:100B8000F70E0F26BE40B0434F07FF0E1E69BE4052
:100B90003043CF0802F1200646F8270010684F00C6
:100BA0000326BE40B0431E7906F003064F00BE4048
:100BB000304310605E6806F08056B6F1805F7DD1EC
:100BC00000BF00260096404E366846F480463E4FF1
:100BD0003E603E46366806F48046009600BF00BF81
:100BE0003A4E8F0856F827008E07370F0F26BE4063
:100BF000B043374EB24202D1002624E05EE0354ECB
:100C0000B24201D101261EE0334EB24201D102268A
:100C100019E0324EB24201D1032614E0304EB24206
:100C200001D104260FE02F4EB24201D105260AE081
:100C30002D4EB24201D1062605E02C4EB24201D122
:100C4000072600E008268F073F0FBE4030431F4EA7
:100C50008F0846F82700264E3068A0435E6806F4E9
:100C60008036B6F5803F00D12043214E3060361DDE
:100C70003068A0435E6806F40036B6F5003F00D148
:100C800020431B4E361D3060361D3068A0435E6821
:100C900006F48016B6F5801F00D12043144E0836A6
:100CA0003060361D3068A0435E6806F40016B6F565
:100CB000001F00D120430E4E0C363060491C102915
:100CC000FFF41EAFF8BD0000443802400838014070
:100CD000000002400004024000080240000C0240F4
:100CE000001002400014024000180240001C0240A4
:100CF000003C01400AB1816101E00B04836170474F
:100D000001480068000C7047002004E001480068BA
:100D1000704700003C000020034800680349097840
:100D200008440149086070473C000020440000204E
:100D300010B50A48006840F4007008490860084689
:100D4000006840F480600860032000F07FF80F2006
:100D500000F006F800F02AF8002010BD003C024028
:100D600070B504460E4800784FF47A71B1FBF0F08C
:100D70000C490968B1FBF0F5284600F09BFC08B16E
:100D8000012070BD102C07D200222146501E00F019
:100D90001EF80548046001E00120F2E70020F0E7BA
:100DA0004400002000000020400000207047014661
:100DB0000846002809DB00F01F0301229A4043097E
:100DC0009B0003F1E023C3F8002100BF70472DE929
:100DD000F05F80460D461646002701F0A7FB074648
:100DE00039462A46334601F00700C0F1070ABAF136
:100DF000040F02D94FF0040A01E0C0F1070AD146FE
:100E000000F1040ABAF1070F02D24FF0000A01E024
:100E1000A0F1030AD4464FF0010A0AFA09FAAAF12E
:100E2000010A0AEA020A0AFA0CFA4FF0010B0BFA5D
:100E30000CFBABF1010B0BEA030B4AEA0B04214656
:100E4000404601F07BFBBDE8F09F000000BF00F0D2
:100E50000702064B19684FF6FF031940044B0B437A
:100E600043EA0221014B196000BF70470CED00E01E
:100E70000000FA0570B504460D460CB9012070BD9E
:100E80005848006800F00700A84209D255490D7083
:100E90000846006800F00700A84201D00120EEE7F4
:100EA000207800F0020002281DD1207800F0040014
:100EB000042805D14C48006840F4E0504A490860D5
:100EC000207800F00800082805D14748006840F461
:100ED0006040454908604448006820F0F000A1687F
:100EE000084341490860207800F00100A8B3606819
:100EF000012807D13C4808380068C0F34040B8B921
:100F00000120BCE76068022802D06068032807D18E
:100F1000354808380068C0F3406048B90120AEE7A2
:100F2000314808380068C0F3400008B90120A6E73E
:100F30002D48006820F00300616808432A490860D2
:100F4000FFF7E4FE064609E0FFF7E0FE801B41F2F2
:100F50008831884202D9032091E707E022480068DF
:100F600000F00C006168B0EB810FEDD11D48006806
:100F700000F00700A84209D91A490D700846006818
:100F800000F00700A84201D0012078E7207800F0A7
:100F90000400042807D11448006820F4E050E168F8
:100FA000084311490860207800F00800082808D19B
:100FB0000D48006820F46040216940EAC1000A49F8
:100FC000086000F03FF808490968C1F30311074AB7
:100FD000515CC8400649086006480068FFF7C0FE3B
:100FE00000204CE7003C02400838024062920008B2
:100FF0000000002040000020014800687047000009
:101000000000002000B5FFF7F7FF04490968C1F3AD
:101010008221034A515CC84000BD000008380240EC
:101020007292000800B5FFF7E7FF04490968C1F3B1
:101030004231034A515CC84000BD000008380240FC
:10104000729200082DE9F047002400250026A146F1
:101050002548006800F00C0020B1042805D00828BD
:101060003AD105E0DFF8849039E0DFF8849036E08B
:101070001D48001F006800F03F041B48001F006867
:1010800000F4800078B11A481749091F0968C1F3B4
:101090008811A0FB01700146224600233846FFF765
:1010A00054F905460EE011480F49091F0968C1F3BC
:1010B0008811A0FB01700146224600233846FFF745
:1010C00044F905460848001F0068C0F30140401C71
:1010D0004600B5FBF6F902E0DFF8109000BF00BF54
:1010E0004846BDE8F0870000083802400024F400BC
:1010F00000127A00F8B504460CB90120F8BD20783A
:1011000000F00100002874D0F948006800F00C00DD
:1011100004280DD0F648006800F00C00082813D110
:10112000F348001F006800F48000B0F5800F0BD179
:10113000EF4808380068C0F34040002859D0606884
:10114000002856D10120D9E700BF6068B0F5803F84
:1011500008D1E7480838006840F48030E44908398D
:1011600008601EE06068B0F5A02F0DD1E048083897
:10117000006840F48020DE490839086008460068AD
:1011800040F4803008600CE0D9480838006820F44A
:101190008030D749083908600846006820F480206C
:1011A000086000BF606890B1FFF7B0FD054606E03B
:1011B000FFF7ACFD401B642801D903209EE7CC4813
:1011C00008380068C0F340400028F1D011E0FFF774
:1011D0009DFD054606E0FFF799FD401B642801D9F7
:1011E00003208BE7C24808380068C0F3404000285D
:1011F000F1D1207800F0020002285FD1BC480068DD
:1012000000F00C0058B1BA48006800F00C00082843
:101210001CD1B748001F006800F48000B0B9B44882
:1012200008380068C0F3400020B1E068012801D010
:10123000012063E7AE480838006820F0F800216913
:1012400040EAC100AA490839086037E0E06800B305
:101250000120A8490860FFF759FD054606E0FFF7A1
:1012600055FD401B022801D9032047E7A048083854
:101270000068C0F340000028F1D09D48083800689D
:1012800020F0F800216940EAC10099490839086056
:1012900014E0002097490860FFF738FD054606E096
:1012A000FFF734FD401B022801D9032026E79048B0
:1012B00008380068C0F340000028F1D1207800F021
:1012C000080008282CD16069A8B101208A4908606B
:1012D000FFF71CFD054606E0FFF718FD401B02283E
:1012E00001D903200AE782486C300068C0F340004F
:1012F0000028F1D014E000207F490860FFF706FDC8
:10130000054606E0FFF702FD401B022801D9032035
:10131000F4E677486C300068C0F340000028F1D153
:10132000207800F00400042870D10027704838307D
:10133000006800F0805090B900BF002000906C4819
:101340003830006840F080506949383108600846FC
:10135000006800F08050009000BF00BF0127674880
:10136000006800F48070B0B96448006840F4807090
:1013700062490860FFF7CAFC054606E0FFF7C6FCB5
:10138000401B022801D90320B8E65C48006800F43D
:1013900080700028F2D000BFA068012808D154480E
:1013A0006830006840F001005149683108601DE074
:1013B000A06805280DD14E486830006840F0040050
:1013C0004B49683108600846006840F00100086039
:1013D0000CE047486830006820F00100444968315B
:1013E00008600846006820F00400086000BFA0689C
:1013F000A8B1FFF78BFC054609E0FFF787FC401B0F
:1014000041F28831884202D9032077E626E0384845
:1014100068300068C0F340000028EED013E0FFF70A
:1014200075FC054608E0FFF771FC401B41F288316E
:10143000884201D9032061E62D4868300068C0F376
:1014400040000028EFD1012F07D12948383000682B
:1014500020F0805026493831086000BFA06900287C
:1014600045D02348006800F00C0008285DD0A06932
:10147000022845D100201F490866FFF747FC0546B2
:1014800006E0FFF743FC401B022801D9032035E6A4
:10149000174808380068C0F340600028F1D1D4E94B
:1014A00007010843616A40EA81110122A06AC2EB88
:1014B000500041EA00412C20005D41EA00600C49E7
:1014C000091F086001200B490866FFF71FFC05464D
:1014D00006E0FFF71BFC401B022801D903200DE6A4
:1014E000034808380068C0F340600028F1D049E0A4
:1014F0000838024000004742800E4742007000401A
:10150000002021490866FFF701FC054606E0FFF7C9
:10151000FDFB401B022801D90320EFE51B480068B2
:10152000C0F340600028F2D12CE0A069012800D16E
:10153000E4E51648001D0668A069012820D006F4DD
:101540008001E06981421BD106F03F01206A81429F
:1015500016D147F6C0703040616AB0EB811F0FD1E1
:1015600006F440310122A06AC2EB5000B1EB004FFB
:1015700006D106F070612C20005DB1EB006F01D048
:101580000120BBE50020B9E50000474200380240D9
:1015900070B504460E4615460CB9012070BD94F88E
:1015A000490028B9002084F84800204600F01CF8C3
:1015B00004F108012068FFF7E1F93146A2682068CC
:1015C000FFF70AFA2946236BD4E90102FFF7B2F9C3
:1015D000A168206850F8210040F00100A26821684D
:1015E00041F822000020D9E710B586B0044600BFBC
:1015F000002000902248006840F001002049086067
:101600000846006800F00100009000BF00BF00BF66
:10161000002000901A480838006840F00800184977
:10162000083908600846006800F00800009000BF14
:1016300000BF00BF002000900846006840F0100086
:1016400008600846006800F01000009000BF00BF6E
:101650004CF20370019002200290012003900220BE
:1016600004900C20059001A90648FFF741FA4FF6B7
:101670008070019001A90448FFF73AFA06B010BD46
:1016800038380240000C024000100240042808D103
:101690004FF0E021096941F004014FF0E0221161AF
:1016A00007E04FF0E021096921F004014FF0E0224A
:1016B0001161704770B504462546681EB0F1807F01
:1016C00001D301200FE0681E4FF0E02148610F2197
:1016D0004FF0FF3000F032FF00204FF0E021886132
:1016E00007200861002070BD7047704710B50446A0
:1016F0000CB9012010BD94F83D0028B9002084F8F1
:101700003C00204600F026F8022084F83D00211D10
:10171000206800F07FFC012084F8460000BF84F8B8
:101720003E0001213F200155402001554120015537
:1017300000BF00BF012084F842004320015544202F
:1017400001554520015500BF012084F83D000020CF
:10175000D0E7000038B504461E49206888421AD1F7
:1017600000BF00BF002000901B48006840F002004E
:10177000194908600846006800F00200009000BFA8
:1017800000BF00BF002203211D20FFF720FB1D200A
:10179000FFF70DFB1DE011492068884219D100BFF9
:1017A00000BF002000900C48006840F020000A496B
:1017B00008600846006800F02000009000BF00BFED
:1017C00000BF002207213720FFF701FB3720FFF77A
:1017D000EEFA38BD000400404038024000140040DA
:1017E000014691F83D00012801D0012070470220F8
:1017F00081F83D000868C06840F001000B68D860BF
:101800001A4B086898421BD00868B0F1804F17D077
:10181000174B0868984213D0164B086898420FD0AF
:10182000154B086898420BD0144B0868984207D0B3
:10183000134B0868984203D0124B086898420CD1A9
:101840000868806800F00702062A0CD00868006863
:1018500040F001000B68186005E00868006840F07F
:1018600001000B6818600020C0E700000000014084
:101870000004004000080040000C0040000401404B
:101880000040014000180040704710B50446206831
:101890000069C0F34000D8B12068C068C0F34000C0
:1018A000B0B16FF002002168086101202077206844
:1018B000806900F0030018B12046FFF7E5FF05E05E
:1018C000204600F0ADF8204600F0ABF8002020776D
:1018D00020680069C0F38000D8B12068C068C0F3F8
:1018E0008000B0B16FF00400216808610220207709
:1018F0002068806900F4407018B12046FFF7C4FFEB
:1019000005E0204600F08CF8204600F08AF8002020
:10191000207720680069C0F3C000D8B12068C06893
:10192000C0F3C000B0B16FF0080021680861042066
:1019300020772068C06900F0030018B12046FFF747
:10194000A3FF05E0204600F06BF8204600F069F8A0
:101950000020207720680069C0F30010D8B120680B
:10196000C068C0F30010B0B16FF0100021680861CA
:10197000082020772068C06900F4407018B1204624
:10198000FFF782FF05E0204600F04AF8204600F00D
:1019900048F8002020772068006900F0010058B165
:1019A0002068C06800F0010030B16FF001002168CC
:1019B0000861204600F036F820680069C0F3C010C6
:1019C00058B12068C068C0F3C01030B16FF080001B
:1019D000216808612046FFF787FE20680069C0F390
:1019E000801058B12068C068C0F3801030B16FF02B
:1019F000400021680861204600F036F82068006940
:101A0000C0F3401058B12068C068C0F3401030B136
:101A10006FF02000216808612046FFF766FE10BDC8
:101A20007047704710B504460748844205D10748FF
:101A30000068401C0549086005E00548844202D161
:101A400004A0FEF7F9FC10BDC802002050000020E1
:101A50001003002054494D37CAE4B3F62E2E2E2E23
:101A60002E2E2E0D0A0000007047704770470000B0
:101A70002DE9F84F0446206805682068C66820688C
:101A800047694FF00009CA4605F00F09B9F1000F88
:101A90000AD105F0200038B106F0200020B1204620
:101AA00000F059FBBDE8F88FB9F1000F72D007F0D4
:101AB000010018B906F4907000286BD005F0010001
:101AC00030B106F4807018B1206C40F00100206441
:101AD00005F0040030B107F0010018B1206C40F0AF
:101AE0000200206405F0020030B107F0010018B1D7
:101AF000206C40F00400206405F0080048B106F0B6
:101B0000200010B907F0010018B1206C40F0080067
:101B10002064206C70B305F0200028B106F020008E
:101B200010B1204600F017FB20684069C0F3801A0E
:101B3000206C00F0080010B9BAF1000F23D0204645
:101B400000F0DEFA2068406900F04000402816D11D
:101B50002068406920F0400021684861A06B50B1C6
:101B60005648A16B0865A06BFEF7ADFF10B1A06BE6
:101B7000016D88470CE02046FFF778FF08E020461B
:101B8000FFF774FF04E02046FFF770FF0020206499
:101B900088E7FFE7206B012879D105F010000028C5
:101BA00075D006F01000002871D000BF0020009012
:101BB00020680068009020684068009000BF00BF67
:101BC0002068406900F04000402839D1A06B0068CF
:101BD00040681FFA80F8B8F1000F30D0A08D404562
:101BE0002DDDA4F82E80A06BC069B0F5807F1FD0DA
:101BF0002068C06820F480702168C860206840694F
:101C000020F00100216848612068406920F0400010
:101C100021684861202084F83E000020206320686D
:101C2000C06820F010002168C860A06BFEF7F6FEC7
:101C3000A08DE28D801A81B22046FFF716FF31E7B2
:101C4000A08DE18D401A1FFA80F8E08DE8B1B8F15F
:101C5000000F1AD02068C06820F490702168C86016
:101C60002068406920F0010021684861202084F844
:101C70003E00002020632068C06820F0100021682A
:101C8000C86041462046FFF7F0FE0BE7FFE705F08E
:101C9000800030B106F0800018B1204600F0F3FB60
:101CA00000E705F0400030B106F0400018B12046D2
:101CB00000F041FAF6E600BFF4E60000ED2000086F
:101CC00010B504460CB9012010BDA06900B100E0B8
:101CD00000BF94F83D0028B9002084F83C0020465D
:101CE00000F028F8242084F83D002068C06820F423
:101CF00000502168C860204600F08CFA2068006916
:101D000020F49040216808612068406920F02A0092
:101D1000216848612068C06840F400502168C860AC
:101D200000202064202084F83D0084F83E0000203C
:101D3000CAE7000010B586B004462E4920688842E4
:101D400055D100BF00BF002000902B48006840F034
:101D50001000294908600846006800F01000009053
:101D600000BF00BF00BF00BF00BF0020009022489E
:101D70001438006840F001001F4914390860084613
:101D8000006800F00100009000BF00BF00BF00BF6E
:101D900000BF002000900846006840F00100086085
:101DA0000846006800F00100009000BF00BF00BFBF
:101DB0004815019002200290012003900220049017
:101DC0000720059001A90D48FEF792FE4FF48060B0
:101DD00001900720059001A90848FEF789FE2520FB
:101DE000FEF7E5FF032211462520FEF7F0FF06B0BF
:101DF00010BD0000001001404438024000000240C5
:101E000070B504460D46164694F83E00202816D1BB
:101E100005B10EB9012070BD00BF94F83C00012847
:101E200001D10220F7E7012084F83C0000BF002028
:101E3000206332462946204600F002FBEBE70220F1
:101E4000E9E7000010B504462049206888423BD1EC
:101E50001F48008800F4004088BB1D48008800F43B
:101E6000804070B11B4800780A2803D00020184930
:101E7000088024E01648008840F400401449088097
:101E80001DE0144800780D2806D11148008840F460
:101E900080400F49088012E00E4800780C490988FC
:101EA000C1F30D010C4A505409480088401C0849F0
:101EB000088008460088C72801DD0020088001222C
:101EC00004490648FFF79CFF10BD000000100140C8
:101ED000380000203A0000200C010020D40100202E
:101EE000704700BFFEE700BFFEE770472DE9F047EF
:101EF0000C46DDE90867002100258C4600BF60E044
:101F00004FF0010808FA01F504EA050CAC4557D179
:101F1000D0F800804FEA410A4FF0030909FA0AF9A4
:101F200028EA0908C0F80080D0F800804FEA41098B
:101F300002FA09F948EA0908C0F80080012A01D02C
:101F4000022A27D1D0F808804FEA410A4FF003094E
:101F500009FA0AF928EA0908C0F80880D0F80880C8
:101F60004FEA410906FA09F948EA0908C0F8088069
:101F7000D0F804904FF0010808FA01F829EA08099E
:101F8000C0F80490D0F8048003FA01F948EA09087F
:101F9000C0F80480D0F80C804FEA410A4FF00309E2
:101FA00009FA0AF928EA0908C0F80C80D0F80C8070
:101FB0004FEA410907FA09F948EA0908C0F80C8014
:101FC000491C10299CD3BDE8F08710B5FEF7A4FE8C
:101FD00006F03EFC012801D006F030F810BD0000EC
:101FE0000348006840F47000014908607047000031
:101FF00088ED00E010B50248FFF747FC10BD000077
:10200000C802002010B50248FFF73FFC10BD0000D9
:102010001003002010B50268294B98420ED0B0F191
:10202000804F0BD0274B984208D0274B984205D0C1
:10203000264B984202D0264B984203D122F07002E0
:102040004B681A431E4B984220D0B0F1804F1DD0F0
:102050001C4B98421AD01C4B984217D01B4B9842ED
:1020600014D01B4B984211D01A4B98420ED01A4BE9
:1020700098420BD0194B984208D0194B984205D082
:10208000184B984202D0184B984203D122F4407268
:10209000CB681A4322F080034C6943EA04020260D1
:1020A0008B68C3620B688362054B984202D0084B71
:1020B000984201D10B6903630123436110BD000005
:1020C000000001400004004000080040000C0040F7
:1020D000000401400040014000440140004801402C
:1020E00000180040001C00400020004070B505466C
:1020F000AC6B0020E085E0842046FFF7B7FC70BDA4
:102100000168C96821F490710268D1600168496969
:1021100021F0010102685161016B012905D10168BB
:10212000C96821F010010268D160202180F83E10BA
:1021300000210163704710B504462068C06820F094
:1021400040002168C860202084F83D002046FFF749
:10215000C7FE002010BD70B5044694F83E0022284A
:1021600056D1A068B0F5805F0CD1206950B9002528
:10217000A66A20684068C0F308003080A06A801C0E
:10218000A06215E0A56A0026A068B0F5805F03D0C4
:10219000A06828B9206918B920684068287004E050
:1021A0002068406800F07F002870A06A401CA06290
:1021B000E08D401E80B2E08540BB2068C06820F002
:1021C00020002168C8602068C06820F48070216801
:1021D000C8602068406920F0010021684861202023
:1021E00084F83E00206B01280AD12068C06820F0E6
:1021F00010002168C860A18D2046FFF736FC02E080
:102200002046FFF71FFE0020206370BD0020FCE782
:102210000220FAE72DE9F84F04462068006920F40F
:102220004050E1680843216808612169A0680843BB
:1022300061690843E169084300902068C06849F279
:102240000C618843009908432168C8602068406990
:1022500020F44070A16908432168486176492068EC
:10226000884203D075492068884203D1FEF7DAFE20
:10227000814602E0FEF7C6FE8146E069B0F5004FF8
:102280006CD102206168A0FB015003461920A9FB14
:10229000007001462A463846FEF757F86421B0FB25
:1022A000F1F04FEA001A02206168A0FB01510B46D1
:1022B0001920A9FB00712A463846FEF746F88346E6
:1022C00002206168A0FB015003461920A9FB0071A0
:1022D0002A463846FEF739F86421B0FBF1F000EBEE
:1022E000C00101EB0010ABEB8000322101EBC0001C
:1022F0006421B0FBF1F000F0F8000AEB400A022084
:102300006168A0FB015003461920A9FB007001463B
:102310002A463846FEF719F8834602206168A0FB7A
:10232000015003461920A9FB00712A463846FEF7E2
:102330000CF86421B0FBF1F000EBC00101EB0010E0
:10234000ABEB8000322101EBC0006421B0FBF1F067
:1023500000F007005044216888606AE0042061684A
:10236000A0FB015003461920A9FB007001462A4634
:102370003846FDF7EAFF824604206168A0FB015061
:1023800003461920A9FB007001462A463846FDF78E
:10239000DCFF6421B0FBF1F000EBC00101EB0010A9
:1023A000AAEB8000322101EB00106421B0FBF1F0B8
:1023B00000F0F00A04206168A0FB017003461920B8
:1023C000A9FB00513A462846FDF7BFFF6421B0FB48
:1023D000F1F00AEB001A04206168A0FB01510B46E2
:1023E0001920A9FB00712A463846FDF7AEFF834647
:1023F00004206168A0FB015003461920A9FB00706E
:1024000001462A463846FDF7A0FF6421B0FBF1F0F3
:1024100000EBC00101EB0010ABEB8000322101EBBF
:1024200000106421B0FBF1F000F00F00504421686F
:102430008860BDE8F88F00000010014000140140E2
:1024400010B5034699629A85DA8500201864222027
:1024500083F83E0000BF002083F83C0000BF1868EE
:10246000C06840F480701C68E0601868406940F003
:1024700001001C6860611868C06840F020001C689A
:10248000E060002010BD014691F83D00212828D1D0
:102490008868B0F5805F0BD1086948B90A6A10886E
:1024A000C0F308000B685860086A801C086205E0E9
:1024B0000B6A581C086218780B685860C88C401E5C
:1024C00080B2C88458B90868C06820F080000B68E2
:1024D000D8600868C06840F040000B68D8600020F1
:1024E00070470220FCE7000010B50248FFF7C0FA71
:1024F00010BD0000D401002000BFFEE770B506212A
:10250000302004F0E3FE302004F0F0FD0546062DF7
:1025100003D00621302004F0D9FE002403E006F0A9
:1025200055FD601C84B2C82CF9DB70BD0248006800
:10253000C0F30220704700000CED00E010B5002849
:1025400004DB0A07130E054A135406E00A07140EAB
:10255000034A00F00F031B1FD45410BD00E400E039
:1025600018ED00E000BF704700F00101194A11604A
:10257000C0F34001184AC2F88412C0F38001154A22
:1025800008321160C0F30011121F1160C0F3401136
:10259000104A3C321160C0F38011104A1160C0F340
:1025A000C0110C4A38321160C0F300210B4A121DD1
:1025B0001160C0F34021074A34321160C0F380211A
:1025C000044A14321160C0F3C021024A0C32116077
:1025D0007047000080824242000043429002434222
:1025E00070B505460C460748074908600846446030
:1025F00000218160C5600161FFF778F80248FFF7AC
:10260000EFF870BD00040040C802002000F0010196
:10261000104A1160C0F340010F4AC2F8BC12C0F367
:1026200080010C4A383A1160C0F3C001121D1160DC
:10263000C0F30011094A1160C0F34011121D11606E
:10264000C0F38011121D1160C109054AC2F8A81219
:1026500070470000B8824142008041429C024242E1
:102660000000424270B504460420FFF70FF80A4804
:10267000046025464FF47A7045434FF0E02000692E
:1026800040F002004FF0E021086108464561006912
:1026900040F00100086170BD3000002030B50446F4
:1026A000002504E04FF47A7000F004F86D1CA54298
:1026B000F8D330BD70B5034600224FF0E0267569AF
:1026C0000D4E366803FB06F44FF0E026B16910E0CA
:1026D0004FF0E026B06988420BD0884202D20E1A31
:1026E000324402E02E1A0E4432440146A24200D384
:1026F00000E0EDE700BF70BD3000002000BF054ADC
:10270000126802F04002002AF9D0C2B2014B5A60AE
:1027100070470000001001400EB54FF4784025A12D
:1027200020221346CDE900210290DC220A2108462E
:1027300003F02EFB4FF4784020A118221346CDE978
:1027400000210290DC222F210A2003F021FB4FF40C
:1027500078401FA110221346CDE900210290DC220F
:102760004C210A2003F014FB03220021012005F074
:102770007FFC1B4908600846006818B119A0FDF7E6
:102780005BFE02E01EA0FDF757FE00231A46194625
:102790001348006805F032FD204801210023802203
:1027A000CDE900101EA1214806F022F805F088FAB4
:1027B0000EBD000053544D33320000004672656573
:1027C00052544F5320506F7274696E6700000000BE
:1027D00041544F4D40414C49454E54454B0000003B
:1027E00014000020B6FED6B5D0C5BAC5C1BFB4B47A
:1027F000BDA8B3C9B9A6A3A1A3A10D0A00000000FA
:10280000B6FED6B5D0C5BAC5C1BFB4B4BDA8CAA7B7
:10281000B0DCA3A1A3A10D0A000000000400002069
:1028200073746172745F7461736B0000B17300083C
:102830001DE00FA0FDF700FE4FF0FF3113480068C8
:1028400005F08EFE12A0FDF7F7FD4FF47A70FFF74A
:1028500025FF16A0FDF7F0FD00231A4619460B4888
:10286000006805F0CBFC4FF47A7005F02FF8E0E734
:10287000686967685F7461736BBBF1C8A1D0C5BA42
:10288000C5C1BFA3A1A3A1A3A10D0A0014000020EC
:10289000686967685F7461736BD5FDD4DAD4CBD097
:1028A000D0A3A1A3A1A3A10D0A00000068696768D5
:1028B0005F7461736BCACDB7C5D0C5BAC5C1BFA3BC
:1028C000A1A3A1A3A10D0A0000B587B000BF00BF5E
:1028D000002001903848006840F010003649086038
:1028E0000846006800F01000019000BF00BF00BF64
:1028F00000BF00BF002001900846006840F01000B3
:1029000008600846006800F01000019000BF00BF9A
:1029100000BF00BF00BF002001900846006840F0E3
:10292000100008600846006800F01000019000BF29
:1029300000BF00BF00BF00BF002001900846006834
:1029400040F0010008600846006800F001000190B6
:1029500000BF00BF00BF10200290002003900120A4
:1029600004900220059002A91448FEF7C1F808203F
:10297000029000200390012004900220059002A9FB
:102980000E48FEF7B5F804200290002003900120C5
:1029900004900220059002A90848FEF7A9F801203A
:1029A00002900020039002200490059002A90448A0
:1029B000FEF79EF807B000BD30380240001002401C
:1029C0000000024070B5044600260948058840888A
:1029D00045430021084603F0ABF803F057FA00BF67
:1029E00002E004480480761CAE42FAD370BD0000B9
:1029F000680200208000006C10B5044658488471BD
:102A0000002C58D1F020564908804FF4A07048801F
:102A10000846808845F21051884210D14FF430505A
:102A20004F4908814FF4285048814FF42C50888139
:102A30004FF4F07008804FF4487048801AE048481E
:102A4000808841F6631188420DD12C2044490881C9
:102A50002B2048812A2088814FF4F07008804FF4A1
:102A60004870488006E02C203D4908812A20488192
:102A70002B2088813A48808845F21031884205D061
:102A80003748808847F29671884206D14FF4A0708B
:102A9000334908804FF4F07048803148808849F607
:102AA0000601884258D14FF4F0702D4908804FF448
:102AB0004870488050E04FF4A07029490880F02009
:102AC00048800846808845F21051884210D14FF462
:102AD0003050234908814FF4285048814FF42C503E
:102AE00088814FF4487008804FF4F070488020E0EF
:102AF0001B48808841F66311884205D018488088B9
:102B000049F6060188420DD12C20154908812A205A
:102B100048812B2088814FF4487008804FF4F07072
:102B2000488006E02C200E4908812A2048812B206D
:102B300088810B48808845F21031884205D00848CA
:102B4000808847F29671884206D14FF4F0700449AC
:102B500008804FF4A0704880002002F0CBFE10BD2A
:102B60006802002070B505460E46144631462846D8
:102B700002F0DEFF03F08AF901490C8070BD00000D
:102B80008000006C10B5CF2003F074F9002003F032
:102B900065F9C12003F062F9302003F05FF9ED2000
:102BA00003F068F9642003F059F9032003F056F9A3
:102BB000122003F053F9812003F050F9E82003F0CC
:102BC00059F9852003F04AF9102003F047F97A20DB
:102BD00003F044F9CB2003F04DF9392003F03EF91E
:102BE0002C2003F03BF9002003F038F9342003F0E7
:102BF00035F9022003F032F9F72003F03BF92020E9
:102C000003F02CF9EA2003F035F9002003F026F94F
:102C1000002003F023F9C02003F02CF91B2003F05F
:102C20001DF9C12003F026F9012003F017F9C52092
:102C300003F020F9302003F011F9302003F00EF9F1
:102C4000C72003F017F9B72003F008F9362003F086
:102C500011F9482003F002F93A2003F00BF955204E
:102C600003F0FCF8B12003F005F9002003F0F6F8BA
:102C70001A2003F0F3F8B62003F0FCF80A2003F062
:102C8000EDF8A22003F0EAF8F22003F0F3F80020B8
:102C900003F0E4F8262003F0EDF8012003F0DEF85D
:102CA000E02003F0E7F80F2003F0D8F82A2003F023
:102CB000D5F8282003F0D2F8082003F0CFF80E2032
:102CC00003F0CCF8082003F0C9F8542003F0C6F84C
:102CD000A92003F0C3F8432003F0C0F80A2003F052
:102CE000BDF80F2003F0BAF8002003F0B7F8002079
:102CF00003F0B4F8002003F0B1F8002003F0AEF8C0
:102D0000E12003F0B7F8002003F0A8F8152003F045
:102D1000A5F8172003F0A2F8072003F09FF8112070
:102D200003F09CF8062003F099F82B2003F096F8A6
:102D3000562003F093F83C2003F090F8052003F0B0
:102D40008DF8102003F08AF80F2003F087F83F2059
:102D500003F084F83F2003F081F80F2003F07EF8A1
:102D60002B2003F087F8002003F078F8002003F010
:102D700075F8012003F072F83F2003F06FF82A2065
:102D800003F078F8002003F069F8002003F066F8FB
:102D9000002003F063F8EF2003F060F8112003F047
:102DA00069F87820FFF77AFC292003F063F810BD5A
:102DB00010B5FF2003F05EF8FF2003F04FF89820D5
:102DC00003F04CF8062003F049F8BC2003F052F859
:102DD000012003F043F80F2003F040F8612003F0D6
:102DE0003DF8FF2003F03AF8012003F037F8012006
:102DF00003F034F80B2003F031F8102003F02EF824
:102E0000372003F02BF8632003F028F8FF2003F0AD
:102E100025F8FF2003F022F8012003F01FF801201D
:102E200003F01CF8002003F019F8002003F016F856
:102E3000FF2003F013F8522003F010F8012003F0F4
:102E40000DF8002003F00AF8402003F007F8BD2039
:102E500003F010F8012003F001F8232002F0FEFF38
:102E6000452002F0FBFF672002F0F8FF012002F08E
:102E7000F5FF232002F0F2FF452002F0EFFF67206C
:102E800002F0ECFFBE2002F0F5FF002002F0E6FFAA
:102E9000012002F0E3FFAB2002F0E0FF602002F02F
:102EA000DDFF222002F0DAFF222002F0D7FF2220ED
:102EB00002F0D4FF222002F0D1FF222002F0CEFF48
:102EC000C72002F0D7FF362002F0C8FFED2002F045
:102ED000D1FF7F2002F0C2FF0F2002F0BFFFC02011
:102EE00002F0C8FF0F2002F0B9FF0B2002F0B6FF7E
:102EF0000A2002F0B3FFFC2002F0BCFF082002F021
:102F0000ADFFDF2002F0B6FF002002F0A7FF002097
:102F100002F0A4FF002002F0A1FF002002F09EFFBB
:102F2000002002F09BFF202002F098FFF32002F027
:102F3000A1FF742002F092FFB42002F09BFF00205A
:102F400002F08CFF002002F089FF002002F086FFD3
:102F5000F72002F08FFF822002F080FFB12002F004
:102F600089FF002002F07AFF132002F077FF132080
:102F700002F074FFF22002F07DFF802002F06EFF6D
:102F8000042002F06BFF402002F068FF282002F0CE
:102F900065FFC12002F06EFF172002F05FFF88205E
:102FA00002F05CFF882002F059FF202002F056FF5B
:102FB000E02002F05FFF002002F050FF0A2002F044
:102FC0004DFF122002F04AFF102002F047FF0E20B2
:102FD00002F044FF202002F041FFCC2002F03EFF2F
:102FE000072002F03BFF062002F038FF0B2002F022
:102FF00035FF0E2002F032FF0F2002F02FFF0D20D0
:1030000002F02CFF152002F029FF102002F026FF0D
:10301000002002F023FFE12002F02CFF002002F04C
:103020001DFF0B2002F01AFF132002F017FF0D20E6
:1030300002F014FF0E2002F011FF1B2002F00EFF21
:10304000712002F00BFF062002F008FF062002F0BC
:1030500005FF0A2002F002FF0F2002F0FFFE0E2003
:1030600002F0FCFE0F2002F0F9FE152002F0F6FE41
:103070000C2002F0F3FE002002F0F0FE2A2002F005
:10308000F9FE002002F0EAFE002002F0E7FE012037
:1030900002F0E4FEDF2002F0E1FE2B2002F0EAFE67
:1030A000002002F0DBFE002002F0D8FE032002F038
:1030B000D5FE1F2002F0D2FE3A2002F0DBFE5520A2
:1030C00002F0CCFE362002F0D5FE002002F0C6FE53
:1030D000112002F0CFFE7820FFF7E0FA292002F05D
:1030E000C9FE1420FFF7DAFA2C2002F0C3FE10BD4F
:1030F00010B5ED2002F0BEFE012002F0AFFEFE2072
:1031000002F0ACFEEE2002F0B5FEDE2002F0A6FEDC
:10311000212002F0A3FEF12002F0ACFE012002F01B
:103120009DFEDF2002F0A6FE102002F097FEC420D4
:1031300002F0A0FE8F2002F091FEC62002F09AFE5F
:10314000002002F08BFEE22002F088FEE22002F076
:1031500085FEE22002F082FEBF2002F08BFEAA2054
:1031600002F07CFEB02002F085FE0D2002F076FE1B
:10317000002002F073FE0D2002F070FE002002F02D
:103180006DFE112002F06AFE002002F067FE192099
:1031900002F064FE002002F061FE212002F05EFEDB
:1031A000002002F05BFE2D2002F058FE002002F00D
:1031B00055FE3D2002F052FE002002F04FFE5D2041
:1031C00002F04CFE002002F049FE5D2002F046FEB7
:1031D000002002F043FEB12002F04CFE802002F0FD
:1031E0003DFE002002F03AFE8B2002F037FE002068
:1031F00002F034FE962002F031FE002002F02EFE96
:10320000B22002F037FE002002F028FE002002F07B
:1032100025FE022002F022FE002002F01FFE032005
:1032200002F01CFE002002F019FEB32002F022FE84
:10323000002002F013FE002002F010FE002002F039
:103240000DFE002002F00AFE002002F007FE002022
:1032500002F004FE002002F001FE002002F0FEFD5C
:10326000002002F0FBFD002002F0F8FD002002F03B
:10327000F5FD002002F0F2FD002002F0EFFD00203D
:1032800002F0ECFD002002F0E9FD002002F0E6FD76
:10329000002002F0E3FD002002F0E0FD002002F03B
:1032A000DDFD002002F0DAFD002002F0D7FD002055
:1032B00002F0D4FD002002F0D1FD002002F0CEFD8E
:1032C000B42002F0D7FD8B2002F0C8FD002002F0F0
:1032D000C5FD962002F0C2FD002002F0BFFDA12036
:1032E00002F0BCFD002002F0B9FDB52002F0C2FDE5
:1032F000022002F0B3FD002002F0B0FD032002F036
:10330000ADFD002002F0AAFD042002F0A7FD002080
:1033100002F0A4FDB62002F0ADFD002002F09EFDFB
:10332000002002F09BFDB72002F0A4FD002002F077
:1033300095FD002002F092FD3F2002F08FFD00205D
:1033400002F08CFD5E2002F089FD002002F086FD77
:10335000642002F083FD002002F080FD8C2002F04A
:103360007DFD002002F07AFDAC2002F077FD002008
:1033700002F074FDDC2002F071FD002002F06EFD11
:10338000702002F06BFD002002F068FD902002F03A
:1033900065FD002002F062FDEB2002F05FFD0020E1
:1033A00002F05CFDDC2002F059FD002002F056FD29
:1033B000B82002F05FFD002002F050FD002002F076
:1033C0004DFD002002F04AFD002002F047FD0020E4
:1033D00002F044FD002002F041FD002002F03EFD1D
:1033E000002002F03BFDBA2002F044FD242002F050
:1033F00035FD002002F032FD002002F02FFD0020FC
:1034000002F02CFDC12002F035FD202002F026FD47
:10341000002002F023FD542002F020FD002002F0E5
:103420001DFDFF2002F01AFD002002F017FDC22052
:1034300002F020FD0A2002F011FD002002F00EFD36
:10344000042002F00BFD002002F008FDC32002F072
:1034500011FD3C2002F002FD002002F0FFFC3A20AA
:1034600002F0FCFC002002F0F9FC392002F0F6FC2E
:10347000002002F0F3FC372002F0F0FC002002F004
:10348000EDFC3C2002F0EAFC002002F0E7FC3620D4
:1034900002F0E4FC002002F0E1FC322002F0DEFC4D
:1034A000002002F0DBFC2F2002F0D8FC002002F00C
:1034B000D5FC2C2002F0D2FC002002F0CFFC292009
:1034C00002F0CCFC002002F0C9FC262002F0C6FC71
:1034D000002002F0C3FC242002F0C0FC002002F017
:1034E000BDFC242002F0BAFC002002F0B7FC23202F
:1034F00002F0B4FC002002F0B1FC3C2002F0AEFC73
:10350000002002F0ABFC362002F0A8FC002002F004
:10351000A5FC322002F0A2FC002002F09FFC2F202C
:1035200002F09CFC002002F099FC2C2002F096FC9A
:10353000002002F093FC292002F090FC002002F011
:103540008DFC262002F08AFC002002F087FC24205B
:1035500002F084FC002002F081FC242002F07EFCBA
:10356000002002F07BFC232002F078FC002002F017
:1035700075FCC42002F07EFC622002F06FFC00208B
:1035800002F06CFC052002F069FC002002F066FCF1
:10359000842002F063FC002002F060FCF02002F0C6
:1035A0005DFC002002F05AFC182002F057FC0020BD
:1035B00002F054FCA42002F051FC002002F04EFC6A
:1035C000182002F04BFC002002F048FC502002F0D2
:1035D00045FC002002F042FC0C2002F03FFC0020E1
:1035E00002F03CFC172002F039FC002002F036FC0F
:1035F000952002F033FC002002F030FCF32002F0B2
:103600002DFC002002F02AFCE62002F027FC00201E
:1036100002F024FCC52002F02DFC322002F01EFC3A
:10362000002002F01BFC442002F018FC002002F0F5
:1036300015FC652002F012FC002002F00FFC762041
:1036400002F00CFC002002F009FC882002F006FCCD
:10365000002002F003FCC62002F00CFC202002F047
:10366000FDFB002002F0FAFB172002F0F7FB002020
:1036700002F0F4FB012002F0F1FB002002F0EEFB6F
:10368000C72002F0F7FB002002F0E8FB002002F068
:10369000E5FB002002F0E2FB002002F0DFFBC82087
:1036A00002F0E8FB002002F0D9FB002002F0D6FB7C
:1036B000002002F0D3FB002002F0D0FBC92002F072
:1036C000D9FB002002F0CAFB002002F0C7FB00205B
:1036D00002F0C4FB002002F0C1FB002002F0BEFBA0
:1036E000002002F0BBFB002002F0B8FB002002F03B
:1036F000B5FB002002F0B2FB002002F0AFFB00207F
:1037000002F0ACFB002002F0A9FB002002F0A6FBB7
:10371000002002F0A3FB002002F0A0FB002002F03A
:103720009DFBE02002F0A6FB162002F097FB002094
:1037300002F094FB1C2002F091FB002002F08EFBB3
:10374000212002F08BFB002002F088FB362002F0E3
:1037500085FB002002F082FB462002F07FFB002068
:1037600002F07CFB522002F079FB002002F076FB95
:10377000642002F073FB002002F070FB7A2002F05C
:103780006DFB002002F06AFB8B2002F067FB00203B
:1037900002F064FB992002F061FB002002F05EFB66
:1037A000A82002F05BFB002002F058FBB92002F0D9
:1037B00055FB002002F052FBC42002F04FFB00201A
:1037C00002F04CFBCA2002F049FB002002F046FB4D
:1037D000D22002F043FB002002F040FBD92002F08F
:1037E0003DFB002002F03AFBE02002F037FB002016
:1037F00002F034FBF32002F031FB002002F02EFB3C
:10380000E12002F037FB162002F028FB002002F036
:1038100025FB1C2002F022FB002002F01FFB2220CF
:1038200002F01CFB002002F019FB362002F016FB10
:10383000002002F013FB452002F010FB002002F0F4
:103840000DFB522002F00AFB002002F007FB64206F
:1038500002F004FB002002F001FB7A2002F0FEFAE5
:10386000002002F0FBFA8B2002F0F8FA002002F0B0
:10387000F5FA992002F0F2FA002002F0EFFAA820FF
:1038800002F0ECFA002002F0E9FAB92002F0E6FAC0
:10389000002002F0E3FAC42002F0E0FA002002F077
:1038A000DDFACA2002F0DAFA002002F0D7FAD220BC
:1038B00002F0D4FA002002F0D1FAD82002F0CEFAB9
:1038C000002002F0CBFAE02002F0C8FA002002F05B
:1038D000C5FAF32002F0C2FA002002F0BFFAE2209B
:1038E00002F0C8FA052002F0B9FA002002F0B6FA98
:1038F0000B2002F0B3FA002002F0B0FA1B2002F015
:10390000ADFA002002F0AAFA342002F0A7FA002053
:1039100002F0A4FA442002F0A1FA002002F09EFA7C
:103920004F2002F09BFA002002F098FA612002F08A
:1039300095FA002002F092FA792002F08FFA002026
:1039400002F08CFA882002F089FA002002F086FA50
:10395000972002F083FA002002F080FAA62002F0FD
:103960007DFA002002F07AFAB72002F077FA002000
:1039700002F074FAC22002F071FA002002F06EFA2E
:10398000C72002F06BFA002002F068FAD12002F0A2
:1039900065FA002002F062FAD62002F05FFA0020F9
:1039A00002F05CFADD2002F059FA002002F056FA2B
:1039B000F32002F053FA002002F050FAE32002F064
:1039C00059FA052002F04AFA002002F047FA0A20CC
:1039D00002F044FA002002F041FA1C2002F03EFA04
:1039E000002002F03BFA332002F038FA002002F007
:1039F00035FA442002F032FA002002F02FFA50206B
:103A000002F02CFA002002F029FA622002F026FAD5
:103A1000002002F023FA782002F020FA002002F0C1
:103A20001DFA882002F01AFA002002F017FA9720F7
:103A300002F014FA002002F011FAA62002F00EFAA9
:103A4000002002F00BFAB72002F008FA002002F082
:103A500005FAC22002F002FA002002F0FFF9C720A6
:103A600002F0FCF9002002F0F9F9D12002F0F6F999
:103A7000002002F0F3F9D52002F0F0F9002002F066
:103A8000EDF9DD2002F0EAF9002002F0E7F9F32079
:103A900002F0E4F9002002F0E1F9E42002F0EAF992
:103AA000012002F0DBF9002002F0D8F9012002F039
:103AB000D5F9002002F0D2F9022002F0CFF900205F
:103AC00002F0CCF92A2002F0C9F9002002F0C6F970
:103AD0003C2002F0C3F9002002F0C0F94B2002F0B4
:103AE000BDF9002002F0BAF95D2002F0B7F900201C
:103AF00002F0B4F9742002F0B1F9002002F0AEF93E
:103B0000842002F0ABF9002002F0A8F9932002F023
:103B1000A5F9002002F0A2F9A22002F09FF90020EE
:103B200002F09CF9B32002F099F9002002F096F916
:103B3000BE2002F093F9002002F090F9C42002F0B8
:103B40008DF9002002F08AF9CD2002F087F90020DB
:103B500002F084F9D32002F081F9002002F07EF90E
:103B6000DD2002F07BF9002002F078F9F32002F06A
:103B700075F9002002F072F9E52002F07BF90020CF
:103B800002F06CF9002002F069F9002002F066F9F9
:103B9000002002F063F9022002F060F9002002F038
:103BA0005DF9292002F05AF9002002F057F93C2073
:103BB00002F054F9002002F051F94B2002F04EF9C6
:103BC000002002F04BF95D2002F048F9002002F0DD
:103BD00045F9742002F042F9002002F03FF98420F8
:103BE00002F03CF9002002F039F9932002F036F996
:103BF000002002F033F9A22002F030F9002002F098
:103C00002DF9B32002F02AF9002002F027F9BE2096
:103C100002F024F9002002F021F9C42002F01EF97C
:103C2000002002F01BF9CD2002F018F9002002F06C
:103C300015F9D32002F012F9002002F00FF9DC2070
:103C400002F00CF9002002F009F9F32002F006F965
:103C5000002002F003F9E62002F00CF9112002F036
:103C6000FDF8002002F0FAF8342002F0F7F8002006
:103C700002F0F4F8562002F0F1F8002002F0EEF81D
:103C8000762002F0EBF8002002F0E8F8772002F04E
:103C9000E5F8002002F0E2F8662002F0DFF80020EC
:103CA00002F0DCF8882002F0D9F8002002F0D6F803
:103CB000992002F0D3F8002002F0D0F8BB2002F0E7
:103CC000CDF8002002F0CAF8992002F0C7F80020D1
:103CD00002F0C4F8662002F0C1F8002002F0BEF83D
:103CE000552002F0BBF8002002F0B8F8552002F091
:103CF000B5F8002002F0B2F8452002F0AFF800203D
:103D000002F0ACF8432002F0A9F8002002F0A6F877
:103D1000442002F0A3F8002002F0A0F8E72002F00F
:103D2000A9F8322002F09AF8002002F097F8552006
:103D300002F094F8002002F091F8762002F08EF85C
:103D4000002002F08BF8662002F088F8002002F0D4
:103D500085F8672002F082F8002002F07FF86720E3
:103D600002F07CF8002002F079F8872002F076F863
:103D7000002002F073F8992002F070F8002002F0A1
:103D80006DF8BB2002F06AF8002002F067F8992075
:103D900002F064F8002002F061F8772002F05EF88B
:103DA000002002F05BF8442002F058F8002002F0F6
:103DB00055F8562002F052F8002002F04FF8232068
:103DC00002F04CF8002002F049F8332002F046F8E7
:103DD000002002F043F8452002F040F8002002F0F5
:103DE0003DF8E82002F046F8002002F037F8002005
:103DF00002F034F8992002F031F8002002F02EF899
:103E0000872002F02BF8002002F028F8882002F02A
:103E100025F8002002F022F8772002F01FF8002099
:103E200002F01CF8662002F019F8002002F016F8E3
:103E3000882002F013F8002002F010F8AA2002F007
:103E40000DF8002002F00AF8BB2002F007F800206D
:103E500002F004F8992002F001F8002001F0FEFFC2
:103E6000662001F0FBFF002001F0F8FF552001F073
:103E7000F5FF002001F0F2FF552001F0EFFF0020D8
:103E800001F0ECFF442001F0E9FF002001F0E6FF23
:103E9000442001F0E3FF002001F0E0FF552001F095
:103EA000DDFF002001F0DAFFE92001F0E3FFAA20A6
:103EB00001F0D4FF002001F0D1FF002001F0CEFF7F
:103EC000002001F0CBFF002001F0D4FFAA2001F078
:103ED000C5FFCF2001F0CEFF002001F0BFFF002082
:103EE00001F0BCFF002001F0B9FF002001F0B6FF97
:103EF000002001F0B3FF002001F0B0FF002001F02E
:103F0000ADFF002001F0AAFF002001F0A7FF002074
:103F100001F0A4FF002001F0A1FF002001F09EFFAE
:103F2000002001F09BFF002001F098FF002001F02D
:103F300095FF002001F092FF002001F08FFFF0209C
:103F400001F098FF002001F089FF502001F086FF6A
:103F5000002001F083FF002001F080FF002001F02D
:103F60007DFFF32001F086FF002001F077FFF920AC
:103F700001F080FF062001F071FF102001F06EFFBC
:103F8000292001F06BFF002001F068FF3A2001F0CA
:103F900071FF552001F062FF112001F06BFF6420DA
:103FA000FEF77CFB292001F065FF352001F062FF60
:103FB000002001F053FF512001F05CFFFF2001F0D1
:103FC0004DFF532001F056FF2C2001F047FF5520F4
:103FD00001F050FF822001F041FF2C2001F04AFF48
:103FE00010BD10B555214FF4704001F059FFAA21C2
:103FF0004FF2010001F054FF52214FF2020001F094
:104000004FFF08214FF2030001F04AFF01214FF258
:10401000040001F045FF0D214FF4304001F040FF56
:104020000D214BF2010001F03BFF0D214BF202008C
:1040300001F036FF34214FF4364001F031FF3421D6
:104040004BF2016001F02CFF34214BF2026001F0D1
:1040500027FF0D214FF4314001F022FF0D214BF2DB
:10406000011001F01DFF0D214BF2021001F018FFAD
:1040700034214FF4374001F013FF34214BF201702B
:1040800001F00EFF34214BF2027001F009FF002114
:104090004FF4324001F004FF00214BF2012001F007
:1040A000FFFE00214BF2022001F0FAFE24214FF422
:1040B000384001F0F5FE24214BF6010001F0F0FE3E
:1040C00024214BF6020001F0EBFE01214FF43F40AA
:1040D00001F0E6FE0F214FF4334001F0E1FE0F2125
:1040E0004BF2013001F0DCFE0F214BF2023001F007
:1040F000D7FE34214FF4394001F0D2FE34214BF683
:10410000011001F0CDFE34214BF6021001F0C8FE83
:1041100008214FF4354001F0C3FE08214BF2015055
:1041200001F0BEFE08214BF2025001F0B9FE03215E
:104130004FF4424001F0B4FE24214FF43A4001F024
:10414000AFFE24214BF6012001F0AAFE24214BF6FC
:10415000022001F0A5FE00214FF43C4001F0A0FE3A
:1041600078214BF6014001F09BFE00214BF6024006
:1041700001F096FE00214FF43D4001F091FE7821C0
:104180004BF6015001F08CFE00214BF6025001F07D
:1041900087FE00214FF43E4001F082FE64214BF681
:1041A000016001F07DFE00214FF4514001F078FEE6
:1041B00033214DF2011001F073FE00214DF2021087
:1041C00001F06EFE34214DF2031001F069FE002172
:1041D0004DF2041001F064FE3A214DF2051001F099
:1041E0005FFE00214DF2061001F05AFE4A214DF209
:1041F000071001F055FE00214DF2081001F050FEAD
:104200005C214DF2091001F04BFE00214DF20A1025
:1042100001F046FE81214DF20B1001F041FE00211C
:104220004DF20C1001F03CFEA6214DF20D1001F0F4
:1042300037FE00214DF20E1001F032FEE5214DF265
:104240000F1001F02DFE01214DF2101001F028FE9B
:1042500013214DF2111001F023FE01214DF2121035
:1042600001F01EFE54214DF2131001F019FE012140
:104270004DF2141001F014FE82214DF2151001F0E0
:104280000FFE01214DF2161001F00AFECA214DF277
:10429000171001F005FE02214DF2181001F000FE8A
:1042A00000214DF2191001F0FBFD02214DF21A1010
:1042B00001F0F6FD01214DF21B1001F0F1FD02218C
:1042C0004DF21C1001F0ECFD34214DF21D1001F0F7
:1042D000E7FD02214DF21E1001F0E2FD67214DF2D3
:1042E0001F1001F0DDFD02214DF2201001F0D8FD7C
:1042F00084214DF2211001F0D3FD02214DF2221054
:1043000001F0CEFDA4214DF2231001F0C9FD0221E0
:104310004DF2241001F0C4FDB7214DF2251001F03B
:10432000BFFD02214DF2261001F0BAFDCF214DF262
:10433000271001F0B5FD02214DF2281001F0B0FD6B
:10434000DE214DF2291001F0ABFD02214DF22A10C1
:1043500001F0A6FDF2214DF22B1001F0A1FD02218A
:104360004DF22C1001F09CFDFE214DF22D1001F0BC
:1043700097FD03214DF22E1001F092FD10214DF218
:104380002F1001F08DFD03214DF2301001F088FD5A
:1043900033214DF2311001F083FD03214DF2321033
:1043A00001F07EFD6D214DF2331001F079FD002109
:1043B0004FF4524001F074FD33214DF2012001F021
:1043C0006FFD00214DF2022001F06AFD34214DF213
:1043D000032001F065FD00214DF2042001F060FD95
:1043E0003A214DF2052001F05BFD00214DF206203F
:1043F00001F056FD4A214DF2072001F051FD002148
:104400004DF2082001F04CFD5C214DF2092001F035
:1044100047FD00214DF20A2001F042FD81214DF2BD
:104420000B2001F03DFD00214DF20C2001F038FD84
:10443000A6214DF20D2001F033FD00214DF20E209A
:1044400001F02EFDE5214DF20F2001F029FD0121A3
:104450004DF2102001F024FD13214DF2112001F046
:104460001FFD01214DF2122001F01AFD54214DF2E1
:10447000132001F015FD01214DF2142001F010FD73
:1044800082214DF2152001F00BFD01214DF2162085
:1044900001F006FDCA214DF2172001F001FD0221B5
:1044A0004DF2182001F0FCFC00214DF2192001F022
:1044B000F7FC02214DF21A2001F0F2FC01214DF22D
:1044C0001B2001F0EDFC02214DF21C2001F0E8FC64
:1044D00034214DF21D2001F0E3FC02214DF21E209B
:1044E00001F0DEFC67214DF21F2001F0D9FC022112
:1044F0004DF2202001F0D4FC84214DF2212001F066
:10450000CFFC02214DF2222001F0CAFCA4214DF281
:10451000232001F0C5FC02214DF2242001F0C0FC53
:10452000B7214DF2252001F0BBFC02214DF22620DF
:1045300001F0B6FCCF214DF2272001F0B1FC0221A1
:104540004DF2282001F0ACFCDE214DF2292001F0D3
:10455000A7FC02214DF22A2001F0A2FCF2214DF22B
:104560002B2001F09DFC02214DF22C2001F098FC43
:10457000FE214DF22D2001F093FC03214DF22E205F
:1045800001F08EFC10214DF22F2001F089FC032157
:104590004DF2302001F084FC33214DF2312001F046
:1045A0007FFC03214DF2322001F07AFC6D214DF2A7
:1045B000332001F075FC00214FF4534001F070FCF2
:1045C00033214DF2013001F06BFC00214DF202303D
:1045D00001F066FC34214DF2033001F061FC002152
:1045E0004DF2043001F05CFC3A214DF2053001F04F
:1045F00057FC00214DF2063001F052FC4A214DF2E9
:10460000073001F04DFC00214DF2083001F048FC6C
:104610005C214DF2093001F043FC00214DF20A30DB
:1046200001F03EFC81214DF20B3001F039FC0021FC
:104630004DF20C3001F034FCA6214DF20D3001F0AA
:104640002FFC00214DF20E3001F02AFCE5214DF245
:104650000F3001F025FC01214DF2103001F020FC5B
:1046600013214DF2113001F01BFC01214DF21230EB
:1046700001F016FC54214DF2133001F011FC012120
:104680004DF2143001F00CFC82214DF2153001F096
:1046900007FC01214DF2163001F002FCCA214DF257
:1046A000173001F0FDFB02214DF2183001F0F8FB4C
:1046B00000214DF2193001F0F3FB02214DF21A30C6
:1046C00001F0EEFB01214DF21B3001F0E9FB02216C
:1046D0004DF21C3001F0E4FB34214DF21D3001F0AD
:1046E000DFFB02214DF21E3001F0DAFB67214DF2B3
:1046F0001F3001F0D5FB02214DF2203001F0D0FB3C
:1047000084214DF2213001F0CBFB02214DF2223009
:1047100001F0C6FBA4214DF2233001F0C1FB0221C0
:104720004DF2243001F0BCFBB7214DF2253001F0F1
:10473000B7FB02214DF2263001F0B2FBCF214DF242
:10474000273001F0ADFB02214DF2283001F0A8FB2B
:10475000DE214DF2293001F0A3FB02214DF22A3077
:1047600001F09EFBF2214DF22B3001F099FB02216A
:104770004DF22C3001F094FBFE214DF22D3001F072
:104780008FFB03214DF22E3001F08AFB10214DF2F8
:104790002F3001F085FB03214DF2303001F080FB1A
:1047A00033214DF2313001F07BFB03214DF23230E9
:1047B00001F076FB6D214DF2333001F071FB0021E9
:1047C0004FF4544001F06CFB33214DF2014001F0F5
:1047D00067FB00214DF2024001F062FB34214DF2F3
:1047E000034001F05DFB00214DF2044001F058FB55
:1047F0003A214DF2054001F053FB00214DF20640F5
:1048000001F04EFB4A214DF2074001F049FB002127
:104810004DF2084001F044FB5C214DF2094001F0EB
:104820003FFB00214DF20A4001F03AFB81214DF29D
:104830000B4001F035FB00214DF20C4001F030FB44
:10484000A6214DF20D4001F02BFB00214DF20E4050
:1048500001F026FBE5214DF20F4001F021FB012183
:104860004DF2104001F01CFB13214DF2114001F0FC
:1048700017FB01214DF2124001F012FB54214DF2C1
:10488000134001F00DFB01214DF2144001F008FB33
:1048900082214DF2154001F003FB01214DF216403B
:1048A00001F0FEFACA214DF2174001F0F9FA022197
:1048B0004DF2184001F0F4FA00214DF2194001F0D8
:1048C000EFFA02214DF21A4001F0EAFA01214DF20D
:1048D0001B4001F0E5FA02214DF21C4001F0E0FA24
:1048E00034214DF21D4001F0DBFA02214DF21E4051
:1048F00001F0D6FA67214DF21F4001F0D1FA0221F2
:104900004DF2204001F0CCFA84214DF2214001F01B
:10491000C7FA02214DF2224001F0C2FAA4214DF261
:10492000234001F0BDFA02214DF2244001F0B8FA13
:10493000B7214DF2254001F0B3FA02214DF2264095
:1049400001F0AEFACF214DF2274001F0A9FA022181
:104950004DF2284001F0A4FADE214DF2294001F089
:104960009FFA02214DF22A4001F09AFAF2214DF20B
:104970002B4001F095FA02214DF22C4001F090FA03
:10498000FE214DF22D4001F08BFA03214DF22E4015
:1049900001F086FA10214DF22F4001F081FA032137
:1049A0004DF2304001F07CFA33214DF2314001F0FC
:1049B00077FA03214DF2324001F072FA6D214DF287
:1049C000334001F06DFA00214FF4554001F068FAD0
:1049D00033214DF2015001F063FA00214DF20250F3
:1049E00001F05EFA34214DF2035001F059FA002132
:1049F0004DF2045001F054FA3A214DF2055001F005
:104A00004FFA00214DF2065001F04AFA4A214DF2C8
:104A1000075001F045FA00214DF2085001F040FA2C
:104A20005C214DF2095001F03BFA00214DF20A5091
:104A300001F036FA81214DF20B5001F031FA0021DC
:104A40004DF20C5001F02CFAA6214DF20D5001F060
:104A500027FA00214DF20E5001F022FAE5214DF225
:104A60000F5001F01DFA01214DF2105001F018FA1B
:104A700013214DF2115001F013FA01214DF21250A1
:104A800001F00EFA54214DF2135001F009FA012100
:104A90004DF2145001F004FA82214DF2155001F04C
:104AA000FFF901214DF2165001F0FAF9CA214DF239
:104AB000175001F0F5F902214DF2185001F0F0F90C
:104AC00000214DF2195001F0EBF902214DF21A507C
:104AD00001F0E6F901214DF21B5001F0E1F902214C
:104AE0004DF21C5001F0DCF934214DF21D5001F063
:104AF000D7F902214DF21E5001F0D2F967214DF293
:104B00001F5001F0CDF902214DF2205001F0C8F9FB
:104B100084214DF2215001F0C3F902214DF22250BF
:104B200001F0BEF9A4214DF2235001F0B9F90221A0
:104B30004DF2245001F0B4F9B7214DF2255001F0A7
:104B4000AFF902214DF2265001F0AAF9CF214DF222
:104B5000275001F0A5F902214DF2285001F0A0F9EB
:104B6000DE214DF2295001F09BF902214DF22A502D
:104B700001F096F9F2214DF22B5001F091F902214A
:104B80004DF22C5001F08CF9FE214DF22D5001F028
:104B900087F903214DF22E5001F082F910214DF2D8
:104BA0002F5001F07DF903214DF2305001F078F9DA
:104BB00033214DF2315001F073F903214DF232509F
:104BC00001F06EF96D214DF2335001F069F90021C9
:104BD0004FF4564001F064F933214DF2016001F0C9
:104BE0005FF900214DF2026001F05AF934214DF2D3
:104BF000036001F055F900214DF2046001F050F915
:104C00003A214DF2056001F04BF900214DF20660AA
:104C100001F046F94A214DF2076001F041F9002107
:104C20004DF2086001F03CF95C214DF2096001F0A1
:104C300037F900214DF20A6001F032F981214DF27D
:104C40000B6001F02DF900214DF20C6001F028F904
:104C5000A6214DF20D6001F023F900214DF20E6006
:104C600001F01EF9E5214DF20F6001F019F9012163
:104C70004DF2106001F014F913214DF2116001F0B2
:104C80000FF901214DF2126001F00AF954214DF2A1
:104C9000136001F005F901214DF2146001F000F9F3
:104CA00082214DF2156001F0FBF801214DF21660F2
:104CB00001F0F6F8CA214DF2176001F0F1F8022177
:104CC0004DF2186001F0ECF800214DF2196001F08E
:104CD000E7F802214DF21A6001F0E2F801214DF2ED
:104CE0001B6001F0DDF802214DF21C6001F0D8F8E4
:104CF00034214DF21D6001F0D3F802214DF21E6007
:104D000001F0CEF867214DF21F6001F0C9F80221D1
:104D10004DF2206001F0C4F884214DF2216001F0D1
:104D2000BFF802214DF2226001F0BAF8A4214DF241
:104D3000236001F0B5F802214DF2246001F0B0F8D3
:104D4000B7214DF2256001F0ABF802214DF226604B
:104D500001F0A6F8CF214DF2276001F0A1F8022161
:104D60004DF2286001F09CF8DE214DF2296001F03F
:104D700097F802214DF22A6001F092F8F2214DF2EB
:104D80002B6001F08DF802214DF22C6001F088F8C3
:104D9000FE214DF22D6001F083F803214DF22E60CB
:104DA00001F07EF810214DF22F6001F079F8032117
:104DB0004DF2306001F074F833214DF2316001F0B2
:104DC0006FF803214DF2326001F06AF86D214DF267
:104DD000336001F065F855214FF4704001F060F840
:104DE000AA214FF2010001F05BF852214FF20200BC
:104DF00001F056F808214FF2030001F051F80021AC
:104E00004FF2040001F04CF8CC214FF4314001F096
:104E100047F800214BF2011001F042F805214FF450
:104E2000364001F03DF870214FF4374001F038F87A
:104E300070214BF2017001F033F801214FF438403A
:104E400001F02EF803214BF6010001F029F80321AF
:104E50004BF6020001F024F803214BF6030001F0A9
:104E60001FF802214FF43C4001F01AF800214BF6E4
:104E7000014001F015F800214BF6024001F010F856
:104E8000D0214FF4494001F00BF802214CF60110FB
:104E900001F006F850214CF6021001F001F8502103
:104EA0004CF6031000F0FCFF50214CF6041000F00B
:104EB000F7FF00214FF4545000F0F2FF55214FF45A
:104EC000685000F0EDFF4FF4885000F0D3FF7820D9
:104ED000FDF7F0FB4FF4245000F0CCFF10BD10B5EF
:104EE000E22000F0C7FF1D2000F0B8FF022000F014
:104EF000B5FF042000F0B2FF6420FDF7DBFBE020EB
:104F000000F0B8FF012000F0A9FF0A20FDF7C6FB62
:104F1000E02000F0AFFF032000F0A0FF0C20FDF721
:104F2000BDFB012000F0A6FF0A20FDF7B7FBE6203D
:104F300000F0A0FF2F2000F091FFFF2000F08EFF77
:104F4000FF2000F08BFFB02000F094FF202000F045
:104F500085FF002000F082FF032000F07FFF40F279
:104F60001F3000F07BFF012000F078FF40F2DF10DF
:104F700000F074FF002000F071FFB42000F07AFF11
:104F8000042000F06BFF40F21F4000F067FF00209C
:104F900000F064FF2E2000F061FF002000F05EFFB3
:104FA000002000F05BFF002000F058FF002000F020
:104FB00055FFB62000F05EFF022000F04FFF4FF4D7
:104FC000037000F04BFF002000F048FF172000F0B6
:104FD00045FF152000F042FF002000F03FFF0020B9
:104FE00000F03CFFF02000F045FF032000F036FF0A
:104FF000292000F03FFFD02000F03CFF002000F00F
:105000002DFFBE2000F036FF052000F027FFFE2018
:1050100000F024FF012000F021FF002000F01EFF1F
:10502000002000F01BFF002000F018FFB82000F067
:1050300021FF032000F012FF012000F00FFFBA2033
:1050400000F018FF012000F009FF10BD10B511207D
:1050500000F010FF7820FDF721FB362000F00AFF5A
:10506000002000F0FBFE3A2000F004FF052000F0D5
:10507000F5FEB22000F0FEFE0C2000F0EFFE0C204A
:1050800000F0ECFE002000F0E9FE332000F0E6FE28
:10509000332000F0E3FEB72000F0ECFE352000F0F6
:1050A000DDFEBB2000F0E6FE322000F0D7FEC0207F
:1050B00000F0E0FE0C2000F0D1FEC22000F0DAFE8D
:1050C000012000F0CBFEC32000F0D4FE102000F041
:1050D000C5FEC42000F0CEFE202000F0BFFEC6209A
:1050E00000F0C8FE0F2000F0B9FED02000F0C2FE94
:1050F000A42000F0B3FEA12000F0B0FEE02000F0FC
:10510000B9FED02000F0AAFE002000F0A7FE022089
:1051100000F0A4FE072000F0A1FE0A2000F09EFE91
:10512000282000F09BFE322000F098FE442000F082
:1051300095FE422000F092FE062000F08FFE0E2029
:1051400000F08CFE122000F089FE142000F086FE94
:10515000172000F083FEE12000F08CFED02000F04C
:105160007DFE002000F07AFE022000F077FE07208E
:1051700000F074FE0A2000F071FE282000F06EFEA0
:10518000312000F06BFE542000F068FE472000F054
:1051900065FE0E2000F062FE1C2000F05FFE17206E
:1051A00000F05CFE1B2000F059FE1E2000F056FEB1
:1051B0002A2000F05FFE002000F050FE002000F0EA
:1051C0004DFE002000F04AFEEF2000F047FE2B20AD
:1051D00000F050FE002000F041FE002000F03EFEF6
:1051E000012000F03BFE3F2000F038FE292000F0B7
:1051F00041FE10BD10B5112000F03CFE7820FDF7F7
:105200004DFA362000F036FE482000F027FE3A2006
:1052100000F030FE552000F021FEF02000F02AFEC4
:10522000C32000F01BFEF02000F024FE962000F0CA
:1052300015FEB42000F01EFE012000F00FFEB62087
:1052400000F018FE0A2000F009FEA22000F006FE81
:10525000B72000F00FFEC62000F000FEB92000F0DD
:1052600009FE022000F0FAFDE02000F0F7FDC0206A
:1052700000F000FE802000F0F1FD162000F0EEFDB1
:10528000C12000F0F7FD192000F0E8FDC22000F079
:10529000F1FDA72000F0E2FDC52000F0EBFD162097
:1052A00000F0DCFDE82000F0E5FD402000F0D6FD38
:1052B0008A2000F0D3FD002000F0D0FD002000F097
:1052C000CDFD292000F0CAFD192000F0C7FDA52062
:1052D00000F0C4FD332000F0C1FDE02000F0CAFD65
:1052E000F02000F0BBFD072000F0B8FD0D2000F01D
:1052F000B5FD042000F0B2FD052000F0AFFD142044
:1053000000F0ACFD362000F0A9FD542000F0A6FD11
:105310004C2000F0A3FD382000F0A0FD132000F089
:105320009DFD142000F09AFD2E2000F097FD342002
:1053300000F094FDE12000F09DFDF02000F08EFDD6
:10534000102000F08BFD142000F088FD0E2000F0EE
:1053500085FD0C2000F082FD082000F07FFD352047
:1053600000F07CFD442000F079FD4C2000F076FD3B
:10537000262000F073FD102000F070FD122000F0D8
:105380006DFD2C2000F06AFD322000F067FDF0205A
:1053900000F070FD3C2000F061FDF02000F06AFD9F
:1053A000692000F05BFD7820FDF778F9212000F0FE
:1053B00061FD292000F05EFD10BD000000B595B034
:1053C00000BF00BF00200190F848006840F0400096
:1053D000F64908600846006800F04000019000BFF0
:1053E00000BF00BF00BF00BF00200190084600685A
:1053F00040F0080008600846006800F008000190CE
:1054000000BF00BF00BF00BF00BF002001900846E2
:10541000006840F0080008600846006800F00800D6
:10542000019000BF00BF00BF00BF00BF002001907F
:105430000846006840F0400008600846006800F038
:105440004000019000BF00BF00BF00BF00BF0020B0
:1054500001900846006840F00200086008460068B5
:1054600000F00200019000BF00BF00BF8814109040
:105470000220119001201290022013900C20149011
:1054800010A9CB48FBF734FB2020109010A9C94885
:10549000FBF72EFB1020109010A9C648FBF728FB45
:1054A0004FF48050109010A9C348FBF721FB4FF434
:1054B000004010900120119010A9C048FBF718FB84
:1054C0004FF02040BE490860BE4848600620886012
:1054D0000021BB48C1601021416100218161C1618F
:1054E00041624FF4805181620021C1624FF48041DA
:1054F00001630021416381630F20099000200A901D
:105500003C200B9000200F90092002900020039077
:10551000092004900020089002AA09A9A848FCF7D5
:1055200037F83220FDF7BAF8D32000F0A3FC00F0E2
:10553000D5F9A549888000F0D1F9A349888000F009
:10554000CDF9A1498880084680884FF6FF7101EAAD
:1055500000209D49888000F0C1F99B498988084353
:10556000994988800846808849F2413188427CD038
:10557000042000F07FFC00F0B1F99349888000F02E
:10558000ADF99149888000F0A9F98F4988800846D3
:1055900080884FF6FF7101EA00208B49888000F077
:1055A0009DF9894989880843874988800846808809
:1055B00048F25251884203D147F28970824988806B
:1055C0008148808847F289718842D0D0D42000F089
:1055D00051FC00F083F97C49888000F07FF97A491A
:1055E000888000F07BF978498880084680884FF6EB
:1055F000FF7101EA00207449888000F06FF9724958
:1056000089880843704988800846808845F21031AF
:105610008842ACD0D32000F02DFC00F05FF96A493D
:10562000888000F05BF96849888000F057F9664986
:105630008880084680884FF6FF7101EA00206249A1
:10564000888000F04BF96049898808435E4988806A
:105650000846808847F29671884288D055214FF4D9
:10566000704000F01DFCAA2100E07EE04FF2010036
:1056700000F016FC52214FF2020000F011FC08214C
:105680004FF2030000F00CFC01214FF2040000F087
:1056900007FC4FF4454000F0EDFB00F01FF94A49CC
:1056A0008880084680884FF6FF7101EA002046494D
:1056B00088804CF2015000F0DDFB00F00FF9424908
:1056C00089880843404988800520FCF7E7FF3E4869
:1056D000808845F21051884247D0D32000F0CAFBA1
:1056E00000F0FCF83849888000F0F8F836498880E6
:1056F00000F0F4F834498880084680884FF6FF713E
:1057000001EA00203049888000F0E8F82E498988B5
:1057100008432D4988800846808849F6060188425A
:1057200023D0A12000F0A6FB00F0D8F826498880FD
:1057300000F0D4F824498880084680884FF6FF712D
:1057400001EA00202049888000F0C8F81E498988B5
:1057500008431D4988800846808845F26171884267
:1057600003D141F66310184988801748818817A033
:10577000FAF762FE1448808847F28971884202D1A4
:10578000FFF764FC4EE01048808849F241318842BE
:1057900002D1FDF7F7F945E00B48808845F210315A
:1057A000884219D1FDF7A4FC3CE0000030380240EB
:1057B00000180240000C02400014024000040240A5
:1057C00018020020040100A0680200204C4344207D
:1057D00049443A25780D0A003A48808847F2967184
:1057E000884202D1FFF706FD1CE03648808845F26A
:1057F0001051884202D1FEF7F4FB13E03148808853
:1058000049F60601884202D1FDF7D2FA0AE02D4896
:10581000808841F66311884204D1FFF760FB642061
:1058200000F0ECFA2748808847F2897188420BD053
:105830002448808849F24131884205D02148808837
:1058400041F6631188420AD10320029004901E4958
:105850000B6B8A68486802A9FBF76CF821E01948CD
:10586000808845F21031884211D01648808847F26E
:10587000967188420BD01348808845F210518842B7
:1058800005D01048808849F60601884209D10220D7
:10589000029004900C490B6B8A68486802A9FBF7D8
:1058A00049F80020FDF7A8F800BF0122D1030748FE
:1058B000FBF720FA00BF4FF6FF70FDF783F815B035
:1058C00000BD000068020020180200200004024011
:1058D00000BF011EA0F10100FBD1704708B50220F6
:1058E000FFF7F6FF024800880090BDF8000008BDF1
:1058F0008000006CF0B50546002400278B488079B5
:10590000012805D18948808841F66311884208D171
:1059100086488079F0B98548808841F663118842CD
:1059200018D1082D15D2DFE805F00406080A0C0E80
:10593000101206250DE007250BE0042509E00525DA
:1059400007E0012505E0002503E0032501E002252D
:1059500000BF00BF082D1CD2DFE805F00406090CCB
:105960000F12151800BF14E044F0800411E044F059
:1059700040040EE044F0C0040BE044F0200408E0D2
:1059800044F0600405E044F0A00402E044F0E004C8
:1059900000BF00BF36276548808845F21051884215
:1059A00000D13F026148808849F2413188420BD0E2
:1059B0005E48808847F28971884205D05B488088BC
:1059C00047F29671884201D144F0080421463846D6
:1059D00000F066FA5548808841F6631188421DD070
:1059E00004F0200068B15148008850494988884235
:1059F00014DA4E48068840884C490880084646809C
:105A00000CE04A48008849494988884206DD4748F1
:105A10000688408845490880084646804348808873
:105A200045F21051884252D14049488900F022FA8B
:105A3000002000F013FA3D494989491C88B200F062
:105A400019FA002000F00AFA38494989891C88B2FD
:105A500000F010FA35490988491EC1F30F2000F003
:105A6000FDF932494989C91C88B200F003FA2F496F
:105A70000978491EC8B200F0F1F92C49888900F074
:105A8000F9F9002000F0EAF928498989491C88B20F
:105A900000F0F0F9002000F0E1F924498989891C1F
:105AA00088B200F0E7F921494988491EC1F30F2067
:105AB00000F0D4F91D498989C91C88B200F0DAF9CF
:105AC0001A498978491EC8B200F0C8F92DE0174973
:105AD000488900F0CFF9002000F0C0F9002000F064
:105AE000BDF912490988491EC1F30F2000F0B6F92B
:105AF0000E490978491EC8B200F0B0F90B498889EF
:105B000000F0B8F9002000F0A9F9002000F0A6F993
:105B100006494988491EC1F30F2000F09FF9034947
:105B20008978491EC8B200F099F9F0BD68020020DA
:105B300010B502460C464548808841F663118842FC
:105B400047D142488079A8B940480088401E801A51
:105B500082B23E49488900F08DF9002000F07EF9BC
:105B6000002000F07BF9101200F078F9D0B200F0BC
:105B700075F916E03549488900F07CF9101200F0FB
:105B80006DF9D0B200F06AF930490988491EC1F3B5
:105B90000F2000F063F92D490978491EC8B200F0C2
:105BA0005DF92A49888900F065F9201200F056F95C
:105BB000E0B200F053F925494988491EC1F30F208E
:105BC00000F04CF921498978491EC8B200F046F925
:105BD0003AE01E48808845F21051884220D11B4986
:105BE000488900F047F9101200F038F9174949893F
:105BF000491C88B200F03EF9D0B200F02FF91349E9
:105C0000888900F037F9201200F028F90F498989B6
:105C1000491C88B200F02EF9E0B200F01FF913E041
:105C20000A49488900F026F9101200F017F9D0B29D
:105C300000F014F90549888900F01CF9201200F0E1
:105C40000DF9E0B200F00AF910BD00006802002072
:105C50002DE9FC4F80460E4615461C46B3460020F3
:105C6000019000902046E31704EB5373DB102146AC
:105C70004FEAE47C04EB5C7C4FEAEC0CA4EBCC0C2C
:105C8000BCF1000F02D04FF0010C01E04FF0000C0E
:105C90006344224604EBD27C4FEA6C0C03FB0CF30A
:105CA000DBB20193A5F12000C5B20C2C06D0102C5C
:105CB0000BD0182C0ED0202C18D112E005EB45008B
:105CC0002D4901EB8000009012E02C4800EB0510FC
:105CD00000900DE005EBC500294901EB8000009024
:105CE00006E0284800EB8510009001E0BDE8FC8F3D
:105CF00000BF00273AE0009810F807904FF0000A24
:105D00002EE009F0800028B1314640460C9AFCF79D
:105D100029FF07E00B9828B91B4831460268404626
:105D2000FCF720FF4FEA49604FEA1069701C86B209
:105D300016484088B04200DCD8E7A6EB0B00A04232
:105D40000AD15E4608F101001FFA80F80F4800886A
:105D5000404500DCCAE706E00AF1010000F0FF0A56
:105D6000BAF1080FCDDB00BF781CC7B2019887429B
:105D7000C1DB00BFBAE700007A920008EE96000887
:105D8000DE9C00083AAA00084C00002068020020AF
:105D90002DE9FC4F04460D4690469946DDE90C7A04
:105DA0000B9E04F0FF0B08EB04001FFA80F809EBD0
:105DB00005001FFA80F917E0444502DB5C46A8198C
:105DC00085B24D4500DB15E00020CDE9000A3A78A8
:105DD000334629462046FFF73BFF304606EBD0719D
:105DE00004EB61018CB27F1C38787E2802DC3878A5
:105DF0002028E1DA00BFBDE8FC8F000070B52DED72
:105E0000048B0446BE2000F035F8052000F026F88B
:105E1000204603F010F941EC190B9FED0E0B53ECEB
:105E2000102B03F01BF941EC180B03F0D7F885B2E7
:105E3000284600F013F8012000F010F8FF2000F0D1
:105E40000DF8002000F00AF8002000F007F8BDEC83
:105E5000048B70BD666666666666044001B5BDF873
:105E600000000090BDF800000149088008BD000056
:105E70008000006C01B5BDF800000090BDF8000086
:105E80000149088008BD00007E00006C02480089BE
:105E90000249088070470000680200207E00006C04
:105EA000034A10804FF0D842A2F8801070470000DB
:105EB0007E00006C00B587B000BF00BF00200190DD
:105EC0002048006840F020001E490860084600682D
:105ED00000F02000019000BF00BF00BF00BF00BF66
:105EE000002001900846006840F020000860084645
:105EF000006800F02000019000BF00BF00BF4815FF
:105F000002900120039004900220059002A90E48FF
:105F1000FAF7EEFD4FF48060029002A90A48FAF702
:105F2000E7FD00BF012251020748FAF7E3FE00BF78
:105F300000BF012291020448FAF7DCFE00BF07B05F
:105F400000BD000030380240001402401DE00FA0E8
:105F5000FAF772FA4FF0FF311348006802F000FBC5
:105F600012A0FAF769FA40F6B830FCF797FB16A0D2
:105F7000FAF762FA00231A4619460B48006802F045
:105F80003DF94FF47A7001F0A1FCE0E76C6F775FA8
:105F90007461736BBBF1C8A1D0C5BAC5C1BFA3A161
:105FA000A3A1A3A10D0A0000140000206C6F775F6D
:105FB0007461736BD5FDD4DAD4CBD0D0A3A1A3A1E7
:105FC000A3A10D0A000000006C6F775F7461736B12
:105FD000CACDB7C5D0C5BAC5C1BFA3A1A3A1A3A14E
:105FE0000D0A000010B50320FAF730FFFAF7A0FE03
:105FF0000723022208214FF4A87001F023FAA820F9
:10600000FCF730FB4FF4E13001F082FAFFF752FF6A
:10601000FFF7D4F9FCF758FC00F01EFF002000F059
:1060200025F8022000F022F8012000F01FF8FCF70C
:1060300073FB002010BD000006E004A0FAF7FCF995
:106040004FF47A7001F042FCF7E70000D6D0D3C5D8
:10605000CFC8BCB6C8CECEF1D5FDD4DAD4CBD0D023
:10606000A3A1A3A1A3A10D0A0000000010B504463E
:106070000C4951F824104A000B4951F82400002122
:1060800000F036F8094951F8242007490C3951F835
:106090002400002100F02CF8012103480C300155A8
:1060A00010BD0000FCC100086800002014C20008F8
:1060B00010B501460023002207E00B4850F82100EC
:1060C00030F8120000B15B1C521C084850F8210047
:1060D0009042F2D84FF47A705843044C54F821405F
:1060E000B0FBF4F080B210BD68000020FCC10008D5
:1060F00030B5034601E003F8011B141EA2F10102B2
:10610000F9D130BD2DE9F04105460E462948076812
:1061100000202949096881F85D0027480068001DB2
:1061200001F012FA50B92448006890F82C100120B0
:10613000884022490968814320480160681CD8B919
:10614000D6B11F4948681C49096888601A498268A5
:106150000968CA6018490968091D826851601649B2
:106160000968091D8160164A134909684A61114688
:106170000968491C11601AE07C190F4800684460E6
:10618000BC4207D20C480168091D0E48006801F0A6
:10619000FFF90CE008480168091D0B48006801F090
:1061A000F7F90A480068844201D208480460BDE853
:1061B000F08100008C00002078000020900000207A
:1061C000F0840120800000207C000020A800002036
:1061D00010B5044601F002FA31480068401C30490D
:1061E00008603048006840B92E48046008460068DE
:1061F00001280DD100F022FA0AE02B48006838B9D6
:1062000028480068C06AE16A884201D825480460CD
:1062100026480068401C25490860084600686064FC
:1062200094F82C100120884021490968084320492E
:106230000860E16A01EB81011E4A02EB81014868B6
:10624000A0608268E260211D826851608160E16A1D
:1062500001EB8101174A02EB81026261E16A01EB05
:106260008101144A52F82110491CE26A02EB8202B1
:10627000104B43F8221001F0FDF90B48006868B19B
:1062800008480068C06AE16A884207D24FF080502F
:1062900009490860BFF34F8FBFF36F8F10BD000037
:1062A000880000207800002094000020A400002036
:1062B000900000202082012004ED00E010B501F0E4
:1062C0008DF910480068D0B90F4801F051F90F4816
:1062D00001F04EF90C480E4908600C480D49086061
:1062E00000221021052001F0C3FE0649086008467F
:1062F000006820B108A10348006801F07BFA01F0B2
:10630000B9F910BDC80000200485012018850120BE
:10631000C0000020C4000020546D72510000000035
:1063200010B516E001F05AF90C48C068C468201D89
:1063300001F00AF90A480068401E09490860094846
:106340000068401E0749086001F094F9204600F0FB
:106350005FF8044800680028E4D110BDDC84012007
:10636000880000208400002070B504460D46206C93
:1063700070B1216CE0680144E160D4E90210884208
:1063800001D32168E1602846226CE168FAF726F91A
:1063900070BD2DE9F04104460F4615464FF0000848
:1063A000A66B206C48B9206800282CD1A06802F0A8
:1063B00059FB80460020A06025E07DB93946226C5B
:1063C0006068FAF70BF9216C606808446060D4E9F2
:1063D0000101884217D32068606014E03946226CBE
:1063E000E068FAF7FBF8216CE068411AE160216887
:1063F000E068884203D2216CA068411AE160022D56
:1064000001D106B1761E701CA0634046BDE8F08144
:1064100010B50446206B01F06DF9204601F06AF9D1
:1064200010BD01464A6A22B10A6B1268C2F120000F
:1064300000E00020704700000146084A1268126818
:106440000AB9012200E000220A600A6822B9034A60
:106450001268D268106800E000207047C000002079
:1064600030B54FF42053174800F007042CB1C01D7D
:1064700020F00700134C041B1B1B0246124C226029
:106480000024114D6C60D018083820F007000F4C24
:10649000206000240D4D2D686C600C4D2D682C6023
:1064A0001146441A4C60094C24680C60084D4C6835
:1064B0002C60084D4C682C604FF00044064D2C6059
:1064C00030BD00002C850120D4000020DC0000201D
:1064D000E4000020E0000020F000002000BFFFF7F3
:1064E0001FFF064800680128F9D94FF08050044981
:1064F0000860BFF34F8FBFF36F8FF0E7208201205A
:1065000004ED00E02DE9F04106460D461746984699
:10651000069C0DB9246000E02760E6632564012134
:10652000204601F0EDFD84F850800020A064BDE815
:10653000F08100002DE9F05F82460F4690469B46B1
:106540000A9E0C9C4FEA8801A522206BFAF78BF873
:10655000A8F10100216B01EB800929F0070909F07E
:10656000070008B9012000E0002028B94FF4587254
:1065700025A12EA0F9F760FF87B1002507E0795D1E
:1065800004F134004155785D00B902E06D1C102D16
:10659000F5D300BF00214320015502E0002084F81C
:1065A0003400202E01D2012000E0002028B940F262
:1065B000973215A11DA0F9F73FFF202E00D31F260B
:1065C000E662E66400202065201D00F0DEFF04F195
:1065D000180000F0DAFF2461C6F12000A0616462B7
:1065E00000206065A06584F85C0084F85D005A4670
:1065F0005146484600F01AFC20600B9808B10B98F1
:106600000460BDE8F09F00002E2E5C2E2E5C4D69CC
:1066100064646C6577617265735C4672656552543B
:106620004F535C7461736B732E6300004572726F1D
:10663000723A2025732C2025640D0A0010B5002421
:1066400007E004EB84010F4A02EB810000F090FFA9
:10665000641C202CF5D30C4800F08AFF0B4800F096
:1066600087FF0B4800F084FF0A4800F081FF0A48CA
:1066700000F07EFF044809490860044808490860A2
:1066800010BD000020820120A0840120B4840120DC
:10669000C8840120DC840120F08401207C000020DB
:1066A0008000002010B50146164800E0006803682D
:1066B0008B42FBD30246436813448B4204D14368A8
:1066C0004C682344436001460A464B6813440468FF
:1066D000A34211D10C4C03682468A34208D04B6834
:1066E0000468646823444B6003681B680B6005E022
:1066F000054B1B680B6001E003680B60884200D00B
:10670000016010BDD4000020DC0000202DE9F04124
:1067100004460D4616461F464FF00008656024618A
:10672000B5420CD8F01BA169884202D34FF0010892
:1067300011E0211D0948006800F02AFF0BE0BE426D
:1067400004D2BD4202D34FF0010804E0211D0448E9
:10675000006800F01DFF4046BDE8F081C400002045
:10676000C000002070B5054600F038FFA86B08B9DE
:10677000012400E0002400F07DFF204670BD70B5CC
:10678000054600F02BFFA86BE96B884201D101247C
:1067900000E0002400F06EFF204670BDF1B50098C7
:1067A000846C00262CB940F6D53220A128A0F9F738
:1067B00043FEA06BE16B884201D2012000E0002083
:1067C00028B940F6D63219A121A0F9F735FEA06B01
:1067D000E16B884227D294F9455000226946204651
:1067E000FFF7D7FD0646681C60B9606A08B901204A
:1067F00000E00020B0B904F1240002F031FA88B1C1
:1068000001260FE07F2D01D0012000E0002028B9F3
:1068100040F6F63205A10EA0F9F70EFE681C40B254
:1068200084F8450000BF3046F8BD00002E2E5C2ED7
:106830002E5C4D6964646C6577617265735C467249
:10684000656552544F535C71756575652E63000024
:106850004572726F723A2025732C2025640D0A0050
:1068600070B505460E460E480068C068C468201D15
:1068700000F06AFE94F8280000F0040028B13246C7
:106880002946204600F0FEF805E094F8280000F0C4
:10689000FE0084F828002046216A884770BD000069
:1068A000C000002070B586B08AE0029800280CDA9B
:1068B00003AE2EB940F2063247A150A0F9F7BCFD55
:1068C000D6E90020B168904700BF0298002877DB26
:1068D000049C606908B9012000E0002010B9201D67
:1068E00000F032FE01A800F0F9F8054602980A28E7
:1068F00064D2DFE800F06305072E365306082F3711
:1069000000BF00BF00BF94F8280040F0010084F8E9
:1069100028000398A269811803462A462046FFF7FB
:10692000F5FEA8B194F8280000F0040038B10398EF
:10693000A26981182A46204600F0A4F805E094F8E0
:10694000280000F0FE0084F828002046216A8847CD
:1069500035E000BF94F8280000F0FE0084F828001D
:106960002DE000BF94F8280040F0010084F82800D2
:106970000398A061A06908B1012000E0002028B9B7
:1069800040F2593214A11DA0F9F756FDA069411932
:106990002B462A462046FFF7B9FE10E094F828005F
:1069A00000F0020018B9204600F0A4FE05E094F8BB
:1069B000280000F0FE0084F8280000E000BF00BFBF
:1069C000002202A91148006801F00AFD00287FF4A6
:1069D0006CAF06B070BD00002E2E5C2E2E5C4D6993
:1069E00064646C6577617265735C46726565525468
:1069F0004F535C74696D6572732E63004572726FDC
:106A0000723A2025732C2025640D0A00C80000204E
:106A1000F8B505460C4601F0B7F9684600F05EF897
:106A20000646009820BB44B9B54206D802F0BEF92C
:106A300031462846FFF714FF1CE03CB10E480068C1
:106A4000006808B9012000E000200446A91B224686
:106A50000A48006800F014FF02F0A8F950B94FF09E
:106A6000805007490860BFF34F8FBFF36F8F01E07D
:106A700002F09CF9F8BD0000C4000020C80000200E
:106A800004ED00E070B504460D46164604E0A0692A
:106A900005442046216A8847A06941192B463246A1
:106AA0002046FFF733FE0028F1D170BD0948006889
:106AB000006808B9012000E0002020B14FF0FF304D
:106AC0000549086005E003480068C068006802499D
:106AD000086070477C000020A800002070B50446C4
:106AE00001F0C6FE054607480068854204D200F062
:106AF0000BF80120206001E00020206001480560C3
:106B0000284670BDD000002070B508E00D48006830
:106B1000C06804684FF0FF312046FFF7A1FE094826
:106B20000068006808B9012000E000200028EDD0CE
:106B30000448056804480068024908600248056086
:106B400070BD0000C0000020C40000200B48006899
:106B5000401C08B9012000E0002020B9E92208A16A
:106B600016A0F9F769FC00BF502080F31188BFF32D
:106B70004F8FBFF36F8F00BF00BFFEE7F400002010
:106B80002E2E5C2E2E5C4D6964646C657761726597
:106B9000735C4672656552544F535C706F727461DA
:106BA000626C655C525644535C41524D5F434D34B8
:106BB000465C706F72742E63000000004572726F45
:106BC000723A2025732C2025640D0A0008B500BFF9
:106BD0006846FFF731FC044620460099FFF718FF8E
:106BE000FFF760FEF4E770B5044600F0F7FC94F997
:106BF000455019E0A06C30B12046FFF7CFFD88B1B9
:106C000000F044FF0EE0606A08B9012000E00020B7
:106C100038B904F1240002F023F818B100F036FF6F
:106C200000E003E0681E45B2002DE3DC00BFFF205A
:106C300084F8450000F01EFD00F0D0FC94F94450AB
:106C400010E0206908B9012000E0002048B904F1F3
:106C5000100002F005F808B100F018FF681E45B2F8
:106C600000E001E0002DECDC00BFFF2084F84400D0
:106C700000F000FD70BD00002DE9F04104464FF02A
:106C8000000801F081F84948006808B9FFF7E8FBFF
:106C9000474800682040002875D1002C23D004F11B
:106CA0000800A0421FD9083404F0070000281BD0B8
:106CB00004F00700C0F108002044A04211D904F0FC
:106CC0000700C0F10800044404F0070008B90120DF
:106CD00000E0002040B99C2236A144A0F9F7ACFBAB
:106CE00002E0002400E00024002C4CD0434800685F
:106CF000844248D8424E3046056801E02E462D6851
:106D00006868A04202D228680028F7D127480068A6
:106D1000854238D0306800F108082868306068681B
:106D2000001B102813D92F1907F0070008B90120FC
:106D300000E0002020B9CF221EA12CA0F9F77CFB97
:106D40006868001B78606C603846FFF7ABFC2B4925
:106D500068680968081A29490860084600682949CE
:106D60000968884203D2254800682649086010490E
:106D70006868096808436860002028602248006845
:106D8000401C2149086002F011F808F0070008B91A
:106D9000012000E0002028B94FF4887205A113A05B
:106DA000F9F74AFB4046BDE8F0810000DC00002016
:106DB000F00000202E2E5C2E2E5C4D6964646C6504
:106DC00077617265735C4672656552544F535C70AF
:106DD0006F727461626C655C4D656D4D616E675C70
:106DE000686561705F342E63000000004572726F49
:106DF000723A2025732C2025640D0A00E000002043
:106E0000D4000020E4000020E800002006480068CC
:106E100030B10549096801F15000096D491C016054
:106E2000014800687047000078000020001F4FF004
:106E300080730360001F21F001030360001F054BF6
:106E4000036014380260001F6FF0020303602038F3
:106E5000704700004D6B000800B58DB0FBF74EFB8E
:106E600000BF00BF002000907148006840F0400063
:106E70006F4908600846006800F04000009000BFBD
:106E800000BF00BF00BF00BF0020009008460068A0
:106E900040F0080008600846006800F00800009014
:106EA00000BF00BF00BF00BF00BF00200090084629
:106EB000006840F0080008600846006800F008001C
:106EC000009000BF00BF00BF00BF002000905848E6
:106ED0000830006840F00100554908310860084654
:106EE000006800F00100009000BF00BF00BF00205C
:106EF00000904F48006840F008004D49086008467F
:106F0000006800F00800009000BF00BF00BF002034
:106F100000900846006840F01000086008460068CD
:106F200000F01000009000BF00BF00BF00200090E4
:106F30000846006840F0200008600846006800F03D
:106F40002000009000BF00BF00BF00200090084656
:106F5000006840F0400008600846006800F040000B
:106F6000009000BF00BF0815089002200990012082
:106F70000A9002200B900C200C9008A92D48F9F7DC
:106F8000B7FD2020089008A92B48F9F7B1FD102083
:106F9000089008A92848F9F7ABFD4FF60370089050
:106FA0000220099001200A9002200B9008A9224893
:106FB000F9F79EFD4FF68370089008A91F48F9F76E
:106FC00097FD4FF23F00089008A91D48F9F790FD82
:106FD0003F20089008A91748F9F78AFD4FF0204094
:106FE0001849086018484860042088600021154846
:106FF000C16001611021416100218161C161416273
:107000004FF4805181620021C16201634163816359
:107010000020019002900620039000200490079029
:1070200001AA01A90748FAF7B3FA0DB000BD0000A4
:107030003038024000180240000C024000100240AC
:107040000014024078020020040100A01CB5204872
:10705000006840F078001E490860012003210023E9
:107060000246CDE900104EF233011A48FAF73EFF0E
:107070000120032100230246CDE900104EF22F012A
:107080001548FAF733FF0120032100230246CDE91A
:10709000001040F233411148FAF728FF0120032184
:1070A00000230246CDE900104FF4F0610C48FAF7D6
:1070B0001DFF01200B4908600B49C1F8A8020949CE
:1070C000091F086000200849C1F880021CBD0000AB
:1070D00030380240000C0240001402400018024008
:1070E0000010024094824142000043422DE9FC41DD
:1070F0000446002500260027FFF7A8FF00206B4963
:10710000086001F063FF00BF10E0002067490860DD
:10711000674931F81500FBF727FA01F057FF012006
:107120006449C1F8940201F051FF6D1C052DECDBA0
:1071300001206149086000205E49C1F89402200ADC
:10714000FBF764FA01F042FF01205849086001F0A2
:107150003DFF00205749C1F89402E0B2FBF756FA10
:1071600001F034FF01205149086001F02FFF002099
:107170005049C1F894025148006840F078004F49E6
:1071800008600120032103460022CDE900104FF4DE
:10719000F0614B48FAF7AAFE0120032103460022C2
:1071A000CDE900104CF203014648FAF79FFE00209B
:1071B0003E49091F0860091D086001F007FF012012
:1071C0003C49C1F8940201F001FF38485C3800687E
:1071D0003849D1F83C1240EA41003649D1F8001252
:1071E00040EA81003349D1F8041240EAC10036492F
:1071F000D1F81C1240EA01103349D1F8201240EABC
:1072000041103149D1F8241240EA81102E49D1F8B9
:10721000281240EAC110C6B201F0D8FE002023496E
:10722000086001F0D3FE01202249C1F8940201F068
:10723000CDFE1E485C3800681E49D1F83C1240EA79
:1072400041001C49D1F8001240EA81001949D1F8E7
:10725000041240EAC1001C49D1F81C1240EA011096
:107260001949D1F8201240EA41101749D1F82412E7
:1072700040EA81101449D1F8281240EAC110C7B27F
:1072800001F0A4FE00200C492831086001200749C4
:107290000860091F086001F099FE012006492831A5
:1072A000086047EA0620BDE8FC8100009482414264
:1072B00000010020008041428002434230380240F9
:1072C00000100240000C02400000424270B504462B
:1072D0000D460026FFF7BAFE01F078FE00BF10E071
:1072E00000202F4908602F4931F81600FBF73CF9C0
:1072F00001F06CFE01202C49C1F8940201F066FEF9
:10730000761C052EECDB0120284908600020264968
:10731000C1F89402802141EA1420FBF777F901F0CB
:1073200055FE01201E49086001F050FE00201E4954
:10733000C1F89402E0B2FBF769F901F047FE0120C1
:107340001749086001F042FE00201749C1F8940275
:10735000280AFBF75BF901F039FE012010490860AB
:1073600001F034FE00201049C1F89402E8B2FBF7A6
:107370004DF901F02BFE01200949086001F026FEBD
:1073800000200A4928310860012005490860091FCA
:10739000086001F01BFE012004492831086070BD1F
:1073A0009482414200010020008041428002434219
:1073B0001CB5044600F012F9124802210023802275
:1073C000CDE9001010A1134801F012FA1248032170
:1073D00000238022CDE9001010A1134801F008FA23
:1073E0001248042100238022CDE9001010A1134887
:1073F00001F0FEF91248006800F0AAFA00F03AF92C
:107400001CBD0000080000206C6F775F7461736B17
:10741000000000004D5F00080C0000206D696464EE
:107420006C655F7461736B003960000810000020A8
:10743000686967685F7461736B0000003128000839
:10744000040000202DE9F04192B080460C4615461C
:107450001E46002700BF002000902A48006840F028
:107460008050284908600846006800F0805000906D
:1074700000BF00BF00BF002000902348006840F418
:107480008040214908600846006800F48040009070
:1074900000BF00BF0120019000040290022007906D
:1074A00041050891CDF8288009940B950C9601A808
:1074B000F9F720FE07461FB1012012B0BDE8F081A8
:1074C0000F200D9002200E9000200F904FF4A0503E
:1074D00010904FF48050119004210DA8F9F7CAFCC8
:1074E00007460FB10120E8E7F9F70AFC41F2010174
:1074F000884205D10548006840F48070034908605F
:107500000020DAE74038024000700040003C0240B2
:1075100010B5044609480A4908600846446000213D
:107520008160C160016181610C214161FAF7C8FB92
:10753000012204490248FAF763FC10BD0010014023
:10754000D40100203A00002001460A69D1E9013047
:107550009860D1E9010358605068884201D1886879
:107560005060002008611068401E1060106870476D
:1075700000F1080141604FF0FF31816000F1080126
:10758000C160016100210160704700210161704705
:1075900010B502460B685C1C0CB9106907E002F1DB
:1075A000080000E04068446824689C42FAD94468B6
:1075B0004C604C68A160886041600A611468641C7A
:1075C000146010BD42684A6093688B60936859608C
:1075D0009160086103685B1C0360704710B500BFD1
:1075E000502080F31188BFF34F8FBFF36F8F00BF20
:1075F0000B480068401C0A490860084600680128DA
:107600000DD108480068C0B208B9012000E0002090
:1076100028B94FF4DB7204A112A0F8F70DFF10BDDA
:10762000F400002004ED00E02E2E5C2E2E5C4D694F
:1076300064646C6577617265735C4672656552540B
:107640004F535C706F727461626C655C5256445348
:107650005C41524D5F434D34465C706F72742E63D3
:10766000000000004572726F723A2025732C2025AD
:10767000640D0A0010B50B48006828B940F2BD122D
:1076800009A118A0F8F7D8FE06480068401E054971
:1076900008600846006820B9002080F3118800BF08
:1076A00000BF10BDF40000202E2E5C2E2E5C4D6914
:1076B00064646C6577617265735C4672656552548B
:1076C0004F535C706F727461626C655C52564453C8
:1076D0005C41524D5F434D34465C706F72742E6353
:1076E000000000004572726F723A2025732C20252D
:1076F000640D0A0070B506463546002E3AD0083DA6
:107700002C461D4960680968084008B1012000E066
:10771000002028B94FF4927218A126A0F8F78CFE29
:10772000206808B9012000E0002028B940F22512A5
:1077300012A120A0F8F780FE0F4960680968084090
:10774000C0B12068B0B90C496068096888436060BE
:1077500000F01AFB1B496068096808441949086071
:107760002046FEF79FFF18480068401C1649086035
:1077700001F01CFB70BD0000F00000202E2E5C2EDE
:107780002E5C4D6964646C6577617265735C4672EA
:10779000656552544F535C706F727461626C655CC6
:1077A0004D656D4D616E675C686561705F342E6319
:1077B000000000004572726F723A2025732C20255C
:1077C000640D0A00E0000020EC00002000204FF0D3
:1077D000E02108618861064800684FF47A71B0FBC7
:1077E000F1F0401E4FF0E02148610720086170472A
:1077F000000000202DE9F04106460F462EB940F664
:10780000C82211A119A0F8F717FE0025BFB1002466
:1078100012E01A4800EBC4004068B04203D1174898
:1078200000EBC4050AE035B9144850F8340010B92B
:10783000124800EBC405641C082CEAD300BF0DB14C
:107840002F606E60BDE8F0812E2E5C2E2E5C4D699F
:1078500064646C6577617265735C467265655254E9
:107860004F535C71756575652E6300004572726FCC
:10787000723A2025732C2025640D0A00E081012036
:107880002DE9F04105460E4617462C46FFF7A6FEA9
:1078900094F94400401C10B9002084F8440094F985
:1078A0004500401C10B9002084F84500FFF7E2FEB7
:1078B000A06B28B93A46314604F1240000F01EF9C5
:1078C0002046FFF790F9BDE8F081000070B504464E
:1078D0000025ACB10F48006808B9012000E0002085
:1078E00028B940F249520CA114A0F8F7A5FD00F008
:1078F0004BFA00212046FEF705FC01F057FA054639
:107900003DB94FF0805011490860BFF34F8FBFF36E
:107910006F8F70BDB40000202E2E5C2E2E5C4D6942
:1079200064646C6577617265735C46726565525418
:107930004F535C7461736B732E6300004572726FFA
:10794000723A2025732C2025640D0A0004ED00E016
:1079500070B50546FFF742FE15B92F48006800E0F4
:1079600028460446201DFFF7EFFD78B9E06A00EBDA
:1079700080002A4951F8200040B994F82C100120C9
:10798000884027490968814325480160A06A18B1E9
:1079900004F11800FFF7D8FD22480068401C214977
:1079A00008601D480068844209D1211D1E48FFF768
:1079B00009FE1E480068401C1C49086006E01C487F
:1079C0000068401E1A490860FFF770F8FFF752FE82
:1079D00011480068844202D02046FEF719FD154880
:1079E0000068C0B10C480068844214D11248006895
:1079F00008B9012000E0002028B940F2DC420FA1C4
:107A000017A0F8F719FD4FF0805019490860BFF32F
:107A10004F8FBFF36F8F70BD780000202082012050
:107A200090000020A4000020DC84012084000020BD
:107A30008800002094000020B40000202E2E5C2E30
:107A40002E5C4D6964646C6577617265735C467227
:107A5000656552544F535C7461736B732E63000001
:107A60004572726F723A2025732C2025640D0A002E
:107A700004ED00E0034909680160034909684160B9
:107A800070470000A00000208C0000200120014968
:107A9000086070479C00002070B504460D462CB964
:107AA00040F61C4207A110A0F8F7C6FC1248016876
:107AB00018312046FFF76CFD01212846FEF722FB16
:107AC00070BD00002E2E5C2E2E5C4D6964646C65CA
:107AD00077617265735C4672656552544F535C748E
:107AE00061736B732E6300004572726F723A2025CA
:107AF000732C2025640D0A007800002070B5044620
:107B00000E4615462CB940F6524211A119A0F8F7BD
:107B100093FC60681B490968C8611A498268096852
:107B20000A62184909681831826851601549096864
:107B300018318160134909688C622168491C2160F1
:107B40000DB14FF0FF3629463046FEF7DBFA70BD27
:107B50002E2E5C2E2E5C4D6964646C6577617265B7
:107B6000735C4672656552544F535C7461736B73FA
:107B70002E6300004572726F723A2025732C202507
:107B8000640D0A00780000202DE9F04706460F46F4
:107B900034464FF00109002E70D0206D28B941F213
:107BA0009F0237A13FA0F8F747FCE06CB84201D232
:107BB0003D4600E0E56CE06AA8425FD0206D0128F8
:107BC0005CD13C480068844201D0012000E00020E4
:107BD00028B941F2BA022AA132A0F8F72DFCD4F854
:107BE0002C80E562A06900F0004010B9C5F12000CA
:107BF000A06108EB8801304A02EB8101606988428C
:107C000001D1012000E00020C0B3201DFFF79CFC43
:107C100040B994F82C100120884028490968814314
:107C20002648016094F82C100120884023490968F7
:107C3000084322490860E16A01EB81011E4A02EB18
:107C400081014868A0608268E260211D82685160FD
:107C50008160E16A01EB8101174A02EB81026261F6
:107C6000E16A01EB8101144A52F82110491CE26AD1
:107C700002EB8202104B43F8221000BFBDE8F087F0
:107C80002E2E5C2E2E5C4D6964646C657761726586
:107C9000735C4672656552544F535C7461736B73C9
:107CA0002E6300004572726F723A2025732C2025D6
:107CB000640D0A007800002020820120900000203E
:107CC0001CB51C4800210B468022CDE900101AA1EA
:107CD0001B4800F08DFD0446012C02D101F036F95D
:107CE0000446012C17D100BF502080F31188BFF348
:107CF0004F8FBFF36F8F00BF4FF0FF301149086007
:107D0000012011490860002010490860F8F704FEBE
:107D100000F0BEF80BE0601C08B1012000E000207C
:107D200028B94FF404620AA112A0F8F785FB1548A0
:107D300000681CBDAC00002049444C450000000018
:107D4000DD640008A8000020940000208C000020C2
:107D50002E2E5C2E2E5C4D6964646C6577617265B5
:107D6000735C4672656552544F535C7461736B73F8
:107D70002E6300004572726F723A2025732C202505
:107D8000640D0A00B000002002480068401C014950
:107D900008607047B400002010B52848006818B18A
:107DA00001202749086047E0002025490860254850
:107DB0000068254908600846006824490968884227
:107DC0000BD92349096801F15400496D1E4A126814
:107DD0001E4B1B68D21A114401601B4800681B49E6
:107DE00008601C480068B0FA80F0C0F11F0404EB82
:107DF0008400194951F8200008B1012000E000205A
:107E000028B940F6024215A11DA0F8F715FB04EBB6
:107E10008401114A02EB810041684968416000F128
:107E2000080142688A4202D141684968416041685C
:107E3000C968074A116000BF10BD0000B4000020EF
:107E40009C00002050000020BC000020B800002052
:107E50007800002090000020208201202E2E5C2E31
:107E60002E5C4D6964646C6577617265735C467203
:107E7000656552544F535C7461736B732E630000DD
:107E80004572726F723A2025732C2025640D0A000A
:107E90001CB5504800685049884201D0012000E0DC
:107EA000002028B940F243124CA15BA0F8F7C4FAB5
:107EB000484800684849491E884201D0012000E036
:107EC000002028B94FF4A27244A153A0F8F7B4FAE5
:107ED000554C204600780190FF2021460870084646
:107EE000007800909DF8000000F0F0009DF8001070
:107EF000884201D1012000E0002028B940F25D1243
:107F000036A145A0F8F798FA9DF8000000F050005F
:107F10004649087007204649086009E0444800685F
:107F2000401E434908609DF800004006000E009086
:107F30009DF8000000F080008028EFD03C480068E9
:107F4000C0F10700042801D1012000E0002028B979
:107F500040F2711221A130A0F8F76EFA344800689F
:107F6000C0F10700042801D1012000E0002028B959
:107F70004FF4BD7219A128A0F8F75EFA2C480068EA
:107F800000022B4908600846008800F4E0600860A1
:107F90002549019808700F482030006840F47000AF
:107FA0000C49203108600846006840F070400860C5
:107FB000FFF70CFC00201F490860F8F763F91E4822
:107FC000006840F040401C490860F8F747F900207D
:107FD0001CBD000000ED00E071C20F412E2E5C2E92
:107FE0002E5C4D6964646C6577617265735C467282
:107FF000656552544F535C706F727461626C655C5E
:10800000525644535C41524D5F434D34465C706F51
:1080100072742E63000000004572726F723A202560
:10802000732C2025640D0A0000E400E0F800002015
:10803000FC000020F400002034EF00E010B500BF89
:10804000502080F31188BFF34F8FBFF36F8F00BFB5
:1080500000F014FC18B14FF080500449086000BFD4
:10806000002080F3118800BF10BD000004ED00E087
:108070002DE9F84305460E4617460024E5B1601E7B
:10808000B0FBF5F0B04217D305FB06F010F1550F29
:1080900012D805FB06F909F15400FEF7EDFD044680
:1080A0008CB1A04608F154083B464246314628466A
:1080B0000094FEF727FA06E02CB94FF4E37203A10F
:1080C0000BA0F8F7B9F92046BDE8F8832E2E5C2EF8
:1080D0002E5C4D6964646C6577617265735C467291
:1080E000656552544F535C71756575652E6300006C
:1080F0004572726F723A2025732C2025640D0A0098
:108100002DE9F04105460E4601272C462CB94FF4C7
:1081100088722CA134A0F8F78FF9002C42D0E06BC4
:1081200000283FD04FF0FF31E06BB1FBF0F0216C45
:10813000884237D3FFF752FAD4E90F12206801FBC7
:108140000200A0600020A06320686060E06B401E19
:10815000226C216800FB0211E160FF2084F84400DA
:1081600084F845009EB9206908B9012000E000208C
:10817000A8B904F1100000F073FD80B14FF08050F9
:108180001D490860BFF34F8FBFF36F8F07E004F105
:108190001000FFF7EDF904F12400FFF7E9F9FFF70C
:1081A00069FA00E000270FB1012000E0002028B9A3
:1081B00040F2451203A10CA0F8F73EF93846BDE89D
:1081C000F08100002E2E5C2E2E5C4D6964646C657F
:1081D00077617265735C4672656552544F535C718A
:1081E000756575652E6300004572726F723A2025C1
:1081F000732C2025640D0A0004ED00E02DE9FF47F3
:1082000082B0064688461D464FF0000934462CB918
:1082100040F22E3264A16DA0F8F70EF9B8F1000F0C
:1082200001D1206C08B9012000E0002028B940F2FB
:108230002F325DA165A0F8F7FFF8022D02D1E06BA7
:10824000012801D1012000E0002028B94FF44C7230
:1082500055A15EA0F8F7F0F800F0FAFA08B9049812
:1082600008B9012000E0002028B940F233324EA1C5
:1082700056A0F8F7E1F800BFFFF7B0F9A06BE16B8B
:10828000884201D3022D3ED1D4F838A02A46414677
:108290002046FEF77EF80746A06C88B1022D02D179
:1082A000BAF1000F29D12046FEF778FA28B34FF033
:1082B00080504A490860BFF34F8FBFF36F8F1CE0B7
:1082C000606A08B9012000E0002068B904F12400C8
:1082D00000F0C6FC88B14FF0805040490860BFF301
:1082E0004F8FBFF36F8F08E03FB14FF080503B4995
:1082F0000860BFF34F8FBFF36F8FFFF7BBF901200B
:1083000006B0BDE8F087049818B9FFF7B3F900206C
:10831000F6E7B9F1000F04D16846FFF7ABFB4FF069
:108320000109FFF7A7F9FFF72FFDFFF757F994F9B8
:108330004400401C10B9002084F8440094F9450022
:10834000401C10B9002084F84500FFF793F904A9F8
:10835000684600F0E7F9F8B92046FEF710FAA8B130
:1083600004F110000499FFF797FB2046FEF73BFC51
:1083700000F01CFD00287FF47FAF4FF080501749BC
:108380000860BFF34F8FBFF36F8F75E72046FEF78E
:108390002AFC00F00BFD6FE72046FEF724FC00F0FE
:1083A00005FD0020ACE700002E2E5C2E2E5C4D69F2
:1083B00064646C6577617265735C4672656552547E
:1083C0004F535C71756575652E6300004572726F61
:1083D000723A2025732C2025640D0A0004ED00E07C
:1083E0002DE9F74183B005460E464FF000082C46B4
:1083F0002CB940F251524CA154A0F8F71DF80EB917
:10840000206C08B9012000E0002028B940F2555244
:1084100045A14EA0F8F710F800F01AFA08B905982F
:1084200008B9012000E0002028B940F25A523EA1CC
:1084300046A0F8F701F800BFFFF7D0F8A76BF7B137
:1084400031462046FDF790FF781EA063206908B9E9
:10845000012000E0002060B904F1100000F000FCF1
:1084600038B14FF080503D490860BFF34F8FBFF3E4
:108470006F8FFFF7FFF8012006B0BDE8F081059887
:1084800018B9FFF7F7F80020F6E7B8F1000F04D1AC
:1084900001A8FFF7EFFA4FF00108FFF7EBF8FFF73D
:1084A00073FCFFF79BF894F94400401C10B90020BE
:1084B00084F8440094F94500401C10B9002084F869
:1084C0004500FFF7D7F805A901A800F02BF9F0B98E
:1084D0002046FEF747F9A0B104F124000599FFF703
:1084E000DBFA2046FEF77FFB00F060FC0028A3D1FA
:1084F0004FF0805019490860BFF34F8FBFF36F8F63
:108500009AE72046FEF76FFB00F050FC94E7204608
:10851000FEF769FB00F04AFC2046FEF723F900282D
:108520008AD00020A8E700002E2E5C2E2E5C4D691C
:1085300064646C6577617265735C467265655254FC
:108540004F535C71756575652E6300004572726FDF
:10855000723A2025732C2025640D0A0004ED00E0FA
:108560002DE9F34182B005464FF000082C46002665
:108570002CB940F2E3525DA165A0F7F75DFF206CD6
:1085800008B9012000E0002028B940F2E75257A1C5
:108590005FA0F7F751FF00F05BF908B9039808B93D
:1085A000012000E0002028B940F2EC524FA158A071
:1085B000F7F742FF00BFFFF711F8A76BFFB1781E76
:1085C000A063206810B9FEF721FCA060206908B9FB
:1085D000012000E0002060B904F1100000F040FB31
:1085E00038B14FF080504E490860BFF34F8FBFF352
:1085F0006F8FFFF73FF8012004B0BDE8F0810398CA
:1086000070B90EB9012000E0002028B940F23262B2
:1086100036A13FA0F7F710FFFFF72CF80020EBE79B
:10862000B8F1000F04D16846FFF724FA4FF00108B3
:10863000FFF720F8FFF7A8FBFEF7D0FF94F94400FE
:10864000401C10B9002084F8440094F94500401CF7
:1086500010B9002084F84500FFF70CF803A968461C
:1086600000F060F840BB2046FEF77CF8F0B12068CF
:1086700038B9FEF7B3FFA06800F07CFA0646FEF7B3
:10868000F9FF04F124000399FFF706FA2046FEF7EC
:10869000AAFA00F08BFB00288DD14FF080502049C2
:1086A0000860BFF34F8FBFF36F8F84E72046FEF75C
:1086B0009AFA00F07BFB7EE72046FEF794FA00F082
:1086C00075FB2046FEF74EF80028EED05EB1FEF7AF
:1086D00085FF2046FDF7A5FE07463946A068FFF74F
:1086E00053FAFEF7C7FF002086E700002E2E5C2E0F
:1086F0002E5C4D6964646C6577617265735C46726B
:10870000656552544F535C71756575652E63000045
:108710004572726F723A2025732C2025640D0A0071
:1087200004ED00E070B506460C462EB940F6FD4259
:108730001FA128A0F7F780FE2CB940F6FE421CA12D
:1087400024A0F7F779FEFEF749FF26480268706813
:10875000131A2548006890F85D0030B100202249C6
:10876000096881F85D0001251EE02068401C08B9F9
:10877000002519E01D4930680968884206D07068F4
:10878000904203D80125002020600DE02068984227
:1087900007D92068C01A20603046FFF76BF9002522
:1087A00002E0002020600125FEF764FF284670BD2E
:1087B0002E2E5C2E2E5C4D6964646C65776172654B
:1087C000735C4672656552544F535C7461736B738E
:1087D0002E6300004572726F723A2025732C20259B
:1087E000640D0A008C00002078000020A00000200A
:1087F0002DE9FF4F85B0804689461746DDE912AB6B
:10880000B800FEF739FA064656B16020FEF734FA92
:1088100004460CB1266304E03046FEF76BFF00E02F
:1088200000247CB10020CDE900ABCDE902403A46FE
:1088300049464046089BFDF77DFE2046FDF7C8FCF3
:10884000012501E04FF0FF35284609B0BDE8F08F63
:108850000549096809B9012005E00449096809B911
:10886000022000E00020704794000020B4000020A7
:1088700001490868704700008C0000202DE9F04194
:108880004FF000085F48006800287DD15E4800680E
:10889000451C5D480560002D1DD15C4800680068DE
:1088A00008B9012000E0002028B940F6C72258A1ED
:1088B00060A0F7F7C1FD5548076862480068534952
:1088C00008606048076060480068401C5E490860B6
:1088D000FEF7ECF800BF5D480068854277D300BF23
:1088E0004A480068006808B9012000E0002020B173
:1088F0004FF0FF305549086068E044480068C068A0
:10890000C4686668B54202D2504806605EE060699D
:10891000D4E902128A60D4E902214A60211D42682A
:108920008A4201D1E1684160002262610168491E0A
:108930000160A06A98B1A06AD4E907128A60D4E9FC
:1089400007214A6004F1180142688A4201D1216A74
:1089500041600022A2620168491E016000BF94F8D4
:108960002C10012088403A490968084338490860BA
:10897000E16A01EB8101374A02EB81014868A0609E
:108980008268E260211D00E033E08268516081600E
:10899000E16A01EB81012F4A02EB81026261E16A27
:1089A00001EB81012B4A52F82110491CE26A02EBCB
:1089B0008202284B43F822102749E06A0968C96AF5
:1089C00088428DD34FF001088AE700E000BF2248BB
:1089D0000068C06A00EB80001E4951F820000128A1
:1089E00001D94FF001081D48006808B14FF0010897
:1089F00004E01B480068401C194908604046BDE877
:108A0000F0810000B40000208C0000207C000020D9
:108A10002E2E5C2E2E5C4D6964646C6577617265E8
:108A2000735C4672656552544F535C7461736B732B
:108A30002E6300004572726F723A2025732C202538
:108A4000640D0A0080000020A0000020A800002083
:108A50009000002020820120780000209C0000204F
:108A60009800002070B505462C460026002D5ED0EB
:108A700030480068844201D1012000E0002028B97C
:108A800041F24F022CA135A0F7F7D6FC206D28B992
:108A900041F2500228A131A0F7F7CEFC206D401E14
:108AA0002065E16CE06A884241D0206D00283ED10B
:108AB000201DFEF749FD40B994F82C100120884094
:108AC0002A490968814329480160E06CE062E06A54
:108AD000C0F12000A06194F82C10012088402349A7
:108AE0000968084321490860E16A01EB8101204AD5
:108AF00002EB81014868A0608268E260211D826803
:108B000051608160E16A01EB8101194A02EB810247
:108B10006261E16A01EB8101154A52F82110491C9A
:108B2000E26A02EB8202124B43F822100126304621
:108B300070BD0000780000202E2E5C2E2E5C4D694A
:108B400064646C6577617265735C467265655254E6
:108B50004F535C7461736B732E6300004572726FC8
:108B6000723A2025732C2025640D0A009000002005
:108B70002082012070B505462C460026002D67D0C6
:108B80003449E06A0968C96A88425AD2A06900F08B
:108B9000004028B92F480068C06AC0F12000A061D9
:108BA000E16A01EB81012C4A02EB81016069884294
:108BB00001D1012000E00020E0B3201DFEF7C4FC3D
:108BC00040B994F82C100120884024490968814359
:108BD000224801601F480068C06AE06294F82C10C7
:108BE000012088401D49096808431C490860E16A62
:108BF00001EB8101184A02EB81014868A06082689C
:108C0000E260211D826851608160E16A01EB8101AF
:108C1000114A02EB81026261E16A01EB81010E4AB5
:108C200052F82110491CE26A02EB82020A4B43F817
:108C3000221004E0FFE707480068C06AE0620126EE
:108C400006E00449E06C0968C96A884200D201263E
:108C5000304670BD78000020208201209000002066
:108C600070B50646F068C4682CB940F682423CA153
:108C700044A0F7F7E1FBA06AD4E907128A60D4E9BF
:108C800007214A6004F1180142688A4201D1216A31
:108C900041600022A2620168491E01603D480068EF
:108CA00000283DD16069D4E902128A60D4E902212A
:108CB0004A60211D42688A4201D1E1684160002278
:108CC00062610168491E016094F82C1001208840FF
:108CD00031490968084330490860E16A01EB8101C4
:108CE0002E4A02EB81014868A0608268E260211D83
:108CF000826851608160E16A01EB8101274A02EBE1
:108D000081026261E16A01EB8101244A52F821107B
:108D1000491CE26A02EB8202204B43F8221010E069
:108D20001F494868E0618268226204F11801826884
:108D3000516081601A4AA26211460968491C11609B
:108D400000BF1849E06A0968C96A884204D9012548
:108D500001201549086000E00025284670BD00008C
:108D60002E2E5C2E2E5C4D6964646C657761726595
:108D7000735C4672656552544F535C7461736B73D8
:108D80002E6300004572726F723A2025732C2025E5
:108D9000640D0A00B4000020900000202082012011
:108DA000C8840120780000209C00002070B50024B9
:108DB00000265048006828B940F6B3024EA157A0DB
:108DC000F7F73AFBFEF70AFC4A480068401E49499B
:108DD00008600846006800287ED1544800680028D2
:108DE0007AD05BE05248C068C468A06AD4E9071230
:108DF0008A60D4E907214A6004F1180142688A4276
:108E000001D1216A41600022A2620168491E01600D
:108E10006069D4E902128A60D4E902214A60211D06
:108E200042688A4201D1E1684160002262610168C2
:108E3000491E016094F82C10012088403D490968C2
:108E400008433C490860E16A01EB81013A4A02EBC0
:108E500081014868A0608268E260211D82685160DB
:108E60008160E16A01EB8101334A02EB81026261B8
:108E7000E16A01EB8101304A52F82110491CE26A93
:108E800002EB82022C4B43F822102C49E06A09685D
:108E9000C96A884202D30120294908602448006831
:108EA00008B9012000E0002000289BD00CB1FDF79C
:108EB000FDFD2448056865B100BFFFF7DFFC10B178
:108EC00001201F4908606D1E002DF6D100201D49AC
:108ED00008601B48006800E008E038B10126300750
:108EE00019490860BFF34F8FBFF36F8FFEF7C2FBC6
:108EF000304670BDB40000202E2E5C2E2E5C4D69D5
:108F000064646C6577617265735C46726565525422
:108F10004F535C7461736B732E6300004572726F04
:108F2000723A2025732C2025640D0A008800002049
:108F3000C8840120900000202082012078000020B9
:108F40009C0000209800002004ED00E01CB50024E7
:108F5000FDF7B4F90B48006858B10B481F210023F6
:108F60004FF48072CDE9001008A10A48FFF740FCD9
:108F700004462CB940F2191207A110A0F7F75CFAC9
:108F800020461CBDC8000020CC000020546D72207B
:108F900053766300CD6B00082E2E5C2E2E5C4D693F
:108FA00064646C6577617265735C46726565525482
:108FB0004F535C74696D6572732E63004572726FF6
:108FC000723A2025732C2025640D0A0044F2A0106B
:108FD00001E000BF401E0028FBD170474FEA11534B
:108FE000A3F58063D3F11E03A8BFD3F1200C08DBE7
:108FF0004FF0004242EAC12252EA505232FA03F0E4
:10900000704709420BD4102BC4BF0020704703F5F2
:10901000787CBCF1FF3F05D04FF0FF3070474FF038
:109020000000704770B500F0C3F800BF499224807B
:1090300000207047F0E7B0FA80F310FA03F10AD08D
:10904000C3F11D0303F580634FEA41504FEA035219
:1090500002EBD12170474FF000007047DFF848C1A4
:1090600070B51CEA111E1EBF1CEA13159EEA0C0FF8
:1090700095EA0C0F00F06F8081EA030423EA4C1399
:109080004EEAD47E21EA4C1141F4801143F480135E
:10909000AE44A1FB024CA0FB0365AEF17F7E361906
:1090A00055EB0C05A1FB034C4CF10003A0FB021C8B
:1090B00016EB0C06654153F10003094218BF46F058
:1090C000010613F4007F0BD14FEA03314FEA05305C
:1090D000340341EA155140EA16506FF003020AE0EA
:1090E0004FEAC3214FEAC520F40241EA555140EA54
:1090F00056506FF0020202EB2E4201EB025585EA58
:10910000CE710AD05FEA440C18BF24F0004450F13D
:10911000000041F1000120EAD47040F2FE7C62457B
:1091200000D270BDA84214BF4FF080444FF04044BD
:10913000002E08BF0024BEF1806FA8BFA1F1C0417E
:10914000BDE8704080F282804FF0000001F1C04124
:1091500001F0004170479EEA0C0F0CEA131518BF8E
:1091600095EA0C0F06D04FF0000081EA030E0EF0D6
:10917000004170BD00F01CF88900013E00F007B806
:1091800000F009B84FEA430C5FEA5C5C08D081EA62
:10919000030100F05BB84FEA410C5FEA5C5CF6D17A
:1091A0004FF00000014970470000FF070000F87F02
:1091B0000EF1020E2EF0030E5EF8046B364205D45B
:1091C000012A43EB030515F5001F12D8012841EBD6
:1091D000010C1CF5001F0CD80ED14FEAD17C15F5FF
:1091E000001F0CEB4C0C0CF1020C08BF4CEBD37CB9
:1091F00004E04FF0080C01E04FEAD37C0CEB4C0587
:1092000026FA05F606F00706B6F1040C06D20EEBB8
:10921000860CBDE870404CF0010C6047DFE80CF0B4
:10922000090B02024FF000414FF00000A1F50021B0
:1092300070BD19461046012851EB010418BFD4F542
:10924000001484BF002001F0004170BD0808A0F5A3
:1092500000114FEA310170474FF04070E1EE100A03
:109260007047000000000000000001020304060730
:1092700008090000000001020304000000000000D3
:10928000000000000000000000003F40000000005F
:1092900000000000300040003000400000000900E5
:1092A0000BC03D000BC03D00090018C024407FE00A
:1092B000224031800000180024C01B000D80324085
:1092C000018003801C4027401C80074000401000A4
:1092D000600000000000000000000000000000002E
:1092E0001F80204040200000402020401F800000C0
:1092F0000000090006001F800600090000000400AD
:1093000004003F8004000400000000100060000022
:109310000000000000000400040004000400040039
:1093200000000000004000000000000000000020DD
:1093300001C006003800400000001F80204020408F
:1093400020401F800000000010403FC0004000008F
:10935000000018C021402240244018400000108026
:109360002040244024401B80000002000D0011001A
:109370003FC0014000003C80244024402440238022
:1093800000001F802440244034400380000030004F
:10939000200027C03800200000001B80244024400B
:1093A00024401B8000001C0022C0224022401F805D
:1093B0000000000000000840000000000000000065
:1093C00000000460000000000000000004000A002B
:1093D000110020804040090009000900090009002F
:1093E000000000004040208011000A000400180026
:1093F000200023402400180000001F802040274048
:1094000029401F400000004007C039000F0001C084
:10941000004020403FC0244024401B8000001F80AB
:109420002040204020403080000020403FC02040AD
:1094300020401F80000020403FC024402E4030C00C
:10944000000020403FC024402E00300000000F00EC
:109450001080204022403380020020403FC00400A2
:1094600004003FC02040204020403FC0204020401A
:1094700000000060202020203FC02000200020406D
:109480003FC024400B0030C0204020403FC020405F
:109490000040004000C03FC03C0003C03C003FC053
:1094A000000020403FC00C4023003FC020001F8030
:1094B0002040204020401F80000020403FC024402A
:1094C0002400180000001F802140214020E01FA040
:1094D000000020403FC02440260019C0004018C0B2
:1094E00024402440224031800000300020403FC012
:1094F00020403000000020003F80004000403F80BE
:10950000200020003E0001C0070038002000380085
:1095100007C03C0007C038000000204039C00600EA
:1095200039C0204000002000384007C038402000EB
:109530000000304021C02640384020C0000000001C
:1095400000007FE0402040200000000070000C0080
:109550000380004000000000402040207FE0000029
:10956000000000002000400020000000000000106B
:10957000001000100010001000100000000040005B
:10958000000000000000000002800540054003C00C
:10959000004020003FC00440044003800000000061
:1095A00003800440044006400000000003800440A3
:1095B00024403FC0004000000380054005400340B8
:1095C0000000000004401FC0244024402000000090
:1095D00002E0055005500650042020403FC00440E2
:1095E000040003C000400000044027C00040000009
:1095F000000000100010041027E0000000002040D0
:109600003FC00140070004C00440204020403FC04C
:1096100000400040000007C0040007C0040003C071
:109620000000044007C00440040003C000400000E4
:1096300003800440044003800000041007F004503D
:10964000044003800000000003800440045007F041
:109650000010044007C002400400040000000000A5
:1096600006400540054004C00000000004001F80C3
:10967000044000400000040007800040044007C090
:1096800000400400070004C001800600040006003A
:1096900001C0070001C006000000044006C0010030
:1096A00006C0044000000410071004E0018006001A
:1096B00004000000044005C0064004400000000013
:1096C000000004007BE040200000000000000000DB
:1096D000FFF000000000000040207BE004000000DC
:1096E00000004000800040002000200040000000FA
:1096F000000000000000000000000000000000006A
:10970000000000001FCC000C000000000000000062
:1097100008003000600008003000600000000220F7
:1097200003FC1E20022003FC1E200220000000007B
:109730000E1811043FFF10840C78000000000F0089
:1097400010840F3800C00778188400780000007873
:109750000F8410C411240E9800E40084000808004F
:109760006800700000000000000000000000000021
:109770000000000007E0181820044002000000006C
:1097800040022004181807E000000000000002401A
:10979000024001800FF00180024002400000008082
:1097A000008000800FF80080008000800000000131
:1097B000000D000E0000000000000000000000008E
:1097C0000080008000800080008000800080000019
:1097D000000C000C00000000000000000000000071
:1097E000000600180060018006001800200000003C
:1097F00007F0080810041004080807F00000000033
:10980000080408041FFC000400040000000000001D
:109810000E0C10141024104411840E0C00000000D3
:109820000C1810041104110412880C7000000000C0
:1098300000E00320042408241FFC00240000000092
:109840001F9810841104110410881070000000008B
:1098500007F0088811041104188800700000000047
:109860001C00100010FC13001C0010000000000081
:109870000E3811441084108411440E38000000008A
:109880000700088C10441044088807F0000000000E
:1098900000000000030C030C0000000000000000AA
:1098A00000000001010600000000000000000000B0
:1098B000008001400220041008081004000002206B
:1098C00002200220022002200220022000000000CC
:1098D000100408080410022001400080000000006D
:1098E0000E001200100C106C10800F00000003E03E
:1098F0000C1813E4142417C4082807D0000000042F
:10990000003C03C41C40074000E4001C0004100499
:109910001FFC1104110411040E880070000003E004
:109920000C1810041004100410081C10000010047F
:109930001FFC100410041004080807F000001004B5
:109940001FFC1104110417C41004081800001004AF
:109950001FFC1104110017C010000800000003E0F4
:109960000C181004100410441C780040000010046F
:109970001FFC10840080008010841FFC1004000075
:10998000100410041FFC1004100400000000000369
:109990000001100110011FFE100010000000100453
:1099A0001FFC110403801464181C10040000100430
:1099B0001FFC1004000400040004000C000010044C
:1099C0001FFC1F0000FC1F001FFC100400001004FF
:1099D0001FFC0C04030000E010181FFC100007F02F
:1099E0000808100410041004080807F00000100410
:1099F0001FFC10841080108010800F00000007F002
:109A0000081810241024101C080A07F20000100483
:109A10001FFC1104110011C011300E0C00040000D5
:109A20000E1C11041084108410441C38000018000F
:109A3000100010041FFC100410001800000010009B
:109A40001FF810040004000410041FF81000100098
:109A50001E0011E0001C007013801C0010001FC0CD
:109A6000103C00E01F0000E0103C1FC0000010048C
:109A7000180C163401C001C01634180C1004100064
:109A80001C00130400FC13041C0010000000080458
:109A9000101C1064108413041C0410180000000033
:109AA000000000007FFE4002400240020000000073
:109AB00030000C0003800060001C00030000000068
:109AC0004002400240027FFE000000000000000053
:109AD0000000200040004000400020000000000185
:109AE000000100010001000100010001000100006F
:109AF00040004000200000000000000000000000C6
:109B00000098012401440144014400FC00041000B9
:109B10001FFC0088010401040088007000000000A0
:109B200000700088010401040104008800000000A6
:109B3000007000880104010411081FFC00040000EB
:109B400000F8014401440144014400C80000000041
:109B5000010401040FFC110411041100180000009D
:109B600000D601290129012901C9010600001004BC
:109B70001FFC008401000100010400FC000400003F
:109B80000104190419FC0004000400000000000096
:109B9000000300010101190119FE0000000010047A
:109BA0001FFC0024004001B4010C0104000000006F
:109BB000100410041FFC0004000400000000010455
:109BC00001FC0104010001FC0104010000FC01048E
:109BD00001FC008401000100010400FC00040000FD
:109BE00000F8010401040104010400F8000001016F
:109BF00001FF0085010401040088007000000000DE
:109C00000070008801040104010501FF0001010446
:109C1000010401FC00840104010001800000000037
:109C200000CC01240124012401240198000000003B
:109C30000100010007F80104010400000000010018
:109C400001F8000400040004010801FC0004010004
:109C500001800170000C001001600180010001F022
:109C6000010C003001C00030010C01F001000000C7
:109C70000104018C00740170018C010400000101D9
:109C800001810171000E00180160018001000000D7
:109C90000184010C013401440184010C0000000026
:109CA00000000000000001003EFC400240020000F5
:109CB000000000000000FFFF0000000000000000A6
:109CC000400240023EFC01000000000000000000D5
:109CD0006000800080004000400020002000000064
:109CE0000000000000000000000000000000000074
:109CF0000000000000000000000000000000000064
:109D00000000000000000000000000000000000053
:109D1000000F80380FFE380F803800000000000070
:109D2000000000000000000000000000010000062C
:109D300000000C00003800003100000600000C009C
:109D400000380000300000000000000000006180CA
:109D50000067F807F9800061800061800061800081
:109D600061800067F807F980006180000000000052
:109D70000000000001C0E003E0F00630080418080D
:109D80001FFFFE040E080787F00381E000000000BB
:109D9000000001F000060C00040408060C7001F934
:109DA000C0000E00003BE000EC18070808040C1887
:109DB0000003E00000000001E00007F003F81804D1
:109DC0001C0804170807E1D003C0E00023B0003CE2
:109DD0000800200800001000000000000001000042
:109DE0003100003200001C000000000000000000F4
:109DF0000000000000000000000000000000000063
:109E000000000000000000000000000000007F00D3
:109E100001FFC00780F00C001810000420000200B1
:109E200000000000002000021000040C0018078051
:109E3000F001FFC0007F00000000000000000000F3
:109E4000000000000000000000004200006600006A
:109E50006600003C0000180003FFC0001800003C32
:109E600000006600006600004200000000000800DC
:109E700000080000080000080000080001FFC00002
:109E800008000008000008000008000008000000AA
:109E90000000000100003100003200001C00000042
:109EA00000000000000000000000000000000000B2
:109EB0000000000000000800000800000800000882
:109EC000000008000008000008000008000008006A
:109ED0000008000000000000000000000000380042
:109EE0000038000038000000000000000000000002
:109EF000000000000000000000000000000000065C
:109F000000001C000070000180000E0000380000FE
:109F1000C0000700001C000030000000000000002E
:109F200000007F8001FFE003807006001804000835
:109F300004000806001803807001FFE0007F800025
:109F400000000000000000000100080100080100FE
:109F50000803FFF807FFF8000008000008000008E9
:109F600000000000000000000001C03802C05804DA
:109F70000098040118040218040418061C1803F8B9
:109F80001801E0F800000000000000000001C0E03F
:109F900003C0F004000804080804080806180803B1
:109FA000F41801E7F00001E00000000000000000EC
:109FB00000000300000D0000110000610000810896
:109FC00003010807FFF80FFFF8000108000108006F
:109FD00000000000000000E007FCD00608080610A2
:109FE00008061008061008061838060FF00607C005
:109FF000000000000000000000003F8001FFE003BF
:10A000008430020818041008041008041008071807
:10A0100010030FF00007C000000000000000000067
:10A0200003C0000700000600000600F80607F80657
:10A03000180006E000070000060000000000000015
:10A040000001E1E003F7F0063410041808041808D2
:10A05000040C08040C0806161803F3F001C1E00014
:10A06000000000000000F80003FC30030638040282
:10A07000080402080402080404100308F001FFC0E9
:10A08000007F000000000000000000000000000051
:10A0900000000000000070380070380070380000C8
:10A0A00000000000000000000000000000000000B0
:10A0B00000000000000000000000301A00301C000A
:10A0C0000000000000000000000000000000000090
:10A0D0000000000000080000140000220000410001
:10A0E00000808001004002002004001008000800E9
:10A0F00000000000000021000021000021000021DC
:10A1000000002100002100002100002100002100AA
:10A11000002100000000000000000000080008040A
:10A120000010020020010040008080004100002259
:10A130000000140000080000000000000003C00040
:10A1400004C000040000080038080F380808380868
:10A1500010000C300007E00003C000000000000009
:10A1600000003F8000FFE0038070020F100670883F
:10A1700004C088048308047F8802C0900301200083
:10A18000FE400000080000180001F8003E0801C26F
:10A190000007020007E20000FE00001FC80001F8EF
:10A1A00000003800000804000807FFF807FFF80463
:10A1B000080804080804080804080806180803F436
:10A1C0001801E7F00001E0000000000000003F80FF
:10A1D00001FFE00380700200180400080400080476
:10A1E00000080400100600200780C00000000400E2
:10A1F0000807FFF807FFF804000804000804000837
:10A2000004001802001003807001FFE0007F80004E
:10A21000000004000807FFF807FFF8040808040816
:10A2200008040808040808043E080400080600188A
:10A2300001006000000004000807FFF807FFF804B1
:10A240000808040800040800040800043E00060092
:10A2500000060000018000000000000000003F80B8
:10A2600001FFE003807006001804000804020804DF
:10A2700002080203F00783F000020000020004005D
:10A280000807FFF807FFF8040808000800000800A6
:10A2900000080000080004080807FFF807FFF8049A
:10A2A000000800000000000004000804000804008A
:10A2B0000807FFF807FFF804000804000804000876
:10A2C0000000000000000000000000060000070081
:10A2D000000104000104000104000307FFFE07FF62
:10A2E000FC04000004000004000004000807FFF85C
:10A2F00007FFF8040C08001800003E0004C78005A2
:10A3000003C80600F8040038040018000008040020
:10A310000807FFF807FFF80400080000080000081D
:10A32000000008000008000008000018000060009D
:10A33000000004000807FFF807800807FC00007F02
:10A34000C00003F80007C000780007800807FFF886
:10A3500007FFF804000804000807FFF807000803D7
:10A36000C00000E000003800001E000007000001EF
:10A37000C00400F007FFF8040000000000007F8028
:10A3800001FFE003807006001804000804000806BE
:10A39000001803003001FFE0007F8000000004008F
:10A3A0000807FFF807FFF804040804040004040089
:10A3B000040400040400060C0003F80001F000008F
:10A3C0000000000000007F8001FFE00380700600B5
:10A3D000880400880400C806003C03003E01FFE634
:10A3E000007F8400000004000807FFF807FFF8045E
:10A3F0000808040800040C00040F00040BC0061039
:10A40000F003F03801E00800000800000001E0F867
:10A4100003F030063010041808041808040C08046F
:10A420000C080206180207F00781E0000000018016
:10A430000006000004000004000004000807FFF804
:10A4400007FFF804000804000004000006000001F3
:10A45000800004000007FFE007FFF0040018000080
:10A4600008000008000008000008000008040010B0
:10A4700007FFE004000004000006000007E00007FA
:10A48000FE00041FE00001F80000380001E0043E77
:10A490000007C00006000004000004000007E00000
:10A4A00007FFC0041FF80007C007F80007FF80047B
:10A4B0003FF80007C004F800070000040000000097
:10A4C0000004000806001807C07805F1C8003E0027
:10A4D000001F800463E80780F806001804000800E5
:10A4E000000004000006000007800007E008047C6C
:10A4F00008001FF80007F800180804E0080700002B
:10A5000006000004000000000001000806003804F6
:10A5100000F80403E8040F08047C0805F00807C0ED
:10A5200008070018040060000000000000000000A0
:10A530000000000000000000003FFFFE200002209D
:10A5400000022000022000022000020000000000A3
:10A550000000000008000007000000C000003800F4
:10A560000006000001C000003000000E00000100E5
:10A570000000000000000000200002200002200077
:10A58000022000022000023FFFFE00000000000049
:10A5900000000000000000000000000000000008B3
:10A5A000000010000030000020000030000010000B
:10A5B0000008000000000000000000000100000191
:10A5C0000000010000010000010000010000010086
:10A5D0000001000001000001000001000001000076
:10A5E000000000000000002000002000001000001B
:10A5F000100000000000000000000000000000004B
:10A6000000000000000000F00019F8001B180022F4
:10A6100008002608002408002410003FF8001FF856
:10A6200000000800001800000004000007FFF80FF9
:10A63000FFF0001818001008002008002008003063
:10A6400018001FF0000FC00000000000000007C04D
:10A65000001FF0001830002008002008002008002B
:10A660003C08001C1000006000000000000000001A
:10A67000000007C0001FF000381800200800200864
:10A6800000200804101007FFF80FFFF00000100072
:10A6900000000000000000000007C0001FF00012D2
:10A6A00030002218002208002208003208001E1084
:10A6B000000E200000000000000020000020080024
:10A6C000200801FFF803FFF80620080420080420F2
:10A6D0000807200003000000000000000000000E3A
:10A6E000000E6E001FF30031B10020B10020B10058
:10A6F0003191001F13002E1E00200E0030000000BC
:10A700000004000807FFF80FFFF800100800200001
:10A71000002000002008003FF8001FF8000008009B
:10A7200000000000000000000020080020080020B9
:10A7300008063FF8063FF80000080000080000087F
:10A740000000000000000000000000000000030006
:10A750000003002001002001002003063FFE063F09
:10A76000FC000000000000000000000000040008E1
:10A7700007FFF80FFFF8000188000300002FC0005A
:10A7800038F8002038002008000008000000000011
:10A790000000000004000804000804000807FFF897
:10A7A0000FFFF8000008000008000008000000008B
:10A7B0000000002008003FF8003FF80010080020CB
:10A7C00000003FF8003FF8001008002000003FF8AC
:10A7D000003FF8000008000000002008003FF800DB
:10A7E0003FF8001008001000002000002008003F83
:10A7F000F8001FF80000080000000000000007C07B
:10A80000000FF00018300030080020080020080079
:10A810003008001830000FF00007C00000000000F2
:10A8200000002001003FFF003FFF00101100200941
:10A83000002008002008003038001FF0000FC00082
:10A8400000000000000007C0001FF00038180020C2
:10A8500008002008002009001011001FFF003FFF22
:10A86000000001000000002008002008002008006F
:10A870003FF8003FF80008080010080020080020FA
:10A880000000300000300000000000000000000068
:10A89000000C78001E18003308002308002108006F
:10A8A00021880021980030F000386000000000008E
:10A8B0000000200000200000200000FFF003FFF84F
:10A8C00000200800200800200800003000000000E0
:10A8D0000000000000002000003FF0007FF80000B2
:10A8E00018000008000008002010003FF8007FF06A
:10A8F00000001000000000000000200000300000F8
:10A900003C00003F800023F000007800007000232E
:10A9100080003C00003000002000002000003C00CF
:10A92000003FE00023F80000E0002700003E0000A8
:10A930003FE00021F80001E0003E000020000000A0
:10A9400000002008002008003838003E68002780FA
:10A950000003C8002CF80038380020180020080038
:10A960000000000000002000003003003C01003F18
:10A97000830023EC000070002380003C00002000D6
:10A980000020000000000000000000000038080067
:10A9900020380020F80023E8002F88003E08003807
:10A9A00008002018000070000000000000000000F7
:10A9B0000000000000000000000008000014001F5C
:10A9C000F7FC30000620000200000000000000003C
:10A9D0000000000000000000000000000000000077
:10A9E000FFFFFF000000000000000000000000006A
:10A9F00000000000000000002000023000061FF7E9
:10AA0000FC0014000008000000000000000000002E
:10AA1000000000000000000000180000600000407E
:10AA200000004000002000001000000800000400AA
:10AA3000000400000C0000100000000000000000F6
:10AA40000000000000000000000000000000000006
:10AA500000000000000000000000000000000000F6
:10AA600000000000000000000000000000000000E6
:10AA700000000000000000000000000000000000D6
:10AA800000000000000000000000000000000000C6
:10AA9000000007F000C007FFE1E007F001E0000060
:10AAA00000C00000000000000000000000000000E6
:10AAB0000000000000000000000000000000000096
:10AAC00000000020000001C00000078000001F00FF
:10AAD00000001E0000001C20000001C000000780D4
:10AAE00000001F0000001E0000001C00000000000D
:10AAF000000000000000000000000000000000183E
:10AB00000C0000180C0000180FE0001FFC0003F8F8
:10AB10000C0000180C0000180C0000180C000018A5
:10AB20000C0000180FE0001FFC0003F80C000018D8
:10AB30000C0000180C0000000000000000000000E5
:10AB4000000000000780007807C000FC0640010EEE
:10AB5000002003070020020380200FFFFFFC0201FA
:10AB6000C0200200E0600130704001F03F8000F042
:10AB70001F00000000000000000000FE000001FFB8
:10AB800000000301800002008060030181C001FF1A
:10AB9000070000FE18000000E0000003BF00000CEA
:10ABA000FFC00071806001C10020030180600000CF
:10ABB000FFC000003F000000000000001F00000078
:10ABC0007FC000FCC0C001FF80600303E0200202E0
:10ABD000782002061E2003FC074001F003800001DC
:10ABE00003C000011C600001E02000010020000102
:10ABF0000040000001800000000000000000002074
:10AC000000001C6000001C4000001F8000000F00BE
:10AC10000000000000000000000000000000000034
:10AC20000000000000000000000000000000000024
:10AC30000000000000000000000000000000000014
:10AC40000000000000000000000000000000000004
:10AC50000000000000000007F800003FFF0000783F
:10AC600007C001C000E00300003004000008080035
:10AC700000041000000200000000000000001000AE
:10AC8000000208000004040000080300003001C0B6
:10AC900000E0007807C0003FFF000007F800000058
:10ACA00000000000000000000000000000000000A4
:10ACB0000000000000000000000000000000000094
:10ACC0000000000C1800000E3800000E38000006CE
:10ACD0003000000360000061438000FFFF800061DE
:10ACE00043000003600000063000000E3800000E34
:10ACF0003800000C180000000000000000000000F8
:10AD000000000000800000008000000080000000C3
:10AD100080000000800000008000007FFF00000035
:10AD20008000000080000000800000008000000023
:10AD30008000000080000000000000000000000013
:10AD40000001000000E3000000E2000000FC000041
:10AD5000007800000000000000000000000000007B
:10AD600000000000000000000000000000000000E3
:10AD700000000000000000000000000000000000D3
:10AD800080000000800000008000000080000000C3
:10AD900080000000800000008000000080000000B3
:10ADA00080000000800000008000000080000000A3
:10ADB0008000000080000000000000000000000093
:10ADC0000000000000C0000001E0000001E0000001
:10ADD00000C00000000000000000000000000000B3
:10ADE0000000000000000000000000000000000063
:10ADF0000000000000000000000000000000000053
:10AE0000000C00000038000000E00000038000009B
:10AE10000E00000038000000E00000038000000E7B
:10AE200000000038000000E00000038000000E0079
:10AE300000001800000000000000000000000000FA
:10AE40000000000FF800007FFF0000F00780018085
:10AE500000C0030000600200002002000020020089
:10AE6000002003000060018000C000E00380007F3C
:10AE7000FF00000FF80000000000000000000000CC
:10AE80000000000000000080002000800020008002
:10AE900000200080006001FFFFE003FFFFE00000F2
:10AEA00000600000002000000020000000200000E2
:10AEB0000000000000000000000000000000000092
:10AEC0000000007800E000980160010002600200CC
:10AED00004600200086002001060020020600200AE
:10AEE0004060030080600183006001FE00E0007CA0
:10AEF00007800000000000000000000000000000CB
:10AF0000000000F0078001F007C0010000400200CF
:10AF100000200201002002010020020100200303A2
:10AF200080200186804001FCC0C000787F80000046
:10AF30001E000000000000000000000000000000F3
:10AF400008000000380000004800000188000006EA
:10AF50000800000C0810003008100040081001FF25
:10AF6000FFF003FFFFF003FFFFF0000008100000F8
:10AF700008100000081000000000000000000000A1
:10AF8000000000000780001F864003E1002003024C
:10AF90000020030400200304002003040020030415
:10AFA000002003060040030301C00301FF800300EB
:10AFB0007E00000000000000000000000000000013
:10AFC00000000007FC00003FFF000070C38000810C
:10AFD00080C0010100600302002002020020020282
:10AFE0000020020200200203004001C180C000C016
:10AFF000FF8000007E000000000000000000000054
:10B00000000000F0000003C0000003800000030007
:10B010000000030007E003003FE00301C000030657
:10B02000000003180000036000000380000003001C
:10B030000000000000000000000000000000000010
:10B040001F0000783F8000FC60C0018EC0400307F5
:10B0500080200203002002018020020180200201E2
:10B06000C0200301E040018670C000FC3F800078F2
:10B070001F00000000000000000000000000003F72
:10B08000000000FF81C001C0C1C0010060200200BB
:10B090002020020020200200202002002060020068
:10B0A00040C00100C18000C18F00007FFE00001F72
:10B0B000F0000000000000000000000000000000A0
:10B0C0000000000000000000000000000000000080
:10B0D0000000000300C0000781E0000781E00003DA
:10B0E00000C00000000000000000000000000000A0
:10B0F0000000000000000000000000000000000050
:10B10000000000000000000000000000000000003F
:10B110000000000600660006007800000000000045
:10B12000000000000000000000000000000000001F
:10B13000000000000000000000000000000000000F
:10B140000000000080000001C00000036000000655
:10B150003000000C180000180C00003006000060E1
:10B16000030000C001800100004002000020040034
:10B1700000100000000000000000000000000004BB
:10B18000100000041000000410000004100000046F
:10B19000100000041000000410000004100000045F
:10B1A000100000041000000410000004100000044F
:10B1B000100000041000000000000000000000006B
:10B1C000000004000010020000200100004000C048
:10B1D0000180006003000030060000180C00000C25
:10B1E000180000063000000360000001C0000000ED
:10B1F00080000000000000000000000000000000CF
:10B2000000000078000001F8000002380000020091
:10B210000000040000C0040079E0040081E00401A3
:10B2200000C004030000020200000306000001FC4D
:10B23000000000F800000000000000000000000F07
:10B24000F800003FFE000070078000C000C0010150
:10B25000F8400307FC20021E0420023008200220D0
:10B260003020023FFC20013F044001800CC000E080
:10B270003180001FC200000000000000002000001C
:10B280000060000003E000003E200003E020003EDC
:10B29000200003E020000380200007FC2000003F86
:10B2A000E0000003FE2000003FE0000001E000009D
:10B2B000002000000020000000000000000002004C
:10B2C00000200200002003FFFFE003FFFFE0020177
:10B2D00000200201002002010020020100200201E2
:10B2E0000020030300200186806001FCC0C000F83C
:10B2F0007F8000001F000000000000000000000729
:10B30000F800003FFF000070078000C000C001008F
:10B310000040030000200200002002000020020084
:10B3200000200200002001000040018000C003C096
:10B330000180003006000000000000000000020054
:10B3400000200200002003FFFFE003FFFFE00200F7
:10B350000020020000200200002002000020030064
:10B36000006001000040018000C000F00780007F05
:10B37000FE00000FF80000000000000000000200C6
:10B3800000200200002003FFFFE003FFFFE00201B6
:10B390000020020100200201002002010020020121
:10B3A000002002038020020FE0200300006003C0A1
:10B3B00000E0006003000000000000000000020048
:10B3C00000200200002003FFFFE003FFFFE0020176
:10B3D0000020020100200201000002010000020121
:10B3E00000000201000002038000030FE0000300E0
:10B3F000000003C000000060000000000000000723
:10B40000F800003FFE000070078001C001C001008D
:10B410000040030000200200002002000020020083
:10B420000020010020200100204003C03F800030A8
:10B430003F800000200000002000020000200200E9
:10B44000002003FFFFE003FFFFE002008020020076
:10B4500080200000800000008000000080000200CA
:10B4600080200200802003FFFFE003FFFFE00200D6
:10B47000002002000020000000000000000000008A
:10B480000000000000000200002002000020020076
:10B4900000200200002003FFFFE003FFFFE00200A6
:10B4A0000020020000200200002002000020000016
:10B4B000000000000000000000000000000000008C
:10B4C000000E0000000F0000000F0000000102004D
:10B4D000000102000001020000030200000603FF59
:10B4E000FFFC03FFFFF80200000002000000020062
:10B4F0000000020000000000000000000000020048
:10B5000000200200002003FFFFE003FFFFE0020035
:10B51000C0200201002000078000000FE000003082
:10B52000F80002603E2003800F20030003E00200C9
:10B5300000E00200002000000020000000000200E7
:10B5400000200200002003FFFFE003FFFFE00200F5
:10B550000020020000200000002000000020000069
:10B56000002000000020000000200000006000001B
:10B5700000E00000030000000000020000200200C4
:10B58000002003FFFFE003E0002003FF0020001F76
:10B59000F0000001FF8000000FE000001E0000032B
:10B5A000E000003E002003E0002003FFFFE003FF77
:10B5B000FFE0020000200200002002000020020044
:10B5C000002003FFFFE00380002003F0002000FCC8
:10B5D0000000001F00000007C0000001F000000094
:10B5E0007C0002001F80020007E003FFFFE0020072
:10B5F0000000020000000000000000000000000F3A
:10B60000F800003FFE0000F00780018000C001004C
:10B610000040020000200200002002000020020082
:10B62000002001000040018000C000F00380003FC6
:10B63000FE00000FF8000000000000000000020003
:10B6400000200200002003FFFFE003FFFFE00200F4
:10B6500080200200802002008000020080000200A2
:10B66000800002008000030180000183000000FED2
:10B670000000007C00000000000000000000000F3F
:10B68000F800007FFF0000F00380018001C001008E
:10B6900006400200042002000420020006200200EE
:10B6A00003E0010000F80180005C00E0038C003F33
:10B6B000FF0C000FFC18000000000000000002005A
:10B6C00000200200002003FFFFE003FFFFE0020173
:10B6D000002002010020020180000201E0000201BE
:10B6E000FC0003033F80018607E001FC00E000F856
:10B6F000002000000020000000000000000000000A
:10B7000000000078060000FE01E0018600C003038F
:10B71000004002030020020180200201802002017B
:10B72000C0200200C0200100E060018070C003E082
:10B730003F8000001F0000000000000000000060CB
:10B74000000003800000030000000200000002006F
:10B7500000200200002003FFFFE003FFFFE00200E3
:10B760000020020000200200000002000000038010
:10B77000000000E0000000000000020000000200E5
:10B78000000003FFFF0003FFFFC0020000400200B3
:10B7900000600000002000000020000000200000E9
:10B7A0000020020000400200008003FFFF000200B2
:10B7B0000000020000000000000000000000020085
:10B7C00000000200000003C0000003FC0000023F74
:10B7D000C0000003F80000007F80000007E00000C8
:10B7E0000780000078000203C000023C000003C094
:10B7F000000002000000020000000200000003C080
:10B80000000003FF8000023FFE0002007FE0000016
:10B810000F000200F00003EF000003FF8000020FA2
:10B82000FE0000003FE000001F000207E00003F8F8
:10B830000000030000000200000000000000020001
:10B84000002002000020038000E003F0032002FC3F
:10B850000C20021F30000007C0000007F000021893
:10B860007C0002601F20038003E0020000E0020071
:10B870000020000000200000000000000000020086
:10B8800000000300000003C0000003F80000023EB7
:10B890000020020FC0200001FFE000007FE0000355
:10B8A0008020021C002002700000038000000200C3
:10B8B0000000020000000000000000000000000086
:10B8C0000020006000E0038003E003000FA00200FE
:10B8D0003E200200F8200203E020020F8020023EFA
:10B8E00000200278002003E00060038000E00200F6
:10B8F0000300000000000000000000000000000045
:10B900000000000000000000000000000000000037
:10B9100000001FFFFFFC10000004100000041000D6
:10B9200000041000000410000004100000041000C7
:10B930000004000000000000000000000000000003
:10B940000000000000000700000003C000000078B5
:10B950000000001E00000003C0000000F000000016
:10B960001E0000000780000000F00000003C000006
:10B9700000060000000000000000000000000000C1
:10B98000000010000004100000041000000410006B
:10B9900000041000000410000004100000041FFF49
:10B9A000FFFC00000000000000000000000000009C
:10B9B0000000000000000000000000000000000087
:10B9C0000000000000000000000002000000040071
:10B9D000000008000000180000001000000018001F
:10B9E0000000180000000400000002000000000039
:10B9F0000000000000000000000000000001000046
:10BA00000001000000010000000100000001000032
:10BA10000001000000010000000100000001000022
:10BA20000001000000010000000100000001000012
:10BA30000001000000010000000100000000000003
:10BA400000000000000010000000100000001000C6
:10BA500000001800000008000000040000000000C2
:10BA600000000000000000000000000000000000D6
:10BA700000000000000000000000000000000000C6
:10BA8000038000018FC000038C60000618200004B2
:10BA90001020000410200004202000042040000694
:10BAA00020400003FFC00001FFE000000020000074
:10BAB0000020000000C000000000000000000200A4
:10BAC00000000200000003FFFFE007FFFFC00001CD
:10BAD00080C000020060000200200004002000047A
:10BAE00000200004002000060040000300C0000108
:10BAF000FF800000FE0000000000000000000000C9
:10BB0000000000007E000001FF80000381C00002F1
:10BB10000040000600200004002000040020000473
:10BB20000020000600200003C0400001C08000008B
:10BB30000300000000000000000000000000000002
:10BB4000000000007E000001FF80000380C00006AE
:10BB50000060000400200004002000040020020413
:10BB600000400202008003FFFFE007FFFFC000006B
:10BB70000040000000400000000000000000000045
:10BB8000000000007E000001FF80000311C00002E1
:10BB90001040000410600004102000041020000475
:10BBA000102000061020000310400001F0C000002B
:10BBB0007100000000000000000000000000000014
:10BBC0000000000400000004002000040020000425
:10BBD0000020007FFFE001FFFFE0010400200304DC
:10BBE00000200204002002040020020400000200E1
:10BBF000000001C0000001C00000000000000000C3
:10BC000000000000001C0000E33E0003FFC2000231
:10BC10000CC3000404C1000404C1000404C10004F6
:10BC200004C100060CC10003F8C30005F062000661
:10BC3000007E0006003C0000000000000000020042
:10BC400000200200002003FFFFE007FFFFE00001EB
:10BC50000020000200200006000000040000000494
:10BC6000000000040020000600200003FFE00001A7
:10BC7000FFE00000002000000020000000000000A5
:10BC80000000000000000004002000040020000468
:10BC90000020000400200387FFE0038FFFE0038003
:10BCA0000020000000200000002000000020000014
:10BCB0000000000000000000000000000000000084
:10BCC0000000000000000000000600000007000067
:10BCD0000001000000010004000100040001000454
:10BCE0000003000400060387FFFC038FFFF80380B6
:10BCF0000000000000000000000000000000020042
:10BD000000200200002003FFFFE007FFFFE000002B
:10BD1000082000001020000030000000FC0000059A
:10BD20008E00000707A0000601E0000400E0000408
:10BD300000200000002000000000000000000000C3
:10BD400000000000000002000020020000200200AD
:10BD500000200200002003FFFFE007FFFFE00000DB
:10BD60000020000000200000002000000020000053
:10BD700000000000000000000000000000000004BF
:10BD800000200007FFE0000FFFE000020020000499
:10BD90000000000400200007FFE00003FFE00002B5
:10BDA000002000040000000400200007FFE0000362
:10BDB000FFE0000000200000000000000000000480
:10BDC0000020000400200007FFE0000FFFE000015A
:10BDD0000020000200200002000000040000000417
:10BDE000000000040020000600200003FFE0000126
:10BDF000FFE0000000200000002000000000000024
:10BE0000000000007E000000FF80000381C00002EF
:10BE10000040000600200004002000040020000470
:10BE200000200006002000020040000381C0000145
:10BE3000FF8000007E000000000000000000000401
:10BE40000001000400010007FFFF000FFFFF0001D9
:10BE500000C1000200410004002000040020000492
:10BE600000200004002000060040000301C0000183
:10BE7000FF8000007E0000000000000000000000C5
:10BE8000000000007E000001FF80000380C000026F
:10BE900000600004002000040020000400200004D2
:10BEA000002000020041000300C10003FFFF000763
:10BEB000FFFF00000001000000010000000000047E
:10BEC0000020000400200004002000040020000FD7
:10BED000FFE0000FFFE00000C02000010020000292
:10BEE00000200006002000040000000400000007FD
:10BEF000000000030000000000000000000000003F
:10BF00000000000003E00001C0E00003E040000684
:10BF10003020000430200004182000041820000401
:10BF2000182000040C2000020C60000307C000076A
:10BF300083800000000000000000000000000000FE
:10BF40000000000400000004000000040000000CD9
:10BF50000000001FFF8000FFFFC00004006000041D
:10BF60000020000400200004002000040040000025
:10BF7000018000000000000000000000000000043C
:10BF80000000000400000007FF80000FFFC0000059
:10BF900000600000002000000020000000200000E1
:10BFA000002000040040000400800007FFE0000FB4
:10BFB000FFC000000040000000400000000000043E
:10BFC000000000040000000780000007F0000004EB
:10BFD000FE0000041FC0000003E00000038000001A
:10BFE0001C00000460000007800000060000000440
:10BFF0000000000000000000000000040000000637
:10C0000000000007C0000007FC0000043F800000A3
:10C0100003E000040F800006F0000007F0000007B6
:10C02000FF8000040FE00000038000043C000007D4
:10C03000C000000600000004000000000000000036
:10C0400000200004002000040060000700E000075A
:10C0500083200007E6000004F80000003C00000414
:10C060005E20000587A0000601E0000400600004D7
:10C07000002000000020000000000000000000047C
:10C08000000000040003000700030007E0010004B3
:10C09000F80100041F02000007FC000000E000009F
:10C0A0000700000438000007C0000006000000047C
:10C0B000000000040000000000000000000000007C
:10C0C000000000078060000600E0000403E00004B8
:10C0D00007A000040E2000043C200004702000058E
:10C0E000E0200007802000070060000400E000005E
:10C0F00003800000000000000000000000000000BD
:10C10000000000000000000000000000000000002F
:10C11000000000000000000080000000800000011E
:10C12000400007FE3FF80800000410000002100065
:10C1300000020000000000000000000000000000FD
:10C1400000000000000000000000000000000000EF
:10C1500000000000000000000000FFFFFFFF0000E3
:10C1600000000000000000000000000000000000CF
:10C1700000000000000000000000000000000000BF
:10C18000000010000002100000020800000407FE7A
:10C190003FF8000140000000800000008000000027
:10C1A000000000000000000000000000000000008F
:10C1B0000000000000000000000000000000180067
:10C1C000000030000000400000004000000040007F
:10C1D0000000200000003000000008000000040003
:10C1E00000000200000002000000020000000C003D
:10C1F000000018000000000000000000400B0000DC
:10C20000800700006078000020000000200000008F
:10C21000200000000068010000F00000000C0F008A
:10C22000303132333435363738394142434445466C
:10C230004030580030313233343536373839616266
:10C24000636465664030780068C200080000002022
:10C250000C010000C401000874C300080C01002098
:10C2600084B00100E00100080024F4000000000098
:10C2700000000000000000000000000000000000BE
:10C28000FFFF00001F0000F81FF8E007FF07E0FFB6
:10C2900040BC07FC308400000000000000000000EB
:10C2A000000000000000000010000000010000007D
:10C2B00000F80000FFFF0000000000006D600008B3
:10C2C000B16000086003002000000010000000685A
:10C2D000606B012000F00010000C0F6800000000EF
:10C2E000000000000000000000000000000000004E
:10C2F000000000000000000000000000000000003E
:10C30000000000000000000000000000000000002D
:10C3100000000000000000001F00000000000000FE
:10C32000000000000000000000000000000000000D
:10C3300000000000000000000000000000000000FD
:10C3400000000000000000000000000000000000ED
:10C35000000000000000000000000000AAAAAAAA35
:10C36000000000000000000030059007D008400ADF
:04C37000C006000003
:040000050800018965
:00000001FF
