:020000040800F2
:1000000090B10120050300085B1F0008531F000882
:10001000571F000875090008692500080000000046
:100020000000000000000000000000004502000881
:100030009109000800000000A10200083B20000810
:1000400029030008290300082903000829030008E0
:1000500029030008290300082903000829030008D0
:1000600029030008290300082903000829030008C0
:1000700029030008290300082903000829030008B0
:1000800029030008290300082903000829030008A0
:100090002903000829030008290300082903000890
:1000A0002903000829030008290300082903000880
:1000B0002903000865200008290300082903000817
:1000C0002903000829030008290300082903000860
:1000D00029030008592500082903000829030008FE
:1000E0002903000829030008290300082903000840
:1000F0002903000829030008290300082903000830
:10010000290300082903000829030008290300081F
:1001100029030008290300082903000875200008A6
:1001200029030008290300082903000829030008FF
:1001300029030008290300082903000829030008EF
:1001400029030008290300082903000829030008DF
:1001500029030008290300082903000829030008CF
:1001600029030008290300082903000829030008BF
:1001700029030008290300082903000800000000E3
:10018000290300082903000800F002F800F04AF8EB
:100190000AA090E8000C82448344AAF10107DA45E2
:1001A00001D100F03FF8AFF2090EBAE80F0013F0EA
:1001B000010F18BFFB1A43F00103184778BB00007A
:1001C00098BB0000103A24BF78C878C1FAD852070B
:1001D00024BF30C830C144BF04680C6070470000C1
:1001E0000023002400250026103A28BF78C1FBD840
:1001F000520728BF30C148BF0B607047702900F01C
:100200000D82642900F09A81782900F0FA8173291F
:1002100000F00F83002070471FB508F093FD1FBD4D
:1002200010B510BD00F074FB1146FFF7F5FF05F0A7
:100230004DFF00F092FB03B4FFF7F2FF03BC02F0A6
:10024000C9F900002C4B19680868B0E8F04F80F33A
:100250000988BFF36F8F4FF0000080F3118870475B
:100260000000000008480068006880F308884FF02C
:10027000000080F3148862B661B6BFF34F8FBFF3FE
:100280006F8F00DF00BF00BF08ED00E0DFF80C005B
:10029000016841F470010160704700BF88ED00E023
:1002A000EFF30980BFF36F8F134B1A681EF0100F26
:1002B00008BF20ED108A20E9F04F106009B44FF01C
:1002C000500080F31188BFF34F8FBFF36F8F07F09B
:1002D0001DFD4FF0000080F3118809BC1968086803
:1002E000B0E8F04F1EF0100F08BFB0EC108A80F39A
:1002F0000988BFF36F8F704770000020EFF305800F
:10030000704700000C48016841F4700101600B481F
:1003100080470B480047FEE7FEE7FEE7FEE7FEE703
:10032000FEE7FEE7FEE7FEE7FEE7000005480649B8
:10033000044A064B7047000088ED00E05120000899
:100340008901000890AD012090B1012090AD0120FD
:10035000704753EA020C00F069802DE9F04B4FF032
:100360000006002B1FBFB3FA83F503FA05F424FA45
:1003700005F65E4012BF1643B2FA82F502FA05F4A2
:10038000C5F120051EBF22FA05FC44EA0C04203505
:1003900056EA044C4FEA144418BF641C4FF000089E
:1003A0004FF00009904271EB030C39D3002919BFBB
:1003B000B1FA81F701FA07F6B0FA80F700FA07F60A
:1003C000C7F120071EBF20FA07FC46EA0C062037BB
:1003D000B6FBF4FCA7EB0507103F07F01F0BCBF1B2
:1003E00020060CFA0BFB2CFA06F644BFB346002697
:1003F000202FA4BF5E464FF0000B5BEA060C08BF3F
:100400004FF0010B19EB0B09ABFB027C48EB060824
:10041000C01B06FB02CC0BFB03CC71EB0C01C1E74C
:100420000B46024641464846BDE8F08B13B54FF0F7
:1004300000004FF00001AFF30080BDE81C407047A2
:100440000FB4044910B503AA029800F0F7F910BCE4
:100450005DF814FB280000200FB41CB5074B06AA5A
:100460007B4469460090059800F0B9F90020694680
:1004700000F0C8F91CBC5DF814FB0000A1030000EB
:100480002DE9F0410E460446002020622046E16836
:10049000884730B3252805D0D4E901219047206A48
:1004A000401CF2E7E168204600278847050018D085
:1004B000A5F14100192802D820354FF400673246D3
:1004C000294620462760FFF799FE40B1012804D055
:1004D000F61D26F007060836D8E7361DD6E728466B
:1004E000DAE7206ABDE8F08170B50C460546012ABE
:1004F00005D02878800600D5EA69002302E00123B0
:1005000005E05B1C934202D2E05C0028F9D1A869A7
:10051000E618C01AA861286A184428622846AFF372
:10052000008004E0D5E9012114F8010B9047B442A2
:10053000F8D32846AFF3008070BD00002DE9F041EC
:100540000646002410687529314616A510D0AFF371
:100550000080002802DA404213A507E031688A07CC
:1005600001D512A502E0490704D511A5012401E037
:10057000AFF3008000210A2206F1240709E0B0FB56
:10058000F2FCB0FBF2F302FB1C003030785418464A
:10059000491C0028F3D123462A463046BDE8F041E5
:1005A00000F0BEB8000000002D0000002B0000008D
:1005B00020000000F0B40D460188090502D51B4C4F
:1005C0007C4402E0194C7C440E34002100F12403E9
:1005D00005E002F00F061209A65D5E54491C002AD0
:1005E000F7D102780023120704D5702D06D009B187
:1005F000022311342246F0BC00F092B801231034DB
:10060000F8E770B504460D4621461068AFF3008048
:10061000024629462046BDE87040CBE703681268D1
:1006200043F0200303600823C361C3E748B7000019
:10063000032A40F2308010F0030C00F0158011F80E
:10064000013BBCF1020F624498BF11F801CB00F8E6
:10065000013B38BF11F8013BA2F1040298BF00F83A
:1006600001CB38BF00F8013B11F0030300F0F88024
:10067000083AC0F0088051F8043B083A51F804CB1E
:10068000A0E80810F5E7121D5CBF51F8043B40F8E4
:10069000043BAFF30080D20724BF11F8013B11F8EF
:1006A00001CB48BF11F8012B24BF00F8013B00F833
:1006B00001CB48BF00F8012B704702F0FF0343EA6B
:1006C000032242EA024200F0FFB84FF0000200B5F8
:1006D000134694469646203922BFA0E80C50A0E865
:1006E0000C50B1F12001BFF4F7AF090728BFA0E813
:1006F0000C5048BF0CC05DF804EB890028BF40F8DF
:10070000042B08BF704748BF20F8022B11F0804F20
:1007100018BF00F8012B704770477047704770474B
:100720002DE9F0470D4699469246044600F124080B
:100730000168880604D5E06921F01001216000E01D
:100740000120A84201DD471B00E00027A1697A19BA
:1007500002EB0900081AA0612078C00602D42046E6
:10076000AFF30080002608E0D4E901211AF8060062
:100770009047206A401C761C20624E45F4DB2078AE
:10078000C0060AD52046AFF3008006E0D4E9012177
:1007900030209047206A401C2062381EA7F10107D4
:1007A000F4DC07E0D4E9012118F805009047206A3D
:1007B000401C2062281EA5F10105F3DC2046AFF3A2
:1007C00000802078000602D50220BDE8F0870120D5
:1007D000FBE7000001694A1C02610878704700B518
:1007E0008FB0CDE901310021059105497944CDE96A
:1007F000031011466846FFF743FE0FB000BD00002E
:10080000E5FFFFFF0A6802F8010B0A60704710B5A8
:10081000436913B1AFF3008001E0FFF765FE0120EB
:1008200010BD127800F124010A7000224A700122E2
:10083000EDE711684FF0FF32E9E70000074B70B5B4
:100840000D467B44FFF7CBFF0446284600F05CF8DA
:1008500010B14FF0FF3070BD204670BD271F000063
:1008600010B5203AC0F00B80B1E81850203AA0E84B
:100870001850B1E81850A0E81850BFF4F5AF5FEA7F
:10088000027C24BFB1E81850A0E8185044BF18C932
:1008900018C0BDE810405FEA827C24BF51F8043BD9
:1008A00040F8043B08BF7047D20728BF31F8023B2D
:1008B00048BF11F8012B28BF20F8023B48BF00F8C1
:1008C000012B70474FF000020429C0F0128010F095
:1008D000030C3FF4FCAECCF1040CBCF1020F18BFCA
:1008E00000F8012BA8BF20F8022BA1EB0C01FFF7A9
:1008F000EEBE5FEAC17C24BF00F8012B00F8012B9B
:1009000048BF00F8012B7047007B00F08000704763
:10091000754600F02BF8AE4605006946534620F0B8
:100920000700854618B020B5FFF700FDBDE8204060
:100930004FF000064FF000074FF000084FF0000B9B
:1009400021F00701AC46ACE8C009ACE8C009ACE84E
:10095000C009ACE8C0098D46704710B50446AFF336
:1009600000802046BDE81040FFF765BC0048704796
:100970002CAD012000BFFEE710B55321092001F086
:1009800067FE00200149086010BD000048000020FB
:100990007047000070B504461D460023B5F5804F32
:1009A00013D154F822300C480340D1E9000640EA44
:1009B00006108E6840EA06208E8940EA06408E695D
:1009C0003043034344F8223003E06FF0704044F8B2
:1009D0002200002070BD00000000F0CF10B50346DB
:1009E0000022086853F8202012480240D1E901048F
:1009F0002043CC6820430C6920434C6920438C6918
:100A00002043CC6920430C6A20434C6A20438C6A03
:100A10002043CC6A2043CC6B20430C6B2043024321
:100A20008868082801D142F04002086843F8202075
:100A3000002010BD8000F0FF30B503460024501C9C
:100A400053F8204004F04044D1E9000540EA051085
:100A50008D6840EA05208D8940EA0545088A401ED8
:100A600045EA0055087D801E45EA00608D692843EF
:100A70000443501C43F82040002030BD70B50446AC
:100A8000A56D00F07BF9064694F83500022808D0E1
:100A90008020606500BF002084F8340000BF012082
:100AA00070BD2068006820F016002168086020688A
:100AB000406920F0800021684861206C08B9A06C72
:100AC00028B12068006820F00800216808602068CC
:100AD000006820F00100216808600FE000F04EF986
:100AE000801B05280AD92020606500BF002084F8FB
:100AF000340000BF032084F83500D1E72068006887
:100B000000F001000028E9D194F85C103F208840F3
:100B1000A86000BF002084F8340000BF012084F8E2
:100B200035000020BCE7014691F83500022803D0CB
:100B30008020486501207047052081F8350008684D
:100B4000006820F001000A6810600020F3E7000050
:100B5000F8B502460B460025002400200021DEE007
:100B6000012606FA01F51E6806EA0504AC4275D1B5
:100B70001E7906F00306012E04D01E7906F0030646
:100B8000022E13D190684F000326BE40B0434F00A1
:100B9000DE68BE4030439060506801268E40B0430E
:100BA0001E79C6F300168E40304350601E7906F061
:100BB0000306032E09D0D0684F000326BE40B04381
:100BC0004F009E68BE403043D0601E7906F0030699
:100BD000022E13D1CF0802F1200656F827004E0747
:100BE000F70E0F26BE40B0434F07FF0E1E69BE40F2
:100BF0003043CF0802F1200646F8270010684F0066
:100C00000326BE40B0431E7906F003064F00BE40E7
:100C1000304310605E6806F08056B6F1805F7DD18B
:100C200000BF00260096404E366846F480463E4F90
:100C30003E603E46366806F48046009600BF00BF20
:100C40003A4E8F0856F827008E07370F0F26BE4002
:100C5000B043374EB24202D1002624E05EE0354E6A
:100C6000B24201D101261EE0334EB24201D102262A
:100C700019E0324EB24201D1032614E0304EB242A6
:100C800001D104260FE02F4EB24201D105260AE021
:100C90002D4EB24201D1062605E02C4EB24201D1C2
:100CA000072600E008268F073F0FBE4030431F4E47
:100CB0008F0846F82700264E3068A0435E6806F489
:100CC0008036B6F5803F00D12043214E3060361D7E
:100CD0003068A0435E6806F40036B6F5003F00D1E8
:100CE00020431B4E361D3060361D3068A0435E68C1
:100CF00006F48016B6F5801F00D12043144E083646
:100D00003060361D3068A0435E6806F40016B6F504
:100D1000001F00D120430E4E0C363060491C1029B4
:100D2000FFF41EAFF8BD000044380240083801400F
:100D3000000002400004024000080240000C024093
:100D4000001002400014024000180240001C024043
:100D5000003C0140024613690B400BB1012000E04A
:100D6000002070470AB1816101E00B048361704784
:100D700001480068000C7047002004E0014800684A
:100D800070470000300000200348006803490978DC
:100D900008440149086070473000002038000020F6
:100DA00010B50A48006840F4007008490860084619
:100DB000006840F480600860032000F07FF80F2096
:100DC00000F006F800F02AF8002010BD003C0240B8
:100DD00070B504460E4800784FF47A71B1FBF0F01C
:100DE0000C490968B1FBF0F5284600F09BFC08B1FE
:100DF000012070BD102C07D200222146501E00F0A9
:100E00001EF80548046001E00120F2E70020F0E749
:100E10003800002000000020340000207047014608
:100E20000846002809DB00F01F0301229A4043090D
:100E30009B0003F1E023C3F8002100BF70472DE9B8
:100E4000F05F80460D461646002701F0A7FB0746D7
:100E500039462A46334601F00700C0F1070ABAF1C5
:100E6000040F02D94FF0040A01E0C0F1070AD1468D
:100E700000F1040ABAF1070F02D24FF0000A01E0B4
:100E8000A0F1030AD4464FF0010A0AFA09FAAAF1BE
:100E9000010A0AEA020A0AFA0CFA4FF0010B0BFAED
:100EA0000CFBABF1010B0BEA030B4AEA0B042146E6
:100EB000404601F07BFBBDE8F09F000000BF00F062
:100EC0000702064B19684FF6FF031940044B0B430A
:100ED00043EA0221014B196000BF70470CED00E0AE
:100EE0000000FA0570B504460D460CB9012070BD2E
:100EF0005848006800F00700A84209D255490D7013
:100F00000846006800F00700A84201D00120EEE783
:100F1000207800F0020002281DD1207800F00400A3
:100F2000042805D14C48006840F4E0504A49086064
:100F3000207800F00800082805D14748006840F4F0
:100F40006040454908604448006820F0F000A1680E
:100F5000084341490860207800F00100A8B36068A8
:100F6000012807D13C4808380068C0F34040B8B9B0
:100F70000120BCE76068022802D06068032807D11E
:100F8000354808380068C0F3406048B90120AEE732
:100F9000314808380068C0F3400008B90120A6E7CE
:100FA0002D48006820F00300616808432A49086062
:100FB000FFF7E4FE064609E0FFF7E0FE801B41F282
:100FC0008831884202D9032091E707E0224800686F
:100FD00000F00C006168B0EB810FEDD11D48006896
:100FE00000F00700A84209D91A490D7008460068A8
:100FF00000F00700A84201D0012078E7207800F037
:101000000400042807D11448006820F4E050E16887
:10101000084311490860207800F00800082808D12A
:101020000D48006820F46040216940EAC1000A4987
:10103000086000F03FF808490968C1F30311074A46
:10104000515CC8400649086006480068FFF7C0FECA
:1010500000204CE7003C0240083802404E8D00085A
:1010600000000020340000200148006870470000A4
:101070000000002000B5FFF7F7FF04490968C1F33D
:101080008221034A515CC84000BD0000083802407C
:101090005E8D000800B5FFF7E7FF04490968C1F35A
:1010A0004231034A515CC84000BD0000083802408C
:1010B0005E8D00082DE9F047002400250026A1469A
:1010C0002548006800F00C0020B1042805D008284D
:1010D0003AD105E0DFF8849039E0DFF8849036E01B
:1010E0001D48001F006800F03F041B48001F0068F7
:1010F00000F4800078B11A481749091F0968C1F344
:101100008811A0FB01700146224600233846FFF7F4
:1011100020F905460EE011480F49091F0968C1F37F
:101120008811A0FB01700146224600233846FFF7D4
:1011300010F905460848001F0068C0F30140401C34
:101140004600B5FBF6F902E0DFF8109000BF00BFE3
:101150004846BDE8F0870000083802400024F4004B
:1011600000127A00F8B504460CB90120F8BD2078C9
:1011700000F00100002874D0F948006800F00C006D
:1011800004280DD0F648006800F00C00082813D1A0
:10119000F348001F006800F48000B0F5800F0BD109
:1011A000EF4808380068C0F34040002859D0606814
:1011B000002856D10120D9E700BF6068B0F5803F14
:1011C00008D1E7480838006840F48030E44908391D
:1011D00008601EE06068B0F5A02F0DD1E048083827
:1011E000006840F48020DE4908390860084600683D
:1011F00040F4803008600CE0D9480838006820F4DA
:101200008030D749083908600846006820F48020FB
:10121000086000BF606890B1FFF7B0FD054606E0CA
:10122000FFF7ACFD401B642801D903209EE7CC48A2
:1012300008380068C0F340400028F1D011E0FFF703
:101240009DFD054606E0FFF799FD401B642801D986
:1012500003208BE7C24808380068C0F340400028EC
:10126000F1D1207800F0020002285FD1BC4800686C
:1012700000F00C0058B1BA48006800F00C000828D3
:101280001CD1B748001F006800F48000B0B9B44812
:1012900008380068C0F3400020B1E068012801D0A0
:1012A000012063E7AE480838006820F0F8002169A3
:1012B00040EAC100AA490839086037E0E06800B395
:1012C0000120A8490860FFF759FD054606E0FFF731
:1012D00055FD401B022801D9032047E7A0480838E4
:1012E0000068C0F340000028F1D09D48083800682D
:1012F00020F0F800216940EAC100994908390860E6
:1013000014E0002097490860FFF738FD054606E025
:10131000FFF734FD401B022801D9032026E790483F
:1013200008380068C0F340000028F1D1207800F0B0
:10133000080008282CD16069A8B101208A490860FA
:10134000FFF71CFD054606E0FFF718FD401B0228CD
:1013500001D903200AE782486C300068C0F34000DE
:101360000028F1D014E000207F490860FFF706FD57
:10137000054606E0FFF702FD401B022801D90320C5
:10138000F4E677486C300068C0F340000028F1D1E3
:10139000207800F00400042870D10027704838300D
:1013A000006800F0805090B900BF002000906C48A9
:1013B0003830006840F0805069493831086008468C
:1013C000006800F08050009000BF00BF0127674810
:1013D000006800F48070B0B96448006840F4807020
:1013E00062490860FFF7CAFC054606E0FFF7C6FC45
:1013F000401B022801D90320B8E65C48006800F4CD
:1014000080700028F2D000BFA068012808D154489D
:101410006830006840F001005149683108601DE003
:10142000A06805280DD14E486830006840F00400DF
:101430004B49683108600846006840F001000860C8
:101440000CE047486830006820F0010044496831EA
:1014500008600846006820F00400086000BFA0682B
:10146000A8B1FFF78BFC054609E0FFF787FC401B9E
:1014700041F28831884202D9032077E626E03848D5
:1014800068300068C0F340000028EED013E0FFF79A
:1014900075FC054608E0FFF771FC401B41F28831FE
:1014A000884201D9032061E62D4868300068C0F306
:1014B00040000028EFD1012F07D1294838300068BB
:1014C00020F0805026493831086000BFA06900280C
:1014D00045D02348006800F00C0008285DD0A069C2
:1014E000022845D100201F490866FFF747FC054642
:1014F00006E0FFF743FC401B022801D9032035E634
:10150000174808380068C0F340600028F1D1D4E9DA
:1015100007010843616A40EA81110122A06AC2EB17
:10152000500041EA00412C20005D41EA00600C4976
:10153000091F086001200B490866FFF71FFC0546DC
:1015400006E0FFF71BFC401B022801D903200DE633
:10155000034808380068C0F340600028F1D049E033
:101560000838024000004742800E474200700040A9
:10157000002021490866FFF701FC054606E0FFF759
:10158000FDFB401B022801D90320EFE51B48006842
:10159000C0F340600028F2D12CE0A069012800D1FE
:1015A000E4E51648001D0668A069012820D006F46D
:1015B0008001E06981421BD106F03F01206A81422F
:1015C00016D147F6C0703040616AB0EB811F0FD171
:1015D00006F440310122A06AC2EB5000B1EB004F8B
:1015E00006D106F070612C20005DB1EB006F01D0D8
:1015F0000120BBE50020B9E5000047420038024069
:1016000070B504460E4615460CB9012070BD94F81D
:10161000490028B9002084F84800204600F01CF852
:1016200004F108012068FFF7D9F93146A268206863
:10163000FFF702FA2946236BD4E90102FFF7AAF962
:10164000A168206850F8210040F00100A2682168DC
:1016500041F822000020D9E710B586B0044600BF4B
:10166000002000902248006840F0010020490860F6
:101670000846006800F00100009000BF00BF00BFF6
:10168000002000901A480838006840F00800184907
:10169000083908600846006800F00800009000BFA4
:1016A00000BF00BF002000900846006840F0100016
:1016B00008600846006800F01000009000BF00BFFE
:1016C0004CF203700190022002900120039002204E
:1016D00004900C20059001A90648FFF739FA4FF64F
:1016E0008070019001A90448FFF732FA06B010BDDE
:1016F00038380240000C024000100240042808D193
:101700004FF0E021096941F004014FF0E02211613E
:1017100007E04FF0E021096921F004014FF0E022D9
:101720001161704770B504462546681EB0F1807F90
:1017300001D301200FE0681E4FF0E02148610F2126
:101740004FF0FF3000F032FF00204FF0E0218861C1
:1017500007200861002070BD7047704710B504462F
:101760000CB9012010BD94F83D0028B9002084F880
:101770003C00204600F026F8022084F83D00211DA0
:10178000206800F07FFC012084F8460000BF84F848
:101790003E0001213F2001554020015541200155C7
:1017A00000BF00BF012084F84200432001554420BF
:1017B00001554520015500BF012084F83D0000205F
:1017C000D0E7000038B504461E49206888421AD187
:1017D00000BF00BF002000901B48006840F00200DE
:1017E000194908600846006800F00200009000BF38
:1017F00000BF00BF002203211D20FFF720FB1D209A
:10180000FFF70DFB1DE011492068884219D100BF88
:1018100000BF002000900C48006840F020000A49FA
:1018200008600846006800F02000009000BF00BF7C
:1018300000BF002207213720FFF701FB3720FFF709
:10184000EEFA38BD00040040403802400014004069
:10185000014691F83D00012801D001207047022087
:1018600081F83D000868C06840F001000B68D8604E
:101870001A4B086898421BD00868B0F1804F17D007
:10188000174B0868984213D0164B086898420FD03F
:10189000154B086898420BD0144B0868984207D043
:1018A000134B0868984203D0124B086898420CD139
:1018B0000868806800F00702062A0CD008680068F3
:1018C00040F001000B68186005E00868006840F00F
:1018D00001000B6818600020C0E700000000014014
:1018E0000004004000080040000C004000040140DB
:1018F0000040014000180040704710B504462068C1
:101900000069C0F34000D8B12068C068C0F340004F
:10191000B0B16FF0020021680861012020772068D3
:10192000806900F0030018B12046FFF7E5FF05E0ED
:10193000204600F0ADF8204600F0ABF800202077FC
:1019400020680069C0F38000D8B12068C068C0F387
:101950008000B0B16FF00400216808610220207798
:101960002068806900F4407018B12046FFF7C4FF7A
:1019700005E0204600F08CF8204600F08AF80020B0
:10198000207720680069C0F3C000D8B12068C06823
:10199000C0F3C000B0B16FF00800216808610420F6
:1019A00020772068C06900F0030018B12046FFF7D7
:1019B000A3FF05E0204600F06BF8204600F069F830
:1019C0000020207720680069C0F30010D8B120689B
:1019D000C068C0F30010B0B16FF01000216808615A
:1019E000082020772068C06900F4407018B12046B4
:1019F000FFF782FF05E0204600F04AF8204600F09D
:101A000048F8002020772068006900F0010058B1F4
:101A10002068C06800F0010030B16FF0010021685B
:101A20000861204600F036F820680069C0F3C01055
:101A300058B12068C068C0F3C01030B16FF08000AA
:101A4000216808612046FFF787FE20680069C0F31F
:101A5000801058B12068C068C0F3801030B16FF0BA
:101A6000400021680861204600F036F820680069CF
:101A7000C0F3401058B12068C068C0F3401030B1C6
:101A80006FF02000216808612046FFF766FE10BD58
:101A90007047704710B504460748844205D107488F
:101AA0000068401C0549086005E00548844202D1F1
:101AB00004A0FEF7C5FC10BDC002002048000020B5
:101AC0000803002054494D37CAE4B3F62E2E2E2EBB
:101AD0002E2E2E0D0A000000704770477047000040
:101AE0002DE9F84F0446206805682068C66820681C
:101AF00047694FF00009CA4605F00F09B9F1000F18
:101B00000AD105F0200038B106F0200020B12046AF
:101B100000F059FBBDE8F88FB9F1000F72D007F063
:101B2000010018B906F4907000286BD005F0010090
:101B300030B106F4807018B1206C40F001002064D0
:101B400005F0040030B107F0010018B1206C40F03E
:101B50000200206405F0020030B107F0010018B166
:101B6000206C40F00400206405F0080048B106F045
:101B7000200010B907F0010018B1206C40F00800F7
:101B80002064206C70B305F0200028B106F020001E
:101B900010B1204600F017FB20684069C0F3801A9E
:101BA000206C00F0080010B9BAF1000F23D02046D5
:101BB00000F0DEFA2068406900F04000402816D1AD
:101BC0002068406920F0400021684861A06B50B156
:101BD0005648A16B0865A06BFEF7A5FF10B1A06B7E
:101BE000016D88470CE02046FFF778FF08E02046AB
:101BF000FFF774FF04E02046FFF770FF0020206429
:101C000088E7FFE7206B012879D105F01000002854
:101C100075D006F01000002871D000BF00200090A1
:101C200020680068009020684068009000BF00BFF6
:101C30002068406900F04000402839D1A06B00685E
:101C400040681FFA80F8B8F1000F30D0A08D4045F1
:101C50002DDDA4F82E80A06BC069B0F5807F1FD069
:101C60002068C06820F480702168C86020684069DE
:101C700020F00100216848612068406920F04000A0
:101C800021684861202084F83E00002020632068FD
:101C9000C06820F010002168C860A06BFEF7EEFE5F
:101CA000A08DE28D801A81B22046FFF716FF31E742
:101CB000A08DE18D401A1FFA80F8E08DE8B1B8F1EF
:101CC000000F1AD02068C06820F490702168C860A6
:101CD0002068406920F0010021684861202084F8D4
:101CE0003E00002020632068C06820F010002168BA
:101CF000C86041462046FFF7F0FE0BE7FFE705F01E
:101D0000800030B106F0800018B1204600F0F3FBEF
:101D100000E705F0400030B106F0400018B1204661
:101D200000F041FAF6E600BFF4E600005D2100088D
:101D300010B504460CB9012010BDA06900B100E047
:101D400000BF94F83D0028B9002084F83C002046EC
:101D500000F028F8242084F83D002068C06820F4B2
:101D600000502168C860204600F08CFA20680069A5
:101D700020F49040216808612068406920F02A0022
:101D8000216848612068C06840F400502168C8603C
:101D900000202064202084F83D0084F83E000020CC
:101DA000CAE7000010B586B004462E492068884274
:101DB00055D100BF00BF002000902B48006840F0C4
:101DC0001000294908600846006800F010000090E3
:101DD00000BF00BF00BF00BF00BF0020009022482E
:101DE0001438006840F001001F49143908600846A3
:101DF000006800F00100009000BF00BF00BF00BFFE
:101E000000BF002000900846006840F00100086014
:101E10000846006800F00100009000BF00BF00BF4E
:101E200048150190022002900120039002200490A6
:101E30000720059001A90D48FEF78AFE4FF4806047
:101E400001900720059001A90848FEF781FE252092
:101E5000FEF7E5FF032211462520FEF7F0FF06B04E
:101E600010BD000000100140443802400000024054
:101E700070B504460D46164694F83E00202816D14B
:101E800005B10EB9012070BD00BF94F83C000128D7
:101E900001D10220F7E7012084F83C0000BF0020B8
:101EA000206332462946204600F002FBEBE7022081
:101EB000E9E7000010B504462049206888423BD17C
:101EC0001F48008800F4004088BB1D48008800F4CB
:101ED000804070B11B4800780A2803D000201849C0
:101EE000088024E01648008840F400401449088027
:101EF0001DE0144800780D2806D11148008840F4F0
:101F000080400F49088012E00E4800780C4909888B
:101F1000C1F30D010C4A505409480088401C08497F
:101F2000088008460088C72801DD002008800122BB
:101F300004490648FFF79CFF10BD00000010014057
:101F40002C0000202E00002004010020CC010020E5
:101F5000704700BFFEE700BFFEE770472DE9F0477E
:101F60000C46DDE90867002100258C4600BF60E0D3
:101F70004FF0010808FA01F504EA050CAC4557D109
:101F8000D0F800804FEA410A4FF0030909FA0AF934
:101F900028EA0908C0F80080D0F800804FEA41091B
:101FA00002FA09F948EA0908C0F80080012A01D0BC
:101FB000022A27D1D0F808804FEA410A4FF00309DE
:101FC00009FA0AF928EA0908C0F80880D0F8088058
:101FD0004FEA410906FA09F948EA0908C0F80880F9
:101FE000D0F804904FF0010808FA01F829EA08092E
:101FF000C0F80490D0F8048003FA01F948EA09080F
:10200000C0F80480D0F80C804FEA410A4FF0030971
:1020100009FA0AF928EA0908C0F80C80D0F80C80FF
:102020004FEA410907FA09F948EA0908C0F80C80A3
:10203000491C10299CD3BDE8F08710B5FEF7A4FE1B
:1020400006F0F2F9012801D005F0B8FF10BD00003C
:102050000348006840F470000149086070470000C0
:1020600088ED00E010B50248FFF747FC10BD000006
:10207000C002002010B50248FFF73FFC10BD000071
:102080000803002010B50268294B98420ED0B0F129
:10209000804F0BD0274B984208D0274B984205D051
:1020A000264B984202D0264B984203D122F0700270
:1020B0004B681A431E4B984220D0B0F1804F1DD080
:1020C0001C4B98421AD01C4B984217D01B4B98427D
:1020D00014D01B4B984211D01A4B98420ED01A4B79
:1020E00098420BD0194B984208D0194B984205D012
:1020F000184B984202D0184B984203D122F44072F8
:10210000CB681A4322F080034C6943EA0402026060
:102110008B68C3620B688362054B984202D0084B00
:10212000984201D10B6903630123436110BD000094
:10213000000001400004004000080040000C004086
:1021400000040140004001400044014000480140BB
:1021500000180040001C00400020004070B50546FB
:10216000AC6B0020E085E0842046FFF7B7FC70BD33
:102170000168C96821F490710268D16001684969F9
:1021800021F0010102685161016B012905D101684B
:10219000C96821F010010268D160202180F83E104A
:1021A00000210163704710B504462068C06820F024
:1021B00040002168C860202084F83D002046FFF7D9
:1021C000C7FE002010BD70B5044694F83E002228DA
:1021D00056D1A068B0F5805F0CD1206950B90025B8
:1021E000A66A20684068C0F308003080A06A801C9E
:1021F000A06215E0A56A0026A068B0F5805F03D054
:10220000A06828B9206918B920684068287004E0DF
:102210002068406800F07F002870A06A401CA0621F
:10222000E08D401E80B2E08540BB2068C06820F091
:1022300020002168C8602068C06820F48070216890
:10224000C8602068406920F00100216848612020B2
:1022500084F83E00206B01280AD12068C06820F075
:1022600010002168C860A18D2046FFF736FC02E00F
:102270002046FFF71FFE0020206370BD0020FCE712
:102280000220FAE72DE9F84F04462068006920F49F
:102290004050E1680843216808612169A06808434B
:1022A00061690843E169084300902068C06849F209
:1022B0000C618843009908432168C8602068406920
:1022C00020F44070A169084321684861764920687C
:1022D000884203D075492068884203D1FEF7DAFEB0
:1022E000814602E0FEF7C6FE8146E069B0F5004F88
:1022F0006CD102206168A0FB015003461920A9FBA4
:10230000007001462A463846FEF723F86421B0FBE8
:10231000F1F04FEA001A02206168A0FB01510B4660
:102320001920A9FB00712A463846FEF712F88346A9
:1023300002206168A0FB015003461920A9FB00712F
:102340002A463846FEF705F86421B0FBF1F000EBB1
:10235000C00101EB0010ABEB8000322101EBC000AB
:102360006421B0FBF1F000F0F8000AEB400A022013
:102370006168A0FB015003461920A9FB00700146CB
:102380002A463846FDF7E5FF834602206168A0FB38
:10239000015003461920A9FB00712A463846FDF773
:1023A000D8FF6421B0FBF1F000EBC00101EB00109D
:1023B000ABEB8000322101EBC0006421B0FBF1F0F7
:1023C00000F007005044216888606AE004206168DA
:1023D000A0FB015003461920A9FB007001462A46C4
:1023E0003846FDF7B6FF824604206168A0FB015025
:1023F00003461920A9FB007001462A463846FDF71E
:10240000A8FF6421B0FBF1F000EBC00101EB00106C
:10241000AAEB8000322101EB00106421B0FBF1F047
:1024200000F0F00A04206168A0FB01700346192047
:10243000A9FB00513A462846FDF78BFF6421B0FB0B
:10244000F1F00AEB001A04206168A0FB01510B4671
:102450001920A9FB00712A463846FDF77AFF83460A
:1024600004206168A0FB015003461920A9FB0070FD
:1024700001462A463846FDF76CFF6421B0FBF1F0B7
:1024800000EBC00101EB0010ABEB8000322101EB4F
:1024900000106421B0FBF1F000F00F0050442168FF
:1024A0008860BDE8F88F0000001001400014014072
:1024B00010B5034699629A85DA85002018642220B7
:1024C00083F83E0000BF002083F83C0000BF18687E
:1024D000C06840F480701C68E0601868406940F093
:1024E00001001C6860611868C06840F020001C682A
:1024F000E060002010BD014691F83D00212828D160
:102500008868B0F5805F0BD1086948B90A6A1088FD
:10251000C0F308000B685860086A801C086205E078
:102520000B6A581C086218780B685860C88C401EEB
:1025300080B2C88458B90868C06820F080000B6871
:10254000D8600868C06840F040000B68D860002080
:1025500070470220FCE7000010B50248FFF7C0FA00
:1025600010BD0000CC01002000BFFEE770B50621C1
:10257000302004F0DDFE302004F0EAFD0546062D93
:1025800003D00621302004F0D3FE002403E006F03F
:1025900093FA601C84B2C82CF9DB70BD0248006855
:1025A000C0F30220704700000CED00E010B50028D9
:1025B00004DB0A07130E054A135406E00A07140E3B
:1025C000034A00F00F031B1FD45410BD00E400E0C9
:1025D00018ED00E000BF704700F00101194A1160DA
:1025E000C0F34001184AC2F88412C0F38001154AB2
:1025F00008321160C0F30011121F1160C0F34011C6
:10260000104A3C321160C0F38011104A1160C0F3CF
:10261000C0110C4A38321160C0F300210B4A121D60
:102620001160C0F34021074A34321160C0F38021A9
:10263000044A14321160C0F3C021024A0C32116006
:1026400070470000808242420000434290024342B1
:1026500070B505460C4607480749086008464460BF
:1026600000218160C5600161FFF778F80248FFF73B
:10267000EFF870BD00040040C002002000F001012E
:10268000104A1160C0F340010F4AC2F8BC12C0F3F7
:1026900080010C4A383A1160C0F3C001121D11606C
:1026A000C0F30011094A1160C0F34011121D1160FE
:1026B000C0F38011121D1160C109054AC2F8A812A9
:1026C00070470000B8824142008041429C02424271
:1026D0000000424270B504460420FFF70FF80A4894
:1026E000046025464FF47A7045434FF0E0200069BE
:1026F00040F002004FF0E0210861084645610069A2
:1027000040F00100086170BD2400002030B504468F
:10271000002504E04FF47A7000F004F86D1CA54227
:10272000F8D330BD70B5034600224FF0E02675693E
:102730000D4E366803FB06F44FF0E026B16910E059
:102740004FF0E026B06988420BD0884202D20E1AC0
:10275000324402E02E1A0E4432440146A24200D313
:1027600000E0EDE700BF70BD2400002000BF054A77
:10277000126802F04002002AF9D0C2B2014B5A603E
:1027800070470000001001400EB54FF478402CA1B6
:1027900020221346CDE900210290DC220A210846BE
:1027A00003F054FB4FF4784027A118221346CDE9DB
:1027B00000210290DC222F210A2003F047FB4FF476
:1027C000784026A110221346CDE900210290DC2298
:1027D0004C210A2003F03AFB4FF4784023A1102249
:1027E0001346CDE900210290DC2276210A2003F075
:1027F0002DFB4FF4784020A110221346CDE9002193
:102800000290DC228B210A2003F020FB4FF4784059
:102810001CA110221346CDE900210290DC22A02148
:102820000A2003F013FB1B48012100238022CDE97D
:10283000001019A11B4805F0C7FD05F0FBF90EBDFE
:1028400053544D33320000004672656552544F5365
:1028500020506F7274696E670000000041544F4D44
:1028600040414C49454E54454B000000546F746143
:102870006C204D656D3A000046726565204D656DB2
:102880003A0000004D616C6C6F6320416464723AE1
:10289000000000000400002073746172745F7461B2
:1028A000736B00001574000800B587B000BF00BF4F
:1028B000002001903848006840F010003649086058
:1028C0000846006800F01000019000BF00BF00BF84
:1028D00000BF00BF002001900846006840F01000D3
:1028E00008600846006800F01000019000BF00BFBB
:1028F00000BF00BF00BF002001900846006840F004
:10290000100008600846006800F01000019000BF49
:1029100000BF00BF00BF00BF002001900846006854
:1029200040F0010008600846006800F001000190D6
:1029300000BF00BF00BF10200290002003900120C4
:1029400004900220059002A91448FEF701F908201E
:10295000029000200390012004900220059002A91B
:102960000E48FEF7F5F804200290002003900120A5
:1029700004900220059002A90848FEF7E9F801201A
:1029800002900020039002200490059002A90448C0
:10299000FEF7DEF807B000BD3038024000100240FC
:1029A0000000024070B50446002514B101202B49F7
:1029B00008702A480078002834D010212848FEF7F3
:1029C000C9F978B108212648FEF7C4F950B10421AD
:1029D0002348FEF7BFF928B101212248FEF7BAF9D2
:1029E00001281FD10A20FFF791FE00201B49087023
:1029F00010211B48FEF7AEF900B90125082118483F
:102A0000FEF7A8F900B9022504211548FEF7A2F93E
:102A100000B9032501211348FEF79CF901281BD1B9
:102A2000042519E010210E48FEF794F9012813D16E
:102A300008210B48FEF78EF901280DD10421084822
:102A4000FEF788F9012807D101210648FEF782F92F
:102A500010B9012001490870284670BD44000020CB
:102A6000001002400000024070B5044600260948EC
:102A70000588408845430021084603F0B7F803F075
:102A8000C5FA00BF02E004480480761CAE42FAD3C7
:102A900070BD0000600200208000006C10B504468C
:102AA00058488471002C58D1F020564908804FF4C2
:102AB000A07048800846808845F21051884210D1A5
:102AC0004FF430504F4908814FF4285048814FF45B
:102AD0002C5088814FF4F07008804FF44870488083
:102AE0001AE04848808841F6631188420DD12C20B5
:102AF000444908812B2048812A2088814FF4F070B6
:102B000008804FF44870488006E02C203D49088139
:102B10002A2048812B2088813A48808845F210314C
:102B2000884205D03748808847F29671884206D19E
:102B30004FF4A070334908804FF4F070488031485A
:102B4000808849F60601884258D14FF4F0702D492B
:102B500008804FF44870488050E04FF4A070294935
:102B60000880F02048800846808845F2105188424D
:102B700010D14FF43050234908814FF42850488138
:102B80004FF42C5088814FF4487008804FF4F07057
:102B9000488020E01B48808841F66311884205D0B8
:102BA0001848808849F6060188420DD12C20154925
:102BB00008812A2048812B2088814FF448700880A2
:102BC0004FF4F070488006E02C200E4908812A203E
:102BD00048812B2088810B48808845F2103188423B
:102BE00005D00848808847F29671884206D14FF494
:102BF000F070044908804FF4A0704880002002F073
:102C0000D7FE10BD6002002070B505460E46144682
:102C10003146284602F0EAFF03F0F8F901490C803A
:102C200070BD00008000006C10B5CF2003F0E2F909
:102C3000002003F0D3F9C12003F0D0F9302003F0D5
:102C4000CDF9ED2003F0D6F9642003F0C7F9032095
:102C500003F0C4F9122003F0C1F9812003F0BEF99A
:102C6000E82003F0C7F9852003F0B8F9102003F03D
:102C7000B5F97A2003F0B2F9CB2003F0BBF9392083
:102C800003F0ACF92C2003F0A9F9002003F0A6F919
:102C9000342003F0A3F9022003F0A0F9F72003F099
:102CA000A9F9202003F09AF9EA2003F0A3F9002003
:102CB00003F094F9002003F091F9C02003F09AF991
:102CC0001B2003F08BF9C12003F094F9012003F0DD
:102CD00085F9C52003F08EF9302003F07FF930200C
:102CE00003F07CF9C72003F085F9B72003F076F9EB
:102CF000362003F07FF9482003F070F93A2003F002
:102D000079F9552003F06AF9B12003F073F9002036
:102D100003F064F91A2003F061F9B62003F06AF9B0
:102D20000A2003F05BF9A22003F058F9F22003F027
:102D300061F9002003F052F9262003F05BF901202D
:102D400003F04CF9E02003F055F90F2003F046F9A9
:102D50002A2003F043F9282003F040F9082003F06B
:102D60003DF90E2003F03AF9082003F037F954201A
:102D700003F034F9A92003F031F9432003F02EF9D0
:102D80000A2003F02BF90F2003F028F9002003F0AC
:102D900025F9002003F022F9002003F01FF900209C
:102DA00003F01CF9E12003F025F9002003F016F9E7
:102DB000152003F013F9172003F010F9072003F092
:102DC0000DF9112003F00AF9062003F007F92B2072
:102DD00003F004F9562003F001F93C2003F0FEF85B
:102DE000052003F0FBF8102003F0F8F80F2003F0A3
:102DF000F5F83F2003F0F2F83F2003F0EFF80F2042
:102E000003F0ECF82B2003F0F5F8002003F0E6F8CF
:102E1000002003F0E3F8012003F0E0F83F2003F086
:102E2000DDF82A2003F0E6F8002003F0D7F80020B0
:102E300003F0D4F8002003F0D1F8EF2003F0CEF82F
:102E4000112003F0D7F87820FFF760FC292003F069
:102E5000D1F810BD10B5FF2003F0CCF8FF2003F02F
:102E6000BDF8982003F0BAF8062003F0B7F8BC20AC
:102E700003F0C0F8012003F0B1F80F2003F0AEF822
:102E8000612003F0ABF8FF2003F0A8F8012003F065
:102E9000A5F8012003F0A2F80B2003F09FF8102002
:102EA00003F09CF8372003F099F8632003F096F8BC
:102EB000FF2003F093F8FF2003F090F8012003F0C7
:102EC0008DF8012003F08AF8002003F087F8002035
:102ED00003F084F8FF2003F081F8522003F07EF81D
:102EE000012003F07BF8002003F078F8402003F085
:102EF00075F8BD2003F07EF8012003F06FF8232061
:102F000003F06CF8452003F069F8672003F066F8D9
:102F1000012003F063F8232003F060F8452003F05C
:102F20005DF8672003F05AF8BE2003F063F8002034
:102F300003F054F8012003F051F8AB2003F04EF8F1
:102F4000602003F04BF8222003F048F8222003F021
:102F500045F8222003F042F8222003F03FF8222017
:102F600003F03CF8C72003F045F8362003F036F8AC
:102F7000ED2003F03FF87F2003F030F80F2003F03E
:102F80002DF8C02003F036F80F2003F027F80B20AF
:102F900003F024F80A2003F021F8FC2003F02AF8BB
:102FA000082003F01BF8DF2003F024F8002003F0D2
:102FB00015F8002003F012F8002003F00FF80020AD
:102FC00003F00CF8002003F009F8202003F006F8C5
:102FD000F32003F00FF8742003F000F8B42003F09E
:102FE00009F8002002F0FAFF002002F0F7FF0020AD
:102FF00002F0F4FFF72002F0FDFF822002F0EEFF66
:10300000B12002F0F7FF002002F0E8FF132002F0E9
:10301000E5FF132002F0E2FFF22002F0EBFF802038
:1030200002F0DCFF042002F0D9FF402002F0D6FFBE
:10303000282002F0D3FFC12002F0DCFF172002F0AD
:10304000CDFF882002F0CAFF882002F0C7FF2020B1
:1030500002F0C4FFE02002F0CDFF002002F0BEFF2E
:103060000A2002F0BBFF122002F0B8FF102002F08D
:10307000B5FF0E2002F0B2FF202002F0AFFFCC20FF
:1030800002F0ACFF072002F0A9FF062002F0A6FF25
:103090000B2002F0A3FF0E2002F0A0FF0F2002F091
:1030A0009DFF0D2002F09AFF152002F097FF1020DF
:1030B00002F094FF002002F091FFE12002F09AFF5D
:1030C000002002F08BFF0B2002F088FF132002F09B
:1030D00085FF0D2002F082FF0E2002F07FFF1B20F3
:1030E00002F07CFF712002F079FF062002F076FFEB
:1030F000062002F073FF0A2002F070FF0F2002F09A
:103100006DFF0E2002F06AFF0F2002F067FF15200E
:1031100002F064FF0C2002F061FF002002F05EFF6D
:103120002A2002F067FF002002F058FF002002F082
:1031300055FF012002F052FFDF2002F04FFF2B204D
:1031400002F058FF002002F049FF002002F046FF85
:10315000032002F043FF1F2002F040FF3A2002F05C
:1031600049FF552002F03AFF362002F043FF0020CD
:1031700002F034FF112002F03DFF7820FFF7C6FA7D
:10318000292002F037FF1420FFF7C0FA2C2002F0AC
:1031900031FF10BD10B5ED2002F02CFF012002F030
:1031A0001DFFFE2002F01AFFEE2002F023FFDE20BA
:1031B00002F014FF212002F011FFF12002F01AFFAB
:1031C000012002F00BFFDF2002F014FF102002F0BC
:1031D00005FFC42002F00EFF8F2002F0FFFEC62084
:1031E00002F008FF002002F0F9FEE22002F0F6FEF5
:1031F000E22002F0F3FEE22002F0F0FEBF2002F037
:10320000F9FEAA2002F0EAFEB02002F0F3FE0D2043
:1032100002F0E4FE002002F0E1FE0D2002F0DEFEEE
:10322000002002F0DBFE112002F0D8FE002002F0A8
:10323000D5FE192002F0D2FE002002F0CFFE2120A0
:1032400002F0CCFE002002F0C9FE2D2002F0C6FEE6
:10325000002002F0C3FE3D2002F0C0FE002002F07C
:10326000BDFE5D2002F0BAFE002002F0B7FE5D2038
:1032700002F0B4FE002002F0B1FEB12002F0BAFE6E
:10328000802002F0ABFE002002F0A8FE8B2002F0AE
:10329000A5FE002002F0A2FE962002F09FFE002074
:1032A00002F09CFEB22002F0A5FE002002F096FE85
:1032B000002002F093FE022002F090FE002002F0B7
:1032C0008DFE032002F08AFE002002F087FEB3206C
:1032D00002F090FE002002F081FE002002F07EFE4F
:1032E000002002F07BFE002002F078FE002002F0B9
:1032F00075FE002002F072FE002002F06FFE00203A
:1033000002F06CFE002002F069FE002002F066FE72
:10331000002002F063FE002002F060FE002002F0B8
:103320005DFE002002F05AFE002002F057FE002051
:1033300002F054FE002002F051FE002002F04EFE8A
:10334000002002F04BFE002002F048FE002002F0B8
:1033500045FE002002F042FE002002F03FFE002069
:1033600002F03CFEB42002F045FE8B2002F036FE57
:10337000002002F033FE962002F030FE002002F022
:103380002DFEA12002F02AFE002002F027FEB5202B
:1033900002F030FE022002F021FE002002F01EFEAC
:1033A000032002F01BFE002002F018FE042002F0B1
:1033B00015FE002002F012FEB62002F01BFE0020D7
:1033C00002F00CFE002002F009FEB72002F012FE0F
:1033D000002002F003FE002002F000FE3F2002F079
:1033E000FDFD002002F0FAFD5E2002F0F7FD002056
:1033F00002F0F4FD642002F0F1FD002002F0EEFD89
:103400008C2002F0EBFD002002F0E8FDAC2002F081
:10341000E5FD002002F0E2FDDC2002F0DFFD0020EF
:1034200002F0DCFD702002F0D9FD002002F0D6FD94
:10343000902002F0D3FD002002F0D0FDEB2002F03E
:10344000CDFD002002F0CAFDDC2002F0C7FD002007
:1034500002F0C4FDB82002F0CDFD002002F0BEFD58
:10346000002002F0BBFD002002F0B8FD002002F0B9
:10347000B5FD002002F0B2FD002002F0AFFD0020FB
:1034800002F0ACFD002002F0A9FDBA2002F0B2FD6E
:10349000242002F0A3FD002002F0A0FD002002F095
:1034A0009DFD002002F09AFDC12002F0A3FD202026
:1034B00002F094FD002002F091FD542002F08EFDF8
:1034C000002002F08BFDFF2002F088FD002002F0BA
:1034D00085FDC22002F08EFD0A2002F07FFD002053
:1034E00002F07CFD042002F079FD002002F076FD60
:1034F000C32002F07FFD3C2002F070FD002002F0AE
:103500006DFD3A2002F06AFD002002F067FD3920CF
:1035100002F064FD002002F061FD372002F05EFD44
:10352000002002F05BFD3C2002F058FD002002F07C
:1035300055FD362002F052FD002002F04FFD3220F2
:1035400002F04CFD002002F049FD2F2002F046FD64
:10355000002002F043FD2C2002F040FD002002F08C
:103560003DFD292002F03AFD002002F037FD262023
:1035700002F034FD002002F031FD242002F02EFD87
:10358000002002F02BFD242002F028FD002002F094
:1035900025FD232002F022FD002002F01FFD3C202B
:1035A00002F01CFD002002F019FD362002F016FD8D
:1035B000002002F013FD322002F010FD002002F086
:1035C0000DFD2F2002F00AFD002002F007FD2C2047
:1035D00002F004FD002002F001FD292002F0FEFCB3
:1035E000002002F0FBFC262002F0F8FC002002F094
:1035F000F5FC242002F0F2FC002002F0EFFC242075
:1036000002F0ECFC002002F0E9FC232002F0E6FCD2
:10361000002002F0E3FCC42002F0ECFC622002F087
:10362000DDFC002002F0DAFC052002F0D7FC0020CF
:1036300002F0D4FC842002F0D1FC002002F0CEFC89
:10364000F02002F0CBFC002002F0C8FC182002F0B1
:10365000C5FC002002F0C2FCA42002F0BFFC002048
:1036600002F0BCFC182002F0B9FC002002F0B6FC0D
:10367000502002F0B3FC002002F0B0FC0C2002F05D
:10368000ADFC002002F0AAFC172002F0A7FC0020ED
:1036900002F0A4FC952002F0A1FC002002F09EFCA8
:1036A000F32002F09BFC002002F098FCE62002F0E0
:1036B00095FC002002F092FCC52002F09BFC322019
:1036C00002F08CFC002002F089FC442002F086FC11
:1036D000002002F083FC652002F080FC002002F054
:1036E0007DFC762002F07AFC002002F077FC882036
:1036F00002F074FC002002F071FCC62002F07AFC9B
:10370000202002F06BFC002002F068FC172002F081
:1037100065FC002002F062FC012002F05FFC00204A
:1037200002F05CFCC72002F065FC002002F056FCB1
:10373000002002F053FC002002F050FC002002F0B8
:103740004DFCC82002F056FC002002F047FC00208F
:1037500002F044FC002002F041FC002002F03EFC9C
:10376000C92002F047FC002002F038FC002002F0E3
:1037700035FC002002F032FC002002F02FFC00207B
:1037800002F02CFC002002F029FC002002F026FCB4
:10379000002002F023FC002002F020FC002002F0B8
:1037A0001DFC002002F01AFC002002F017FC002093
:1037B00002F014FC002002F011FC002002F00EFCCC
:1037C000002002F00BFCE02002F014FC162002F0B6
:1037D00005FC002002F002FC1C2002F0FFFB002090
:1037E00002F0FCFB212002F0F9FB002002F0F6FBC6
:1037F000362002F0F3FB002002F0F0FB462002F03E
:10380000EDFB002002F0EAFB522002F0E7FB002073
:1038100002F0E4FB642002F0E1FB002002F0DEFB9A
:103820007A2002F0DBFB002002F0D8FB8B2002F0B4
:10383000D5FB002002F0D2FB992002F0CFFB002044
:1038400002F0CCFBA82002F0C9FB002002F0C6FB6E
:10385000B92002F0C3FB002002F0C0FBC42002F03C
:10386000BDFB002002F0BAFBCA2002F0B7FB00202B
:1038700002F0B4FBD22002F0B1FB002002F0AEFB5C
:10388000D92002F0ABFB002002F0A8FBE02002F000
:10389000A5FB002002F0A2FBF32002F09FFB00201A
:1038A00002F09CFBE12002F0A5FB162002F096FB43
:1038B000002002F093FB1C2002F090FB002002F09D
:1038C0008DFB222002F08AFB002002F087FB3620CD
:1038D00002F084FB002002F081FB452002F07EFB19
:1038E000002002F07BFB522002F078FB002002F067
:1038F00075FB642002F072FB002002F06FFB7A205F
:1039000002F06CFB002002F069FB8B2002F066FBEA
:10391000002002F063FB992002F060FB002002F01F
:103920005DFBA82002F05AFB002002F057FBB920F3
:1039300002F054FB002002F051FBC42002F04EFBC9
:10394000002002F04BFBCA2002F048FB002002F0EE
:1039500045FBD22002F042FB002002F03FFBD820C2
:1039600002F03CFB002002F039FBE02002F036FBC5
:10397000002002F033FBF32002F030FB002002F0C5
:103980002DFBE22002F036FB052002F027FB002091
:1039900002F024FB0B2002F021FB002002F01EFBB2
:1039A0001B2002F01BFB002002F018FB342002F069
:1039B00015FB002002F012FB442002F00FFB002058
:1039C00002F00CFB4F2002F009FB002002F006FB86
:1039D000612002F003FB002002F000FB792002F0DE
:1039E000FDFA002002F0FAFA882002F0F7FA00202F
:1039F00002F0F4FA972002F0F1FA002002F0EEFA59
:103A0000A62002F0EBFA002002F0E8FAB72002F05C
:103A1000E5FA002002F0E2FAC22002F0DFFA00200C
:103A200002F0DCFAC72002F0D9FA002002F0D6FA40
:103A3000D12002F0D3FA002002F0D0FAD62002F012
:103A4000CDFA002002F0CAFADD2002F0C7FA002009
:103A500002F0C4FAF32002F0C1FA002002F0BEFA2C
:103A6000E32002F0C7FA052002F0B8FA002002F0C5
:103A7000B5FA0A2002F0B2FA002002F0AFFA1C20D8
:103A800002F0ACFA002002F0A9FA332002F0A6FA04
:103A9000002002F0A3FA442002F0A0FA002002F075
:103AA0009DFA502002F09AFA002002F097FA622064
:103AB00002F094FA002002F091FA782002F08EFAD7
:103AC000002002F08BFA882002F088FA002002F031
:103AD00085FA972002F082FA002002F07FFAA620F1
:103AE00002F07CFA002002F079FAB72002F076FAB0
:103AF000002002F073FAC22002F070FA002002F0F7
:103B00006DFAC72002F06AFA002002F067FAD120AD
:103B100002F064FA002002F061FAD52002F05EFAA9
:103B2000002002F05BFADD2002F058FA002002F0DB
:103B300055FAF32002F052FA002002F04FFAE42086
:103B400002F058FA012002F049FA002002F046FA89
:103B5000012002F043FA002002F040FA022002F0B5
:103B60003DFA002002F03AFA2A2002F037FA00204B
:103B700002F034FA3C2002F031FA002002F02EFA72
:103B80004B2002F02BFA002002F028FA5D2002F010
:103B900025FA002002F022FA742002F01FFA002019
:103BA00002F01CFA842002F019FA002002F016FA42
:103BB000932002F013FA002002F010FAA22002F083
:103BC0000DFA002002F00AFAB32002F007FA0020F2
:103BD00002F004FABE2002F001FA002002F0FEF921
:103BE000C42002F0FBF9002002F0F8F9CD2002F029
:103BF000F5F9002002F0F2F9D32002F0EFF90020ED
:103C000002F0ECF9DD2002F0E9F9002002F0E6F91B
:103C1000F32002F0E3F9002002F0E0F9E52002F0E1
:103C2000E9F9002002F0DAF9002002F0D7F90020CB
:103C300002F0D4F9002002F0D1F9022002F0CEF90E
:103C4000002002F0CBF9292002F0C8F9002002F090
:103C5000C5F93C2002F0C2F9002002F0BFF94B2068
:103C600002F0BCF9002002F0B9F95D2002F0B6F9CB
:103C7000002002F0B3F9742002F0B0F9002002F045
:103C8000ADF9842002F0AAF9002002F0A7F99320F0
:103C900002F0A4F9002002F0A1F9A22002F09EF99E
:103CA000002002F09BF9B32002F098F9002002F006
:103CB00095F9BE2002F092F9002002F08FF9C4209D
:103CC00002F08CF9002002F089F9CD2002F086F98B
:103CD000002002F083F9D32002F080F9002002F0E6
:103CE0007DF9DC2002F07AF9002002F077F9F32068
:103CF00002F074F9002002F071F9E62002F07AF97E
:103D0000112002F06BF9002002F068F9342002F073
:103D100065F9002002F062F9562002F05FF90020F8
:103D200002F05CF9762002F059F9002002F056F911
:103D3000772002F053F9002002F050F9662002F0DB
:103D40004DF9002002F04AF9882002F047F90020DE
:103D500002F044F9992002F041F9002002F03EF906
:103D6000BB2002F03BF9002002F038F9992002F064
:103D700035F9002002F032F9662002F02FF9002018
:103D800002F02CF9552002F029F9002002F026F962
:103D9000552002F023F9002002F020F9452002F01E
:103DA0001DF9002002F01AF9432002F017F9002053
:103DB00002F014F9442002F011F9002002F00EF98B
:103DC000E72002F017F9322002F008F9002002F093
:103DD00005F9552002F002F9002002F0FFF87620E4
:103DE00002F0FCF8002002F0F9F8662002F0F6F884
:103DF000002002F0F3F8672002F0F0F8002002F053
:103E0000EDF8672002F0EAF8002002F0E7F88720DA
:103E100002F0E4F8002002F0E1F8992002F0DEF868
:103E2000002002F0DBF8BB2002F0D8F8002002F0FE
:103E3000D5F8992002F0D2F8002002F0CFF87720D0
:103E400002F0CCF8002002F0C9F8442002F0C6F8D5
:103E5000002002F0C3F8562002F0C0F8002002F063
:103E6000BDF8232002F0BAF8002002F0B7F83320A2
:103E700002F0B4F8002002F0B1F8452002F0AEF8EC
:103E8000002002F0ABF8E82002F0B4F8002002F0C5
:103E9000A5F8002002F0A2F8992002F09FF8002077
:103EA00002F09CF8872002F099F8002002F096F8C2
:103EB000882002F093F8002002F090F8772002F0BA
:103EC0008DF8002002F08AF8662002F087F80020C2
:103ED00002F084F8882002F081F8002002F07EF8D9
:103EE000AA2002F07BF8002002F078F8BB2002F054
:103EF00075F8002002F072F8992002F06FF80020A7
:103F000002F06CF8662002F069F8002002F066F812
:103F1000552002F063F8002002F060F8552002F00E
:103F20005DF8002002F05AF8442002F057F8002013
:103F300002F054F8442002F051F8002002F04EF84C
:103F4000552002F04BF8002002F048F8E92002F07A
:103F500051F8AA2002F042F8002002F03FF80020B9
:103F600002F03CF8002002F039F8002002F042F89C
:103F7000AA2002F033F8CF2002F03CF8002002F033
:103F80002DF8002002F02AF8002002F027F8002087
:103F900002F024F8002002F021F8002002F01EF8C0
:103FA000002002F01BF8002002F018F8002002F0B8
:103FB00015F8002002F012F8002002F00FF800209F
:103FC00002F00CF8002002F009F8002002F006F8D8
:103FD000002002F003F8002002F000F8002001F0B9
:103FE000FDFFF02002F006F8002001F0F7FF50205E
:103FF00001F0F4FF002001F0F1FF002001F0EEFFDE
:10400000002001F0EBFFF32001F0F4FF002001F0AD
:10401000E5FFF92001F0EEFF062001F0DFFF1020A0
:1040200001F0DCFF292001F0D9FF002001F0D6FFCC
:104030003A2001F0DFFF552001F0D0FF112001F000
:10404000D9FF6420FEF762FB292001F0D3FF352061
:1040500001F0D0FF002001F0C1FF512001F0CAFFA4
:10406000FF2001F0BBFF532001F0C4FF2C2001F022
:10407000B5FF552001F0BEFF822001F0AFFF2C20DC
:1040800001F0B8FF10BD10B555214FF4704001F09C
:10409000C7FFAA214FF2010001F0C2FF52214FF2E7
:1040A000020001F0BDFF08214FF2030001F0B8FF4C
:1040B00001214FF2040001F0B3FF0D214FF4304015
:1040C00001F0AEFF0D214BF2010001F0A9FF0D211F
:1040D0004BF2020001F0A4FF34214FF4364001F00E
:1040E0009FFF34214BF2016001F09AFF34214BF223
:1040F000026001F095FF0D214FF4314001F090FF77
:104100000D214BF2011001F08BFF0D214BF202103B
:1041100001F086FF34214FF4374001F081FF342154
:104120004BF2017001F07CFF34214BF2027001F080
:1041300077FF00214FF4324001F072FF00214BF273
:10414000012001F06DFF00214BF2022001F068FF19
:1041500024214FF4384001F063FF24214BF6010085
:1041600001F05EFF24214BF6020001F059FF01210E
:104170004FF43F4001F054FF0F214FF4334001F062
:104180004FFF0F214BF2013001F04AFF0F214BF29C
:10419000023001F045FF34214FF4394001F040FF77
:1041A00034214BF6011001F03BFF34214BF6021095
:1041B00001F036FF08214FF4354001F031FF0821AE
:1041C0004BF2015001F02CFF08214BF2025001F09C
:1041D00027FF03214FF4424001F022FF24214FF436
:1041E0003A4001F01DFF24214BF6012001F018FF99
:1041F00024214BF6022001F013FF00214FF43C4034
:1042000001F00EFF78214BF6014001F009FF00217B
:104210004BF6024001F004FF00214FF43D4001F055
:10422000FFFE78214BF6015001F0FAFE00214BF61B
:10423000025001F0F5FE00214FF43E4001F0F0FE87
:1042400064214BF6016001F0EBFE00214FF4514078
:1042500001F0E6FE33214DF2011001F0E1FE0021F4
:104260004DF2021001F0DCFE34214DF2031001F09A
:10427000D7FE00214DF2041001F0D2FE3A214DF29A
:10428000051001F0CDFE00214DF2061001F0C8FE30
:104290004A214DF2071001F0C3FE00214DF2081033
:1042A00001F0BEFE5C214DF2091001F0B9FE0021C3
:1042B0004DF20A1001F0B4FE81214DF20B1001F015
:1042C000AFFE00214DF20C1001F0AAFEA6214DF226
:1042D0000D1001F0A5FE00214DF20E1001F0A0FE20
:1042E000E5214DF20F1001F09BFE01214DF210105F
:1042F00001F096FE13214DF2111001F091FE012103
:104300004DF2121001F08CFE54214DF2131001F009
:1043100087FE01214DF2141001F082FE82214DF240
:10432000151001F07DFE01214DF2161001F078FE0E
:10433000CA214DF2171001F073FE02214DF2181040
:1043400001F06EFE00214DF2191001F069FE02210C
:104350004DF21A1001F064FE01214DF21B1001F024
:104360005FFE02214DF21C1001F05AFE34214DF285
:104370001D1001F055FE02214DF21E1001F050FEFD
:1043800067214DF21F1001F04BFE02214DF220106B
:1043900001F046FE84214DF2211001F041FE022180
:1043A0004DF2221001F03CFEA4214DF2231001F049
:1043B00037FE02214DF2241001F032FEB7214DF2FA
:1043C000251001F02DFE02214DF2261001F028FEED
:1043D000CF214DF2271001F023FE02214DF22810CB
:1043E00001F01EFEDE214DF2291001F019FE02211E
:1043F0004DF22A1001F014FEF2214DF22B1001F0C3
:104400000FFE02214DF22C1001F00AFEFE214DF2AA
:104410002D1001F005FE03214DF22E1001F000FEDB
:1044200010214DF22F1001F0FBFD03214DF2301051
:1044300001F0F6FD33214DF2311001F0F1FD0321C1
:104440004DF2321001F0ECFD6D214DF2331001F010
:10445000E7FD00214FF4524001F0E2FD33214DF21F
:10446000012001F0DDFD00214DF2022001F0D8FD18
:1044700034214DF2032001F0D3FD00214DF2042040
:1044800001F0CEFD3A214DF2052001F0C9FD0021D9
:104490004DF2062001F0C4FD4A214DF2072001F043
:1044A000BFFD00214DF2082001F0BAFD5C214DF264
:1044B000092001F0B5FD00214DF20A2001F0B0FD08
:1044C00081214DF20B2001F0ABFD00214DF20C20BB
:1044D00001F0A6FDA6214DF20D2001F0A1FD002165
:1044E0004DF20E2001F09CFDE5214DF20F2001F070
:1044F00097FD01214DF2102001F092FD13214DF2A4
:10450000112001F08DFD01214DF2122001F088FDF6
:1045100054214DF2132001F083FD01214DF21420AE
:1045200001F07EFD82214DF2152001F079FD01217F
:104530004DF2162001F074FDCA214DF2172001F052
:104540006FFD02214DF2182001F06AFD00214DF2AD
:10455000192001F065FD02214DF21A2001F060FDE5
:1045600001214DF21B2001F05BFD02214DF21C20C8
:1045700001F056FD34214DF21D2001F051FD0221C4
:104580004DF21E2001F04CFD67214DF21F2001F07D
:1045900047FD02214DF2202001F042FD84214DF221
:1045A000212001F03DFD02214DF2222001F038FDD5
:1045B000A4214DF2232001F033FD02214DF22420ED
:1045C00001F02EFDB7214DF2252001F029FD022139
:1045D0004DF2262001F024FDCF214DF2272001F0DD
:1045E0001FFD02214DF2282001F01AFDDE214DF2BF
:1045F000292001F015FD02214DF22A2001F010FDC5
:10460000F2214DF22B2001F00BFD02214DF22C2066
:1046100001F006FDFE214DF22D2001F001FD0321E8
:104620004DF22E2001F0FCFC10214DF22F2001F064
:10463000F7FC03214DF2302001F0F2FC33214DF262
:10464000312001F0EDFC03214DF2322001F0E8FCB5
:104650006D214DF2332001F0E3FC00214FF4534073
:1046600001F0DEFC33214DF2013001F0D9FC0021D4
:104670004DF2023001F0D4FC34214DF2033001F050
:10468000CFFC00214DF2043001F0CAFC3A214DF27A
:10469000053001F0C5FC00214DF2063001F0C0FCF0
:1046A0004A214DF2073001F0BBFC00214DF20830E9
:1046B00001F0B6FC5C214DF2093001F0B1FC0021A3
:1046C0004DF20A3001F0ACFC81214DF20B3001F0CB
:1046D000A7FC00214DF20C3001F0A2FCA6214DF206
:1046E0000D3001F09DFC00214DF20E3001F098FCE0
:1046F000E5214DF20F3001F093FC01214DF2103015
:1047000001F08EFC13214DF2113001F089FC0121E2
:104710004DF2123001F084FC54214DF2133001F0BF
:104720007FFC01214DF2143001F07AFC82214DF220
:10473000153001F075FC01214DF2163001F070FCCE
:10474000CA214DF2173001F06BFC02214DF21830F6
:1047500001F066FC00214DF2193001F061FC0221EC
:104760004DF21A3001F05CFC01214DF21B3001F0DA
:1047700057FC02214DF21C3001F052FC34214DF265
:104780001D3001F04DFC02214DF21E3001F048FCBD
:1047900067214DF21F3001F043FC02214DF2203021
:1047A00001F03EFC84214DF2213001F039FC022160
:1047B0004DF2223001F034FCA4214DF2233001F0FF
:1047C0002FFC02214DF2243001F02AFCB7214DF2DA
:1047D000253001F025FC02214DF2263001F020FCAD
:1047E000CF214DF2273001F01BFC02214DF2283081
:1047F00001F016FCDE214DF2293001F011FC0221FE
:104800004DF22A3001F00CFCF2214DF22B3001F078
:1048100007FC02214DF22C3001F002FCFE214DF28A
:104820002D3001F0FDFB03214DF22E3001F0F8FB9D
:1048300010214DF22F3001F0F3FB03214DF2303007
:1048400001F0EEFB33214DF2313001F0E9FB0321A1
:104850004DF2323001F0E4FB6D214DF2333001F0C6
:10486000DFFB00214FF4544001F0DAFB33214DF21D
:10487000014001F0D5FB00214DF2024001F0D0FBD8
:1048800034214DF2034001F0CBFB00214DF20440F6
:1048900001F0C6FB3A214DF2054001F0C1FB0021B9
:1048A0004DF2064001F0BCFB4A214DF2074001F0F9
:1048B000B7FB00214DF2084001F0B2FB5C214DF244
:1048C000094001F0ADFB00214DF20A4001F0A8FBC8
:1048D00081214DF20B4001F0A3FB00214DF20C4071
:1048E00001F09EFBA6214DF20D4001F099FB002145
:1048F0004DF20E4001F094FBE5214DF20F4001F026
:104900008FFB01214DF2104001F08AFB13214DF283
:10491000114001F085FB01214DF2124001F080FBB6
:1049200054214DF2134001F07BFB01214DF2144064
:1049300001F076FB82214DF2154001F071FB01215F
:104940004DF2164001F06CFBCA214DF2174001F008
:1049500067FB02214DF2184001F062FB00214DF28D
:10496000194001F05DFB02214DF21A4001F058FBA5
:1049700001214DF21B4001F053FB02214DF21C407E
:1049800001F04EFB34214DF21D4001F049FB0221A4
:104990004DF21E4001F044FB67214DF21F4001F033
:1049A0003FFB02214DF2204001F03AFB84214DF201
:1049B000214001F035FB02214DF2224001F030FB95
:1049C000A4214DF2234001F02BFB02214DF22440A3
:1049D00001F026FBB7214DF2254001F021FB022119
:1049E0004DF2264001F01CFBCF214DF2274001F093
:1049F00017FB02214DF2284001F012FBDE214DF29F
:104A0000294001F00DFB02214DF22A4001F008FB84
:104A1000F2214DF22B4001F003FB02214DF22C401C
:104A200001F0FEFAFE214DF22D4001F0F9FA0321CA
:104A30004DF22E4001F0F4FA10214DF22F4001F01A
:104A4000EFFA03214DF2304001F0EAFA33214DF242
:104A5000314001F0E5FA03214DF2324001F0E0FA75
:104A60006D214DF2334001F0DBFA00214FF4554047
:104A700001F0D6FA33214DF2015001F0D1FA0021B4
:104A80004DF2025001F0CCFA34214DF2035001F006
:104A9000C7FA00214DF2045001F0C2FA3A214DF25A
:104AA000055001F0BDFA00214DF2065001F0B8FAB0
:104AB0004A214DF2075001F0B3FA00214DF208509F
:104AC00001F0AEFA5C214DF2095001F0A9FA002183
:104AD0004DF20A5001F0A4FA81214DF20B5001F081
:104AE0009FFA00214DF20C5001F09AFAA6214DF2E6
:104AF0000D5001F095FA00214DF20E5001F090FAA0
:104B0000E5214DF20F5001F08BFA01214DF21050CA
:104B100001F086FA13214DF2115001F081FA0121C2
:104B20004DF2125001F07CFA54214DF2135001F075
:104B300077FA01214DF2145001F072FA82214DF200
:104B4000155001F06DFA01214DF2165001F068FA8E
:104B5000CA214DF2175001F063FA02214DF21850AC
:104B600001F05EFA00214DF2195001F059FA0221CC
:104B70004DF21A5001F054FA01214DF21B5001F090
:104B80004FFA02214DF21C5001F04AFA34214DF245
:104B90001D5001F045FA02214DF21E5001F040FA7D
:104BA00067214DF21F5001F03BFA02214DF22050D7
:104BB00001F036FA84214DF2215001F031FA022140
:104BC0004DF2225001F02CFAA4214DF2235001F0B5
:104BD00027FA02214DF2245001F022FAB7214DF2BA
:104BE000255001F01DFA02214DF2265001F018FA6D
:104BF000CF214DF2275001F013FA02214DF2285037
:104C000001F00EFADE214DF2295001F009FA0221DD
:104C10004DF22A5001F004FAF2214DF22B5001F02E
:104C2000FFF902214DF22C5001F0FAF9FE214DF26C
:104C30002D5001F0F5F903214DF22E5001F0F0F95D
:104C400010214DF22F5001F0EBF903214DF23050BD
:104C500001F0E6F933214DF2315001F0E1F9032181
:104C60004DF2325001F0DCF96D214DF2335001F07C
:104C7000D7F900214FF4564001F0D2F933214DF21B
:104C8000016001F0CDF900214DF2026001F0C8F998
:104C900034214DF2036001F0C3F900214DF20460AC
:104CA00001F0BEF93A214DF2056001F0B9F9002199
:104CB0004DF2066001F0B4F94A214DF2076001F0AF
:104CC000AFF900214DF2086001F0AAF95C214DF224
:104CD000096001F0A5F900214DF20A6001F0A0F988
:104CE00081214DF20B6001F09BF900214DF20C6027
:104CF00001F096F9A6214DF20D6001F091F9002125
:104D00004DF20E6001F08CF9E5214DF20F6001F0DB
:104D100087F901214DF2106001F082F913214DF263
:104D2000116001F07DF901214DF2126001F078F976
:104D300054214DF2136001F073F901214DF214601A
:104D400001F06EF982214DF2156001F069F901213F
:104D50004DF2166001F064F9CA214DF2176001F0BE
:104D60005FF902214DF2186001F05AF900214DF26D
:104D7000196001F055F902214DF21A6001F050F965
:104D800001214DF21B6001F04BF902214DF21C6034
:104D900001F046F934214DF21D6001F041F9022184
:104DA0004DF21E6001F03CF967214DF21F6001F0E9
:104DB00037F902214DF2206001F032F984214DF2E1
:104DC000216001F02DF902214DF2226001F028F955
:104DD000A4214DF2236001F023F902214DF2246059
:104DE00001F01EF9B7214DF2256001F019F90221F9
:104DF0004DF2266001F014F9CF214DF2276001F049
:104E00000FF902214DF2286001F00AF9DE214DF27E
:104E1000296001F005F902214DF22A6001F000F944
:104E2000F2214DF22B6001F0FBF802214DF22C60D3
:104E300001F0F6F8FE214DF22D6001F0F1F80321AA
:104E40004DF22E6001F0ECF810214DF22F6001F0D0
:104E5000E7F803214DF2306001F0E2F833214DF222
:104E6000316001F0DDF803214DF2326001F0D8F835
:104E70006D214DF2336001F0D3F855214FF47040AD
:104E800001F0CEF8AA214FF2010001F0C9F8522139
:104E90004FF2020001F0C4F808214FF2030001F0C4
:104EA000BFF800214FF2040001F0BAF8CC214FF412
:104EB000314001F0B5F800214BF2011001F0B0F8DB
:104EC00005214FF4364001F0ABF870214FF4374024
:104ED00001F0A6F870214BF2017001F0A1F8012158
:104EE0004FF4384001F09CF803214BF6010001F02B
:104EF00097F803214BF6020001F092F803214BF6DC
:104F0000030001F08DF802214FF43C4001F088F8D5
:104F100000214BF6014001F083F800214BF60240DE
:104F200001F07EF8D0214FF4494001F079F80221D8
:104F30004CF6011001F074F850214CF6021001F00B
:104F40006FF850214CF6031001F06AF850214CF62E
:104F5000041001F065F800214FF4545001F060F89E
:104F600055214FF4685001F05BF84FF4885001F080
:104F700041F87820FDF7D6FB4FF4245001F03AF8C1
:104F800010BD10B5E22001F035F81D2001F026F823
:104F9000022001F023F8042001F020F86420FDF73E
:104FA000C1FBE02001F026F8012001F017F80A20EB
:104FB000FDF7ACFBE02001F01DF8032001F00EF836
:104FC0000C20FDF7A3FB012001F014F80A20FDF7E7
:104FD0009DFBE62001F00EF82F2000F0FFFFFF20E0
:104FE00000F0FCFFFF2000F0F9FFB02001F002F814
:104FF000202000F0F3FF002000F0F0FF032000F07D
:10500000EDFF40F21F3000F0E9FF012000F0E6FF65
:1050100040F2DF1000F0E2FF002000F0DFFFB420DC
:1050200000F0E8FF042000F0D9FF40F21F4000F03C
:10503000D5FF002000F0D2FF2E2000F0CFFF00208F
:1050400000F0CCFF002000F0C9FF002000F0C6FFF8
:10505000002000F0C3FFB62000F0CCFF022000F0DB
:10506000BDFF4FF4037000F0B9FF002000F0B6FF61
:10507000172000F0B3FF152000F0B0FF002000F073
:10508000ADFF002000F0AAFFF02000F0B3FF0320E6
:1050900000F0A4FF292000F0ADFFD02000F0AAFF0F
:1050A000002000F09BFFBE2000F0A4FF052000F0D0
:1050B00095FFFE2000F092FF012000F08FFF0020FE
:1050C00000F08CFF002000F089FF002000F086FF38
:1050D000B82000F08FFF032000F080FF012000F0D7
:1050E0007DFFBA2000F086FF012000F077FF10BDA1
:1050F00010B5112000F07EFF7820FDF707FB362069
:1051000000F078FF002000F069FF3A2000F072FF05
:10511000052000F063FFB22000F06CFF0C2000F0CF
:105120005DFF0C2000F05AFF002000F057FF3320F5
:1051300000F054FF332000F051FFB72000F05AFF79
:10514000352000F04BFFBB2000F054FF322000F070
:1051500045FFC02000F04EFF0C2000F03FFFC220B2
:1051600000F048FF012000F039FFC32000F042FFAB
:10517000102000F033FFC42000F03CFF202000F09E
:105180002DFFC62000F036FF0F2000F027FFD020B3
:1051900000F030FFA42000F021FFA12000F01EFF4E
:1051A000E02000F027FFD02000F018FF002000F0E2
:1051B00015FF022000F012FF072000F00FFF0A2069
:1051C00000F00CFF282000F009FF322000F006FF5D
:1051D000442000F003FF422000F000FF062000F012
:1051E000FDFE0E2000F0FAFE122000F0F7FE142063
:1051F00000F0F4FE172000F0F1FEE12000F0FAFECE
:10520000D02000F0EBFE002000F0E8FE022000F0CD
:10521000E5FE072000F0E2FE0A2000F0DFFE282075
:1052200000F0DCFE312000F0D9FE542000F0D6FE64
:10523000472000F0D3FE0E2000F0D0FE1C2000F02E
:10524000CDFE172000F0CAFE1B2000F0C7FE1E2076
:1052500000F0C4FE2A2000F0CDFE002000F0BEFECB
:10526000002000F0BBFE002000F0B8FEEF2000F0B0
:10527000B5FE2B2000F0BEFE002000F0AFFE0020A7
:1052800000F0ACFE012000F0A9FE3F2000F0A6FED9
:10529000292000F0AFFE10BD10B5112000F0AAFECD
:1052A0007820FDF733FA362000F0A4FE482000F005
:1052B00095FE3A2000F09EFE552000F08FFEF02073
:1052C00000F098FEC32000F089FEF02000F092FE6E
:1052D000962000F083FEB42000F08CFE012000F048
:1052E0007DFEB62000F086FE0A2000F077FEA220A8
:1052F00000F074FEB72000F07DFEC62000F06EFEC8
:10530000B92000F077FE022000F068FEE02000F0F7
:1053100065FEC02000F06EFE802000F05FFE1620CB
:1053200000F05CFEC12000F065FE192000F056FE82
:10533000C22000F05FFEA72000F050FEC52000F064
:1053400059FE162000F04AFEE82000F053FE4020EF
:1053500000F044FE8A2000F041FE002000F03EFEF6
:10536000002000F03BFE292000F038FE192000F05C
:1053700035FEA52000F032FE332000F02FFEE020A5
:1053800000F038FEF02000F029FE072000F026FE95
:105390000D2000F023FE042000F020FE052000F088
:1053A0001DFE142000F01AFE362000F017FE5420D7
:1053B00000F014FE4C2000F011FE382000F00EFE2C
:1053C000132000F00BFE142000F008FE2E2000F049
:1053D00005FE342000F002FEE12000F00BFEF0207C
:1053E00000F0FCFD102000F0F9FD142000F0F6FDA7
:1053F0000E2000F0F3FD0C2000F0F0FD082000F07E
:10540000EDFD352000F0EAFD442000F0E7FD4C20E2
:1054100000F0E4FD262000F0E1FD102000F0DEFDAC
:10542000122000F0DBFD2C2000F0D8FD322000F02F
:10543000D5FDF02000F0DEFD3C2000F0CFFDF02097
:1054400000F0D8FD692000F0C9FD7820FDF75EF975
:10545000212000F0CFFD292000F0CCFD10BD000080
:1054600000B595B000BF00BF00200190F84800686B
:1054700040F04000F64908600846006800F040002F
:10548000019000BF00BF00BF00BF00BF002001901F
:105490000846006840F0080008600846006800F010
:1054A0000800019000BF00BF00BF00BF00BF002088
:1054B00001900846006840F008000860084600684F
:1054C00000F00800019000BF00BF00BF00BF00BF98
:1054D000002001900846006840F04000086008463F
:1054E000006800F04000019000BF00BF00BF00BF97
:1054F00000BF002001900846006840F002000860EC
:105500000846006800F00200019000BF00BF00BF25
:105510008814109002201190012012900220139004
:105520000C20149010A9CB48FBF712FB2020109000
:1055300010A9C948FBF70CFB1020109010A9C64811
:10554000FBF706FB4FF48050109010A9C348FBF7FF
:10555000FFFA4FF4004010900120119010A9C048AC
:10556000FBF7F6FA4FF02040BE490860BE4848609D
:10557000062088600021BB48C160102141610021E4
:105580008161C16141624FF4805181620021C16239
:105590004FF4804101630021416381630F20099032
:1055A00000200A903C200B9000200F9009200290D0
:1055B00000200390092004900020089002AA09A965
:1055C000A848FCF71DF83220FDF7A0F8D32000F022
:1055D00011FD00F0E1F9A549888000F0DDF9A3494B
:1055E000888000F0D9F9A1498880084680884FF664
:1055F000FF7101EA00209D49888000F0CDF99B49A8
:1056000089880843994988800846808849F2413151
:1056100088427CD0042000F0EDFC00F0BDF99349F5
:10562000888000F0B9F99149888000F0B5F98F4978
:105630008880084680884FF6FF7101EA00208B4978
:10564000888000F0A9F989498988084387498880BA
:105650000846808848F25251884203D147F2897047
:10566000824988808148808847F289718842D0D0F9
:10567000D42000F0BFFC00F08FF97C49888000F056
:105680008BF97A49888000F087F978498880084644
:1056900080884FF6FF7101EA00207449888000F08D
:1056A0007BF9724989880843704988800846808858
:1056B00045F210318842ACD0D32000F09BFC00F0C2
:1056C0006BF96A49888000F067F96849888000F0C2
:1056D00063F966498880084680884FF6FF7101EAC1
:1056E00000206249888000F057F9604989880843A2
:1056F0005E4988800846808847F29671884288D043
:1057000055214FF4704000F08BFCAA2100E07EE0B0
:105710004FF2010000F084FC52214FF2020000F031
:105720007FFC08214FF2030000F07AFC01214FF2C8
:10573000040000F075FC4FF4454000F05BFC00F005
:105740002BF94A498880084680884FF6FF7101EAA4
:105750000020464988804CF2015000F04BFC00F0DC
:105760001BF9424989880843404988800520FCF795
:10577000CDFF3E48808845F21051884247D0D32063
:1057800000F038FC00F008F93849888000F004F98E
:105790003649888000F000F93449888008468088BE
:1057A0004FF6FF7101EA00203049888000F0F4F8DC
:1057B0002E49898808432D4988800846808849F603
:1057C0000601884223D0A12000F014FC00F0E4F888
:1057D0002649888000F0E0F82449888008468088BF
:1057E0004FF6FF7101EA00202049888000F0D4F8CC
:1057F0001E49898808431D4988800846808845F2EB
:105800006171884203D141F66310184988801748B6
:10581000818817A0FAF714FE1448808847F289712E
:10582000884202D1FFF764FC4EE01048808849F2BC
:105830004131884202D1FDF7F7F945E00B488088F5
:1058400045F21031884219D1FDF7A4FC3CE000007C
:105850003038024000180240000C024000140240A0
:105860000004024010020020040100A06002002099
:105870004C43442049443A25780D0A003A48808830
:1058800047F29671884202D1FFF706FD1CE03648C8
:10589000808845F21051884202D1FEF7F4FB13E0F4
:1058A0003148808849F60601884202D1FDF7D2FAD4
:1058B0000AE02D48808841F66311884204D1FFF741
:1058C00060FB642000F05AFB2748808847F289710A
:1058D00088420BD02448808849F24131884205D063
:1058E0002148808841F6631188420AD10320029042
:1058F00004901E490B6B8A68486802A9FBF74AF8B6
:1059000021E01948808845F21031884211D01648AC
:10591000808847F2967188420BD01348808845F200
:105920001051884205D01048808849F60601884207
:1059300009D10220029004900C490B6B8A684868D8
:1059400002A9FBF727F80020FDF7A8F800BF012205
:10595000D1030748FBF706FA00BF4FF6FF70FDF7CB
:1059600083F815B000BD0000600200201002002086
:105970000004024000BF011EA0F10100FBD17047EE
:1059800010B50246012000E050430B1EA1F10104B6
:10599000E1B2F9D110BD000008B50220FFF7EAFF1F
:1059A000024800880090BDF8000008BD8000006C2F
:1059B000F0B50546002400278B488079012805D1E1
:1059C0008948808841F66311884208D186488079E9
:1059D000F0B98548808841F66311884218D1082DB6
:1059E00015D2DFE805F00406080A0C0E1012062591
:1059F0000DE007250BE0042509E0052507E001255A
:105A000005E0002503E0032501E0022500BF00BFFB
:105A1000082D1CD2DFE805F00406090C0F1215183A
:105A200000BF14E044F0800411E044F040040EE0B4
:105A300044F0C0040BE044F0200408E044F06004AB
:105A400005E044F0A00402E044F0E00400BF00BF21
:105A500036276548808845F21051884200D13F02C0
:105A60006148808849F2413188420BD05E48808885
:105A700047F28971884205D05B48808847F2967169
:105A8000884201D144F008042146384600F0C8FAA3
:105A90005548808841F6631188421DD004F02000EB
:105AA00068B15148008850494988884214DA4E4804
:105AB000068840884C490880084646800CE04A48E1
:105AC000008849494988884206DD47480688408859
:105AD00045490880084646804348808845F2105171
:105AE000884252D14049488900F084FA002000F0F1
:105AF00075FA3D494989491C88B200F07BFA0020BB
:105B000000F06CFA38494989891C88B200F072FAB1
:105B100035490988491EC1F30F2000F05FFA324968
:105B20004989C91C88B200F065FA2F490978491ED5
:105B3000C8B200F053FA2C49888900F05BFA0020C3
:105B400000F04CFA28498989491C88B200F052FAC1
:105B5000002000F043FA24498989891C88B200F0AA
:105B600049FA21494988491EC1F30F2000F036FA4D
:105B70001D498989C91C88B200F03CFA1A49897804
:105B8000491EC8B200F02AFA2DE01749488900F0F2
:105B900031FA002000F022FA002000F01FFA12492A
:105BA0000988491EC1F30F2000F018FA0E49097840
:105BB000491EC8B200F012FA0B49888900F01AFA9F
:105BC000002000F00BFA002000F008FA064949888E
:105BD000491EC1F30F2000F001FA03498978491EDC
:105BE000C8B200F0FBF9F0BD6002002010B502461B
:105BF0000C464548808841F66311884247D14248A7
:105C00008079A8B940480088401E801A82B23E4977
:105C1000488900F0EFF9002000F0E0F9002000F0E2
:105C2000DDF9101200F0DAF9D0B200F0D7F916E081
:105C30003549488900F0DEF9101200F0CFF9D0B2F2
:105C400000F0CCF930490988491EC1F30F2000F05B
:105C5000C5F92D490978491EC8B200F0BFF92A4993
:105C6000888900F0C7F9201200F0B8F9E0B200F01E
:105C7000B5F925494988491EC1F30F2000F0AEF956
:105C800021498978491EC8B200F0A8F93AE01E48B7
:105C9000808845F21051884220D11B49488900F084
:105CA000A9F9101200F09AF917494989491C88B2DC
:105CB00000F0A0F9D0B200F091F91349888900F002
:105CC00099F9201200F08AF90F498989491C88B294
:105CD00000F090F9E0B200F081F913E00A49488938
:105CE00000F088F9101200F079F9D0B200F076F9DE
:105CF0000549888900F07EF9201200F06FF9E0B2C2
:105D000000F06CF910BD0000600200202DE9FC4F8E
:105D100080460E4615461C46B34600200190009072
:105D20002046E31704EB5373DB1021464FEAE47C73
:105D300004EB5C7C4FEAEC0CA4EBCC0CBCF1000F48
:105D400002D04FF0010C01E04FF0000C63442246FA
:105D500004EBD27C4FEA6C0C03FB0CF3DBB2019337
:105D6000A5F12000C5B20C2C06D0102C0BD0182C9D
:105D70000ED0202C18D112E005EB45002D4901EB87
:105D80008000009012E02C4800EB051000900DE020
:105D900005EBC500294901EB8000009006E028488A
:105DA00000EB8510009001E0BDE8FC8F00BF0027EC
:105DB0003AE0009810F807904FF0000A2EE009F042
:105DC000800028B1314640460C9AFCF71DFF07E0E1
:105DD0000B9828B91B48314602684046FCF714FF6F
:105DE0004FEA49604FEA1069701C86B21648408835
:105DF000B04200DCD8E7A6EB0B00A0420AD15E4619
:105E000008F101001FFA80F80F480088404500DCC7
:105E1000CAE706E00AF1010000F0FF0ABAF1080F34
:105E2000CDDB00BF781CC7B201988742C1DB00BF41
:105E3000BAE70000668D0008DA910008CA970008EA
:105E400026A5000840000020600200202DE9FC4F3C
:105E500004460D4690469946DDE90C7A0B9E04F007
:105E6000FF0B08EB04001FFA80F809EB05001FFA8E
:105E700080F917E0444502DB5C46A81985B24D4520
:105E800000DB15E00020CDE9000A3A7833462946C8
:105E90002046FFF73BFF304606EBD07104EB610173
:105EA0008CB27F1C38787E2802DC38782028E1DA32
:105EB00000BFBDE8FC8F2DE9FF4F85B00646934635
:105EC0001F46DDE91389129C00200490002550E054
:105ED000781B401EC1B20A20FFF752FDBBFBF0F059
:105EE0000A21B0FBF1F201FB120A049860BB781E94
:105EF000A84229DDBAF1000F24D108F0800080B15A
:105F000008F0010004EBD471491001FB0561CDE9F3
:105F10000009039488B2234630220699FFF7F6FE63
:105F20000FE008F0010004EBD471491001FB05619A
:105F3000CDE90009039488B2234620220699FFF791
:105F4000E5FE14E00120049008F0010004EBD47198
:105F5000491001FB0561CDE90009039488B20AF1FB
:105F60003001CAB223460699FFF7D0FE00BF681C75
:105F7000C5B2BD42ACDB09B0BDE8F08F70B52DED08
:105F8000048B0446BE2000F035F8052000F026F80A
:105F9000204602F0C6FD41EC190B9FED0E0B53ECB1
:105FA000102B02F0D1FD41EC180B02F08DFD85B2F3
:105FB000284600F013F8012000F010F8FF2000F050
:105FC0000DF8002000F00AF8002000F007F8BDEC02
:105FD000048B70BD666666666666044001B5BDF8F2
:105FE00000000090BDF800000149088008BD0000D5
:105FF0008000006C01B5BDF800000090BDF8000005
:106000000149088008BD00007E00006C024800893C
:106010000249088070470000600200207E00006C8A
:10602000034A10804FF0D842A2F880107047000059
:106030007E00006C00B587B000BF00BF002001905B
:106040002048006840F020001E49086008460068AB
:1060500000F02000019000BF00BF00BF00BF00BFE4
:10606000002001900846006840F0200008600846C3
:10607000006800F02000019000BF00BF00BF48157D
:1060800002900120039004900220059002A90E487E
:10609000FAF75EFD4FF48060029002A90A48FAF711
:1060A00057FD00BF012251020748FAF75BFE00BF0F
:1060B00000BF012291020448FAF754FE00BF07B066
:1060C00000BD0000303802400014024010B503202B
:1060D000FAF7F4FEFAF764FE0723022208214FF4D0
:1060E000A87001F0B7F9A820FCF7F4FA4FF4E130FA
:1060F00001F064FAFFF79EFFFFF7B2F9FCF7D4FB5B
:1061000000F0DCFE002000F00BF8022000F008F8A0
:10611000012000F005F8FCF737FB002010BD00005F
:1061200010B504460C4951F824104A000B4951F8A7
:106130002400002100F036F8094951F824200749CD
:106140000C3951F82400002100F02CF801210348FB
:106150000C30015510BD0000E8BC000860000020B4
:1061600000BD000810B501460023002207E00B48DF
:1061700050F8210030F8120000B15B1C521C084896
:1061800050F821009042F2D84FF47A705843044CF2
:1061900054F82140B0FBF4F080B210BD6000002044
:1061A000E8BC000830B5034601E003F8011B141EEB
:1061B000A2F10102F9D130BD2DE9F04105460E46AC
:1061C0002948076800202949096881F85D002748A7
:1061D0000068001D01F00EFA50B92448006890F8DC
:1061E0002C10012088402249096881432048016021
:1061F000681CD8B9D6B11F4948681C49096888602D
:106200001A4982680968CA6018490968091D8268C4
:10621000516016490968091D8160164A13490968C9
:106220004A6111460968491C11601AE07C190F483F
:1062300000684460BC4207D20C480168091D0E4842
:10624000006801F0FBF90CE008480168091D0B48E3
:10625000006801F0F3F90A480068844201D2084856
:106260000460BDE8F0810000840000207000002080
:1062700088000020F08401207800002074000020B5
:10628000A000002010B5044601F0FEF93148006876
:10629000401C304908603048006840B92E4804600E
:1062A0000846006801280DD100F018FA0AE02B48D2
:1062B000006838B928480068C06AE16A884201D895
:1062C0002548046026480068401C254908600846A7
:1062D0000068606494F82C10012088402149096806
:1062E000084320490860E16A01EB81011E4A02EB84
:1062F00081014868A0608268E260211D8268516067
:106300008160E16A01EB8101174A02EB810262615F
:10631000E16A01EB8101144A52F82110491CE26A3A
:1063200002EB8202104B43F8221001F0F9F90B48FE
:10633000006868B108480068C06AE16A884207D20C
:106340004FF0805009490860BFF34F8FBFF36F8F44
:1063500010BD000080000020700000208C00002094
:106360009C000020880000202082012004ED00E035
:1063700010B501F089F910480068D0B90F4801F054
:106380004DF90F4801F04AF90C480E4908600C48D5
:106390000D49086000221021052001F029FE064960
:1063A00008600846006820B108A10348006801F0B1
:1063B00077FA01F0B5F910BDC00000200485012076
:1063C00018850120B8000020BC000020546D7251D7
:1063D0000000000010B516E001F056F90C48C06846
:1063E000C468201D01F006F90A480068401E0949EA
:1063F000086009480068401E0749086001F090F9EC
:10640000204600F05FF8044800680028E4D110BD81
:10641000DC840120800000207C00002070B5044650
:106420000D46206C70B1216CE0680144E160D4E954
:106430000210884201D32168E1602846226CE1689D
:10644000FAF7F6F870BD2DE9F04104460F461546FF
:106450004FF00008A66B206C48B9206800282CD1AA
:10646000A06802F0EBF880460020A06025E07DB92E
:106470003946226C6068FAF7DBF8216C60680844E2
:106480006060D4E90101884217D32068606014E09D
:106490003946226CE068FAF7CBF8216CE068411AC3
:1064A000E1602168E068884203D2216CA068411A4B
:1064B000E160022D01D106B1761E701CA06340463A
:1064C000BDE8F08110B50446206B01F069F9204663
:1064D00001F066F910BD00000146084A1268126812
:1064E0000AB9012200E000220A600A6822B9034AC0
:1064F0001268D268106800E000207047B8000020E1
:1065000030B54FF42053174800F007042CB1C01DDC
:1065100020F00700134C041B1B1B0246124C226088
:106520000024114D6C60D018083820F007000F4C83
:10653000206000240D4D2D686C600C4D2D682C6082
:106540001146441A4C60094C24680C60084D4C6894
:106550002C60084D4C682C604FF00044064D2C60B8
:1065600030BD00002C850120CC000020D40000208C
:10657000DC000020D8000020E800002000BFFFF76A
:1065800029FF064800680128F9D94FF080500449D6
:106590000860BFF34F8FBFF36F8FF0E720820120B9
:1065A00004ED00E02DE9F04106460D4617469846F9
:1065B000069C0DB9246000E02760E6632564012194
:1065C000204601F05DFD84F850800020A064BDE805
:1065D000F08100002DE9F05F82460F4690469B4611
:1065E0000A9E0C9C4FEA8801A522206BFAF765F8F9
:1065F000A8F10100216B01EB800929F0070909F0DE
:10660000070008B9012000E0002028B94FF45872B3
:1066100025A12EA0F9F714FF87B1002507E0795DC9
:1066200004F134004155785D00B902E06D1C102D75
:10663000F5D300BF00214320015502E0002084F87B
:106640003400202E01D2012000E0002028B940F2C1
:10665000973215A11DA0F9F7F3FE202E00D31F26B7
:10666000E662E66400202065201D00F0E4FF04F1EE
:10667000180000F0E0FF2461C6F12000A061646210
:1066800000206065A06584F85C0084F85D005A46CF
:106690005146484600F0FCFB20600B9808B10B986F
:1066A0000460BDE8F09F00002E2E5C2E2E5C4D692C
:1066B00064646C6577617265735C4672656552549B
:1066C0004F535C7461736B732E6300004572726F7D
:1066D000723A2025732C2025640D0A0010B5002481
:1066E00007E004EB84010F4A02EB810000F096FF03
:1066F000641C202CF5D30C4800F090FF0B4800F0F0
:106700008DFF0B4800F08AFF0A4800F087FF0A4817
:1067100000F084FF044809490860044808490860FB
:1067200010BD000020820120A0840120B48401203B
:10673000C8840120DC840120F08401207400002042
:106740007800002010B50146164800E00068036894
:106750008B42FBD30246436813448B4204D1436807
:106760004C682344436001460A464B68134404685E
:10677000A34211D10C4C03682468A34208D04B6893
:106780000468646823444B6003681B680B6005E081
:10679000054B1B680B6001E003680B60884200D06A
:1067A000016010BDCC000020D40000202DE9F04194
:1067B00004460D4616461F464FF0000865602461EA
:1067C000B5420CD8F01BA169884202D34FF00108F2
:1067D00011E0211D0948006800F030FF0BE0BE42C7
:1067E00004D2BD4202D34FF0010804E0211D044849
:1067F000006800F023FF4046BDE8F081BC000020A7
:10680000B800002070B5054600F03EFFA86B08B93F
:10681000012400E0002400F083FF204670BD00004A
:10682000F1B50098846C00262CB940F6D53220A131
:1068300028A0F9F705FEA06BE16B884201D2012088
:1068400000E0002028B940F6D63219A121A0F9F7BE
:10685000F7FDA06BE16B884227D294F945500022E6
:1068600069462046FFF7EFFD0646681C60B9606A7E
:1068700008B9012000E00020B0B904F1240001F0C3
:1068800065FF88B101260FE07F2D01D0012000E0D7
:10689000002028B940F6F63205A10EA0F9F7D0FD88
:1068A000681C40B284F8450000BF3046F8BD0000C7
:1068B0002E2E5C2E2E5C4D6964646C65776172656A
:1068C000735C4672656552544F535C7175657565AE
:1068D0002E6300004572726F723A2025732C2025BA
:1068E000640D0A0070B505460E460E480068C06883
:1068F000C468201D00F07EFE94F8280000F004001B
:1069000028B132462946204600F0FEF805E094F80A
:10691000280000F0FE0084F828002046216A8847FD
:1069200070BD0000B800002070B586B08AE0029803
:1069300000280CDA03AE2EB940F2063247A150A06F
:10694000F9F77EFDD6E90020B168904700BF0298B4
:10695000002877DB049C606908B9012000E0002072
:1069600010B9201D00F046FE01A800F0F9F8054618
:1069700002980A2864D2DFE800F06305072E365338
:1069800006082F3700BF00BF00BF94F8280040F072
:10699000010084F828000398A269811803462A465A
:1069A0002046FFF703FFA8B194F8280000F0040088
:1069B00038B10398A26981182A46204600F0A4F84D
:1069C00005E094F8280000F0FE0084F82800204636
:1069D000216A884735E000BF94F8280000F0FE00E7
:1069E00084F828002DE000BF94F8280040F0010052
:1069F00084F828000398A061A06908B1012000E094
:106A0000002028B940F2593214A11DA0F9F718FD51
:106A1000A06941192B462A462046FFF7C7FE10E021
:106A200094F8280000F0020018B9204600F0B8FEE3
:106A300005E094F8280000F0FE0084F8280000E04B
:106A400000BF00BF002202A91148006801F096FBB8
:106A500000287FF46CAF06B070BD00002E2E5C2EB7
:106A60002E5C4D6964646C6577617265735C467217
:106A7000656552544F535C74696D6572732E630083
:106A80004572726F723A2025732C2025640D0A001E
:106A9000C0000020F8B505460C4601F02FF9684605
:106AA00000F05EF80646009820BB44B9B54206D80F
:106AB00001F0F2FE31462846FFF714FF1CE03CB11E
:106AC0000E480068006808B9012000E00020044674
:106AD000A91B22460A48006800F028FF01F0DCFEEE
:106AE00050B94FF0805007490860BFF34F8FBFF394
:106AF0006F8F01E001F0D0FEF8BD0000BC00002067
:106B0000C000002004ED00E070B504460D461646B6
:106B100004E0A06905442046216A8847A06941191C
:106B20002B4632462046FFF741FE0028F1D170BDCA
:106B300009480068006808B9012000E0002020B181
:106B40004FF0FF300549086005E003480068C06861
:106B5000006802490860704774000020A00000200F
:106B600070B5044601F070FC054607480068854290
:106B700004D200F00BF80120206001E0002020602A
:106B800001480560284670BDC800002070B508E0C7
:106B90000D480068C06804684FF0FF312046FFF7D9
:106BA000A1FE09480068006808B9012000E0002043
:106BB0000028EDD0044805680448006802490860D0
:106BC0000248056070BD0000B8000020BC00002035
:106BD0000B480068401C08B9012000E0002020B9E3
:106BE000E92208A116A0F9F72BFC00BF502080F382
:106BF0001188BFF34F8FBFF36F8F00BF00BFFEE759
:106C0000EC0000202E2E5C2E2E5C4D6964646C65B9
:106C100077617265735C4672656552544F535C7060
:106C20006F727461626C655C525644535C41524DA4
:106C30005F434D34465C706F72742E630000000039
:106C40004572726F723A2025732C2025640D0A005C
:106C500008B500BF6846FFF73FFC04462046009990
:106C6000FFF718FFFFF760FEF4E770B5044600F089
:106C70000BFD94F9455019E0A06C30B12046FFF7A8
:106C8000CFFD88B100F058FF0EE0606A08B901201E
:106C900000E0002038B904F1240001F057FD18B1DC
:106CA00000F04AFF00E003E0681E45B2002DE3DC7F
:106CB00000BFFF2084F8450000F032FD00F0E4FC46
:106CC00094F9445010E0206908B9012000E0002048
:106CD00048B904F1100001F039FD08B100F02CFFB3
:106CE000681E45B200E001E0002DECDC00BFFF2093
:106CF00084F8440000F014FD70BD00002DE9F0415F
:106D000004464FF0000800F0F9FF4948006808B950
:106D1000FFF7F6FB474800682040002875D1002C9B
:106D200023D004F10800A0421FD9083404F0070062
:106D300000281BD004F00700C0F108002044A04246
:106D400011D904F00700C0F10800044404F0070062
:106D500008B9012000E0002040B99C2236A144A0DF
:106D6000F9F76EFB02E0002400E00024002C4CD078
:106D700043480068844248D8424E3046056801E0E6
:106D80002E462D686868A04202D228680028F7D1F4
:106D900027480068854238D0306800F10808286824
:106DA00030606868001B102813D92F1907F00700FE
:106DB00008B9012000E0002020B9CF221EA12CA09C
:106DC000F9F73EFB6868001B78606C603846FFF797
:106DD000B9FC2B4968680968081A294908600846FF
:106DE000006829490968884203D225480068264975
:106DF00008601049686809680843686000202860D6
:106E000022480068401C2149086001F045FD08F057
:106E1000070008B9012000E0002028B94FF488726B
:106E200005A113A0F9F70CFB4046BDE8F081000076
:106E3000D4000020E80000202E2E5C2E2E5C4D6930
:106E400064646C6577617265735C46726565525403
:106E50004F535C706F727461626C655C4D656D4D13
:106E6000616E675C686561705F342E6300000000CE
:106E70004572726F723A2025732C2025640D0A002A
:106E8000D8000020CC000020DC000020E000002022
:106E9000001F4FF080730360001F21F001030360A7
:106EA000001F054B036014380260001F6FF00203DF
:106EB0000360203870470000D16B000800B58DB02A
:106EC000FBF754FB00BF00BF002000907148006832
:106ED00040F040006F4908600846006800F040003C
:106EE000009000BF00BF00BF00BF00BF00200090A7
:106EF0000846006840F0080008600846006800F096
:106F00000800009000BF00BF00BF00BF00BF00200E
:106F100000900846006840F00800086008460068D5
:106F200000F00800009000BF00BF00BF00BF0020BD
:106F3000009058480830006840F001005549083179
:106F400008600846006800F00100009000BF00BF24
:106F500000BF002000904F48006840F008004D49F5
:106F600008600846006800F00800009000BF00BFFD
:106F700000BF002000900846006840F01000086044
:106F80000846006800F01000009000BF00BF00BF7E
:106F9000002000900846006840F020000860084685
:106FA000006800F02000009000BF00BF00BF00207C
:106FB00000900846006840F04000086008460068FD
:106FC00000F04000009000BF00BF081508900220AC
:106FD000099001200A9002200B900C200C9008A927
:106FE0002D48F9F7B5FD2020089008A92B48F9F79E
:106FF000AFFD1020089008A92848F9F7A9FD4FF621
:10700000037008900220099001200A9002200B9042
:1070100008A92248F9F79CFD4FF68370089008A94B
:107020001F48F9F795FD4FF23F00089008A91D4849
:10703000F9F78EFD3F20089008A91748F9F788FD59
:107040004FF02040184908601848486004208860C4
:1070500000211548C1600161102141610021816159
:10706000C16141624FF4805181620021C1620163BC
:10707000416381630020019002900620039000206C
:107080000490079001AA01A90748FAF7B9FA0DB0D0
:1070900000BD00003038024000180240000C0240E1
:1070A000001002400014024070020020040100A001
:1070B0001CB52048006840F078001E490860012097
:1070C000032100230246CDE900104EF233011A4895
:1070D000FAF744FF0120032100230246CDE9001006
:1070E0004EF22F011548FAF739FF01200321002342
:1070F0000246CDE9001040F233411148FAF72EFF65
:107100000120032100230246CDE900104FF4F06175
:107110000C48FAF723FF01200B4908600B49C1F81E
:10712000A8020949091F086000200849C1F8800227
:107130001CBD000030380240000C02400014024028
:107140000018024000100240948241420000434275
:107150002DE9FC410446002500260027FFF7A8FF83
:1071600000206B49086001F0A7FC00BF10E0002080
:1071700067490860674931F81500FBF72DFA01F0FF
:107180009BFC01206449C1F8940201F095FC6D1C40
:10719000052DECDB01206149086000205E49C1F843
:1071A0009402200AFBF76AFA01F086FC0120584994
:1071B000086001F081FC00205749C1F89402E0B258
:1071C000FBF75CFA01F078FC01205149086001F0FE
:1071D00073FC00205049C1F894025148006840F007
:1071E00078004F4908600120032103460022CDE9C1
:1071F00000104FF4F0614B48FAF7B0FE0120032174
:1072000003460022CDE900104CF203014648FAF78C
:10721000A5FE00203E49091F0860091D086001F015
:107220004BFC01203C49C1F8940201F045FC384870
:107230005C3800683849D1F83C1240EA41003649D0
:10724000D1F8001240EA81003349D1F8041240EA33
:10725000C1003649D1F81C1240EA01103349D1F877
:10726000201240EA41103149D1F8241240EA81103D
:107270002E49D1F8281240EAC110C6B201F01CFC18
:1072800000202349086001F017FC01202249C1F8C1
:10729000940201F011FC1E485C3800681E49D1F8C8
:1072A0003C1240EA41001C49D1F8001240EA81003A
:1072B0001949D1F8041240EAC1001C49D1F81C1246
:1072C00040EA01101949D1F8201240EA411017494B
:1072D000D1F8241240EA81101449D1F8281240EA6A
:1072E000C110C7B201F0E8FB00200C49283108604A
:1072F000012007490860091F086001F0DDFB01203B
:1073000006492831086047EA0620BDE8FC810000F4
:1073100094824142F80000200080414280024342B2
:107320003038024000100240000C0240000042428F
:1073300070B504460D460026FFF7BAFE01F0BCFB0F
:1073400000BF10E000202F4908602F4931F81600D7
:10735000FBF742F901F0B0FB01202C49C1F894027F
:1073600001F0AAFB761C052EECDB01202849086001
:1073700000202649C1F89402802141EA1420FBF73D
:107380007DF901F099FB01201E49086001F094FB92
:1073900000201E49C1F89402E0B2FBF76FF901F03A
:1073A0008BFB01201749086001F086FB002017497C
:1073B000C1F89402280AFBF761F901F07DFB012076
:1073C0001049086001F078FB00201049C1F89402D0
:1073D000E8B2FBF753F901F06FFB0120094908609F
:1073E00001F06AFB00200A492831086001200549A4
:1073F0000860091F086001F05FFB01200449283183
:10740000086070BD94824142F80000200080414233
:10741000800243421CB5044600F036F908480221B8
:1074200000238022CDE9001006A1084800F0CCFF1F
:107430000748006800F0E2FA00F072F91CBD000095
:10744000080000207461736B310000002175000892
:10745000040000202DE9F04192B080460C4615460C
:107460001E46002700BF002000902A48006840F018
:107470008050284908600846006800F0805000905D
:1074800000BF00BF00BF002000902348006840F408
:107490008040214908600846006800F48040009060
:1074A00000BF00BF0120019000040290022007905D
:1074B00041050891CDF8288009940B950C9601A8F8
:1074C000F9F750FE07461FB1012012B0BDE8F08168
:1074D0000F200D9002200E9000200F904FF4A0502E
:1074E00010904FF48050119004210DA8F9F7FAFC88
:1074F00007460FB10120E8E7F9F73AFC41F2010134
:10750000884205D10548006840F48070034908604E
:107510000020DAE74038024000700040003C0240A2
:107520000EB500250024002643E00020FBF73AFAC0
:107530000546012D02D0022D1BD114E01E20FFF7BD
:10754000DDFB044622461BA12046F8F785FF1F20DD
:1075500010210B46C822CDE900140290A021722010
:10756000FEF774FC06E01CB1204600F019F9002477
:1075700000E000BF00BF1F20002110220523CDE93D
:1075800000210290DA0276217220FEF794FC00F0CE
:1075900039FC06461F20002110220523CDE90021D9
:1075A000029032468B217220FEF785FC0A2000F003
:1075B000E3F9BAE7307825700000000010B5044602
:1075C00009480A4908600846446000218160C1609A
:1075D000016181610C214161FAF7AAFB0122044992
:1075E0000248FAF745FC10BD00100140CC01002014
:1075F0002E00002001460A69D1E901309860D1E9E6
:10760000010358605068884201D1886850600020AA
:1076100008611068401E10601068704700F1080192
:1076200041604FF0FF31816000F10801C1600161EC
:1076300000210160704700210161704710B50246CA
:107640000B685C1C0CB9106907E002F1080000E04F
:107650004068446824689C42FAD944684C604C688D
:10766000A160886041600A611468641C146010BDE8
:1076700042684A6093688B609368596091600861C2
:1076800003685B1C0360704710B500BF502080F397
:107690001188BFF34F8FBFF36F8F00BF0B48006897
:1076A000401C0A4908600846006801280DD10848B6
:1076B0000068C0B208B9012000E0002028B94FF4EA
:1076C000DB7204A112A0F8F7BBFE10BDEC00002095
:1076D00004ED00E02E2E5C2E2E5C4D6964646C651A
:1076E00077617265735C4672656552544F535C7086
:1076F0006F727461626C655C525644535C41524DCA
:107700005F434D34465C706F72742E63000000005E
:107710004572726F723A2025732C2025640D0A0081
:1077200010B50B48006828B940F2BD1209A118A095
:10773000F8F786FE06480068401E054908600846BE
:10774000006820B9002080F3118800BF00BF10BD81
:10775000EC0000202E2E5C2E2E5C4D6964646C655E
:1077600077617265735C4672656552544F535C7005
:107770006F727461626C655C525644535C41524D49
:107780005F434D34465C706F72742E6300000000DE
:107790004572726F723A2025732C2025640D0A0001
:1077A00070B506463546002E3AD0083D2C461D4998
:1077B00060680968084008B1012000E0002028B98D
:1077C0004FF4927218A126A0F8F73AFE206808B983
:1077D000012000E0002028B940F2251212A120A0CB
:1077E000F8F72EFE0F49606809680840C0B12068AC
:1077F000B0B90C49606809688843606000F07EFA9F
:107800001B49606809680844194908602046FEF76A
:1078100099FF18480068401C1649086001F03CF8C0
:1078200070BD0000E80000202E2E5C2E2E5C4D69FD
:1078300064646C6577617265735C46726565525409
:107840004F535C706F727461626C655C4D656D4D19
:10785000616E675C686561705F342E6300000000D4
:107860004572726F723A2025732C2025640D0A0030
:10787000D8000020E400002000204FF0E021086143
:107880008861064800684FF47A71B0FBF1F0401E41
:107890004FF0E02148610720086170470000002098
:1078A0002DE9F04106460F462EB940F6C82211A137
:1078B00019A0F8F7C5FD0025BFB1002412E01A4851
:1078C00000EBC4004068B04203D1174800EBC40588
:1078D0000AE035B9144850F8340010B9124800EBEA
:1078E000C405641C082CEAD300BF0DB12F606E6084
:1078F000BDE8F0812E2E5C2E2E5C4D6964646C65B3
:1079000077617265735C4672656552544F535C7162
:10791000756575652E6300004572726F723A202599
:10792000732C2025640D0A00E08101202DE9F0412F
:1079300005460E4617462C46FFF7A6FE94F944006E
:10794000401C10B9002084F8440094F94500401C04
:1079500010B9002084F84500FFF7E2FEA06B28B9BB
:107960003A46314604F1240000F01EF92046FFF7A4
:107970007CF9BDE8F081000070B504460025ACB18B
:107980000F48006808B9012000E0002028B940F243
:1079900049520CA114A0F8F753FD00F0AFF90021F3
:1079A0002046FEF709FC00F077FF05463DB94FF091
:1079B000805011490860BFF34F8FBFF36F8F70BDC8
:1079C000AC0000202E2E5C2E2E5C4D6964646C652C
:1079D00077617265735C4672656552544F535C748F
:1079E00061736B732E6300004572726F723A2025CB
:1079F000732C2025640D0A0004ED00E070B50546E7
:107A0000FFF742FE15B92F48006800E028460446FB
:107A1000201DFFF7EFFD78B9E06A00EB80002A49EE
:107A200051F8200040B994F82C10012088402749D3
:107A30000968814325480160A06A18B104F1180063
:107A4000FFF7D8FD22480068401C214908601D4806
:107A50000068844209D1211D1E48FFF709FE1E4817
:107A60000068401C1C49086006E01C480068401E75
:107A70001A490860FFF75CF8FFF752FE11480068EA
:107A8000844202D02046FEF71DFD15480068C0B1B3
:107A90000C480068844214D11248006808B90120DB
:107AA00000E0002028B940F2DC420FA117A0F8F74F
:107AB000C7FC4FF0805019490860BFF34F8FBFF3E8
:107AC0006F8F70BD70000020208201208800002090
:107AD0009C000020DC8401207C000020800000202D
:107AE0008C000020AC0000202E2E5C2E2E5C4D69F8
:107AF00064646C6577617265735C46726565525447
:107B00004F535C7461736B732E6300004572726F28
:107B1000723A2025732C2025640D0A0004ED00E044
:107B20000349096801600349096841607047000022
:107B3000980000208400002001200149086070475F
:107B40009400002070B504460D462CB940F61C4246
:107B500007A110A0F8F774FC1248016818312046FC
:107B6000FFF76CFD01212846FEF726FB70BD0000E3
:107B70002E2E5C2E2E5C4D6964646C657761726597
:107B8000735C4672656552544F535C7461736B73DA
:107B90002E6300004572726F723A2025732C2025E7
:107BA000640D0A007000002070B504460E461546AC
:107BB0002CB940F6524211A119A0F8F741FC6068B7
:107BC0001B490968C8611A49826809680A6218492C
:107BD0000968183182685160154909681831816057
:107BE000134909688C622168491C21600DB14FF06E
:107BF000FF3629463046FEF7DFFA70BD2E2E5C2E8A
:107C00002E5C4D6964646C6577617265735C467265
:107C1000656552544F535C7461736B732E6300003F
:107C20004572726F723A2025732C2025640D0A006C
:107C3000700000201CB51C4800210B468022CDE9B5
:107C400000101AA11B4800F0BFFB0446012C02D112
:107C500000F0F2FE0446012C17D100BF502080F343
:107C60001188BFF34F8FBFF36F8F00BF4FF0FF300E
:107C7000114908600120114908600020104908607E
:107C8000F8F77AFE00F0C4F80BE0601C08B10120A0
:107C900000E0002028B94FF404620AA112A0F8F70E
:107CA000CFFB154800681CBDA400002049444C458A
:107CB000000000007D650008A00000208C0000206E
:107CC000840000202E2E5C2E2E5C4D6964646C6551
:107CD00077617265735C4672656552544F535C748C
:107CE00061736B732E6300004572726F723A2025C8
:107CF000732C2025640D0A00A800002002480068AB
:107D0000401C014908607047AC00002010B52848AD
:107D1000006818B101202749086047E00020254984
:107D2000086025480068254908600846006824491D
:107D3000096888420BD92349096801F15400496D4B
:107D40001E4A12681E4B1B68D21A114401601B4860
:107D500000681B4908601C480068B0FA80F0C0F158
:107D60001F0404EB8400194951F8200008B10120D8
:107D700000E0002028B940F6024215A11DA0F8F746
:107D80005FFB04EB8401114A02EB81004168496802
:107D9000416000F1080142688A4202D141684968A5
:107DA00041604168C968074A116000BF10BD00000A
:107DB000AC0000209400002048000020B400002007
:107DC000B0000020700000208800002020820120E8
:107DD0002E2E5C2E2E5C4D6964646C657761726535
:107DE000735C4672656552544F535C7461736B7378
:107DF0002E6300004572726F723A2025732C202585
:107E0000640D0A000148006870470000D800002097
:107E10001CB5504800685049884201D0012000E05C
:107E2000002028B940F243124CA15BA0F8F708FBF0
:107E3000484800684849491E884201D0012000E0B6
:107E4000002028B94FF4A27244A153A0F8F7F8FA21
:107E5000554C204600780190FF20214608700846C6
:107E6000007800909DF8000000F0F0009DF80010F0
:107E7000884201D1012000E0002028B940F25D12C3
:107E800036A145A0F8F7DCFA9DF8000000F050009C
:107E90004649087007204649086009E044480068E0
:107EA000401E434908609DF800004006000E009007
:107EB0009DF8000000F080008028EFD03C4800686A
:107EC000C0F10700042801D1012000E0002028B9FA
:107ED00040F2711221A130A0F8F7B2FA34480068DC
:107EE000C0F10700042801D1012000E0002028B9DA
:107EF0004FF4BD7219A128A0F8F7A2FA2C48006827
:107F000000022B4908600846008800F4E060086021
:107F10002549019808700F482030006840F470002F
:107F20000C49203108600846006840F07040086045
:107F3000FFF7A2FC00201F490860F8F7A7F91E48C8
:107F4000006840F040401C490860F8F78BF90020B9
:107F50001CBD000000ED00E071C20F412E2E5C2E12
:107F60002E5C4D6964646C6577617265735C467202
:107F7000656552544F535C706F727461626C655CDE
:107F8000525644535C41524D5F434D34465C706FD2
:107F900072742E63000000004572726F723A2025E1
:107FA000732C2025640D0A0000E400E0F00000209E
:107FB000F4000020EC00002034EF00E010B500BF1A
:107FC000502080F31188BFF34F8FBFF36F8F00BF36
:107FD00000F040FA18B14FF080500449086000BF2B
:107FE000002080F3118800BF10BD000004ED00E008
:107FF0002DE9F84305460E4617460024E5B1601EFC
:10800000B0FBF5F0B04217D305FB06F010F1550FA9
:1080100012D805FB06F909F15400FEF76FFE04467D
:108020008CB1A04608F154083B46424631462846EA
:108030000094FEF7B7FA06E02CB94FF4E37203A1FF
:108040000BA0F8F7FDF92046BDE8F8832E2E5C2E34
:108050002E5C4D6964646C6577617265735C467211
:10806000656552544F535C71756575652E630000EC
:108070004572726F723A2025732C2025640D0A0018
:108080002DE9F04105460E4601272C462CB94FF448
:1080900088722CA134A0F8F7D3F9002C42D0E06B01
:1080A00000283FD04FF0FF31E06BB1FBF0F0216CC6
:1080B000884237D3FFF7E8FAD4E90F12206801FBB2
:1080C0000200A0600020A06320686060E06B401E9A
:1080D000226C216800FB0211E160FF2084F844005B
:1080E00084F845009EB9206908B9012000E000200D
:1080F000A8B904F1100000F029FB80B14FF08050C6
:108100001D490860BFF34F8FBFF36F8F07E004F185
:108110001000FFF783FA04F12400FFF77FFAFFF75E
:10812000FFFA00E000270FB1012000E0002028B98D
:1081300040F2451203A10CA0F8F782F93846BDE8D9
:10814000F08100002E2E5C2E2E5C4D6964646C65FF
:1081500077617265735C4672656552544F535C710A
:10816000756575652E6300004572726F723A202541
:10817000732C2025640D0A0004ED00E02DE9F74181
:1081800083B005460E464FF000082C462CB940F24D
:1081900051524CA154A0F8F753F90EB9206C08B90C
:1081A000012000E0002028B940F2555245A14EA020
:1081B000F8F746F900F038F908B9059808B9012030
:1081C00000E0002028B940F25A523EA146A0F8F73C
:1081D00037F900BFFFF758FAA76BF7B131462046D1
:1081E000FEF71CF9781EA063206908B9012000E0A1
:1081F000002060B904F1100000F0A8FA38B14FF087
:1082000080503D490860BFF34F8FBFF36F8FFFF77A
:1082100087FA012006B0BDE8F081059818B9FFF78C
:108220007FFA0020F6E7B8F1000F04D101A8FFF7AC
:1082300077FC4FF00108FFF773FAFFF75FFDFFF7D8
:1082400023FA94F94400401C10B9002084F844003B
:1082500094F94500401C10B9002084F84500FFF750
:108260005FFA05A901A800F049F8F0B92046FEF729
:10827000C9FAA0B104F124000599FFF763FC204678
:10828000FEF7F3FC00F008FB0028A3D14FF080506C
:1082900019490860BFF34F8FBFF36F8F9AE72046ED
:1082A000FEF7E3FC00F0F8FA94E72046FEF7DDFC69
:1082B00000F0F2FA2046FEF7A5FA00288AD0002046
:1082C000A8E700002E2E5C2E2E5C4D6964646C6560
:1082D00077617265735C4672656552544F535C7189
:1082E000756575652E6300004572726F723A2025C0
:1082F000732C2025640D0A0004ED00E070B50646DD
:108300000C462EB940F6FD421FA128A0F8F798F8B8
:108310002CB940F6FE421CA124A0F8F791F8FFF713
:10832000B3F9264802687068131A2548006890F867
:108330005D0030B100202249096881F85D00012507
:108340001EE02068401C08B9002519E01D4930686E
:108350000968884206D07068904203D80125002041
:1083600020600DE02068984207D92068C01A20607C
:108370003046FFF7D5FB002502E0002020600125F4
:10838000FFF7CEF9284670BD2E2E5C2E2E5C4D696F
:1083900064646C6577617265735C4672656552549E
:1083A0004F535C7461736B732E6300004572726F80
:1083B000723A2025732C2025640D0A0084000020C9
:1083C00070000020980000202DE9FF4F85B0804606
:1083D00089461746DDE912ABB800FEF78FFC06466A
:1083E00056B16020FEF78AFC04460CB1266304E017
:1083F0003046FFF7D5F900E000247CB10020CDE93C
:1084000000ABCDE902403A4649464046089BFEF79C
:10841000E1F82046FDF736FF012501E04FF0FF357A
:10842000284609B0BDE8F08F0549096809B901205F
:1084300005E00449096809B9022000E000207047FE
:108440008C000020AC000020014908687047000043
:10845000840000202DE9F0414FF000085F480068DB
:1084600000287DD15E480068451C5D480560002DF0
:108470001DD15C480068006808B9012000E00020B8
:1084800028B940F6C72258A160A0F7F7D9FF554890
:1084900007686248006853490860604807606048A0
:1084A0000068401C5E490860FEF742FB00BF5D4863
:1084B0000068854277D300BF4A480068006808B961
:1084C000012000E0002020B14FF0FF305549086046
:1084D00068E044480068C068C4686668B54202D273
:1084E000504806605EE06069D4E902128A60D4E90F
:1084F00002214A60211D42688A4201D1E16841603F
:10850000002262610168491E0160A06A98B1A06AF8
:10851000D4E907128A60D4E907214A6004F11801FE
:1085200042688A4201D1216A41600022A262016848
:10853000491E016000BF94F82C10012088403A4980
:108540000968084338490860E16A01EB8101374A4C
:1085500002EB81014868A0608268E260211D00E0B2
:1085600033E0826851608160E16A01EB81012F4A4A
:1085700002EB81026261E16A01EB81012B4A52F850
:108580002110491CE26A02EB8202284B43F82210B8
:108590002749E06A0968C96A88428DD34FF001080B
:1085A0008AE700E000BF22480068C06A00EB800054
:1085B0001E4951F82000012801D94FF001081D483B
:1085C000006808B14FF0010804E01B480068401C37
:1085D000194908604046BDE8F0810000AC00002069
:1085E00084000020740000202E2E5C2E2E5C4D692D
:1085F00064646C6577617265735C4672656552543C
:108600004F535C7461736B732E6300004572726F1D
:10861000723A2025732C2025640D0A007800002072
:1086200098000020A0000020880000202082012067
:1086300070000020940000209000002070B50546D6
:108640002C460026002D5ED030480068844201D1BF
:10865000012000E0002028B941F24F022CA135A0F2
:10866000F7F7EEFE206D28B941F2500228A131A0A3
:10867000F7F7E6FE206D401E2065E16CE06A884257
:1086800041D0206D00283ED1201DFEF7B3FF40B938
:1086900094F82C10012088402A4909688143294810
:1086A0000160E06CE062E06AC0F12000A06194F833
:1086B0002C1001208840234909680843214908609B
:1086C000E16A01EB8101204A02EB81014868A06068
:1086D0008268E260211D826851608160E16A01EB7D
:1086E0008101194A02EB81026261E16A01EB8101B9
:1086F000154A52F82110491CE26A02EB8202124B21
:1087000043F822100126304670BD000070000020A2
:108710002E2E5C2E2E5C4D6964646C6577617265EB
:10872000735C4672656552544F535C7461736B732E
:108730002E6300004572726F723A2025732C20253B
:10874000640D0A00880000202082012070B50646D2
:10875000F068C4682CB940F682423CA144A0F7F707
:108760006FFEA06AD4E907128A60D4E907214A6043
:1087700004F1180142688A4201D1216A4160002255
:10878000A2620168491E01603D48006800283DD191
:108790006069D4E902128A60D4E902214A60211D8D
:1087A00042688A4201D1E168416000226261016849
:1087B000491E016094F82C10012088403149096855
:1087C000084330490860E16A01EB81012E4A02EB5F
:1087D00081014868A0608268E260211D8268516062
:1087E0008160E16A01EB8101274A02EB810262614B
:1087F000E16A01EB8101244A52F82110491CE26A26
:1088000002EB8202204B43F8221010E01F49486817
:10881000E0618268226204F118018268516081601F
:108820001A4AA26211460968491C116000BF184922
:10883000E06A0968C96A884204D9012501201549FE
:10884000086000E00025284670BD00002E2E5C2E3A
:108850002E5C4D6964646C6577617265735C467209
:10886000656552544F535C7461736B732E630000E3
:108870004572726F723A2025732C2025640D0A0010
:10888000AC0000208800002020820120C884012044
:10889000700000209400002070B50024002650488D
:1088A000006828B940F6B3024EA157A0F7F7C8FDFB
:1088B000FEF7EAFE4A480068401E4949086008463B
:1088C000006800287ED15448006800287AD05BE018
:1088D0005248C068C468A06AD4E907128A60D4E923
:1088E00007214A6004F1180142688A4201D1216AD5
:1088F00041600022A2620168491E01606069D4E9FA
:1089000002128A60D4E902214A60211D42688A422B
:1089100001D1E1684160002262610168491E016085
:1089200094F82C10012088403D49096808433C49CF
:108930000860E16A01EB81013A4A02EB8101486873
:10894000A0608268E260211D826851608160E16AF6
:1089500001EB8101334A02EB81026261E16A01EBC2
:108960008101304A52F82110491CE26A02EB82026E
:108970002C4B43F822102C49E06A0968C96A8842E6
:1089800002D30120294908602448006808B9012061
:1089900000E0002000289BD00CB1FEF7C9F8244865
:1089A000056865B100BFFFF755FD10B101201F49F3
:1089B00008606D1E002DF6D100201D4908601B487F
:1089C000006800E008E038B1012630071949086066
:1089D000BFF34F8FBFF36F8FFEF7A2FE304670BD1F
:1089E000AC0000202E2E5C2E2E5C4D6964646C65FC
:1089F00077617265735C4672656552544F535C745F
:108A000061736B732E6300004572726F723A20259A
:108A1000732C2025640D0A0080000020C8840120EA
:108A20008800002020820120700000209400002097
:108A30009000002004ED00E01CB50024FDF798FC38
:108A40000B48006858B10B481F2100234FF4807277
:108A5000CDE9001008A10A48FFF7B6FC04462CB97E
:108A600040F2191207A110A0F7F7EAFC20461CBD3E
:108A7000C0000020C4000020546D722053766300B3
:108A8000516C00082E2E5C2E2E5C4D6964646C6562
:108A900077617265735C4672656552544F535C74BE
:108AA000696D6572732E63004572726F723A20258C
:108AB000732C2025640D0A0044F2A01001E000BFD1
:108AC000401E0028FBD170474FEA1153A3F5806385
:108AD000D3F11E03A8BFD3F1200C08DB4FF00042F6
:108AE00042EAC12252EA505232FA03F07047094278
:108AF0000BD4102BC4BF0020704703F5787CBCF169
:108B0000FF3F05D04FF0FF3070474FF00000704737
:108B100070B500F0C3F800BF499224800020704770
:108B2000F0E7B0FA80F310FA03F10AD0C3F11D03A5
:108B300003F580634FEA41504FEA035202EBD12123
:108B400070474FF000007047DFF848C170B51CEA6D
:108B5000111E1EBF1CEA13159EEA0C0F95EA0C0F9E
:108B600000F06F8081EA030423EA4C134EEAD47EBE
:108B700021EA4C1141F4801143F48013AE44A1FB6F
:108B8000024CA0FB0365AEF17F7E361955EB0C0558
:108B9000A1FB034C4CF10003A0FB021C16EB0C06DE
:108BA000654153F10003094218BF46F0010613F472
:108BB000007F0BD14FEA03314FEA0530340341EA1D
:108BC000155140EA16506FF003020AE04FEAC32144
:108BD0004FEAC520F40241EA555140EA56506FF081
:108BE000020202EB2E4201EB025585EACE710AD059
:108BF0005FEA440C18BF24F0004450F1000041F13A
:108C0000000120EAD47040F2FE7C624500D270BDC3
:108C1000A84214BF4FF080444FF04044002E08BFDC
:108C20000024BEF1806FA8BFA1F1C041BDE8704033
:108C300080F282804FF0000001F1C04101F000415C
:108C400070479EEA0C0F0CEA131518BF95EA0C0F3B
:108C500006D04FF0000081EA030E0EF0004170BD17
:108C600000F01CF88900013E00F007B800F009B8D8
:108C70004FEA430C5FEA5C5C08D081EA030100F034
:108C80005BB84FEA410C5FEA5C5CF6D14FF0000044
:108C9000014970470000FF070000F87F0EF1020E47
:108CA0002EF0030E5EF8046B364205D4012A43EB26
:108CB000030515F5001F12D8012841EB010C1CF526
:108CC000001F0CD80ED14FEAD17C15F5001F0CEB1C
:108CD0004C0C0CF1020C08BF4CEBD37C04E04FF0C1
:108CE000080C01E04FEAD37C0CEB4C0526FA05F6A4
:108CF00006F00706B6F1040C06D20EEB860CBDE8B2
:108D000070404CF0010C6047DFE80CF0090B0202E8
:108D10004FF000414FF00000A1F5002170BD194651
:108D20001046012851EB010418BFD4F5001484BF8C
:108D3000002001F0004170BD0808A0F500114FEAC5
:108D4000310170474FF04070E1EE100A70470000AB
:108D500000000000000001020304060708090000EB
:108D600000000102030400000000000000000000F9
:108D70000000000000003F40000000000000000074
:108D80003000400030004000000009000BC03D00F2
:108D90000BC03D00090018C024407FE02240318014
:108DA0000000180024C01B000D80324001800380A9
:108DB0001C4027401C80074000401000600000005D
:108DC0000000000000000000000000001F802040A4
:108DD00040200000402020401F80000000000900CB
:108DE00006001F80060009000000040004003F8008
:108DF00004000400000000100060000000000000FB
:108E0000000004000400040004000400000000004E
:108E100000400000000000000000002001C006002B
:108E20003800400000001F802040204020401F806C
:108E30000000000010403FC000400000000018C0CB
:108E4000214022402440184000001080204024404F
:108E500024401B80000002000D0011003FC00140B3
:108E600000003C80244024402440238000001F80D8
:108E7000244024403440038000003000200027C0FC
:108E80003800200000001B802440244024401B8028
:108E900000001C0022C0224022401F800000000071
:108EA0000000084000000000000000000000046016
:108EB000000000000000000004000A0011002080F3
:108EC00040400900090009000900090000000000F5
:108ED0004040208011000A000400180020002340B8
:108EE0002400180000001F802040274029401F4018
:108EF0000000004007C039000F0001C000402040C2
:108F00003FC0244024401B8000001F8020402040A0
:108F100020403080000020403FC0204020401F8083
:108F2000000020403FC024402E4030C000002040C0
:108F30003FC024402E00300000000F001080204071
:108F400022403380020020403FC0040004003FC0A4
:108F50002040204020403FC02040204000000060D2
:108F6000202020203FC02000200020403FC024407F
:108F70000B0030C0204020403FC020400040004057
:108F800000C03FC03C0003C03C003FC00000204088
:108F90003FC00C4023003FC020001F8020402040E5
:108FA00020401F80000020403FC0244024001800C3
:108FB00000001F802140214020E01FA00000204031
:108FC0003FC02440260019C0004018C0244024405F
:108FD000224031800000300020403FC0204030005F
:108FE000000020003F80004000403F802000200023
:108FF0003E0001C0070038002000380007C03C00D8
:1090000007C038000000204039C0060039C02040A9
:1090100000002000384007C03840200000003040E9
:1090200021C02640384020C00000000000007FE042
:10903000402040200000000070000C000380004031
:1090400000000000402040207FE000000000000001
:109050002000400020000000000000100010001060
:109060000010001000100000000040000000000090
:109070000000000002800540054003C000402000C1
:109080003FC004400440038000000000038004400F
:1090900004400640000000000380044024403FC01C
:1090A0000040000003800540054003400000000030
:1090B00004401FC0244024402000000002E005506E
:1090C00005500650042020403FC00440040003C067
:1090D00000400000044027C00040000000000010D5
:1090E0000010041027E00000000020403FC00140B5
:1090F000070004C00440204020403FC00040004022
:10910000000007C0040007C0040003C000000440C2
:1091100007C00440040003C0004000000380044076
:10912000044003800000041007F004500440038052
:109130000000000003800440045007F000100440C9
:1091400007C0024004000400000000000640054083
:10915000054004C00000000004001F8004400040DF
:109160000000040007800040044007C000400400E5
:10917000070004C0018006000400060001C00700CB
:1091800001C006000000044006C0010006C0044003
:1091900000000410071004E0018006000400000035
:1091A000044005C006400440000000000000040028
:1091B0007BE040200000000000000000FFF0000005
:1091C0000000000040207BE00400000000004000A0
:1091D000800040002000200040000000000000004F
:1091E000000000000000000000000000000000007F
:1091F0001FCC000C00000000000000000800300040
:1092000060000800300060000000022003FC1E2007
:10921000022003FC1E200220000000000E18110492
:109220003FFF10840C78000000000F0010840F38FE
:1092300000C0077818840078000000780F8410C4FC
:1092400011240E9800E400840008080068007000F3
:10925000000000000000000000000000000000000E
:1092600007E018182004400200000000400220041B
:10927000181807E0000000000000024002400180D2
:109280000FF001800240024000000080008000805A
:109290000FF800800080008000000001000D000E2B
:1092A00000000000000000000000000000800080BE
:1092B000008000800080008000800000000C000C16
:1092C0000000000000000000000000000006001880
:1092D00000600180060018002000000007F0080868
:1092E00010041004080807F0000000000804080437
:1092F0001FFC000400040000000000000E0C10140D
:109300001024104411840E0C000000000C181004EE
:109310001104110412880C700000000000E003200A
:10932000042408241FFC0024000000001F9810845F
:1093300011041104108810700000000007F0088864
:109340001104110418880070000000001C001000B7
:1093500010FC13001C001000000000000E38114427
:109360001084108411440E38000000000700088C9F
:1093700010441044088807F00000000000000000BE
:10938000030C030C000000000000000000000001BE
:109390000106000000000000000000000080014005
:1093A00002200410080810040000022002200220FD
:1093B0000220022002200220000000001004080801
:1093C0000410022001400080000000000E00120086
:1093D000100C106C10800F00000003E00C1813E458
:1093E000142417C4082807D000000004003C03C45C
:1093F0001C40074000E4001C000410041FFC110482
:10940000110411040E880070000003E00C18100411
:109410001004100410081C10000010041FFC10049D
:1094200010041004080807F0000010041FFC1104C9
:10943000110417C410040818000010041FFC1104C4
:10944000110017C010000800000003E00C18100401
:10945000100410441C780040000010041FFC10840D
:109460000080008010841FFC100400001004100411
:109470001FFC100410040000000000030001100194
:1094800010011FFE10001000000010041FFC11044A
:1094900003801464181C1004000010041FFC100446
:1094A000000400040004000C000010041FFC1F0056
:1094B00000FC1F001FFC1004000010041FFC0C0423
:1094C000030000E010181FFC100007F0080810044B
:1094D00010041004080807F0000010041FFC10849A
:1094E0001080108010800F00000007F00818102472
:1094F0001024101C080A07F2000010041FFC1104BD
:10950000110011C011300E0C000400000E1C1104DB
:109510001084108410441C3800001800100010043F
:109520001FFC100410001800000010001FF81004A9
:109530000004000410041FF8100010001E0011E0C9
:10954000001C007013801C0010001FC0103C00E0C5
:109550001F0000E0103C1FC000001004180C16345F
:1095600001C001C01634180C100410001C001304B4
:1095700000FC13041C00100000000804101C106400
:10958000108413041C0410180000000000000000E8
:109590007FFE4002400240020000000030000C004C
:1095A00003800060001C0003000000004002400235
:1095B00040027FFE000000000000000000002000CC
:1095C00040004000400020000000000100010001B8
:1095D0000001000100010001000100004000400006
:1095E000200000000000000000000000009801249E
:1095F00001440144014400FC000410001FFC0088E9
:109600000104010400880070000000000070008860
:1096100001040104010400880000000000700088BB
:109620000104010411081FFC0004000000F80144BB
:1096300001440144014400C8000000000104010489
:109640000FFC1104110411001800000000D60129BC
:109650000129012901C90106000010041FFC008432
:1096600001000100010400FC0004000001041904D1
:1096700019FC0004000400000000000000030001C9
:109680000101190119FE0000000010041FFC002454
:10969000004001B4010C010400000000100410049B
:1096A0001FFC0004000400000000010401FC010490
:1096B000010001FC0104010000FC010401FC008424
:1096C00001000100010400FC0004000000F8010496
:1096D00001040104010400F80000010101FF0085FC
:1096E0000104010400880070000000000070008880
:1096F00001040104010501FF00010104010401FC52
:1097000000840104010001800000000000CC01245D
:10971000012401240124019800000000010001003F
:1097200007F80104010400000000010001F8000432
:1097300000040004010801FC000401000180017024
:10974000000C001001600180010001F0010C0030EC
:1097500001C00030010C01F0010000000104018C87
:1097600000740170018C010400000101018101718C
:10977000000E001801600180010000000184010C4E
:10978000013401440184010C0000000000000000CD
:10979000000001003EFC400240020000000000000A
:1097A0000000FFFF00000000000000004002400237
:1097B0003EFC01000000000000000000600080008E
:1097C0008000400040002000200000000000000059
:1097D0000000000000000000000000000000000089
:1097E0000000000000000000000000000000000079
:1097F000000000000000000000000000000F8038A2
:109800000FFE380F8038000000000000000000004C
:1098100000000000000000000100000600000C0035
:10982000003800003100000600000C000038000085
:109830003000000000000000000061800067F807B1
:10984000F9800061800061800061800061800067B4
:10985000F807F980006180000000000000000000AF
:1098600001C0E003E0F00630080418081FFFFE0402
:109870000E080787F00381E000000000000001F0FF
:1098800000060C00040408060C7001F9C0000E006C
:10989000003BE000EC18070808040C180003E00087
:1098A00000000001E00007F003F818041C0804178A
:1098B0000807E1D003C0E00023B0003C0800200806
:1098C0000000100000000000000100003100003224
:1098D00000001C000000000000000000000000006C
:1098E0000000000000000000000000000000000078
:1098F000000000000000000000007F0001FFC00722
:1099000080F00C001810000420000200000000008D
:10991000002000021000040C00180780F001FFC0B6
:10992000007F0000000000000000000000000000B8
:109930000000000000004200006600006600003CDD
:109940000000180003FFC0001800003C0000660083
:10995000006600004200000000000800000800004F
:10996000080000080000080001FFC000080000080F
:1099700000000800000800000800000000000001CE
:1099800000003100003200001C0000000000000058
:1099900000000000000000000000000000000000C7
:1099A000000008000008000008000008000008008F
:1099B000000800000800000800000800000800007F
:1099C0000000000000000000000038000038000027
:1099D000380000000000000000000000000000004F
:1099E00000000000000000000000000600001C0055
:1099F0000070000180000E0000380000C000070069
:109A0000001C0000300000000000000000007F800B
:109A100001FFE00380700600180400080400080637
:109A2000001803807001FFE0007F8000000000004C
:109A30000000000001000801000801000803FFF811
:109A400007FFF80000080000080000080000000000
:109A5000000000000001C03802C058040098040152
:109A600018040218040418061C1803F81801E0F87A
:109A700000000000000000000001C0E003C0F0048E
:109A8000000804080804080806180803F41801E789
:109A9000F00001E0000000000000000000000300F2
:109AA000000D00001100006100008108030108079B
:109AB000FFF80FFFF8000108000108000000000097
:109AC000000000E007FCD006080806100806100891
:109AD000061008061838060FF00607C00000000040
:109AE0000000000000003F8001FFE0038430020816
:109AF00018041008041008041008071810030FF0C9
:109B00000007C000000000000000000003C00007C4
:109B100000000600000600F80607F806180006E038
:109B20000007000006000000000000000001E1E066
:109B300003F7F0063410041808041808040C08048D
:109B40000C0806161803F3F001C1E0000000000045
:109B50000000F80003FC3003063804020804020881
:109B60000402080404100308F001FFC0007F000095
:109B700000000000000000000000000000000000E5
:109B800000007038007038007038000000000000DD
:109B900000000000000000000000000000000000C5
:109BA000000000000000301A00301C00000000001F
:109BB00000000000000000000000000000000000A5
:109BC0000008000014000022000041000080800115
:109BD00000400200200400100800080000000000FF
:109BE00000002100002100002100002100002100D0
:109BF00000210000210000210000210000210000C0
:109C0000000000000000000008000804001002002E
:109C1000200100400080800041000022000014006C
:109C200000080000000000000003C00004C00004A1
:109C30000000080038080F380808380810000C30F9
:109C40000007E00003C000000000000000003F80AB
:109C500000FFE0038070020F1006708804C08804C3
:109C60008308047F8802C09003012000FE400000AA
:109C7000080000180001F8003E0801C200070200B9
:109C800007E20000FE00001FC80001F800003800D5
:109C9000000804000807FFF807FFF8040808040894
:109CA0000804080804080806180803F41801E7F077
:109CB0000001E0000000000000003F8001FFE00321
:109CC0008070020018040008040008040008040062
:109CD000100600200780C000000004000807FFF8FD
:109CE00007FFF80400080400080400080400180234
:109CF000001003807001FFE0007F8000000004007E
:109D00000807FFF807FFF804080804080804080813
:109D1000040808043E08040008060018010060005A
:109D2000000004000807FFF807FFF804080804080B
:109D300000040800040800043E00060000060000BD
:109D4000018000000000000000003F8001FFE003F0
:109D500080700600180400080402080402080203C8
:109D6000F00783F000020000020004000807FFF87B
:109D700007FFF804080800080000080000080000B9
:109D8000080004080807FFF807FFF80400080000AF
:109D90000000000004000804000804000807FFF8A1
:109DA00007FFF80400080400080400080000000091
:109DB0000000000000000006000007000001040091
:109DC0000104000104000307FFFE07FFFC0400007C
:109DD00004000004000004000807FFF807FFF8046F
:109DE0000C08001800003E0004C7800503C80600E8
:109DF000F804003804001800000804000807FFF801
:109E000007FFF80400080000080000080000080030
:109E100000080000080000180000600000000400B6
:109E20000807FFF807800807FC00007FC00003F860
:109E30000007C000780007800807FFF807FFF80454
:109E4000000804000807FFF807000803C00000E04E
:109E500000003800001E000007000001C00400F0F0
:109E600007FFF8040000000000007F8001FFE0030E
:109E7000807006001804000804000806001803009B
:109E80003001FFE0007F8000000004000807FFF8B9
:109E900007FFF80404080404000404000404000498
:109EA0000400060C0003F80001F0000000000000B0
:109EB00000007F8001FFE0038070060088040088B6
:109EC0000400C806003C03003E01FFE6007F84005A
:109ED000000004000807FFF807FFF804080804085A
:109EE00000040C00040F00040BC00610F003F0384F
:109EF00001E00800000800000001E0F803F030066F
:109F00003010041808041808040C08040C08020691
:109F1000180207F00781E000000001800006000041
:109F200004000004000004000807FFF807FFF8041D
:109F30000008040000040000060000018000040086
:109F40000007FFE007FFF004001800000800000809
:109F500000000800000800000804001007FFE004EB
:109F6000000004000006000007E00007FE00041FD8
:109F7000E00001F80000380001E0043E0007C000E6
:109F800006000004000004000007E00007FFC00412
:109F90001FF80007C007F80007FF80043FF800071C
:109FA000C004F800070000040000000000040008DE
:109FB00006001807C07805F1C8003E00001F8004A5
:109FC00063E80780F8060018040008000000040099
:109FD0000006000007800007E008047C08001FF866
:109FE0000007F800180804E0080700000600000455
:109FF00000000000000100080600380400F8040317
:10A00000E8040F08047C0805F00807C008070018DA
:10A0100004006000000000000000000000000000DC
:10A0200000000000003FFFFE200002200002200090
:10A0300002200002200002000000000000000000DA
:10A0400008000007000000C0000038000006000003
:10A0500001C000003000000E000001000000000000
:10A060000000000020000220000220000220000268
:10A070002000023FFFFE0000000000000000000082
:10A0800000000000000000000000000800001000B8
:10A090000030000020000030000010000008000028
:10A0A00000000000000000000100000100000100AD
:10A0B000000100000100000100000100000100009B
:10A0C000010000010000010000010000000000008C
:10A0D0000000002000002000001000001000000020
:10A0E0000000000000000000000000000000000070
:10A0F000000000F00019F8001B18002208002608D4
:10A10000002408002410003FF8001FF80000080099
:10A11000001800000004000007FFF80FFFF000180F
:10A1200018001008002008002008003018001FF058
:10A13000000FC00000000000000007C0001FF0007A
:10A140001830002008002008002008003C08001CEF
:10A15000100000600000000000000000000007C0C8
:10A16000001FF00038180020080020080020080414
:10A17000101007FFF80FFFF00000100000000000B3
:10A18000000000000007C0001FF00012300022187D
:10A19000002208002208003208001E10000E2000D5
:10A1A000000000000000200000200800200801FF3F
:10A1B000F803FFF806200804200804200807200000
:10A1C00003000000000000000000000E000E6E0002
:10A1D0001FF30031B10020B10020B1003191001F08
:10A1E00013002E1E00200E003000000000040008A6
:10A1F00007FFF80FFFF80010080020000020000003
:10A200002008003FF8001FF80000080000000000D0
:10A2100000000000002008002008002008063FF889
:10A22000063FF800000800000800000800000000D9
:10A2300000000000000000000000030000030020F8
:10A2400001002001002003063FFE063FFC00000045
:10A2500000000000000000000004000807FFF80FE5
:10A26000FFF8000188000300002FC00038F800202C
:10A270003800200800000800000000000000000076
:10A2800004000804000804000807FFF80FFFF800A6
:10A290000008000008000008000000000000002086
:10A2A00008003FF8003FF8001008002000003FF8C9
:10A2B000003FF8001008002000003FF8003FF800C1
:10A2C0000008000000002008003FF8003FF80010E0
:10A2D00008001000002000002008003FF8001FF8D0
:10A2E0000000080000000000000007C0000FF000A0
:10A2F000183000300800200800200800300800183E
:10A3000030000FF00007C000000000000000200136
:10A31000003FFF003FFF001011002009002008004F
:10A320002008003038001FF0000FC00000000000BF
:10A33000000007C0001FF0003818002008002008A7
:10A34000002009001011001FFF003FFF0000010066
:10A350000000002008002008002008003FF8003F0F
:10A36000F800080800100800200800200000300055
:10A37000003000000000000000000000000C780029
:10A380001E1800330800230800210800218800213E
:10A39000980030F00038600000000000000020004D
:10A3A00000200000200000FFF003FFF8002008005C
:10A3B000200800200800003000000000000000001D
:10A3C00000002000003FF0007FF8000018000008A7
:10A3D000000008002010003FF8007FF0000010008F
:10A3E0000000000000002000003000003C00003FA2
:10A3F000800023F0000078000070002380003C0003
:10A40000003000002000002000003C00003FE00081
:10A4100023F80000E0002700003E00003FE000219C
:10A42000F80001E0003E00002000000000002008CD
:10A43000002008003838003E680027800003C8006C
:10A440002CF8003838002018002008000000000018
:10A4500000002000003003003C01003F830023EC9B
:10A46000000070002380003C00002000002000005D
:10A470000000000000000000003808002038002024
:10A48000F80023E8002F88003E0800380800201854
:10A49000000070000000000000000000000000004C
:10A4A00000000000000008000014001FF7FC30004E
:10A4B0000620000200000000000000000000000074
:10A4C000000000000000000000000000FFFFFF008F
:10A4D000000000000000000000000000000000007C
:10A4E000000000002000023000061FF7FC001400EE
:10A4F0000008000000000000000000000000000054
:10A500000000000000180000600000400000400053
:10A5100000200000100000080000040000040000FB
:10A520000C0000100000000000000000000000000F
:10A53000000000000000000000000000000000001B
:10A54000000000000000000000000000000000000B
:10A5500000000000000000000000000000000000FB
:10A5600000000000000000000000000000000000EB
:10A57000000000000000000000000000000007F0E4
:10A5800000C007FFE1E007F001E0000000C00000AC
:10A5900000000000000000000000000000000000BB
:10A5A000000000000000000000000000000000208B
:10A5B000000001C00000078000001F0000001E0016
:10A5C00000001C20000001C00000078000001F00E8
:10A5D00000001E0000001C00000000000000000041
:10A5E0000000000000000000000000180C0000182F
:10A5F0000C0000180FE0001FFC0003F80C0000180E
:10A600000C0000180C0000180C0000180C000018BA
:10A610000FE0001FFC0003F80C0000180C000018ED
:10A620000C0000000000000000000000000000001E
:10A630000780007807C000FC0640010E00200307D9
:10A640000020020380200FFFFFFC0201C020020057
:10A65000E0600130704001F03F8000F01F0000001A
:10A6600000000000000000FE000001FF00000301E8
:10A67000800002008060030181C001FF070000FE2E
:10A6800018000000E0000003BF00000CFFC00071D4
:10A69000806001C10020030180600000FFC0000055
:10A6A0003F000000000000001F0000007FC000FC11
:10A6B000C0C001FF80600303E02002027820020690
:10A6C0001E2003FC074001F00380000103C00001CD
:10A6D0001C600001E020000100200001004000009B
:10A6E00001800000000000000000002000001C604D
:10A6F00000001C4000001F8000000F000000000050
:10A700000000000000000000000000000000000049
:10A710000000000000000000000000000000000039
:10A720000000000000000000000000000000000029
:10A730000000000000000000000000000000000019
:10A7400000000007F800003FFF00007807C001C0CC
:10A7500000E00300003004000008080000041000BE
:10A7600000020000000000000000100000020800CD
:10A770000004040000080300003001C000E000787D
:10A7800007C0003FFF000007F800000000000000C5
:10A7900000000000000000000000000000000000B9
:10A7A0000000000000000000000000000000000C9D
:10A7B0001800000E3800000E3800000630000003BC
:10A7C00060000061438000FFFF80006143000003E0
:10A7D000600000063000000E3800000E3800000C4B
:10A7E0001800000000000000000000000000000051
:10A7F0008000000080000000800000008000000059
:10A80000800000008000007FFF000000800000004A
:10A810008000000080000000800000008000000038
:10A8200080000000000000000000000000010000A7
:10A8300000E3000000E2000000FC000000780000DF
:10A840000000000000000000000000000000000008
:10A8500000000000000000000000000000000000F8
:10A860000000000000000000000000008000000068
:10A8700080000000800000008000000080000000D8
:10A8800080000000800000008000000080000000C8
:10A8900080000000800000008000000080000000B8
:10A8A0008000000000000000000000000000000028
:10A8B00000C0000001E0000001E0000000C0000056
:10A8C0000000000000000000000000000000000088
:10A8D0000000000000000000000000000000000078
:10A8E000000000000000000000000000000C00005C
:10A8F0000038000000E00000038000000E000000AF
:10A9000038000000E00000038000000E0000003866
:10A91000000000E00000038000000E0000001800AE
:10A920000000000000000000000000000000000F18
:10A93000F800007FFF0000F00780018000C00300E6
:10A94000006002000020020000200200002003003E
:10A950000060018000C000E00380007FFF00000F66
:10A96000F8000000000000000000000000000000EF
:10A970000000008000200080002000800020008077
:10A98000006001FFFFE003FFFFE000000060000047
:10A990000020000000200000002000000000000057
:10A9A000000000000000000000000000000000782F
:10A9B00000E00098016001000260020004600200F3
:10A9C0000860020010600200206002004060030086
:10A9D00080600183006001FE00E0007C07800000D1
:10A9E000000000000000000000000000000000F077
:10A9F000078001F007C001000040020000200201B2
:10AA000000200201002002010020030380200186B3
:10AA1000804001FCC0C000787F8000001E00000064
:10AA2000000000000000000000000000080000001E
:10AA30003800000048000001880000060800000CF3
:10AA40000810003008100040081001FFFFF003FF5D
:10AA5000FFF003FFFFF000000810000008100000E6
:10AA600008100000000000000000000000000000CE
:10AA70000780001F864003E100200302002003043A
:10AA80000020030400200304002003040020030628
:10AA90000040030301C00301FF8003007E000000AB
:10AAA000000000000000000000000000000000079F
:10AAB000FC00003FFF000070C380008180C00101E6
:10AAC00000600302002002020020020200200202B5
:10AAD00000200203004001C180C000C0FF800000D0
:10AAE0007E0000000000000000000000000000F0F8
:10AAF000000003C00000038000000300000003000A
:10AB000007E003003FE00301C00003060000031854
:10AB1000000003600000038000000300000000004C
:10AB20000000000000000000000000001F0000788E
:10AB30003F8000FC60C0018EC040030780200203FC
:10AB4000002002018020020180200201C0200301B8
:10AB5000E040018670C000FC3F8000781F000000CC
:10AB600000000000000000000000003F000000FFA7
:10AB700081C001C0C1C0010060200200202002008D
:10AB800020200200202002002060020040C00100BE
:10AB9000C18000C18F00007FFE00001FF000000098
:10ABA00000000000000000000000000000000000A5
:10ABB0000000000000000000000000000000000392
:10ABC00000C0000781E0000781E0000300C0000032
:10ABD0000000000000000000000000000000000075
:10ABE0000000000000000000000000000000000065
:10ABF000000000000000000000000000000000064F
:10AC00000066000600780000000000000000000060
:10AC10000000000000000000000000000000000034
:10AC20000000000000000000000000000000000024
:10AC300080000001C0000003600000063000000C2E
:10AC4000180000180C00003006000060030000C06F
:10AC500001800100004002000020040000100000FC
:10AC600000000000000000000000000410000004CC
:10AC70001000000410000004100000041000000484
:10AC80001000000410000004100000041000000474
:10AC90001000000410000004100000041000000464
:10ACA0001000000000000000000000000000040090
:10ACB0000010020000200100004000C00180006080
:10ACC00003000030060000180C00000C18000006FD
:10ACD0003000000360000001C000000080000000A0
:10ACE00000000000000000000000000000000078EC
:10ACF000000001F80000023800000200000004001B
:10AD000000C0040079E0040081E0040100C00403F5
:10AD10000000020200000306000001FC000000F831
:10AD200000000000000000000000000FF800003FDD
:10AD3000FE000070078000C000C00101F84003075A
:10AD4000FC20021E04200230082002203020023F96
:10AD5000FC20013F044001800CC000E03180001F56
:10AD6000C2000000000000000020000000600000A1
:10AD700003E000003E200003E020003E200003E04E
:10AD800020000380200007FC2000003FE0000003BB
:10AD9000FE2000003FE0000001E000000020000075
:10ADA000002000000000000000000200002002005F
:10ADB000002003FFFFE003FFFFE00201002002018B
:10ADC00000200201002002010020020100200303F4
:10ADD00000200186806001FCC0C000F87F80000078
:10ADE0001F0000000000000000000007F800003F06
:10ADF000FF000070078000C000C001000040030099
:10AE000000200200002002000020020000200200BA
:10AE1000002001000040018000C003C0018000301C
:10AE200006000000000000000000020000200200F8
:10AE3000002003FFFFE003FFFFE00200002002000C
:10AE4000002002000020020000200300006001003A
:10AE50000040018000C000F00780007FFE00000F6E
:10AE6000F8000000000000000000020000200200C6
:10AE7000002003FFFFE003FFFFE0020100200201CA
:10AE80000020020100200201002002010020020334
:10AE90008020020FE0200300006003C000E000609B
:10AEA000030000000000000000000200002002007B
:10AEB000002003FFFFE003FFFFE00201002002018A
:10AEC0000020020100000201000002010000020156
:10AED000000002038000030FE0000300000003C035
:10AEE000000000600000000000000007F800003FC4
:10AEF000FE000070078001C001C001000040030097
:10AF000000200200002002000020020000200100BA
:10AF100020200100204003C03F8000303F8000001F
:10AF2000200000002000020000200200002003FF9B
:10AF3000FFE003FFFFE0020080200200802000000D
:10AF400080000000800000008000020080200200DD
:10AF5000802003FFFFE003FFFFE00200002002006B
:10AF600000200000000000000000000000000000C1
:10AF70000000020000200200002002000020020069
:10AF8000002003FFFFE003FFFFE0020000200200BB
:10AF9000002002000020020000200000000000004D
:10AFA000000000000000000000000000000E000093
:10AFB000000F0000000F000000010200000102006D
:10AFC0000001020000030200000603FFFFFC03FF74
:10AFD000FFF8020000000200000002000000020072
:10AFE000000000000000000000000200002002003D
:10AFF000002003FFFFE003FFFFE00200C02002018A
:10B00000002000078000000FE0000030F800026020
:10B010003E2003800F20030003E0020000E0020056
:10B0200000200000002000000000020000200200BC
:10B03000002003FFFFE003FFFFE00200002002000A
:10B040000020000000200000002000000020000080
:10B0500000200000002000000060000000E0000070
:10B06000030000000000020000200200002003FF97
:10B07000FFE003E0002003FF0020001FF0000001BC
:10B08000FF8000000FE000001E000003E000003E13
:10B09000002003E0002003FFFFE003FFFFE00200C9
:10B0A000002002000020020000200200002003FF18
:10B0B000FFE00380002003F0002000FC0000001FE0
:10B0C00000000007C0000001F00000007C0002004A
:10B0D0001F80020007E003FFFFE002000000020003
:10B0E00000000000000000000000000FF800003F1A
:10B0F000FE0000F00780018000C001000040020057
:10B1000000200200002002000020020000200100B8
:10B110000040018000C000F00380003FFE00000FEF
:10B12000F800000000000000000002000020020003
:10B13000002003FFFFE003FFFFE002008020020089
:10B1400080200200800002008000020080000200D7
:10B150008000030180000183000000FE0000007CED
:10B1600000000000000000000000000FF800007F59
:10B17000FF0000F00380018001C0010006400200D2
:10B1800004200200042002000620020003E0010067
:10B1900000F80180005C00E0038C003FFF0C000F12
:10B1A000FC18000000000000000002000020020067
:10B1B000002003FFFFE003FFFFE002010020020187
:10B1C0000020020180000201E0000201FC000303F4
:10B1D0003F80018607E001FC00E000F8002000004D
:10B1E00000200000000000000000000000000078C7
:10B1F000060000FE01E0018600C0030300400203D8
:10B20000002002018020020180200201C0200200F3
:10B21000C0200100E060018070C003E03F800000BA
:10B220001F0000000000000000000060000003801C
:10B2300000000300000002000000020000200200E5
:10B24000002003FFFFE003FFFFE0020000200200F8
:10B25000002002000000020000000380000000E067
:10B26000000000000000020000000200000003FFD8
:10B27000FF0003FFFFC0020000400200006000006A
:10B28000002000000020000000200000002002003C
:10B2900000400200008003FFFF00020000000200E7
:10B2A000000000000000000000000200000002009A
:10B2B000000003C0000003FC0000023FC0000003C8
:10B2C000F80000007F80000007E000000780000019
:10B2D00078000203C000023C000003C0000002002E
:10B2E0000000020000000200000003C0000003FF95
:10B2F0008000023FFE0002007FE000000F0002001D
:10B30000F00003EF000003FF8000020FFE000000CA
:10B310003FE000001F000207E00003F80000030008
:10B3200000000200000000000000020000200200F7
:10B330000020038000E003F0032002FC0C20021F29
:10B3400030000007C0000007F00002187C00026017
:10B350001F20038003E0020000E002000020000044
:10B3600000200000000000000000020000000300B8
:10B37000000003C0000003F80000023E0020020F9E
:10B38000C0200001FFE000007FE000038020021CDD
:10B390000020027000000380000002000000020094
:10B3A000000000000000000000000000002000601D
:10B3B00000E0038003E003000FA002003E20020033
:10B3C000F8200203E020020F8020023E00200278D5
:10B3D000002003E00060038000E0020003000000A2
:10B3E000000000000000000000000000000000005D
:10B3F00000000000000000000000000000001FFF2F
:10B40000FFFC1000000410000004100000041000F5
:10B4100000041000000410000004100000040000EC
:10B42000000000000000000000000000000000001C
:10B4300000000700000003C0000000780000001EAC
:10B4400000000003C0000000F00000001E0000002B
:10B450000780000000F00000003C00000006000033
:10B4600000000000000000000000000000001000CC
:10B47000000410000004100000041000000410007C
:10B48000000410000004100000041FFFFFFC000077
:10B4900000000000000000000000000000000000AC
:10B4A000000000000000000000000000000000009C
:10B4B000000000000000020000000400000008007E
:10B4C0000000180000001000000018000000180024
:10B4D0000000040000000200000000000000000066
:10B4E000000000000000000000010000000100005A
:10B4F0000001000000010000000100000001000048
:10B500000001000000010000000100000001000037
:10B510000001000000010000000100000001000027
:10B520000001000000010000000000000000000019
:10B5300000001000000010000000100000001800C3
:10B5400000000800000004000000000000000000EF
:10B5500000000000000000000000000000000000EB
:10B560000000000000000000000000000380000157
:10B570008FC000038C600006182000041020000417
:10B58000102000042020000420400006204000037A
:10B59000FFC00001FFE000000020000000200000CC
:10B5A00000C00000000000000000020000000200D7
:10B5B000000003FFFFE007FFFFC0000180C00002A2
:10B5C00000600002002000040020000400200004AD
:10B5D000002000060040000300C00001FF800000C2
:10B5E000FE0000000000000000000000000000005D
:10B5F0007E000001FF80000381C0000200400006C1
:10B6000000200004002000040020000400200006A8
:10B6100000200003C0400001C080000003000000C3
:10B62000000000000000000000000000000000001A
:10B630007E000001FF80000380C00006006000045F
:10B640000020000400200004002002040040020248
:10B65000008003FFFFE007FFFFC000000040000084
:10B66000004000000000000000000000000000009A
:10B670007E000001FF80000311C0000210400004A2
:10B6800010600004102000041020000410200006A8
:10B690001020000310400001F0C000007100000005
:10B6A0000000000000000000000000000000000496
:10B6B0000000000400200004002000040020007F9F
:10B6C000FFE001FFFFE0010400200304002002046A
:10B6D000002002040020020400000200000001C05B
:10B6E000000001C000000000000000000000000099
:10B6F000001C0000E33E0003FFC200020CC3000474
:10B7000004C1000404C1000404C1000404C1000613
:10B710000CC10003F8C30005F0620006007E0006BD
:10B72000003C0000000000000000020000200200B9
:10B73000002003FFFFE007FFFFE000010020000200
:10B7400000200006000000040000000400000004C7
:10B750000020000600200003FFE00001FFE00000E1
:10B760000020000000200000000000000000000099
:10B770000000000400200004002000040020000459
:10B7800000200387FFE0038FFFE00380002000001C
:10B790000020000000200000002000000000000049
:10B7A0000000000000000000000000000000000099
:10B7B000000000000006000000070000000100007B
:10B7C0000001000400010004000100040003000463
:10B7D00000060387FFFC038FFFF8038000000000D2
:10B7E0000000000000000000000002000020020035
:10B7F000002003FFFFE007FFFFE00000082000003B
:10B800001020000030000000FC0000058E00000742
:10B8100007A0000601E0000400E000040020000092
:10B8200000200000000000000000000000000000F8
:10B8300000000200002002000020020000200200A0
:10B84000002003FFFFE007FFFFE0000000200000F2
:10B850000020000000200000002000000000000088
:10B8600000000000000000000000000400200007AD
:10B87000FFE0000FFFE000020020000400000004D1
:10B8800000200007FFE00003FFE0000200200004AA
:10B890000000000400200007FFE00003FFE00000BC
:10B8A0000020000000000000000000040020000450
:10B8B00000200007FFE0000FFFE000010020000271
:10B8C000002000020000000400000004000000044A
:10B8D0000020000600200003FFE00001FFE0000060
:10B8E0000020000000200000000000000000000018
:10B8F0007E000000FF80000381C0000200400006BF
:10B9000000200004002000040020000400200006A5
:10B91000002000020040000381C00001FF80000001
:10B920007E00000000000000000000040001000490
:10B9300000010007FFFF000FFFFF000100C1000230
:10B940000041000400200004002000040020000446
:10B95000002000060040000301C00001FF8000003D
:10B960007E00000000000000000000000000000059
:10B970007E000001FF80000380C000020060000420
:10B980000020000400200004002000040020000229
:10B990000041000300C10003FFFF0007FFFF00009C
:10B9A000000100000001000000000004002000046D
:10B9B00000200004002000040020000FFFE0000F22
:10B9C000FFE00000C020000100200002002000066F
:10B9D0000020000400000004000000070000000335
:10B9E0000000000000000000000000000000000057
:10B9F00003E00001C0E00003E04000063020000446
:10BA0000302000041820000418200004182000042E
:10BA10000C2000020C60000307C0000783800000B8
:10BA20000000000000000000000000000000000412
:10BA300000000004000000040000000C0000001FD3
:10BA4000FF8000FFFFC0000400600004002000042D
:10BA500000200004002000040040000001800000DD
:10BA600000000000000000000000000400000004CE
:10BA700000000007FF80000FFFC000000060000012
:10BA80000020000000200000002000000020000432
:10BA90000040000400800007FFE0000FFFC000002E
:10BAA000004000000040000000000004000000040E
:10BAB0000000000780000007F0000004FE00000402
:10BAC0001FC0000003E00000038000001C00000411
:10BAD0006000000780000006000000040000000075
:10BAE0000000000000000004000000060000000745
:10BAF000C0000007FC0000043F80000003E00004D9
:10BB00000F800006F0000007F0000007FF8000042F
:10BB10000FE00000038000043C000007C0000006A6
:10BB200000000004000000000000000000200004ED
:10BB3000002000040060000700E0000783200007E9
:10BB4000E6000004F80000003C0000045E20000550
:10BB500087A0000601E0000400600004002000004F
:10BB600000200000000000000000000400000004AD
:10BB70000003000700030007E0010004F8010004CF
:10BB80001F02000007FC000000E0000007000004A6
:10BB900038000007C0000006000000040000000498
:10BBA000000000000000000000000000000000078E
:10BBB0008060000600E0000403E0000407A0000429
:10BBC0000E2000043C20000470200005E020000747
:10BBD000802000070060000400E0000003800000F7
:10BBE0000000000000000000000000000000000055
:10BBF0000000000000000000000000000000000045
:10BC0000000000008000000080000001400007FEEE
:10BC10003FF80800000410000002100000020000BD
:10BC20000000000000000000000000000000000014
:10BC30000000000000000000000000000000000004
:10BC4000000000000000FFFFFFFF000000000000F8
:10BC500000000000000000000000000000000000E4
:10BC600000000000000000000000000000001000C4
:10BC70000002100000020800000407FE3FF8000167
:10BC80004000000080000000800000000000000074
:10BC900000000000000000000000000000000000A4
:10BCA000000000000000000000001800000030004C
:10BCB00000004000000040000000400000002000A4
:10BCC0000000300000000800000004000000020036
:10BCD000000002000000020000000C00000018003C
:10BCE0000000000000000000400B00008007000082
:10BCF000607800002000000020000000200000000C
:10BD00000068010000F00000000C0F0030313233F9
:10BD1000343536373839414243444546403058007F
:10BD200030313233343536373839616263646566B1
:10BD30004030780054BD00080000002004010000DD
:10BD4000C401000858BE0008040100208CB00100A6
:10BD5000E00100080024F4000000000000000000E2
:10BD6000FFFF00001F0000F81FF8E007FF07E0FFDB
:10BD700040BC07FC30840000000000000000000010
:10BD800000000000000000001000000001000000A2
:10BD900000F80000FFFF00000100000000000000AC
:10BDA00021610008656100086003002000000010A8
:10BDB00000000068606B012000F00010000C0F68AC
:10BDC0000000000000000000000000000000000073
:10BDD0000000000000000000000000000000000063
:10BDE0000000000000000000000000000000000053
:10BDF0000000000000000000000000001F00000024
:10BE00000000000000000000000000000000000032
:10BE10000000000000000000000000000000000022
:10BE20000000000000000000000000000000000012
:10BE30000000000000000000000000000000000002
:10BE4000AAAAAAAA0000000000000000300590077E
:08BE5000D008400AC006000002
:040000050800018965
:00000001FF
