:020000040800F2
:1000000090B10120FD020008FF1E0008F71E000845
:10001000FB1E0008150900080D250008000000005F
:100020000000000000000000000000003D02000889
:10003000310900080000000099020008DF1F0008D5
:100040002103000821030008210300082103000800
:1000500021030008210300082103000821030008F0
:1000600021030008210300082103000821030008E0
:1000700021030008210300082103000821030008D0
:1000800021030008210300082103000821030008C0
:1000900021030008210300082103000821030008B0
:1000A00021030008210300082103000821030008A0
:1000B000210300080920000821030008210300088B
:1000C0002103000821030008210300082103000880
:1000D00021030008FD240008210300082103000873
:1000E0002103000821030008210300082103000860
:1000F0002103000821030008210300082103000850
:10010000210300082103000821030008210300083F
:10011000210300082103000821030008192000081A
:10012000210300082103000821030008210300081F
:10013000210300082103000821030008210300080F
:1001400021030008210300082103000821030008FF
:1001500021030008210300082103000821030008EF
:1001600021030008210300082103000821030008DF
:1001700021030008210300082103000800000000FB
:10018000210300082103000800F002F800F047F8FE
:100190000AA090E8000C82448344AAF10107DA45E2
:1001A00001D100F03CF8AFF2090EBAE80F0013F0ED
:1001B000010F18BFFB1A43F001031847E0B8000015
:1001C00000B90000103A24BF78C878C1FAD85207A5
:1001D00024BF30C830C144BF04680C6070470000C1
:1001E0000023002400250026103A28BF78C1FBD840
:1001F000520728BF30C148BF0B607047642900F028
:100200008581782900F0BE81732900F0E382002007
:1002100070471FB508F04AFC1FBD10B510BD00F0B7
:1002200047FB1146FFF7F5FF05F018FE00F065FBF0
:1002300003B4FFF7F2FF03BC02F09EF92C4B1968E0
:100240000868B0E8F04F80F30988BFF36F8F4FF074
:10025000000080F311887047000000000848006823
:10026000006880F308884FF0000080F3148862B6BD
:1002700061B6BFF34F8FBFF36F8F00DF00BF00BFCA
:1002800008ED00E0DFF80C00016841F47001016046
:10029000704700BF88ED00E0EFF30980BFF36F8F78
:1002A000134B1A681EF0100F08BF20ED108A20E9CA
:1002B000F04F106009B44FF0500080F31188BFF385
:1002C0004F8FBFF36F8F07F0DBFB4FF0000080F321
:1002D000118809BC19680868B0E8F04F1EF0100FCB
:1002E00008BFB0EC108A80F30988BFF36F8F7047A6
:1002F00070000020EFF30580704700000C48016893
:1003000041F4700101600B4880470B480047FEE74D
:10031000FEE7FEE7FEE7FEE7FEE7FEE7FEE7FEE7B5
:10032000FEE7000005480649044A064B70470000F6
:1003300088ED00E0F51F00088901000890AD01205C
:1003400090B1012090AD0120704753EA020C00F0FB
:1003500069802DE9F04B4FF00006002B1FBFB3FA68
:1003600083F503FA05F424FA05F65E4012BF16433E
:10037000B2FA82F502FA05F4C5F120051EBF22FA91
:1003800005FC44EA0C04203556EA044C4FEA1444B8
:1003900018BF641C4FF000084FF00009904271EB49
:1003A000030C39D3002919BFB1FA81F701FA07F616
:1003B000B0FA80F700FA07F6C7F120071EBF20FA4F
:1003C00007FC46EA0C062037B6FBF4FCA7EB050752
:1003D000103F07F01F0BCBF120060CFA0BFB2CFA99
:1003E00006F644BFB3460026202FA4BF5E464FF05A
:1003F000000B5BEA060C08BF4FF0010B19EB0B0971
:10040000ABFB027C48EB0608C01B06FB02CC0BFBD7
:1004100003CC71EB0C01C1E70B460246414648464E
:10042000BDE8F08B13B54FF000004FF00001AFF3C3
:100430000080BDE81C4070470FB4044910B503AA02
:10044000029800F0CBF910BC5DF814FB2C000020E2
:100450002DE9F0410E460446002020622046E16866
:10046000884730B3252805D0D4E901219047206A78
:10047000401CF2E7E168204600278847050018D0B5
:10048000A5F14100192802D820354FF40067324603
:10049000294620462760FFF7B1FE40B1012804D06D
:1004A000F61D26F007060836D8E7361DD6E728469B
:1004B000DAE7206ABDE8F08170B50C460546012AEE
:1004C00005D02878800600D5EA69002302E00123E0
:1004D00005E05B1C934202D2E05C0028F9D1A869D8
:1004E000E618C01AA861286A184428622846AFF3A3
:1004F000008004E0D5E9012114F8010B9047B442D3
:10050000F8D32846AFF3008070BD00002DE9F0411C
:100510000646002410687529314616A510D0AFF3A1
:100520000080002802DA404213A507E031688A07FC
:1005300001D512A502E0490704D511A5012401E067
:10054000AFF3008000210A2206F1240709E0B0FB86
:10055000F2FCB0FBF2F302FB1C003030785418467A
:10056000491C0028F3D123462A463046BDE8F04115
:1005700000F0ACB8000000002D0000002B000000CF
:100580002000000070B504460D4621461068AFF308
:1005900000802188090502D50F4A7A4402E00E4AFC
:1005A0007A440E32002104F1240305E000F00F0626
:1005B0000009965D5E54491C0028F7D1207800237D
:1005C000000704D5702D02D009B102231132204654
:1005D000BDE8704000F07AB8D6B40000032A40F2BB
:1005E000308010F0030C00F0158011F8013BBCF1D5
:1005F000020F624498BF11F801CB00F8013B38BFED
:1006000011F8013BA2F1040298BF00F801CB38BFFA
:1006100000F8013B11F0030300F0F280083AC0F04B
:10062000088051F8043B083A51F804CBA0E80810C0
:10063000F5E7121D5CBF51F8043B40F8043BAFF3F3
:100640000080D20724BF11F8013B11F801CB48BF4D
:1006500011F8012B24BF00F8013B00F801CB48BF83
:1006600000F8012B704702F0FF0343EA032242EA3D
:10067000024200F0F9B84FF0000200B5134694466C
:100680009646203922BFA0E80C50A0E80C50B1F1EA
:100690002001BFF4F7AF090728BFA0E80C5048BFFE
:1006A0000CC05DF804EB890028BF40F8042B08BF9C
:1006B000704748BF20F8022B11F0804F18BF00F898
:1006C000012B704770477047704770472DE9F0471E
:1006D0000D4699469246044600F1240801688806B2
:1006E00004D5E06921F01001216000E00120A8425A
:1006F00001DD471B00E00027A1697A1902EB090020
:10070000081AA0612078C00602D42046AFF300800A
:10071000002608E0D4E901211AF806009047206A73
:10072000401C761C20624E45F4DB2078C0060AD5BA
:100730002046AFF3008006E0D4E901213020904745
:10074000206A401C2062381EA7F10107F4DC07E094
:10075000D4E9012118F805009047206A401C206266
:10076000281EA5F10105F3DC2046AFF300802078B8
:10077000000602D50220BDE8F0870120FBE700005B
:1007800001694A1C02610878704700B58FB0CDE955
:1007900001310021059105497944CDE90310114645
:1007A0006846FFF755FE0FB000BD0000E5FFFFFFF4
:1007B00010B5436913B1AFF3008001E0FFF77CFE91
:1007C000012010BD127800F124010A7000224A7045
:1007D0000122EDE711684FF0FF32E9E7074B70B5F2
:1007E0000D467B44FFF7D1FF0446284600F05CF835
:1007F00010B14FF0FF3070BD204670BD2B1F0000C0
:1008000010B5203AC0F00B80B1E81850203AA0E8AB
:100810001850B1E81850A0E81850BFF4F5AF5FEADF
:10082000027C24BFB1E81850A0E8185044BF18C992
:1008300018C0BDE810405FEA827C24BF51F8043B39
:1008400040F8043B08BF7047D20728BF31F8023B8D
:1008500048BF11F8012B28BF20F8023B48BF00F821
:10086000012B70474FF000020429C0F0128010F0F5
:10087000030C3FF402AFCCF1040CBCF1020F18BF23
:1008800000F8012BA8BF20F8022BA1EB0C01FFF709
:10089000F4BE5FEAC17C24BF00F8012B00F8012BF5
:1008A00048BF00F8012B7047007B00F080007047C4
:1008B000754600F02BF8AE4605006946534620F019
:1008C0000700854618B020B5FFF72CFDBDE8204095
:1008D0004FF000064FF000074FF000084FF0000BFC
:1008E00021F00701AC46ACE8C009ACE8C009ACE8AF
:1008F000C009ACE8C0098D46704710B50446AFF397
:1009000000802046BDE81040FFF792BC00487047C9
:100910002CAD012000BFFEE710B55321092001F0E6
:1009200069FE00200149086010BD00004800002059
:100930007047000070B504461D460023B5F5804F92
:1009400013D154F822300C480340D1E9000640EAA4
:1009500006108E6840EA06208E8940EA06408E69BD
:100960003043034344F8223003E06FF0704044F812
:100970002200002070BD00000000F0CF10B503463B
:100980000022086853F8202012480240D1E90104EF
:100990002043CC6820430C6920434C6920438C6978
:1009A0002043CC6920430C6A20434C6A20438C6A64
:1009B0002043CC6A2043CC6B20430C6B2043024382
:1009C0008868082801D142F04002086843F82020D6
:1009D000002010BD8000F0FF30B503460024501CFD
:1009E00053F8204004F04044D1E9000540EA0510E6
:1009F0008D6840EA05208D8940EA0545088A401E39
:100A000045EA0055087D801E45EA00608D6928434F
:100A10000443501C43F82040002030BD70B504460C
:100A2000A56D00F07DF9064694F83500022808D03F
:100A30008020606500BF002084F8340000BF0120E2
:100A400070BD2068006820F01600216808602068EA
:100A5000406920F0800021684861206C08B9A06CD2
:100A600028B12068006820F008002168086020682C
:100A7000006820F00100216808600FE000F050F9E4
:100A8000801B05280AD92020606500BF002084F85B
:100A9000340000BF032084F83500D1E720680068E7
:100AA00000F001000028E9D194F85C103F20884054
:100AB000A86000BF002084F8340000BF012084F843
:100AC00035000020BCE7014691F83500022803D02C
:100AD0008020486501207047052081F835000868AE
:100AE000006820F001000A6810600020F3E70000B1
:100AF000F8B502460B460025002400200021DEE068
:100B0000012606FA01F51E6806EA0504AC4275D115
:100B10001E7906F00306012E04D01E7906F00306A6
:100B2000022E13D190684F000326BE40B0434F0001
:100B3000DE68BE4030439060506801268E40B0436E
:100B40001E79C6F300168E40304350601E7906F0C1
:100B50000306032E09D0D0684F000326BE40B043E1
:100B60004F009E68BE403043D0601E7906F00306F9
:100B7000022E13D1CF0802F1200656F827004E07A7
:100B8000F70E0F26BE40B0434F07FF0E1E69BE4052
:100B90003043CF0802F1200646F8270010684F00C6
:100BA0000326BE40B0431E7906F003064F00BE4048
:100BB000304310605E6806F08056B6F1805F7DD1EC
:100BC00000BF00260096404E366846F480463E4FF1
:100BD0003E603E46366806F48046009600BF00BF81
:100BE0003A4E8F0856F827008E07370F0F26BE4063
:100BF000B043374EB24202D1002624E05EE0354ECB
:100C0000B24201D101261EE0334EB24201D102268A
:100C100019E0324EB24201D1032614E0304EB24206
:100C200001D104260FE02F4EB24201D105260AE081
:100C30002D4EB24201D1062605E02C4EB24201D122
:100C4000072600E008268F073F0FBE4030431F4EA7
:100C50008F0846F82700264E3068A0435E6806F4E9
:100C60008036B6F5803F00D12043214E3060361DDE
:100C70003068A0435E6806F40036B6F5003F00D148
:100C800020431B4E361D3060361D3068A0435E6821
:100C900006F48016B6F5801F00D12043144E0836A6
:100CA0003060361D3068A0435E6806F40016B6F565
:100CB000001F00D120430E4E0C363060491C102915
:100CC000FFF41EAFF8BD0000443802400838014070
:100CD000000002400004024000080240000C0240F4
:100CE000001002400014024000180240001C0240A4
:100CF000003C014010B5426921EA020302EA010406
:100D000043EA0443836110BD0AB1816101E00B0431
:100D10008361704701480068000C7047002004E0C0
:100D20000148006870470000340000200348006854
:100D300003490978084401490860704734000020DD
:100D40003C00002010B50A48006840F400700849D3
:100D500008600846006840F480600860032000F0E6
:100D60007FF80F2000F006F800F02AF8002010BDF0
:100D7000003C024070B504460E4800784FF47A718A
:100D8000B1FBF0F00C490968B1FBF0F5284600F022
:100D90009BFC08B1012070BD102C07D20022214617
:100DA000501E00F01EF80548046001E00120F2E743
:100DB0000020F0E73C000020000000203800002068
:100DC000704701460846002809DB00F01F03012296
:100DD0009A4043099B0003F1E023C3F8002100BFC0
:100DE00070472DE9F05F80460D461646002701F05A
:100DF000A7FB074639462A46334601F00700C0F1F3
:100E0000070ABAF1040F02D94FF0040A01E0C0F159
:100E1000070AD14600F1040ABAF1070F02D24FF0D7
:100E2000000A01E0A0F1030AD4464FF0010A0AFAD1
:100E300009FAAAF1010A0AEA020A0AFA0CFA4FF0C0
:100E4000010B0BFA0CFBABF1010B0BEA030B4AEAAB
:100E50000B042146404601F07BFBBDE8F09F0000FB
:100E600000BF00F00702064B19684FF6FF03194058
:100E7000044B0B4343EA0221014B196000BF70474A
:100E80000CED00E00000FA0570B504460D460CB903
:100E9000012070BD5848006800F00700A84209D240
:100EA00055490D700846006800F00700A84201D0BF
:100EB0000120EEE7207800F0020002281DD1207802
:100EC00000F00400042805D14C48006840F4E050CC
:100ED0004A490860207800F00800082805D14748F2
:100EE000006840F46040454908604448006820F0CC
:100EF000F000A168084341490860207800F0010033
:100F0000A8B36068012807D13C4808380068C0F3DE
:100F10004040B8B90120BCE76068022802D0606890
:100F2000032807D1354808380068C0F3406048B945
:100F30000120AEE7314808380068C0F3400008B926
:100F40000120A6E72D48006820F0030061680843EF
:100F50002A490860FFF7E4FE064609E0FFF7E0FED5
:100F6000801B41F28831884202D9032091E707E0D3
:100F70002248006800F00C006168B0EB810FEDD1F1
:100F80001D48006800F00700A84209D91A490D70F1
:100F90000846006800F00700A84201D0012078E769
:100FA000207800F00400042807D11448006820F4D9
:100FB000E050E168084311490860207800F008001B
:100FC000082808D10D48006820F46040216940EAF3
:100FD000C1000A49086000F03FF808490968C1F3F8
:100FE0000311074A515CC84006490860064800687A
:100FF000FFF7C0FE00204CE7003C024008380240EA
:10100000B68A00080000002038000020014800686F
:10101000704700000000002000B5FFF7F7FF04490B
:101020000968C1F38221034A515CC84000BD000039
:1010300008380240C68A000800B5FFF7E7FF0449F8
:101040000968C1F34231034A515CC84000BD000049
:1010500008380240C68A00082DE9F0470024002520
:101060000026A1462548006800F00C0020B10428A5
:1010700005D008283AD105E0DFF8849039E0DFF8A0
:10108000849036E01D48001F006800F03F041B48B4
:10109000001F006800F4800078B11A481749091F42
:1010A0000968C1F38811A0FB0170014622460023A4
:1010B0003846FFF74AF905460EE011480F49091F67
:1010C0000968C1F38811A0FB017001462246002384
:1010D0003846FFF73AF905460848001F0068C0F394
:1010E0000140401C4600B5FBF6F902E0DFF8109025
:1010F00000BF00BF4846BDE8F08700000838024046
:101100000024F40000127A00F8B504460CB901205E
:10111000F8BD207800F00100002874D0F94800687C
:1011200000F00C0004280DD0F648006800F00C0018
:10113000082813D1F348001F006800F48000B0F5C0
:10114000800F0BD1EF4808380068C0F340400028FA
:1011500059D06068002856D10120D9E700BF6068E7
:10116000B0F5803F08D1E7480838006840F4803087
:10117000E449083908601EE06068B0F5A02F0DD181
:10118000E0480838006840F48020DE4908390860EB
:101190000846006840F4803008600CE0D948083800
:1011A000006820F48030D749083908600846006894
:1011B00020F48020086000BF606890B1FFF7B0FDA8
:1011C000054606E0FFF7ACFD401B642801D903206B
:1011D0009EE7CC4808380068C0F340400028F1D0B2
:1011E00011E0FFF79DFD054606E0FFF799FD401B66
:1011F000642801D903208BE7C24808380068C0F38F
:1012000040400028F1D1207800F0020002285FD190
:10121000BC48006800F00C0058B1BA48006800F003
:101220000C0008281CD1B748001F006800F480009B
:10123000B0B9B44808380068C0F3400020B1E06895
:10124000012801D0012063E7AE480838006820F08B
:10125000F800216940EAC100AA490839086037E06E
:10126000E06800B30120A8490860FFF759FD054672
:1012700006E0FFF755FD401B022801D9032047E790
:10128000A04808380068C0F340000028F1D09D480D
:101290000838006820F0F800216940EAC100994947
:1012A0000839086014E0002097490860FFF738FD0E
:1012B000054606E0FFF734FD401B022801D9032054
:1012C00026E7904808380068C0F340000028F1D1B4
:1012D000207800F0080008282CD16069A8B101200E
:1012E0008A490860FFF71CFD054606E0FFF718FD78
:1012F000401B022801D903200AE782486C300068AD
:10130000C0F340000028F1D014E000207F490860BD
:10131000FFF706FD054606E0FFF702FD401B022829
:1013200001D90320F4E677486C300068C0F3400030
:101330000028F1D1207800F00400042870D10027A3
:1013400070483830006800F0805090B900BF00202D
:1013500000906C483830006840F08050694938315E
:1013600008600846006800F08050009000BF00BF91
:1013700001276748006800F48070B0B964480068CD
:1013800040F4807062490860FFF7CAFC054606E039
:10139000FFF7C6FC401B022801D90320B8E65C48D1
:1013A000006800F480700028F2D000BFA068012817
:1013B00008D154486830006840F001005149683154
:1013C00008601DE0A06805280DD14E48683000680F
:1013D00040F004004B49683108600846006840F05E
:1013E000010008600CE047486830006820F0010008
:1013F0004449683108600846006820F0040008602D
:1014000000BFA068A8B1FFF78BFC054609E0FFF715
:1014100087FC401B41F28831884202D9032077E6DD
:1014200026E0384868300068C0F340000028EED05D
:1014300013E0FFF775FC054608E0FFF771FC401B61
:1014400041F28831884201D9032061E62D48683095
:101450000068C0F340000028EFD1012F07D12948D0
:101460003830006820F0805026493831086000BFCD
:10147000A069002845D02348006800F00C00082827
:101480005DD0A069022845D100201F490866FFF7FA
:1014900047FC054606E0FFF743FC401B022801D944
:1014A000032035E6174808380068C0F3406000287C
:1014B000F1D1D4E907010843616A40EA81110122B0
:1014C000A06AC2EB500041EA00412C20005D41EAD5
:1014D00000600C49091F086001200B490866FFF7EE
:1014E0001FFC054606E0FFF71BFC401B022801D944
:1014F00003200DE6034808380068C0F34060002868
:10150000F1D049E00838024000004742800E4742CF
:1015100000700040002021490866FFF701FC0546E5
:1015200006E0FFF7FDFB401B022801D90320EFE591
:101530001B480068C0F340600028F2D12CE0A0698D
:10154000012800D1E4E51648001D0668A0690128BD
:1015500020D006F48001E06981421BD106F03F01F2
:10156000206A814216D147F6C0703040616AB0EB04
:10157000811F0FD106F440310122A06AC2EB500056
:10158000B1EB004F06D106F070612C20005DB1EB8D
:10159000006F01D00120BBE50020B9E50000474203
:1015A0000038024070B504460E4615460CB90120BD
:1015B00070BD94F8490028B9002084F848002046FE
:1015C00000F01CF804F108012068FFF7D7F9314654
:1015D000A2682068FFF700FA2946236BD4E90102CC
:1015E000FFF7A8F9A168206850F8210040F0010039
:1015F000A268216841F822000020D9E710B586B022
:10160000044600BF002000902248006840F001001E
:10161000204908600846006800F00100009000BF03
:1016200000BF00BF002000901A480838006840F052
:1016300008001849083908600846006800F00800EA
:10164000009000BF00BF00BF002000900846006867
:1016500040F0100008600846006800F0100000909C
:1016600000BF00BF4CF203700190022002900120E5
:101670000390022004900C20059001A90648FFF772
:1016800037FA4FF68070019001A90448FFF730FA4D
:1016900006B010BD38380240000C02400010024075
:1016A000042808D14FF0E021096941F004014FF00E
:1016B000E022116107E04FF0E021096921F0040107
:1016C0004FF0E0221161704770B504462546681E50
:1016D000B0F1807F01D301200FE0681E4FF0E021C0
:1016E00048610F214FF0FF3000F032FF00204FF033
:1016F000E021886107200861002070BD70477047B5
:1017000010B504460CB9012010BD94F83D0028B96D
:10171000002084F83C00204600F026F8022084F8DF
:101720003D00211D206800F07FFC012084F8460068
:1017300000BF84F83E0001213F20015540200155A3
:101740004120015500BF00BF012084F84200432022
:101750000155442001554520015500BF012084F862
:101760003D000020D0E7000038B504461E4920683F
:1017700088421AD100BF00BF002000901B480068BB
:1017800040F00200194908600846006800F00200B5
:10179000009000BF00BF00BF002203211D20FFF703
:1017A00020FB1D20FFF70DFB1DE01149206888423A
:1017B00019D100BF00BF002000900C48006840F025
:1017C00020000A4908600846006800F020000090E8
:1017D00000BF00BF00BF002207213720FFF701FB39
:1017E0003720FFF7EEFA38BD0004004040380240D1
:1017F00000140040014691F83D00012801D001206D
:101800007047022081F83D000868C06840F0010080
:101810000B68D8601A4B086898421BD00868B0F172
:10182000804F17D0174B0868984213D0164B0868A2
:1018300098420FD0154B086898420BD0144B08689B
:10184000984207D0134B0868984203D0124B08689F
:1018500098420CD10868806800F00702062A0CD074
:101860000868006840F001000B68186005E008682F
:10187000006840F001000B6818600020C0E700001D
:10188000000001400004004000080040000C00403F
:10189000000401400040014000180040704710B5AE
:1018A000044620680069C0F34000D8B12068C068D1
:1018B000C0F34000B0B16FF0020021680861012060
:1018C00020772068806900F0030018B12046FFF7F8
:1018D000E5FF05E0204600F0ADF8204600F0ABF84B
:1018E0000020207720680069C0F38000D8B120680C
:1018F000C068C0F38000B0B16FF0040021680861D7
:10190000022020772068806900F4407018B12046DA
:10191000FFF7C4FF05E0204600F08CF8204600F0F9
:101920008AF80020207720680069C0F3C000D8B191
:101930002068C068C0F3C000B0B16FF00800216833
:101940000861042020772068C06900F0030018B106
:101950002046FFF7A3FF05E0204600F06BF8204685
:1019600000F069F80020207720680069C0F30010BB
:10197000D8B12068C068C0F30010B0B16FF010009B
:1019800021680861082020772068C06900F4407051
:1019900018B12046FFF782FF05E0204600F04AF824
:1019A000204600F048F8002020772068006900F009
:1019B000010058B12068C06800F0010030B16FF03C
:1019C000010021680861204600F036F820680069AF
:1019D000C0F3C01058B12068C068C0F3C01030B167
:1019E0006FF08000216808612046FFF787FE2068BD
:1019F0000069C0F3801058B12068C068C0F380103F
:101A000030B16FF0400021680861204600F036F8E0
:101A100020680069C0F3401058B12068C068C0F366
:101A2000401030B16FF02000216808612046FFF7B8
:101A300066FE10BD7047704710B5044607488442E3
:101A400005D107480068401C0549086005E00548C5
:101A5000844202D104A0FEF7EFFC10BDC0020020BA
:101A6000480000200803002054494D37CAE4B3F66B
:101A70002E2E2E2E2E2E2E0D0A000000704770479F
:101A8000704700002DE9F84F04462068056820687B
:101A9000C668206847694FF00009CA4605F00F097B
:101AA000B9F1000F0AD105F0200038B106F020008E
:101AB00020B1204600F059FBBDE8F88FB9F1000FC6
:101AC00072D007F0010018B906F4907000286BD0AE
:101AD00005F0010030B106F4807018B1206C40F0C0
:101AE0000100206405F0040030B107F0010018B1D6
:101AF000206C40F00200206405F0020030B107F0D5
:101B0000010018B1206C40F00400206405F00800CA
:101B100048B106F0200010B907F0010018B1206CA0
:101B200040F008002064206C70B305F0200028B15C
:101B300006F0200010B1204600F017FB2068406935
:101B4000C0F3801A206C00F0080010B9BAF1000F41
:101B500023D0204600F0DEFA2068406900F0400003
:101B6000402816D12068406920F040002168486173
:101B7000A06B50B15648A16B0865A06BFEF7A3FFA0
:101B800010B1A06B016D88470CE02046FFF778FF8D
:101B900008E02046FFF774FF04E02046FFF770FFDF
:101BA0000020206488E7FFE7206B012879D105F049
:101BB0001000002875D006F01000002871D000BF7A
:101BC0000020009020680068009020684068009025
:101BD00000BF00BF2068406900F04000402839D1B4
:101BE000A06B006840681FFA80F8B8F1000F30D091
:101BF000A08D40452DDDA4F82E80A06BC069B0F506
:101C0000807F1FD02068C06820F480702168C86081
:101C10002068406920F0010021684861206840691F
:101C200020F0400021684861202084F83E00002018
:101C300020632068C06820F010002168C860A06B95
:101C4000FEF7ECFEA08DE28D801A81B22046FFF7F0
:101C500016FF31E7A08DE18D401A1FFA80F8E08D64
:101C6000E8B1B8F1000F1AD02068C06820F4907075
:101C70002168C8602068406920F00100216848613F
:101C8000202084F83E00002020632068C06820F0F7
:101C900010002168C86041462046FFF7F0FE0BE7C0
:101CA000FFE705F0800030B106F0800018B1204653
:101CB00000F0F3FB00E705F0400030B106F0400013
:101CC00018B1204600F041FAF6E600BFF4E6000045
:101CD0000121000810B504460CB9012010BDA0690F
:101CE00000B100E000BF94F83D0028B9002084F85E
:101CF0003C00204600F028F8242084F83D002068AD
:101D0000C06820F400502168C860204600F08CFABA
:101D10002068006920F490402168086120684069CB
:101D200020F02A00216848612068C06840F4005013
:101D30002168C86000202064202084F83D0084F8D9
:101D40003E000020CAE7000010B586B004462E49C8
:101D50002068884255D100BF00BF002000902B486A
:101D6000006840F01000294908600846006800F04B
:101D70001000009000BF00BF00BF00BF00BF0020E8
:101D8000009022481438006840F001001F491439BF
:101D900008600846006800F00100009000BF00BF26
:101DA00000BF00BF00BF002000900846006840F060
:101DB000010008600846006800F00100009000BFC4
:101DC00000BF00BF4815019002200290012003903F
:101DD000022004900720059001A90D48FEF788FE17
:101DE0004FF4806001900720059001A90848FEF794
:101DF0007FFE2520FEF7E5FF032211462520FEF792
:101E0000F0FF06B010BD0000001001404438024051
:101E10000000024070B504460D46164694F83E0098
:101E2000202816D105B10EB9012070BD00BF94F86D
:101E30003C00012801D10220F7E7012084F83C0092
:101E400000BF0020206332462946204600F002FBF6
:101E5000EBE70220E9E7000010B5044620492068BE
:101E600088423BD11F48008800F4004088BB1D48D1
:101E7000008800F4804070B11B4800780A2803D025
:101E800000201849088024E01648008840F40040EB
:101E9000144908801DE0144800780D2806D1114827
:101EA000008840F480400F49088012E00E48007816
:101EB0000C490988C1F30D010C4A505409480088A7
:101EC000401C0849088008460088C72801DD00201A
:101ED0000880012204490648FFF79CFF10BD00005E
:101EE00000100140300000203200002004010020DA
:101EF000CC010020704700BFFEE700BFFEE770473F
:101F00002DE9F0470C46DDE90867002100258C46E5
:101F100000BF60E04FF0010808FA01F504EA050C83
:101F2000AC4557D1D0F800804FEA410A4FF0030981
:101F300009FA0AF928EA0908C0F80080D0F80080F8
:101F40004FEA410902FA09F948EA0908C0F8008095
:101F5000012A01D0022A27D1D0F808804FEA410A8D
:101F60004FF0030909FA0AF928EA0908C0F80880BD
:101F7000D0F808804FEA410906FA09F948EA090849
:101F8000C0F80880D0F804904FF0010808FA01F872
:101F900029EA0809C0F80490D0F8048003FA01F98E
:101FA00048EA0908C0F80480D0F80C804FEA410ADA
:101FB0004FF0030909FA0AF928EA0908C0F80C8069
:101FC000D0F80C804FEA410907FA09F948EA0908F4
:101FD000C0F80C80491C10299CD3BDE8F08710B5CF
:101FE000FEF7A4FE06F0D4F8012801D005F09AFE11
:101FF00010BD00000348006840F47000014908600B
:102000007047000088ED00E010B50248FFF747FC7C
:1020100010BD0000C002002010B50248FFF73FFCD1
:1020200010BD00000803002010B50268294B98423B
:102030000ED0B0F1804F0BD0274B984208D0274BE1
:10204000984205D0264B984202D0264B984203D1A5
:1020500022F070024B681A431E4B984220D0B0F118
:10206000804F1DD01C4B98421AD01C4B984217D061
:102070001B4B984214D01B4B984211D01A4B9842DC
:102080000ED01A4B98420BD0194B984208D0194BDE
:10209000984205D0184B984202D0184B984203D171
:1020A00022F44072CB681A4322F080034C6943EA61
:1020B000040202608B68C3620B688362054B98421E
:1020C00002D0084B984201D10B690363012343619D
:1020D00010BD000000000140000400400008004066
:1020E000000C004000040140004001400044014059
:1020F0000048014000180040001C00400020004043
:1021000070B50546AC6B0020E085E0842046FFF703
:10211000B7FC70BD0168C96821F490710268D16094
:102120000168496921F0010102685161016B0129CF
:1021300005D10168C96821F010010268D160202131
:1021400080F83E1000210163704710B504462068F6
:10215000C06820F040002168C860202084F83D005D
:102160002046FFF7C7FE002010BD70B5044694F866
:102170003E00222856D1A068B0F5805F0CD12069BE
:1021800050B90025A66A20684068C0F30800308076
:10219000A06A801CA06215E0A56A0026A068B0F5C0
:1021A000805F03D0A06828B9206918B9206840680A
:1021B000287004E02068406800F07F002870A06A62
:1021C000401CA062E08D401E80B2E08540BB2068CC
:1021D000C06820F020002168C8602068C06820F432
:1021E00080702168C8602068406920F00100216883
:1021F0004861202084F83E00206B01280AD1206825
:10220000C06820F010002168C860A18D2046FFF74B
:1022100036FC02E02046FFF71FFE0020206370BD61
:102220000020FCE70220FAE72DE9F84F0446206879
:10223000006920F44050E168084321680861216981
:10224000A068084361690843E16908430090206879
:10225000C06849F20C618843009908432168C8604E
:102260002068406920F44070A169084321684861F2
:1022700076492068884203D075492068884203D196
:10228000FEF7DAFE814602E0FEF7C6FE8146E0690F
:10229000B0F5004F6CD102206168A0FB01500346ED
:1022A0001920A9FB007001462A463846FEF74DF872
:1022B0006421B0FBF1F04FEA001A02206168A0FB34
:1022C00001510B461920A9FB00712A463846FEF73A
:1022D0003CF8834602206168A0FB015003461920A8
:1022E000A9FB00712A463846FEF72FF86421B0FB9F
:1022F000F1F000EBC00101EB0010ABEB80003221EC
:1023000001EBC0006421B0FBF1F000F0F8000AEB33
:10231000400A02206168A0FB015003461920A9FB76
:10232000007001462A463846FEF70FF88346022021
:102330006168A0FB015003461920A9FB00712A46E1
:102340003846FEF702F86421B0FBF1F000EBC00163
:1023500001EB0010ABEB8000322101EBC0006421E7
:10236000B0FBF1F000F007005044216888606AE09B
:1023700004206168A0FB015003461920A9FB0070EE
:1023800001462A463846FDF7E0FF82460420616890
:10239000A0FB015003461920A9FB007001462A4604
:1023A0003846FDF7D2FF6421B0FBF1F000EBC0012D
:1023B00001EB0010AAEB8000322101EB0010642138
:1023C000B0FBF1F000F0F00A04206168A0FB01709E
:1023D00003461920A9FB00513A462846FDF7B5FFF0
:1023E0006421B0FBF1F00AEB001A04206168A0FB45
:1023F00001510B461920A9FB00712A463846FDF70A
:10240000A4FF834604206168A0FB01500346192005
:10241000A9FB007001462A463846FDF796FF642165
:10242000B0FBF1F000EBC00101EB0010ABEB800062
:10243000322101EB00106421B0FBF1F000F00F003D
:10244000504421688860BDE8F88F0000001001400A
:102450000014014010B5034699629A85DA85002080
:102460001864222083F83E0000BF002083F83C005F
:1024700000BF1868C06840F480701C68E06018688D
:10248000406940F001001C6860611868C06840F055
:1024900020001C68E060002010BD014691F83D005E
:1024A000212828D18868B0F5805F0BD1086948B928
:1024B0000A6A1088C0F308000B685860086A801C1C
:1024C000086205E00B6A581C086218780B685860AF
:1024D000C88C401E80B2C88458B90868C06820F013
:1024E00080000B68D8600868C06840F040000B6846
:1024F000D860002070470220FCE7000010B50248B9
:10250000FFF7C0FA10BD0000CC01002000BFFEE7BD
:1025100070B50621302004F0D3FD302004F0E0FC3B
:102520000546062D03D00621302004F0C9FD002405
:1025300003E006F075F9601C84B2C82CF9DB70BDAD
:1025400002480068C0F30220704700000CED00E074
:1025500010B5002804DB0A07130E054A135406E0E1
:102560000A07140E034A00F00F031B1FD45410BDBA
:1025700000E400E018ED00E000BF704700F001014A
:10258000194A1160C0F34001184AC2F88412C0F31E
:102590008001154A08321160C0F30011121F11604A
:1025A000C0F34011104A3C321160C0F38011104A50
:1025B0001160C0F3C0110C4A38321160C0F3002121
:1025C0000B4A121D1160C0F34021074A34321160DA
:1025D000C0F38021044A14321160C0F3C021024AC2
:1025E0000C3211607047000080824242000043427A
:1025F0009002434270B505460C46074807490860FB
:102600000846446000218160C5600161FFF778F8E9
:102610000248FFF7EFF870BD00040040C002002040
:1026200000F00101104A1160C0F340010F4AC2F8E6
:10263000BC12C0F380010C4A383A1160C0F3C001EB
:10264000121D1160C0F30011094A1160C0F340115E
:10265000121D1160C0F38011121D1160C109054ADD
:10266000C2F8A81270470000B8824142008041427F
:102670009C0242420000424270B504460420FFF72B
:102680000FF80A48046025464FF47A7045434FF02E
:10269000E020006940F002004FF0E02108610846A8
:1026A0004561006940F00100086170BD280000200C
:1026B00030B50446002504E04FF47A7000F004F8C9
:1026C0006D1CA542F8D330BD70B5034600224FF013
:1026D000E02675690D4E366803FB06F44FF0E026E0
:1026E000B16910E04FF0E026B06988420BD0884213
:1026F00002D20E1A324402E02E1A0E44324401462F
:10270000A24200D300E0EDE700BF70BD280000202A
:1027100000BF054A126802F04002002AF9D0C2B296
:10272000014B5A6070470000001001400EB54FF495
:10273000784019A120221346CDE900210290DC2225
:102740000A21084603F0ACFA4FF4784014A118228D
:102750001346CDE900210290DC222F210A2003F04C
:102760009FFA4FF4784013A110221346CDE90021BF
:102770000290DC224C210A2003F092FA1148012138
:1027800000238022CDE900100FA1124805F0D0FCF3
:1027900005F00AF90EBD000053544D33320000001D
:1027A0004672656552544F5320506F7274696E675C
:1027B0000000000041544F4D40414C49454E5445A6
:1027C0004B0000000400002073746172745F746138
:1027D000736B0000A571000800B587B000BF00BF93
:1027E000002001903848006840F010003649086029
:1027F0000846006800F01000019000BF00BF00BF55
:1028000000BF00BF002001900846006840F01000A3
:1028100008600846006800F01000019000BF00BF8B
:1028200000BF00BF00BF002001900846006840F0D4
:10283000100008600846006800F01000019000BF1A
:1028400000BF00BF00BF00BF002001900846006825
:1028500040F0010008600846006800F001000190A7
:1028600000BF00BF00BF1020029000200390012095
:1028700004900220059002A91448FEF739F90820B7
:10288000029000200390012004900220059002A9EC
:102890000E48FEF72DF9042002900020039001203D
:1028A00004900220059002A90848FEF721F90120B2
:1028B00002900020039002200490059002A9044891
:1028C000FEF716F907B000BD303802400010024094
:1028D0000000024070B5044600260948058840887B
:1028E00045430021084603F0ABF803F057FA00BF58
:1028F00002E004480480761CAE42FAD370BD0000AA
:10290000600200208000006C10B5044658488471B5
:10291000002C58D1F020564908804FF4A070488010
:102920000846808845F21051884210D14FF430504B
:102930004F4908814FF4285048814FF42C5088812A
:102940004FF4F07008804FF4487048801AE048480F
:10295000808841F6631188420DD12C2044490881BA
:102960002B2048812A2088814FF4F07008804FF492
:102970004870488006E02C203D4908812A20488183
:102980002B2088813A48808845F21031884205D052
:102990003748808847F29671884206D14FF4A0707C
:1029A000334908804FF4F07048803148808849F6F8
:1029B0000601884258D14FF4F0702D4908804FF439
:1029C0004870488050E04FF4A07029490880F020FA
:1029D00048800846808845F21051884210D14FF453
:1029E0003050234908814FF4285048814FF42C502F
:1029F00088814FF4487008804FF4F070488020E0E0
:102A00001B48808841F66311884205D018488088A9
:102A100049F6060188420DD12C20154908812A204B
:102A200048812B2088814FF4487008804FF4F07063
:102A3000488006E02C200E4908812A2048812B205E
:102A400088810B48808845F21031884205D00848BB
:102A5000808847F29671884206D14FF4F07004499D
:102A600008804FF4A0704880002002F0CBFE10BD1B
:102A70006002002070B505460E46144631462846D1
:102A800002F0DEFF03F08AF901490C8070BD0000FE
:102A90008000006C10B5CF2003F074F9002003F023
:102AA00065F9C12003F062F9302003F05FF9ED20F1
:102AB00003F068F9642003F059F9032003F056F994
:102AC000122003F053F9812003F050F9E82003F0BD
:102AD00059F9852003F04AF9102003F047F97A20CC
:102AE00003F044F9CB2003F04DF9392003F03EF90F
:102AF0002C2003F03BF9002003F038F9342003F0D8
:102B000035F9022003F032F9F72003F03BF92020D9
:102B100003F02CF9EA2003F035F9002003F026F940
:102B2000002003F023F9C02003F02CF91B2003F050
:102B30001DF9C12003F026F9012003F017F9C52083
:102B400003F020F9302003F011F9302003F00EF9E2
:102B5000C72003F017F9B72003F008F9362003F077
:102B600011F9482003F002F93A2003F00BF955203F
:102B700003F0FCF8B12003F005F9002003F0F6F8AB
:102B80001A2003F0F3F8B62003F0FCF80A2003F053
:102B9000EDF8A22003F0EAF8F22003F0F3F80020A9
:102BA00003F0E4F8262003F0EDF8012003F0DEF84E
:102BB000E02003F0E7F80F2003F0D8F82A2003F014
:102BC000D5F8282003F0D2F8082003F0CFF80E2023
:102BD00003F0CCF8082003F0C9F8542003F0C6F83D
:102BE000A92003F0C3F8432003F0C0F80A2003F043
:102BF000BDF80F2003F0BAF8002003F0B7F800206A
:102C000003F0B4F8002003F0B1F8002003F0AEF8B0
:102C1000E12003F0B7F8002003F0A8F8152003F036
:102C2000A5F8172003F0A2F8072003F09FF8112061
:102C300003F09CF8062003F099F82B2003F096F897
:102C4000562003F093F83C2003F090F8052003F0A1
:102C50008DF8102003F08AF80F2003F087F83F204A
:102C600003F084F83F2003F081F80F2003F07EF892
:102C70002B2003F087F8002003F078F8002003F001
:102C800075F8012003F072F83F2003F06FF82A2056
:102C900003F078F8002003F069F8002003F066F8EC
:102CA000002003F063F8EF2003F060F8112003F038
:102CB00069F87820FFF7FCFC292003F063F810BDC9
:102CC00010B5FF2003F05EF8FF2003F04FF89820C6
:102CD00003F04CF8062003F049F8BC2003F052F84A
:102CE000012003F043F80F2003F040F8612003F0C7
:102CF0003DF8FF2003F03AF8012003F037F80120F7
:102D000003F034F80B2003F031F8102003F02EF814
:102D1000372003F02BF8632003F028F8FF2003F09E
:102D200025F8FF2003F022F8012003F01FF801200E
:102D300003F01CF8002003F019F8002003F016F847
:102D4000FF2003F013F8522003F010F8012003F0E5
:102D50000DF8002003F00AF8402003F007F8BD202A
:102D600003F010F8012003F001F8232002F0FEFF29
:102D7000452002F0FBFF672002F0F8FF012002F07F
:102D8000F5FF232002F0F2FF452002F0EFFF67205D
:102D900002F0ECFFBE2002F0F5FF002002F0E6FF9B
:102DA000012002F0E3FFAB2002F0E0FF602002F020
:102DB000DDFF222002F0DAFF222002F0D7FF2220DE
:102DC00002F0D4FF222002F0D1FF222002F0CEFF39
:102DD000C72002F0D7FF362002F0C8FFED2002F036
:102DE000D1FF7F2002F0C2FF0F2002F0BFFFC02002
:102DF00002F0C8FF0F2002F0B9FF0B2002F0B6FF6F
:102E00000A2002F0B3FFFC2002F0BCFF082002F011
:102E1000ADFFDF2002F0B6FF002002F0A7FF002088
:102E200002F0A4FF002002F0A1FF002002F09EFFAC
:102E3000002002F09BFF202002F098FFF32002F018
:102E4000A1FF742002F092FFB42002F09BFF00204B
:102E500002F08CFF002002F089FF002002F086FFC4
:102E6000F72002F08FFF822002F080FFB12002F0F5
:102E700089FF002002F07AFF132002F077FF132071
:102E800002F074FFF22002F07DFF802002F06EFF5E
:102E9000042002F06BFF402002F068FF282002F0BF
:102EA00065FFC12002F06EFF172002F05FFF88204F
:102EB00002F05CFF882002F059FF202002F056FF4C
:102EC000E02002F05FFF002002F050FF0A2002F035
:102ED0004DFF122002F04AFF102002F047FF0E20A3
:102EE00002F044FF202002F041FFCC2002F03EFF20
:102EF000072002F03BFF062002F038FF0B2002F013
:102F000035FF0E2002F032FF0F2002F02FFF0D20C0
:102F100002F02CFF152002F029FF102002F026FFFE
:102F2000002002F023FFE12002F02CFF002002F03D
:102F30001DFF0B2002F01AFF132002F017FF0D20D7
:102F400002F014FF0E2002F011FF1B2002F00EFF12
:102F5000712002F00BFF062002F008FF062002F0AD
:102F600005FF0A2002F002FF0F2002F0FFFE0E20F4
:102F700002F0FCFE0F2002F0F9FE152002F0F6FE32
:102F80000C2002F0F3FE002002F0F0FE2A2002F0F6
:102F9000F9FE002002F0EAFE002002F0E7FE012028
:102FA00002F0E4FEDF2002F0E1FE2B2002F0EAFE58
:102FB000002002F0DBFE002002F0D8FE032002F029
:102FC000D5FE1F2002F0D2FE3A2002F0DBFE552093
:102FD00002F0CCFE362002F0D5FE002002F0C6FE44
:102FE000112002F0CFFE7820FFF762FB292002F0CB
:102FF000C9FE1420FFF75CFB2C2002F0C3FE10BDBD
:1030000010B5ED2002F0BEFE012002F0AFFEFE2062
:1030100002F0ACFEEE2002F0B5FEDE2002F0A6FECD
:10302000212002F0A3FEF12002F0ACFE012002F00C
:103030009DFEDF2002F0A6FE102002F097FEC420C5
:1030400002F0A0FE8F2002F091FEC62002F09AFE50
:10305000002002F08BFEE22002F088FEE22002F067
:1030600085FEE22002F082FEBF2002F08BFEAA2045
:1030700002F07CFEB02002F085FE0D2002F076FE0C
:10308000002002F073FE0D2002F070FE002002F01E
:103090006DFE112002F06AFE002002F067FE19208A
:1030A00002F064FE002002F061FE212002F05EFECC
:1030B000002002F05BFE2D2002F058FE002002F0FE
:1030C00055FE3D2002F052FE002002F04FFE5D2032
:1030D00002F04CFE002002F049FE5D2002F046FEA8
:1030E000002002F043FEB12002F04CFE802002F0EE
:1030F0003DFE002002F03AFE8B2002F037FE002059
:1031000002F034FE962002F031FE002002F02EFE86
:10311000B22002F037FE002002F028FE002002F06C
:1031200025FE022002F022FE002002F01FFE0320F6
:1031300002F01CFE002002F019FEB32002F022FE75
:10314000002002F013FE002002F010FE002002F02A
:103150000DFE002002F00AFE002002F007FE002013
:1031600002F004FE002002F001FE002002F0FEFD4D
:10317000002002F0FBFD002002F0F8FD002002F02C
:10318000F5FD002002F0F2FD002002F0EFFD00202E
:1031900002F0ECFD002002F0E9FD002002F0E6FD67
:1031A000002002F0E3FD002002F0E0FD002002F02C
:1031B000DDFD002002F0DAFD002002F0D7FD002046
:1031C00002F0D4FD002002F0D1FD002002F0CEFD7F
:1031D000B42002F0D7FD8B2002F0C8FD002002F0E1
:1031E000C5FD962002F0C2FD002002F0BFFDA12027
:1031F00002F0BCFD002002F0B9FDB52002F0C2FDD6
:10320000022002F0B3FD002002F0B0FD032002F026
:10321000ADFD002002F0AAFD042002F0A7FD002071
:1032200002F0A4FDB62002F0ADFD002002F09EFDEC
:10323000002002F09BFDB72002F0A4FD002002F068
:1032400095FD002002F092FD3F2002F08FFD00204E
:1032500002F08CFD5E2002F089FD002002F086FD68
:10326000642002F083FD002002F080FD8C2002F03B
:103270007DFD002002F07AFDAC2002F077FD0020F9
:1032800002F074FDDC2002F071FD002002F06EFD02
:10329000702002F06BFD002002F068FD902002F02B
:1032A00065FD002002F062FDEB2002F05FFD0020D2
:1032B00002F05CFDDC2002F059FD002002F056FD1A
:1032C000B82002F05FFD002002F050FD002002F067
:1032D0004DFD002002F04AFD002002F047FD0020D5
:1032E00002F044FD002002F041FD002002F03EFD0E
:1032F000002002F03BFDBA2002F044FD242002F041
:1033000035FD002002F032FD002002F02FFD0020EC
:1033100002F02CFDC12002F035FD202002F026FD38
:10332000002002F023FD542002F020FD002002F0D6
:103330001DFDFF2002F01AFD002002F017FDC22043
:1033400002F020FD0A2002F011FD002002F00EFD27
:10335000042002F00BFD002002F008FDC32002F063
:1033600011FD3C2002F002FD002002F0FFFC3A209B
:1033700002F0FCFC002002F0F9FC392002F0F6FC1F
:10338000002002F0F3FC372002F0F0FC002002F0F5
:10339000EDFC3C2002F0EAFC002002F0E7FC3620C5
:1033A00002F0E4FC002002F0E1FC322002F0DEFC3E
:1033B000002002F0DBFC2F2002F0D8FC002002F0FD
:1033C000D5FC2C2002F0D2FC002002F0CFFC2920FA
:1033D00002F0CCFC002002F0C9FC262002F0C6FC62
:1033E000002002F0C3FC242002F0C0FC002002F008
:1033F000BDFC242002F0BAFC002002F0B7FC232020
:1034000002F0B4FC002002F0B1FC3C2002F0AEFC63
:10341000002002F0ABFC362002F0A8FC002002F0F5
:10342000A5FC322002F0A2FC002002F09FFC2F201D
:1034300002F09CFC002002F099FC2C2002F096FC8B
:10344000002002F093FC292002F090FC002002F002
:103450008DFC262002F08AFC002002F087FC24204C
:1034600002F084FC002002F081FC242002F07EFCAB
:10347000002002F07BFC232002F078FC002002F008
:1034800075FCC42002F07EFC622002F06FFC00207C
:1034900002F06CFC052002F069FC002002F066FCE2
:1034A000842002F063FC002002F060FCF02002F0B7
:1034B0005DFC002002F05AFC182002F057FC0020AE
:1034C00002F054FCA42002F051FC002002F04EFC5B
:1034D000182002F04BFC002002F048FC502002F0C3
:1034E00045FC002002F042FC0C2002F03FFC0020D2
:1034F00002F03CFC172002F039FC002002F036FC00
:10350000952002F033FC002002F030FCF32002F0A2
:103510002DFC002002F02AFCE62002F027FC00200F
:1035200002F024FCC52002F02DFC322002F01EFC2B
:10353000002002F01BFC442002F018FC002002F0E6
:1035400015FC652002F012FC002002F00FFC762032
:1035500002F00CFC002002F009FC882002F006FCBE
:10356000002002F003FCC62002F00CFC202002F038
:10357000FDFB002002F0FAFB172002F0F7FB002011
:1035800002F0F4FB012002F0F1FB002002F0EEFB60
:10359000C72002F0F7FB002002F0E8FB002002F059
:1035A000E5FB002002F0E2FB002002F0DFFBC82078
:1035B00002F0E8FB002002F0D9FB002002F0D6FB6D
:1035C000002002F0D3FB002002F0D0FBC92002F063
:1035D000D9FB002002F0CAFB002002F0C7FB00204C
:1035E00002F0C4FB002002F0C1FB002002F0BEFB91
:1035F000002002F0BBFB002002F0B8FB002002F02C
:10360000B5FB002002F0B2FB002002F0AFFB00206F
:1036100002F0ACFB002002F0A9FB002002F0A6FBA8
:10362000002002F0A3FB002002F0A0FB002002F02B
:103630009DFBE02002F0A6FB162002F097FB002085
:1036400002F094FB1C2002F091FB002002F08EFBA4
:10365000212002F08BFB002002F088FB362002F0D4
:1036600085FB002002F082FB462002F07FFB002059
:1036700002F07CFB522002F079FB002002F076FB86
:10368000642002F073FB002002F070FB7A2002F04D
:103690006DFB002002F06AFB8B2002F067FB00202C
:1036A00002F064FB992002F061FB002002F05EFB57
:1036B000A82002F05BFB002002F058FBB92002F0CA
:1036C00055FB002002F052FBC42002F04FFB00200B
:1036D00002F04CFBCA2002F049FB002002F046FB3E
:1036E000D22002F043FB002002F040FBD92002F080
:1036F0003DFB002002F03AFBE02002F037FB002007
:1037000002F034FBF32002F031FB002002F02EFB2C
:10371000E12002F037FB162002F028FB002002F027
:1037200025FB1C2002F022FB002002F01FFB2220C0
:1037300002F01CFB002002F019FB362002F016FB01
:10374000002002F013FB452002F010FB002002F0E5
:103750000DFB522002F00AFB002002F007FB642060
:1037600002F004FB002002F001FB7A2002F0FEFAD6
:10377000002002F0FBFA8B2002F0F8FA002002F0A1
:10378000F5FA992002F0F2FA002002F0EFFAA820F0
:1037900002F0ECFA002002F0E9FAB92002F0E6FAB1
:1037A000002002F0E3FAC42002F0E0FA002002F068
:1037B000DDFACA2002F0DAFA002002F0D7FAD220AD
:1037C00002F0D4FA002002F0D1FAD82002F0CEFAAA
:1037D000002002F0CBFAE02002F0C8FA002002F04C
:1037E000C5FAF32002F0C2FA002002F0BFFAE2208C
:1037F00002F0C8FA052002F0B9FA002002F0B6FA89
:103800000B2002F0B3FA002002F0B0FA1B2002F005
:10381000ADFA002002F0AAFA342002F0A7FA002044
:1038200002F0A4FA442002F0A1FA002002F09EFA6D
:103830004F2002F09BFA002002F098FA612002F07B
:1038400095FA002002F092FA792002F08FFA002017
:1038500002F08CFA882002F089FA002002F086FA41
:10386000972002F083FA002002F080FAA62002F0EE
:103870007DFA002002F07AFAB72002F077FA0020F1
:1038800002F074FAC22002F071FA002002F06EFA1F
:10389000C72002F06BFA002002F068FAD12002F093
:1038A00065FA002002F062FAD62002F05FFA0020EA
:1038B00002F05CFADD2002F059FA002002F056FA1C
:1038C000F32002F053FA002002F050FAE32002F055
:1038D00059FA052002F04AFA002002F047FA0A20BD
:1038E00002F044FA002002F041FA1C2002F03EFAF5
:1038F000002002F03BFA332002F038FA002002F0F8
:1039000035FA442002F032FA002002F02FFA50205B
:1039100002F02CFA002002F029FA622002F026FAC6
:10392000002002F023FA782002F020FA002002F0B2
:103930001DFA882002F01AFA002002F017FA9720E8
:1039400002F014FA002002F011FAA62002F00EFA9A
:10395000002002F00BFAB72002F008FA002002F073
:1039600005FAC22002F002FA002002F0FFF9C72097
:1039700002F0FCF9002002F0F9F9D12002F0F6F98A
:10398000002002F0F3F9D52002F0F0F9002002F057
:10399000EDF9DD2002F0EAF9002002F0E7F9F3206A
:1039A00002F0E4F9002002F0E1F9E42002F0EAF983
:1039B000012002F0DBF9002002F0D8F9012002F02A
:1039C000D5F9002002F0D2F9022002F0CFF9002050
:1039D00002F0CCF92A2002F0C9F9002002F0C6F961
:1039E0003C2002F0C3F9002002F0C0F94B2002F0A5
:1039F000BDF9002002F0BAF95D2002F0B7F900200D
:103A000002F0B4F9742002F0B1F9002002F0AEF92E
:103A1000842002F0ABF9002002F0A8F9932002F014
:103A2000A5F9002002F0A2F9A22002F09FF90020DF
:103A300002F09CF9B32002F099F9002002F096F907
:103A4000BE2002F093F9002002F090F9C42002F0A9
:103A50008DF9002002F08AF9CD2002F087F90020CC
:103A600002F084F9D32002F081F9002002F07EF9FF
:103A7000DD2002F07BF9002002F078F9F32002F05B
:103A800075F9002002F072F9E52002F07BF90020C0
:103A900002F06CF9002002F069F9002002F066F9EA
:103AA000002002F063F9022002F060F9002002F029
:103AB0005DF9292002F05AF9002002F057F93C2064
:103AC00002F054F9002002F051F94B2002F04EF9B7
:103AD000002002F04BF95D2002F048F9002002F0CE
:103AE00045F9742002F042F9002002F03FF98420E9
:103AF00002F03CF9002002F039F9932002F036F987
:103B0000002002F033F9A22002F030F9002002F088
:103B10002DF9B32002F02AF9002002F027F9BE2087
:103B200002F024F9002002F021F9C42002F01EF96D
:103B3000002002F01BF9CD2002F018F9002002F05D
:103B400015F9D32002F012F9002002F00FF9DC2061
:103B500002F00CF9002002F009F9F32002F006F956
:103B6000002002F003F9E62002F00CF9112002F027
:103B7000FDF8002002F0FAF8342002F0F7F80020F7
:103B800002F0F4F8562002F0F1F8002002F0EEF80E
:103B9000762002F0EBF8002002F0E8F8772002F03F
:103BA000E5F8002002F0E2F8662002F0DFF80020DD
:103BB00002F0DCF8882002F0D9F8002002F0D6F8F4
:103BC000992002F0D3F8002002F0D0F8BB2002F0D8
:103BD000CDF8002002F0CAF8992002F0C7F80020C2
:103BE00002F0C4F8662002F0C1F8002002F0BEF82E
:103BF000552002F0BBF8002002F0B8F8552002F082
:103C0000B5F8002002F0B2F8452002F0AFF800202D
:103C100002F0ACF8432002F0A9F8002002F0A6F868
:103C2000442002F0A3F8002002F0A0F8E72002F000
:103C3000A9F8322002F09AF8002002F097F85520F7
:103C400002F094F8002002F091F8762002F08EF84D
:103C5000002002F08BF8662002F088F8002002F0C5
:103C600085F8672002F082F8002002F07FF86720D4
:103C700002F07CF8002002F079F8872002F076F854
:103C8000002002F073F8992002F070F8002002F092
:103C90006DF8BB2002F06AF8002002F067F8992066
:103CA00002F064F8002002F061F8772002F05EF87C
:103CB000002002F05BF8442002F058F8002002F0E7
:103CC00055F8562002F052F8002002F04FF8232059
:103CD00002F04CF8002002F049F8332002F046F8D8
:103CE000002002F043F8452002F040F8002002F0E6
:103CF0003DF8E82002F046F8002002F037F80020F6
:103D000002F034F8992002F031F8002002F02EF889
:103D1000872002F02BF8002002F028F8882002F01B
:103D200025F8002002F022F8772002F01FF800208A
:103D300002F01CF8662002F019F8002002F016F8D4
:103D4000882002F013F8002002F010F8AA2002F0F8
:103D50000DF8002002F00AF8BB2002F007F800205E
:103D600002F004F8992002F001F8002001F0FEFFB3
:103D7000662001F0FBFF002001F0F8FF552001F064
:103D8000F5FF002001F0F2FF552001F0EFFF0020C9
:103D900001F0ECFF442001F0E9FF002001F0E6FF14
:103DA000442001F0E3FF002001F0E0FF552001F086
:103DB000DDFF002001F0DAFFE92001F0E3FFAA2097
:103DC00001F0D4FF002001F0D1FF002001F0CEFF70
:103DD000002001F0CBFF002001F0D4FFAA2001F069
:103DE000C5FFCF2001F0CEFF002001F0BFFF002073
:103DF00001F0BCFF002001F0B9FF002001F0B6FF88
:103E0000002001F0B3FF002001F0B0FF002001F01E
:103E1000ADFF002001F0AAFF002001F0A7FF002065
:103E200001F0A4FF002001F0A1FF002001F09EFF9F
:103E3000002001F09BFF002001F098FF002001F01E
:103E400095FF002001F092FF002001F08FFFF0208D
:103E500001F098FF002001F089FF502001F086FF5B
:103E6000002001F083FF002001F080FF002001F01E
:103E70007DFFF32001F086FF002001F077FFF9209D
:103E800001F080FF062001F071FF102001F06EFFAD
:103E9000292001F06BFF002001F068FF3A2001F0BB
:103EA00071FF552001F062FF112001F06BFF6420CB
:103EB000FEF7FEFB292001F065FF352001F062FFCF
:103EC000002001F053FF512001F05CFFFF2001F0C2
:103ED0004DFF532001F056FF2C2001F047FF5520E5
:103EE00001F050FF822001F041FF2C2001F04AFF39
:103EF00010BD10B555214FF4704001F059FFAA21B3
:103F00004FF2010001F054FF52214FF2020001F084
:103F10004FFF08214FF2030001F04AFF01214FF249
:103F2000040001F045FF0D214FF4304001F040FF47
:103F30000D214BF2010001F03BFF0D214BF202007D
:103F400001F036FF34214FF4364001F031FF3421C7
:103F50004BF2016001F02CFF34214BF2026001F0C2
:103F600027FF0D214FF4314001F022FF0D214BF2CC
:103F7000011001F01DFF0D214BF2021001F018FF9E
:103F800034214FF4374001F013FF34214BF201701C
:103F900001F00EFF34214BF2027001F009FF002105
:103FA0004FF4324001F004FF00214BF2012001F0F8
:103FB000FFFE00214BF2022001F0FAFE24214FF413
:103FC000384001F0F5FE24214BF6010001F0F0FE2F
:103FD00024214BF6020001F0EBFE01214FF43F409B
:103FE00001F0E6FE0F214FF4334001F0E1FE0F2116
:103FF0004BF2013001F0DCFE0F214BF2023001F0F8
:10400000D7FE34214FF4394001F0D2FE34214BF673
:10401000011001F0CDFE34214BF6021001F0C8FE74
:1040200008214FF4354001F0C3FE08214BF2015046
:1040300001F0BEFE08214BF2025001F0B9FE03214F
:104040004FF4424001F0B4FE24214FF43A4001F015
:10405000AFFE24214BF6012001F0AAFE24214BF6ED
:10406000022001F0A5FE00214FF43C4001F0A0FE2B
:1040700078214BF6014001F09BFE00214BF60240F7
:1040800001F096FE00214FF43D4001F091FE7821B1
:104090004BF6015001F08CFE00214BF6025001F06E
:1040A00087FE00214FF43E4001F082FE64214BF672
:1040B000016001F07DFE00214FF4514001F078FED7
:1040C00033214DF2011001F073FE00214DF2021078
:1040D00001F06EFE34214DF2031001F069FE002163
:1040E0004DF2041001F064FE3A214DF2051001F08A
:1040F0005FFE00214DF2061001F05AFE4A214DF2FA
:10410000071001F055FE00214DF2081001F050FE9D
:104110005C214DF2091001F04BFE00214DF20A1016
:1041200001F046FE81214DF20B1001F041FE00210D
:104130004DF20C1001F03CFEA6214DF20D1001F0E5
:1041400037FE00214DF20E1001F032FEE5214DF256
:104150000F1001F02DFE01214DF2101001F028FE8C
:1041600013214DF2111001F023FE01214DF2121026
:1041700001F01EFE54214DF2131001F019FE012131
:104180004DF2141001F014FE82214DF2151001F0D1
:104190000FFE01214DF2161001F00AFECA214DF268
:1041A000171001F005FE02214DF2181001F000FE7B
:1041B00000214DF2191001F0FBFD02214DF21A1001
:1041C00001F0F6FD01214DF21B1001F0F1FD02217D
:1041D0004DF21C1001F0ECFD34214DF21D1001F0E8
:1041E000E7FD02214DF21E1001F0E2FD67214DF2C4
:1041F0001F1001F0DDFD02214DF2201001F0D8FD6D
:1042000084214DF2211001F0D3FD02214DF2221044
:1042100001F0CEFDA4214DF2231001F0C9FD0221D1
:104220004DF2241001F0C4FDB7214DF2251001F02C
:10423000BFFD02214DF2261001F0BAFDCF214DF253
:10424000271001F0B5FD02214DF2281001F0B0FD5C
:10425000DE214DF2291001F0ABFD02214DF22A10B2
:1042600001F0A6FDF2214DF22B1001F0A1FD02217B
:104270004DF22C1001F09CFDFE214DF22D1001F0AD
:1042800097FD03214DF22E1001F092FD10214DF209
:104290002F1001F08DFD03214DF2301001F088FD4B
:1042A00033214DF2311001F083FD03214DF2321024
:1042B00001F07EFD6D214DF2331001F079FD0021FA
:1042C0004FF4524001F074FD33214DF2012001F012
:1042D0006FFD00214DF2022001F06AFD34214DF204
:1042E000032001F065FD00214DF2042001F060FD86
:1042F0003A214DF2052001F05BFD00214DF2062030
:1043000001F056FD4A214DF2072001F051FD002138
:104310004DF2082001F04CFD5C214DF2092001F026
:1043200047FD00214DF20A2001F042FD81214DF2AE
:104330000B2001F03DFD00214DF20C2001F038FD75
:10434000A6214DF20D2001F033FD00214DF20E208B
:1043500001F02EFDE5214DF20F2001F029FD012194
:104360004DF2102001F024FD13214DF2112001F037
:104370001FFD01214DF2122001F01AFD54214DF2D2
:10438000132001F015FD01214DF2142001F010FD64
:1043900082214DF2152001F00BFD01214DF2162076
:1043A00001F006FDCA214DF2172001F001FD0221A6
:1043B0004DF2182001F0FCFC00214DF2192001F013
:1043C000F7FC02214DF21A2001F0F2FC01214DF21E
:1043D0001B2001F0EDFC02214DF21C2001F0E8FC55
:1043E00034214DF21D2001F0E3FC02214DF21E208C
:1043F00001F0DEFC67214DF21F2001F0D9FC022103
:104400004DF2202001F0D4FC84214DF2212001F056
:10441000CFFC02214DF2222001F0CAFCA4214DF272
:10442000232001F0C5FC02214DF2242001F0C0FC44
:10443000B7214DF2252001F0BBFC02214DF22620D0
:1044400001F0B6FCCF214DF2272001F0B1FC022192
:104450004DF2282001F0ACFCDE214DF2292001F0C4
:10446000A7FC02214DF22A2001F0A2FCF2214DF21C
:104470002B2001F09DFC02214DF22C2001F098FC34
:10448000FE214DF22D2001F093FC03214DF22E2050
:1044900001F08EFC10214DF22F2001F089FC032148
:1044A0004DF2302001F084FC33214DF2312001F037
:1044B0007FFC03214DF2322001F07AFC6D214DF298
:1044C000332001F075FC00214FF4534001F070FCE3
:1044D00033214DF2013001F06BFC00214DF202302E
:1044E00001F066FC34214DF2033001F061FC002143
:1044F0004DF2043001F05CFC3A214DF2053001F040
:1045000057FC00214DF2063001F052FC4A214DF2D9
:10451000073001F04DFC00214DF2083001F048FC5D
:104520005C214DF2093001F043FC00214DF20A30CC
:1045300001F03EFC81214DF20B3001F039FC0021ED
:104540004DF20C3001F034FCA6214DF20D3001F09B
:104550002FFC00214DF20E3001F02AFCE5214DF236
:104560000F3001F025FC01214DF2103001F020FC4C
:1045700013214DF2113001F01BFC01214DF21230DC
:1045800001F016FC54214DF2133001F011FC012111
:104590004DF2143001F00CFC82214DF2153001F087
:1045A00007FC01214DF2163001F002FCCA214DF248
:1045B000173001F0FDFB02214DF2183001F0F8FB3D
:1045C00000214DF2193001F0F3FB02214DF21A30B7
:1045D00001F0EEFB01214DF21B3001F0E9FB02215D
:1045E0004DF21C3001F0E4FB34214DF21D3001F09E
:1045F000DFFB02214DF21E3001F0DAFB67214DF2A4
:104600001F3001F0D5FB02214DF2203001F0D0FB2C
:1046100084214DF2213001F0CBFB02214DF22230FA
:1046200001F0C6FBA4214DF2233001F0C1FB0221B1
:104630004DF2243001F0BCFBB7214DF2253001F0E2
:10464000B7FB02214DF2263001F0B2FBCF214DF233
:10465000273001F0ADFB02214DF2283001F0A8FB1C
:10466000DE214DF2293001F0A3FB02214DF22A3068
:1046700001F09EFBF2214DF22B3001F099FB02215B
:104680004DF22C3001F094FBFE214DF22D3001F063
:104690008FFB03214DF22E3001F08AFB10214DF2E9
:1046A0002F3001F085FB03214DF2303001F080FB0B
:1046B00033214DF2313001F07BFB03214DF23230DA
:1046C00001F076FB6D214DF2333001F071FB0021DA
:1046D0004FF4544001F06CFB33214DF2014001F0E6
:1046E00067FB00214DF2024001F062FB34214DF2E4
:1046F000034001F05DFB00214DF2044001F058FB46
:104700003A214DF2054001F053FB00214DF20640E5
:1047100001F04EFB4A214DF2074001F049FB002118
:104720004DF2084001F044FB5C214DF2094001F0DC
:104730003FFB00214DF20A4001F03AFB81214DF28E
:104740000B4001F035FB00214DF20C4001F030FB35
:10475000A6214DF20D4001F02BFB00214DF20E4041
:1047600001F026FBE5214DF20F4001F021FB012174
:104770004DF2104001F01CFB13214DF2114001F0ED
:1047800017FB01214DF2124001F012FB54214DF2B2
:10479000134001F00DFB01214DF2144001F008FB24
:1047A00082214DF2154001F003FB01214DF216402C
:1047B00001F0FEFACA214DF2174001F0F9FA022188
:1047C0004DF2184001F0F4FA00214DF2194001F0C9
:1047D000EFFA02214DF21A4001F0EAFA01214DF2FE
:1047E0001B4001F0E5FA02214DF21C4001F0E0FA15
:1047F00034214DF21D4001F0DBFA02214DF21E4042
:1048000001F0D6FA67214DF21F4001F0D1FA0221E2
:104810004DF2204001F0CCFA84214DF2214001F00C
:10482000C7FA02214DF2224001F0C2FAA4214DF252
:10483000234001F0BDFA02214DF2244001F0B8FA04
:10484000B7214DF2254001F0B3FA02214DF2264086
:1048500001F0AEFACF214DF2274001F0A9FA022172
:104860004DF2284001F0A4FADE214DF2294001F07A
:104870009FFA02214DF22A4001F09AFAF2214DF2FC
:104880002B4001F095FA02214DF22C4001F090FAF4
:10489000FE214DF22D4001F08BFA03214DF22E4006
:1048A00001F086FA10214DF22F4001F081FA032128
:1048B0004DF2304001F07CFA33214DF2314001F0ED
:1048C00077FA03214DF2324001F072FA6D214DF278
:1048D000334001F06DFA00214FF4554001F068FAC1
:1048E00033214DF2015001F063FA00214DF20250E4
:1048F00001F05EFA34214DF2035001F059FA002123
:104900004DF2045001F054FA3A214DF2055001F0F5
:104910004FFA00214DF2065001F04AFA4A214DF2B9
:10492000075001F045FA00214DF2085001F040FA1D
:104930005C214DF2095001F03BFA00214DF20A5082
:1049400001F036FA81214DF20B5001F031FA0021CD
:104950004DF20C5001F02CFAA6214DF20D5001F051
:1049600027FA00214DF20E5001F022FAE5214DF216
:104970000F5001F01DFA01214DF2105001F018FA0C
:1049800013214DF2115001F013FA01214DF2125092
:1049900001F00EFA54214DF2135001F009FA0121F1
:1049A0004DF2145001F004FA82214DF2155001F03D
:1049B000FFF901214DF2165001F0FAF9CA214DF22A
:1049C000175001F0F5F902214DF2185001F0F0F9FD
:1049D00000214DF2195001F0EBF902214DF21A506D
:1049E00001F0E6F901214DF21B5001F0E1F902213D
:1049F0004DF21C5001F0DCF934214DF21D5001F054
:104A0000D7F902214DF21E5001F0D2F967214DF283
:104A10001F5001F0CDF902214DF2205001F0C8F9EC
:104A200084214DF2215001F0C3F902214DF22250B0
:104A300001F0BEF9A4214DF2235001F0B9F9022191
:104A40004DF2245001F0B4F9B7214DF2255001F098
:104A5000AFF902214DF2265001F0AAF9CF214DF213
:104A6000275001F0A5F902214DF2285001F0A0F9DC
:104A7000DE214DF2295001F09BF902214DF22A501E
:104A800001F096F9F2214DF22B5001F091F902213B
:104A90004DF22C5001F08CF9FE214DF22D5001F019
:104AA00087F903214DF22E5001F082F910214DF2C9
:104AB0002F5001F07DF903214DF2305001F078F9CB
:104AC00033214DF2315001F073F903214DF2325090
:104AD00001F06EF96D214DF2335001F069F90021BA
:104AE0004FF4564001F064F933214DF2016001F0BA
:104AF0005FF900214DF2026001F05AF934214DF2C4
:104B0000036001F055F900214DF2046001F050F905
:104B10003A214DF2056001F04BF900214DF206609B
:104B200001F046F94A214DF2076001F041F90021F8
:104B30004DF2086001F03CF95C214DF2096001F092
:104B400037F900214DF20A6001F032F981214DF26E
:104B50000B6001F02DF900214DF20C6001F028F9F5
:104B6000A6214DF20D6001F023F900214DF20E60F7
:104B700001F01EF9E5214DF20F6001F019F9012154
:104B80004DF2106001F014F913214DF2116001F0A3
:104B90000FF901214DF2126001F00AF954214DF292
:104BA000136001F005F901214DF2146001F000F9E4
:104BB00082214DF2156001F0FBF801214DF21660E3
:104BC00001F0F6F8CA214DF2176001F0F1F8022168
:104BD0004DF2186001F0ECF800214DF2196001F07F
:104BE000E7F802214DF21A6001F0E2F801214DF2DE
:104BF0001B6001F0DDF802214DF21C6001F0D8F8D5
:104C000034214DF21D6001F0D3F802214DF21E60F7
:104C100001F0CEF867214DF21F6001F0C9F80221C2
:104C20004DF2206001F0C4F884214DF2216001F0C2
:104C3000BFF802214DF2226001F0BAF8A4214DF232
:104C4000236001F0B5F802214DF2246001F0B0F8C4
:104C5000B7214DF2256001F0ABF802214DF226603C
:104C600001F0A6F8CF214DF2276001F0A1F8022152
:104C70004DF2286001F09CF8DE214DF2296001F030
:104C800097F802214DF22A6001F092F8F2214DF2DC
:104C90002B6001F08DF802214DF22C6001F088F8B4
:104CA000FE214DF22D6001F083F803214DF22E60BC
:104CB00001F07EF810214DF22F6001F079F8032108
:104CC0004DF2306001F074F833214DF2316001F0A3
:104CD0006FF803214DF2326001F06AF86D214DF258
:104CE000336001F065F855214FF4704001F060F831
:104CF000AA214FF2010001F05BF852214FF20200AD
:104D000001F056F808214FF2030001F051F800219C
:104D10004FF2040001F04CF8CC214FF4314001F087
:104D200047F800214BF2011001F042F805214FF441
:104D3000364001F03DF870214FF4374001F038F86B
:104D400070214BF2017001F033F801214FF438402B
:104D500001F02EF803214BF6010001F029F80321A0
:104D60004BF6020001F024F803214BF6030001F09A
:104D70001FF802214FF43C4001F01AF800214BF6D5
:104D8000014001F015F800214BF6024001F010F847
:104D9000D0214FF4494001F00BF802214CF60110EC
:104DA00001F006F850214CF6021001F001F85021F4
:104DB0004CF6031000F0FCFF50214CF6041000F0FC
:104DC000F7FF00214FF4545000F0F2FF55214FF44B
:104DD000685000F0EDFF4FF4885000F0D3FF7820CA
:104DE000FDF772FC4FF4245000F0CCFF10BD10B55D
:104DF000E22000F0C7FF1D2000F0B8FF022000F005
:104E0000B5FF042000F0B2FF6420FDF75DFCE02058
:104E100000F0B8FF012000F0A9FF0A20FDF748FCD0
:104E2000E02000F0AFFF032000F0A0FF0C20FDF712
:104E30003FFC012000F0A6FF0A20FDF739FCE62028
:104E400000F0A0FF2F2000F091FFFF2000F08EFF68
:104E5000FF2000F08BFFB02000F094FF202000F036
:104E600085FF002000F082FF032000F07FFF40F26A
:104E70001F3000F07BFF012000F078FF40F2DF10D0
:104E800000F074FF002000F071FFB42000F07AFF02
:104E9000042000F06BFF40F21F4000F067FF00208D
:104EA00000F064FF2E2000F061FF002000F05EFFA4
:104EB000002000F05BFF002000F058FF002000F011
:104EC00055FFB62000F05EFF022000F04FFF4FF4C8
:104ED000037000F04BFF002000F048FF172000F0A7
:104EE00045FF152000F042FF002000F03FFF0020AA
:104EF00000F03CFFF02000F045FF032000F036FFFB
:104F0000292000F03FFFD02000F03CFF002000F0FF
:104F10002DFFBE2000F036FF052000F027FFFE2009
:104F200000F024FF012000F021FF002000F01EFF10
:104F3000002000F01BFF002000F018FFB82000F058
:104F400021FF032000F012FF012000F00FFFBA2024
:104F500000F018FF012000F009FF10BD10B511206E
:104F600000F010FF7820FDF7A3FB362000F00AFFC9
:104F7000002000F0FBFE3A2000F004FF052000F0C6
:104F8000F5FEB22000F0FEFE0C2000F0EFFE0C203B
:104F900000F0ECFE002000F0E9FE332000F0E6FE19
:104FA000332000F0E3FEB72000F0ECFE352000F0E7
:104FB000DDFEBB2000F0E6FE322000F0D7FEC02070
:104FC00000F0E0FE0C2000F0D1FEC22000F0DAFE7E
:104FD000012000F0CBFEC32000F0D4FE102000F032
:104FE000C5FEC42000F0CEFE202000F0BFFEC6208B
:104FF00000F0C8FE0F2000F0B9FED02000F0C2FE85
:10500000A42000F0B3FEA12000F0B0FEE02000F0EC
:10501000B9FED02000F0AAFE002000F0A7FE02207A
:1050200000F0A4FE072000F0A1FE0A2000F09EFE82
:10503000282000F09BFE322000F098FE442000F073
:1050400095FE422000F092FE062000F08FFE0E201A
:1050500000F08CFE122000F089FE142000F086FE85
:10506000172000F083FEE12000F08CFED02000F03D
:105070007DFE002000F07AFE022000F077FE07207F
:1050800000F074FE0A2000F071FE282000F06EFE91
:10509000312000F06BFE542000F068FE472000F045
:1050A00065FE0E2000F062FE1C2000F05FFE17205F
:1050B00000F05CFE1B2000F059FE1E2000F056FEA2
:1050C0002A2000F05FFE002000F050FE002000F0DB
:1050D0004DFE002000F04AFEEF2000F047FE2B209E
:1050E00000F050FE002000F041FE002000F03EFEE7
:1050F000012000F03BFE3F2000F038FE292000F0A8
:1051000041FE10BD10B5112000F03CFE7820FDF7E7
:10511000CFFA362000F036FE482000F027FE3A2075
:1051200000F030FE552000F021FEF02000F02AFEB5
:10513000C32000F01BFEF02000F024FE962000F0BB
:1051400015FEB42000F01EFE012000F00FFEB62078
:1051500000F018FE0A2000F009FEA22000F006FE72
:10516000B72000F00FFEC62000F000FEB92000F0CE
:1051700009FE022000F0FAFDE02000F0F7FDC0205B
:1051800000F000FE802000F0F1FD162000F0EEFDA2
:10519000C12000F0F7FD192000F0E8FDC22000F06A
:1051A000F1FDA72000F0E2FDC52000F0EBFD162088
:1051B00000F0DCFDE82000F0E5FD402000F0D6FD29
:1051C0008A2000F0D3FD002000F0D0FD002000F088
:1051D000CDFD292000F0CAFD192000F0C7FDA52053
:1051E00000F0C4FD332000F0C1FDE02000F0CAFD56
:1051F000F02000F0BBFD072000F0B8FD0D2000F00E
:10520000B5FD042000F0B2FD052000F0AFFD142034
:1052100000F0ACFD362000F0A9FD542000F0A6FD02
:105220004C2000F0A3FD382000F0A0FD132000F07A
:105230009DFD142000F09AFD2E2000F097FD3420F3
:1052400000F094FDE12000F09DFDF02000F08EFDC7
:10525000102000F08BFD142000F088FD0E2000F0DF
:1052600085FD0C2000F082FD082000F07FFD352038
:1052700000F07CFD442000F079FD4C2000F076FD2C
:10528000262000F073FD102000F070FD122000F0C9
:105290006DFD2C2000F06AFD322000F067FDF0204B
:1052A00000F070FD3C2000F061FDF02000F06AFD90
:1052B000692000F05BFD7820FDF7FAF9212000F06D
:1052C00061FD292000F05EFD10BD000000B595B025
:1052D00000BF00BF00200190F848006840F0400087
:1052E000F64908600846006800F04000019000BFE1
:1052F00000BF00BF00BF00BF00200190084600684B
:1053000040F0080008600846006800F008000190BE
:1053100000BF00BF00BF00BF00BF002001900846D3
:10532000006840F0080008600846006800F00800C7
:10533000019000BF00BF00BF00BF00BF0020019070
:105340000846006840F0400008600846006800F029
:105350004000019000BF00BF00BF00BF00BF0020A1
:1053600001900846006840F00200086008460068A6
:1053700000F00200019000BF00BF00BF8814109031
:105380000220119001201290022013900C20149002
:1053900010A9CB48FBF7ACFB2020109010A9C948FE
:1053A000FBF7A6FB1020109010A9C648FBF7A0FB46
:1053B0004FF48050109010A9C348FBF799FB4FF4AD
:1053C000004010900120119010A9C048FBF790FBFD
:1053D0004FF02040BE490860BE4848600620886003
:1053E0000021BB48C1601021416100218161C16180
:1053F00041624FF4805181620021C1624FF48041CB
:1054000001630021416381630F20099000200A900D
:105410003C200B9000200F90092002900020039068
:10542000092004900020089002AA09A9A848FCF7C6
:10543000B9F83220FDF73CF9D32000F0A3FC00F0CE
:10544000D5F9A549888000F0D1F9A349888000F0FA
:10545000CDF9A1498880084680884FF6FF7101EA9E
:1054600000209D49888000F0C1F99B498988084344
:10547000994988800846808849F2413188427CD029
:10548000042000F07FFC00F0B1F99349888000F01F
:10549000ADF99149888000F0A9F98F4988800846C4
:1054A00080884FF6FF7101EA00208B49888000F068
:1054B0009DF98949898808438749888008468088FA
:1054C00048F25251884203D147F28970824988805C
:1054D0008148808847F289718842D0D0D42000F07A
:1054E00051FC00F083F97C49888000F07FF97A490B
:1054F000888000F07BF978498880084680884FF6DC
:10550000FF7101EA00207449888000F06FF9724948
:1055100089880843704988800846808845F21031A0
:105520008842ACD0D32000F02DFC00F05FF96A492E
:10553000888000F05BF96849888000F057F9664977
:105540008880084680884FF6FF7101EA0020624992
:10555000888000F04BF96049898808435E4988805B
:105560000846808847F29671884288D055214FF4CA
:10557000704000F01DFCAA2100E07EE04FF2010027
:1055800000F016FC52214FF2020000F011FC08213D
:105590004FF2030000F00CFC01214FF2040000F078
:1055A00007FC4FF4454000F0EDFB00F01FF94A49BD
:1055B0008880084680884FF6FF7101EA002046493E
:1055C00088804CF2015000F0DDFB00F00FF94249F9
:1055D00089880843404988800520FDF769F83E48DE
:1055E000808845F21051884247D0D32000F0CAFB92
:1055F00000F0FCF83849888000F0F8F836498880D7
:1056000000F0F4F834498880084680884FF6FF712E
:1056100001EA00203049888000F0E8F82E498988A6
:1056200008432D4988800846808849F6060188424B
:1056300023D0A12000F0A6FB00F0D8F826498880EE
:1056400000F0D4F824498880084680884FF6FF711E
:1056500001EA00202049888000F0C8F81E498988A6
:1056600008431D4988800846808845F26171884258
:1056700003D141F66310184988801748818817A024
:10568000FAF7DAFE1448808847F28971884202D11D
:10569000FFF764FC4EE01048808849F241318842AF
:1056A00002D1FDF7F7F945E00B48808845F210314B
:1056B000884219D1FDF7A4FC3CE0000030380240DC
:1056C00000180240000C0240001402400004024096
:1056D00010020020040100A0600200204C4344207E
:1056E00049443A25780D0A003A48808847F2967175
:1056F000884202D1FFF706FD1CE03648808845F25B
:105700001051884202D1FEF7F4FB13E03148808843
:1057100049F60601884202D1FDF7D2FA0AE02D4887
:10572000808841F66311884204D1FFF760FB642052
:1057300000F0ECFA2748808847F2897188420BD044
:105740002448808849F24131884205D02148808828
:1057500041F6631188420AD10320029004901E4949
:105760000B6B8A68486802A9FBF7E4F821E0194846
:10577000808845F21031884211D01648808847F25F
:10578000967188420BD01348808845F210518842A8
:1057900005D01048808849F60601884209D10220C8
:1057A000029004900C490B6B8A68486802A9FBF7C9
:1057B000C1F80020FDF7A8F800BF0122D103074877
:1057C000FBF7A2FA00BF4FF6FF70FDF783F815B0A4
:1057D00000BD000060020020100200200004024012
:1057E00000BF011EA0F10100FBD1704708B50220E7
:1057F000FFF7F6FF024800880090BDF8000008BDE2
:105800008000006CF0B50546002400278B488079A5
:10581000012805D18948808841F66311884208D162
:1058200086488079F0B98548808841F663118842BE
:1058300018D1082D15D2DFE805F00406080A0C0E71
:10584000101206250DE007250BE0042509E00525CB
:1058500007E0012505E0002503E0032501E002251E
:1058600000BF00BF082D1CD2DFE805F00406090CBC
:105870000F12151800BF14E044F0800411E044F04A
:1058800040040EE044F0C0040BE044F0200408E0C3
:1058900044F0600405E044F0A00402E044F0E004B9
:1058A00000BF00BF36276548808845F21051884206
:1058B00000D13F026148808849F2413188420BD0D3
:1058C0005E48808847F28971884205D05B488088AD
:1058D00047F29671884201D144F0080421463846C7
:1058E00000F066FA5548808841F6631188421DD061
:1058F00004F0200068B15148008850494988884226
:1059000014DA4E48068840884C490880084646808C
:105910000CE04A48008849494988884206DD4748E2
:105920000688408845490880084646804348808864
:1059300045F21051884252D14049488900F022FA7C
:10594000002000F013FA3D494989491C88B200F053
:1059500019FA002000F00AFA38494989891C88B2EE
:1059600000F010FA35490988491EC1F30F2000F0F4
:10597000FDF932494989C91C88B200F003FA2F4960
:105980000978491EC8B200F0F1F92C49888900F065
:10599000F9F9002000F0EAF928498989491C88B200
:1059A00000F0F0F9002000F0E1F924498989891C10
:1059B00088B200F0E7F921494988491EC1F30F2058
:1059C00000F0D4F91D498989C91C88B200F0DAF9C0
:1059D0001A498978491EC8B200F0C8F92DE0174964
:1059E000488900F0CFF9002000F0C0F9002000F055
:1059F000BDF912490988491EC1F30F2000F0B6F91C
:105A00000E490978491EC8B200F0B0F90B498889DF
:105A100000F0B8F9002000F0A9F9002000F0A6F984
:105A200006494988491EC1F30F2000F09FF9034938
:105A30008978491EC8B200F099F9F0BD60020020D3
:105A400010B502460C464548808841F663118842ED
:105A500047D142488079A8B940480088401E801A42
:105A600082B23E49488900F08DF9002000F07EF9AD
:105A7000002000F07BF9101200F078F9D0B200F0AD
:105A800075F916E03549488900F07CF9101200F0EC
:105A90006DF9D0B200F06AF930490988491EC1F3A6
:105AA0000F2000F063F92D490978491EC8B200F0B3
:105AB0005DF92A49888900F065F9201200F056F94D
:105AC000E0B200F053F925494988491EC1F30F207F
:105AD00000F04CF921498978491EC8B200F046F916
:105AE0003AE01E48808845F21051884220D11B4977
:105AF000488900F047F9101200F038F91749498930
:105B0000491C88B200F03EF9D0B200F02FF91349D9
:105B1000888900F037F9201200F028F90F498989A7
:105B2000491C88B200F02EF9E0B200F01FF913E032
:105B30000A49488900F026F9101200F017F9D0B28E
:105B400000F014F90549888900F01CF9201200F0D2
:105B50000DF9E0B200F00AF910BD0000600200206B
:105B60002DE9FC4F80460E4615461C46B3460020E4
:105B7000019000902046E31704EB5373DB1021469D
:105B80004FEAE47C04EB5C7C4FEAEC0CA4EBCC0C1D
:105B9000BCF1000F02D04FF0010C01E04FF0000CFF
:105BA0006344224604EBD27C4FEA6C0C03FB0CF3FB
:105BB000DBB20193A5F12000C5B20C2C06D0102C4D
:105BC0000BD0182C0ED0202C18D112E005EB45007C
:105BD0002D4901EB8000009012E02C4800EB0510ED
:105BE00000900DE005EBC500294901EB8000009015
:105BF00006E0284800EB8510009001E0BDE8FC8F2E
:105C000000BF00273AE0009810F807904FF0000A14
:105C10002EE009F0800028B1314640460C9AFCF78E
:105C200029FF07E00B9828B91B4831460268404617
:105C3000FCF720FF4FEA49604FEA1069701C86B2FA
:105C400016484088B04200DCD8E7A6EB0B00A04223
:105C50000AD15E4608F101001FFA80F80F4800885B
:105C6000404500DCCAE706E00AF1010000F0FF0A47
:105C7000BAF1080FCDDB00BF781CC7B2019887428C
:105C8000C1DB00BFBAE70000CE8A0008428F0008DF
:105C9000329500088EA20008440000206002002017
:105CA0002DE9FC4F04460D4690469946DDE90C7AF5
:105CB0000B9E04F0FF0B08EB04001FFA80F809EBC1
:105CC00005001FFA80F917E0444502DB5C46A8197D
:105CD00085B24D4500DB15E00020CDE9000A3A7899
:105CE000334629462046FFF73BFF304606EBD0718E
:105CF00004EB61018CB27F1C38787E2802DC387896
:105D00002028E1DA00BFBDE8FC8F000070B52DED62
:105D1000048B0446BE2000F035F8052000F026F87C
:105D2000204602F0B2FD41EC190B9FED0E0B53EC37
:105D3000102B02F0BDFD41EC180B02F079FD85B28D
:105D4000284600F013F8012000F010F8FF2000F0C2
:105D50000DF8002000F00AF8002000F007F8BDEC74
:105D6000048B70BD666666666666044001B5BDF864
:105D700000000090BDF800000149088008BD000047
:105D80008000006C01B5BDF800000090BDF8000077
:105D90000149088008BD00007E00006C02480089AF
:105DA0000249088070470000600200207E00006CFD
:105DB000034A10804FF0D842A2F8801070470000CC
:105DC0007E00006C00B587B000BF00BF00200190CE
:105DD0002048006840F020001E490860084600681E
:105DE00000F02000019000BF00BF00BF00BF00BF57
:105DF000002001900846006840F020000860084636
:105E0000006800F02000019000BF00BF00BF4815EF
:105E100002900120039004900220059002A90E48F0
:105E2000FAF766FE4FF48060029002A90A48FAF77A
:105E30005FFE00BF012251020748FAF765FF00BF6D
:105E400000BF012291020448FAF75EFF00BF07B0CD
:105E500000BD0000303802400014024010B503209D
:105E6000FAF7FEFFFAF76EFF0723022208214FF42C
:105E7000A87001F0C9F9A820FCF7FEFB4FF4E1304F
:105E800001F056FAFFF79EFFFFF720FAFCF7A4FC9B
:105E900000F0DCFE002000F00BF8022000F008F813
:105EA000012000F005F8FCF741FC002010BD0000C7
:105EB00010B504460C4951F824104A000B4951F81A
:105EC0002400002100F036F8094951F82420074940
:105ED0000C3951F82400002100F02CF8012103486E
:105EE0000C30015510BD000050BA000860000020C1
:105EF00068BA000810B501460023002207E00B48ED
:105F000050F8210030F8120000B15B1C521C084808
:105F100050F821009042F2D84FF47A705843044C64
:105F200054F82140B0FBF4F080B210BD60000020B6
:105F300050BA000830B5034601E003F8011B141EF7
:105F4000A2F10102F9D130BD2DE9F04105460E461E
:105F50002948076800202949096881F85D00274819
:105F60000068001D01F000FA50B92448006890F85C
:105F70002C10012088402249096881432048016093
:105F8000681CD8B9D6B11F4948681C49096888609F
:105F90001A4982680968CA6018490968091D826837
:105FA000516016490968091D8160164A134909683C
:105FB0004A6111460968491C11601AE07C190F48B2
:105FC00000684460BC4207D20C480168091D0E48B5
:105FD000006801F0EDF90CE008480168091D0B4864
:105FE000006801F0E5F90A480068844201D20848D7
:105FF0000460BDE8F08100008400002070000020F3
:1060000088000020F0840120780000207400002027
:10601000A000002010B5044601F0F0F931480068F6
:10602000401C304908603048006840B92E48046080
:106030000846006801280DD100F018FA0AE02B4844
:10604000006838B928480068C06AE16A884201D807
:106050002548046026480068401C25490860084619
:106060000068606494F82C10012088402149096878
:10607000084320490860E16A01EB81011E4A02EBF6
:1060800081014868A0608268E260211D82685160D9
:106090008160E16A01EB8101174A02EB81026261D2
:1060A000E16A01EB8101144A52F82110491CE26AAD
:1060B00002EB8202104B43F8221001F0EBF90B487F
:1060C000006868B108480068C06AE16A884207D27F
:1060D0004FF0805009490860BFF34F8FBFF36F8FB7
:1060E00010BD000080000020700000208C00002007
:1060F0009C000020880000202082012004ED00E0A8
:1061000010B501F07BF910480068D0B90F4801F0D4
:106110003FF90F4801F03CF90C480E4908600C4863
:106120000D49086000221021052001F015FE0649E6
:1061300008600846006820B108A10348006801F023
:1061400069FA01F0A7F910BDC00000200485012004
:1061500018850120B8000020BC000020546D725149
:106160000000000010B516E001F048F90C48C068C6
:10617000C468201D01F0F8F80A480068401E09496B
:10618000086009480068401E0749086001F082F96C
:10619000204600F05FF8044800680028E4D110BDF4
:1061A000DC840120800000207C00002070B50446C3
:1061B0000D46206C70B1216CE0680144E160D4E9C7
:1061C0000210884201D32168E1602846226CE16810
:1061D000FAF704FA70BD2DE9F04104460F46154662
:1061E0004FF00008A66B206C48B9206800282CD11D
:1061F000A06802F0D7F880460020A06025E07DB9B5
:106200003946226C6068FAF7E9F9216C6068084445
:106210006060D4E90101884217D32068606014E00F
:106220003946226CE068FAF7D9F9216CE068411A26
:10623000E1602168E068884203D2216CA068411ABD
:10624000E160022D01D106B1761E701CA0634046AC
:10625000BDE8F08110B50446206B01F05BF92046E3
:1062600001F058F910BD00000146084A1268126892
:106270000AB9012200E000220A600A6822B9034A32
:106280001268D268106800E000207047B800002053
:1062900030B54FF42053174800F007042CB1C01D4F
:1062A00020F00700134C041B1B1B0246124C2260FB
:1062B0000024114D6C60D018083820F007000F4CF6
:1062C000206000240D4D2D686C600C4D2D682C60F5
:1062D0001146441A4C60094C24680C60084D4C6807
:1062E0002C60084D4C682C604FF00044064D2C602B
:1062F00030BD00002C850120CC000020D4000020FF
:10630000DC000020D8000020E800002000BFFFF7DC
:1063100029FF064800680128F9D94FF08050044948
:106320000860BFF34F8FBFF36F8FF0E7208201202B
:1063300004ED00E02DE9F04106460D46174698466B
:10634000069C0DB9246000E02760E6632564012106
:10635000204601F049FD84F850800020A064BDE88B
:10636000F08100002DE9F05F82460F4690469B4683
:106370000A9E0C9C4FEA8801A522206BFAF773F95C
:10638000A8F10100216B01EB800929F0070909F050
:10639000070008B9012000E0002028B94FF4587226
:1063A00025A12EA0FAF748F887B1002507E0795D0E
:1063B00004F134004155785D00B902E06D1C102DE8
:1063C000F5D300BF00214320015502E0002084F8EE
:1063D0003400202E01D2012000E0002028B940F234
:1063E000973215A11DA0FAF727F8202E00D31F26FB
:1063F000E662E66400202065201D00F0D6FF04F16F
:10640000180000F0D2FF2461C6F12000A061646290
:1064100000206065A06584F85C0084F85D005A4641
:106420005146484600F0FCFB20600B9808B10B98E1
:106430000460BDE8F09F00002E2E5C2E2E5C4D699E
:1064400064646C6577617265735C4672656552540D
:106450004F535C7461736B732E6300004572726FEF
:10646000723A2025732C2025640D0A0010B50024F3
:1064700007E004EB84010F4A02EB810000F088FF83
:10648000641C202CF5D30C4800F082FF0B4800F070
:106490007FFF0B4800F07CFF0A4800F079FF0A48B4
:1064A00000F076FF0448094908600448084908607C
:1064B00010BD000020820120A0840120B4840120AE
:1064C000C8840120DC840120F084012074000020B5
:1064D0007800002010B50146164800E00068036807
:1064E0008B42FBD30246436813448B4204D143687A
:1064F0004C682344436001460A464B6813440468D1
:10650000A34211D10C4C03682468A34208D04B6805
:106510000468646823444B6003681B680B6005E0F3
:10652000054B1B680B6001E003680B60884200D0DC
:10653000016010BDCC000020D40000202DE9F04106
:1065400004460D4616461F464FF00008656024615C
:10655000B5420CD8F01BA169884202D34FF0010864
:1065600011E0211D0948006800F022FF0BE0BE4247
:1065700004D2BD4202D34FF0010804E0211D0448BB
:10658000006800F015FF4046BDE8F081BC00002027
:10659000B800002070B5054600F030FFA86B08B9C0
:1065A000012400E0002400F075FF204670BD0000CB
:1065B000F1B50098846C00262CB940F6D53220A1A4
:1065C00028A0F9F739FFA06BE16B884201D20120C6
:1065D00000E0002028B940F6D63219A121A0F9F731
:1065E0002BFFA06BE16B884227D294F94550002223
:1065F00069462046FFF7EFFD0646681C60B9606AF1
:1066000008B9012000E00020B0B904F1240001F035
:1066100051FF88B101260FE07F2D01D0012000E05D
:10662000002028B940F6F63205A10EA0F9F704FFC4
:10663000681C40B284F8450000BF3046F8BD000039
:106640002E2E5C2E2E5C4D6964646C6577617265DC
:10665000735C4672656552544F535C717565756520
:106660002E6300004572726F723A2025732C20252C
:10667000640D0A0070B505460E460E480068C068F5
:10668000C468201D00F070FE94F8280000F004009B
:1066900028B132462946204600F0FEF805E094F87D
:1066A000280000F0FE0084F828002046216A884770
:1066B00070BD0000B800002070B586B08AE0029876
:1066C00000280CDA03AE2EB940F2063247A150A0E2
:1066D000F9F7B2FED6E90020B168904700BF0298F2
:1066E000002877DB049C606908B9012000E00020E5
:1066F00010B9201D00F038FE01A800F0F9F8054699
:1067000002980A2864D2DFE800F06305072E3653AA
:1067100006082F3700BF00BF00BF94F8280040F0E4
:10672000010084F828000398A269811803462A46CC
:106730002046FFF703FFA8B194F8280000F00400FA
:1067400038B10398A26981182A46204600F0A4F8BF
:1067500005E094F8280000F0FE0084F828002046A8
:10676000216A884735E000BF94F8280000F0FE0059
:1067700084F828002DE000BF94F8280040F00100C4
:1067800084F828000398A061A06908B1012000E006
:10679000002028B940F2593214A11DA0F9F74CFE8F
:1067A000A06941192B462A462046FFF7C7FE10E094
:1067B00094F8280000F0020018B9204600F0AAFE64
:1067C00005E094F8280000F0FE0084F8280000E0BE
:1067D00000BF00BF002202A91148006801F082FB3F
:1067E00000287FF46CAF06B070BD00002E2E5C2E2A
:1067F0002E5C4D6964646C6577617265735C46728A
:10680000656552544F535C74696D6572732E6300F5
:106810004572726F723A2025732C2025640D0A0090
:10682000C0000020F8B505460C4601F021F9684685
:1068300000F05EF80646009820BB44B9B54206D881
:1068400001F0DEFE31462846FFF714FF1CE03CB1A4
:106850000E480068006808B9012000E000200446E6
:10686000A91B22460A48006800F01AFF01F0C8FE82
:1068700050B94FF0805007490860BFF34F8FBFF306
:106880006F8F01E001F0BCFEF8BD0000BC000020ED
:10689000C000002004ED00E070B504460D46164629
:1068A00004E0A06905442046216A8847A06941198F
:1068B0002B4632462046FFF741FE0028F1D170BD3D
:1068C00009480068006808B9012000E0002020B1F4
:1068D0004FF0FF300549086005E003480068C068D4
:1068E000006802490860704774000020A000002082
:1068F00070B5044601F05CFC054607480068854217
:1069000004D200F00BF80120206001E0002020609C
:1069100001480560284670BDC800002070B508E039
:106920000D480068C06804684FF0FF312046FFF74B
:10693000A1FE09480068006808B9012000E00020B5
:106940000028EDD004480568044800680249086042
:106950000248056070BD0000B8000020BC000020A7
:106960000B480068401C08B9012000E0002020B955
:10697000E92208A116A0F9F75FFD00BF502080F3BF
:106980001188BFF34F8FBFF36F8F00BF00BFFEE7CB
:10699000EC0000202E2E5C2E2E5C4D6964646C652C
:1069A00077617265735C4672656552544F535C70D3
:1069B0006F727461626C655C525644535C41524D17
:1069C0005F434D34465C706F72742E6300000000AC
:1069D0004572726F723A2025732C2025640D0A00CF
:1069E00008B500BF6846FFF73FFC04462046009903
:1069F000FFF718FFFFF760FEF4E770B5044600F0FC
:106A0000FDFC94F9455019E0A06C30B12046FFF729
:106A1000CFFD88B100F04AFF0EE0606A08B901209E
:106A200000E0002038B904F1240001F043FD18B162
:106A300000F03CFF00E003E0681E45B2002DE3DCFF
:106A400000BFFF2084F8450000F024FD00F0D6FCD4
:106A500094F9445010E0206908B9012000E00020BA
:106A600048B904F1100001F025FD08B100F01EFF47
:106A7000681E45B200E001E0002DECDC00BFFF2005
:106A800084F8440000F006FD70BD00002DE9F041DF
:106A900004464FF0000800F0EBFF4948006808B9D1
:106AA000FFF7F6FB474800682040002875D1002C0E
:106AB00023D004F10800A0421FD9083404F00700D5
:106AC00000281BD004F00700C0F108002044A042B9
:106AD00011D904F00700C0F10800044404F00700D5
:106AE00008B9012000E0002040B99C2236A144A052
:106AF000F9F7A2FC02E0002400E00024002C4CD0B6
:106B000043480068844248D8424E3046056801E058
:106B10002E462D686868A04202D228680028F7D166
:106B200027480068854238D0306800F10808286896
:106B300030606868001B102813D92F1907F0070070
:106B400008B9012000E0002020B9CF221EA12CA00E
:106B5000F9F772FC6868001B78606C603846FFF7D4
:106B6000B9FC2B4968680968081A29490860084671
:106B7000006829490968884203D2254800682649E7
:106B80000860104968680968084368600020286048
:106B900022480068401C2149086001F031FD08F0DE
:106BA000070008B9012000E0002028B94FF48872DE
:106BB00005A113A0F9F740FC4046BDE8F0810000B4
:106BC000D4000020E80000202E2E5C2E2E5C4D69A3
:106BD00064646C6577617265735C46726565525476
:106BE0004F535C706F727461626C655C4D656D4D86
:106BF000616E675C686561705F342E630000000041
:106C00004572726F723A2025732C2025640D0A009C
:106C1000D8000020CC000020DC000020E000002094
:106C2000001F4FF080730360001F21F00103036019
:106C3000001F054B036014380260001F6FF0020351
:106C400003602038704700006169000800B58DB00E
:106C5000FBF75EFC00BF00BF002000907148006899
:106C600040F040006F4908600846006800F04000AE
:106C7000009000BF00BF00BF00BF00BF0020009019
:106C80000846006840F0080008600846006800F008
:106C90000800009000BF00BF00BF00BF00BF002081
:106CA00000900846006840F0080008600846006848
:106CB00000F00800009000BF00BF00BF00BF002030
:106CC000009058480830006840F0010055490831EC
:106CD00008600846006800F00100009000BF00BF97
:106CE00000BF002000904F48006840F008004D4968
:106CF00008600846006800F00800009000BF00BF70
:106D000000BF002000900846006840F010000860B6
:106D10000846006800F01000009000BF00BF00BFF0
:106D2000002000900846006840F0200008600846F7
:106D3000006800F02000009000BF00BF00BF0020EE
:106D400000900846006840F040000860084600686F
:106D500000F04000009000BF00BF0815089002201E
:106D6000099001200A9002200B900C200C9008A999
:106D70002D48F9F7BDFE2020089008A92B48F9F707
:106D8000B7FE1020089008A92848F9F7B1FE4FF681
:106D9000037008900220099001200A9002200B90B5
:106DA00008A92248F9F7A4FE4FF68370089008A9B5
:106DB0001F48F9F79DFE4FF23F00089008A91D48B3
:106DC000F9F796FE3F20089008A91748F9F790FEBA
:106DD0004FF0204018490860184848600420886037
:106DE00000211548C16001611021416100218161CC
:106DF000C16141624FF4805181620021C16201632F
:106E000041638163002001900290062003900020DE
:106E10000490079001AA01A90748FAF7C3FB0DB037
:106E200000BD00003038024000180240000C024053
:106E3000001002400014024070020020040100A073
:106E40001CB52048006840F078001E490860012009
:106E5000032100230246CDE900104EF233011A4807
:106E6000FBF74EF80120032100230246CDE9001074
:106E70004EF22F011548FBF743F8012003210023B0
:106E80000246CDE9001040F233411148FBF738F8D3
:106E90000120032100230246CDE900104FF4F061E8
:106EA0000C48FBF72DF801200B4908600B49C1F88D
:106EB000A8020949091F086000200849C1F880029A
:106EC0001CBD000030380240000C0240001402409B
:106ED00000180240001002409482414200004342E8
:106EE0002DE9FC410446002500260027FFF7A8FFF6
:106EF00000206B49086001F093FC00BF10E0002007
:106F000067490860674931F81500FBF737FB01F066
:106F100087FC01206449C1F8940201F081FC6D1CDA
:106F2000052DECDB01206149086000205E49C1F8B5
:106F30009402200AFBF774FB01F072FC012058490F
:106F4000086001F06DFC00205749C1F89402E0B2DE
:106F5000FBF766FB01F064FC01205149086001F079
:106F60005FFC00205049C1F894025148006840F08D
:106F700078004F4908600120032103460022CDE933
:106F800000104FF4F0614B48FAF7BAFF01200321DB
:106F900003460022CDE900104CF203014648FAF7FF
:106FA000AFFF00203E49091F0860091D086001F07D
:106FB00037FC01203C49C1F8940201F031FC38480B
:106FC0005C3800683849D1F83C1240EA4100364943
:106FD000D1F8001240EA81003349D1F8041240EAA6
:106FE000C1003649D1F81C1240EA01103349D1F8EA
:106FF000201240EA41103149D1F8241240EA8110B0
:107000002E49D1F8281240EAC110C6B201F008FC9E
:1070100000202349086001F003FC01202249C1F847
:10702000940201F0FDFB1E485C3800681E49D1F84F
:107030003C1240EA41001C49D1F8001240EA8100AC
:107040001949D1F8041240EAC1001C49D1F81C12B8
:1070500040EA01101949D1F8201240EA41101749BD
:10706000D1F8241240EA81101449D1F8281240EADC
:10707000C110C7B201F0D4FB00200C4928310860D0
:10708000012007490860091F086001F0C9FB0120C1
:1070900006492831086047EA0620BDE8FC81000067
:1070A00094824142F8000020008041428002434225
:1070B0003038024000100240000C02400000424202
:1070C00070B504460D460026FFF7BAFE01F0A8FB96
:1070D00000BF10E000202F4908602F4931F816004A
:1070E000FBF74CFA01F09CFB01202C49C1F89402FB
:1070F00001F096FB761C052EECDB01202849086088
:1071000000202649C1F89402802141EA1420FBF7AF
:1071100087FA01F085FB01201E49086001F080FB21
:1071200000201E49C1F89402E0B2FBF779FA01F0A1
:1071300077FB01201749086001F072FB0020174916
:10714000C1F89402280AFBF76BFA01F069FB0120F1
:107150001049086001F064FB00201049C1F8940256
:10716000E8B2FBF75DFA01F05BFB0120094908601A
:1071700001F056FB00200A4928310860012005492A
:107180000860091F086001F04BFB01200449283109
:10719000086070BD94824142F800002000804142A6
:1071A000800243421CB5044600F028F90D48022134
:1071B00000238022CDE900100BA10D4800F0B8FF9C
:1071C0000C48032100238222CDE900100AA10C48BB
:1071D00000F0AEFF0B48006800F0CAFA00F05AF960
:1071E0001CBD0000080000207461736B31000000BA
:1071F000D57200080C0000207461736B320000002F
:1072000001730008040000202DE9F04192B080468F
:107210000C4615461E46002700BF002000902A4855
:10722000006840F08050284908600846006800F077
:107230008050009000BF00BF00BF00200090234896
:10724000006840F48040214908600846006800F466
:107250008040009000BF00BF012001900004029018
:107260000220079041050891CDF8288009940B95DC
:107270000C9601A8F9F748FF07461FB1012012B08C
:10728000BDE8F0810F200D9002200E9000200F909D
:107290004FF4A05010904FF48050119004210DA88D
:1072A000F9F7F2FD07460FB10120E8E7F9F732FDE3
:1072B00041F20101884205D10548006840F4807020
:1072C000034908600020DAE74038024000700040BF
:1072D000003C02400DE000BF4FF400710548F9F793
:1072E00009FD00BF04A0F9F7A7F84FF4FA6000F019
:1072F000FDF9F0E7001402404C4544310D0A00004E
:1073000000F056FF0DE000BF4FF480610548F9F72B
:10731000F1FC00BF04A0F9F78FF84FF4FA6000F019
:10732000E5F9F0E7001402404C4544320D0A000034
:1073300010B5044609480A4908600846446000211F
:107340008160C160016181610C214161FAF7C2FC79
:10735000012204490248FAF75DFD10BD001001400A
:10736000CC0100203200002001460A69D1E9013039
:107370009860D1E9010358605068884201D188685B
:107380005060002008611068401E1060106870474F
:1073900000F1080141604FF0FF31816000F1080108
:1073A000C1600161002101607047002101617047E7
:1073B00010B502460B685C1C0CB9106907E002F1BD
:1073C000080000E04068446824689C42FAD9446898
:1073D0004C604C68A160886041600A611468641C5C
:1073E000146010BD42684A6093688B60936859606E
:1073F0009160086103685B1C0360704710B500BFB3
:10740000502080F31188BFF34F8FBFF36F8F00BF01
:107410000B480068401C0A490860084600680128BB
:107420000DD108480068C0B208B9012000E0002072
:1074300028B94FF4DB7204A112A0F8F7FDFF10BDCC
:10744000EC00002004ED00E02E2E5C2E2E5C4D6939
:1074500064646C6577617265735C467265655254ED
:107460004F535C706F727461626C655C525644532A
:107470005C41524D5F434D34465C706F72742E63B5
:10748000000000004572726F723A2025732C20258F
:10749000640D0A0010B50B48006828B940F2BD120F
:1074A00009A118A0F8F7C8FF06480068401E054962
:1074B00008600846006820B9002080F3118800BFEA
:1074C00000BF10BDEC0000202E2E5C2E2E5C4D69FE
:1074D00064646C6577617265735C4672656552546D
:1074E0004F535C706F727461626C655C52564453AA
:1074F0005C41524D5F434D34465C706F72742E6335
:10750000000000004572726F723A2025732C20250E
:10751000640D0A0070B506463546002E3AD0083D87
:107520002C461D4960680968084008B1012000E048
:10753000002028B94FF4927218A126A0F8F77CFF1A
:10754000206808B9012000E0002028B940F2251287
:1075500012A120A0F8F770FF0F4960680968084081
:10756000C0B12068B0B90C496068096888436060A0
:1075700000F07EFA1B4960680968084419490860F0
:107580002046FEF7A7FF18480068401C164908600F
:1075900001F036F870BD0000E80000202E2E5C2EB1
:1075A0002E5C4D6964646C6577617265735C4672CC
:1075B000656552544F535C706F727461626C655CA8
:1075C0004D656D4D616E675C686561705F342E63FB
:1075D000000000004572726F723A2025732C20253E
:1075E000640D0A00D8000020E400002000204FF0C5
:1075F000E02108618861064800684FF47A71B0FBA9
:10760000F1F0401E4FF0E02148610720086170470B
:10761000000000202DE9F04106460F462EB940F645
:10762000C82211A119A0F8F707FF0025BFB1002457
:1076300012E01A4800EBC4004068B04203D117487A
:1076400000EBC4050AE035B9144850F8340010B90D
:10765000124800EBC405641C082CEAD300BF0DB12E
:107660002F606E60BDE8F0812E2E5C2E2E5C4D6981
:1076700064646C6577617265735C467265655254CB
:107680004F535C71756575652E6300004572726FAE
:10769000723A2025732C2025640D0A00E081012018
:1076A0002DE9F04105460E4617462C46FFF7A6FE8B
:1076B00094F94400401C10B9002084F8440094F967
:1076C0004500401C10B9002084F84500FFF7E2FE99
:1076D000A06B28B93A46314604F1240000F01EF9A7
:1076E0002046FFF78AF9BDE8F081000070B5044636
:1076F0000025ACB10F48006808B9012000E0002067
:1077000028B940F249520CA114A0F8F795FE00F0F8
:10771000AFF900212046FEF717FC00F071FF054687
:107720003DB94FF0805011490860BFF34F8FBFF350
:107730006F8F70BDAC0000202E2E5C2E2E5C4D692C
:1077400064646C6577617265735C467265655254FA
:107750004F535C7461736B732E6300004572726FDC
:10776000723A2025732C2025640D0A0004ED00E0F8
:1077700070B50546FFF742FE15B92F48006800E0D6
:1077800028460446201DFFF7EFFD78B9E06A00EBBC
:1077900080002A4951F8200040B994F82C100120AB
:1077A000884027490968814325480160A06A18B1CB
:1077B00004F11800FFF7D8FD22480068401C214959
:1077C00008601D480068844209D1211D1E48FFF74A
:1077D00009FE1E480068401C1C49086006E01C4861
:1077E0000068401E1A490860FFF76AF8FFF752FE6A
:1077F00011480068844202D02046FEF72BFD154850
:107800000068C0B10C480068844214D11248006876
:1078100008B9012000E0002028B940F2DC420FA1A5
:1078200017A0F8F709FE4FF0805019490860BFF320
:107830004F8FBFF36F8F70BD70000020208201203A
:10784000880000209C000020DC8401207C000020B7
:10785000800000208C000020AC0000202E2E5C2E2A
:107860002E5C4D6964646C6577617265735C467209
:10787000656552544F535C7461736B732E630000E3
:107880004572726F723A2025732C2025640D0A0010
:1078900004ED00E00349096801600349096841609B
:1078A000704700009800002084000020012001495A
:1078B000086070479400002070B504460D462CB94E
:1078C00040F61C4207A110A0F8F7B6FD1248016867
:1078D00018312046FFF76CFD01212846FEF734FBE6
:1078E00070BD00002E2E5C2E2E5C4D6964646C65AC
:1078F00077617265735C4672656552544F535C7470
:1079000061736B732E6300004572726F723A2025AB
:10791000732C2025640D0A007000002070B5044609
:107920000E4615462CB940F6524211A119A0F8F79F
:1079300083FD60681B490968C8611A498268096843
:107940000A62184909681831826851601549096846
:1079500018318160134909688C622168491C2160D3
:107960000DB14FF0FF3629463046FEF7EDFA70BDF7
:107970002E2E5C2E2E5C4D6964646C657761726599
:10798000735C4672656552544F535C7461736B73DC
:107990002E6300004572726F723A2025732C2025E9
:1079A000640D0A00700000201CB51C4800210B4625
:1079B0008022CDE900101AA11B4800F0B9FB044653
:1079C000012C02D100F0ECFE0446012C17D100BFBF
:1079D000502080F31188BFF34F8FBFF36F8F00BF2C
:1079E0004FF0FF3011490860012011490860002064
:1079F00010490860F8F790FF00F0BEF80BE0601C3B
:107A000008B1012000E0002028B94FF404620AA167
:107A100012A0F8F711FD154800681CBDA400002055
:107A200049444C45000000000D630008A000002000
:107A30008C000020840000202E2E5C2E2E5C4D69D0
:107A400064646C6577617265735C467265655254F7
:107A50004F535C7461736B732E6300004572726FD9
:107A6000723A2025732C2025640D0A00A8000020FE
:107A700002480068401C014908607047AC000020C3
:107A800010B52848006818B101202749086047E070
:107A900000202549086025480068254908600846F7
:107AA00000682449096888420BD92349096801F113
:107AB0005400496D1E4A12681E4B1B68D21A1144AD
:107AC00001601B4800681B4908601C480068B0FA48
:107AD00080F0C0F11F0404EB8400194951F8200024
:107AE00008B1012000E0002028B940F6024215A1AB
:107AF0001DA0F8F7A1FC04EB8401114A02EB810000
:107B000041684968416000F1080142688A4202D137
:107B10004168496841604168C968074A116000BF0F
:107B200010BD0000AC0000209400002048000020A0
:107B3000B4000020B0000020700000208800002069
:107B4000208201202E2E5C2E2E5C4D6964646C65B3
:107B500077617265735C4672656552544F535C740D
:107B600061736B732E6300004572726F723A202549
:107B7000732C2025640D0A001CB55048006850493C
:107B8000884201D0012000E0002028B940F24312D1
:107B90004CA15BA0F8F750FC484800684849491ED2
:107BA000884201D0012000E0002028B94FF4A272E1
:107BB00044A153A0F8F740FC554C204600780190B2
:107BC000FF20214608700846007800909DF80000CC
:107BD00000F0F0009DF80010884201D1012000E083
:107BE000002028B940F25D1236A145A0F8F724FC28
:107BF0009DF8000000F050004649087007204649F3
:107C0000086009E044480068401E434908609DF848
:107C100000004006000E00909DF8000000F080007B
:107C20008028EFD03C480068C0F10700042801D14B
:107C3000012000E0002028B940F2711221A130A0FB
:107C4000F8F7FAFB34480068C0F10700042801D1B6
:107C5000012000E0002028B94FF4BD7219A128A02E
:107C6000F8F7EAFB2C48006800022B490860084638
:107C7000008800F4E06008602549019808700F480A
:107C80002030006840F470000C492031086008463C
:107C9000006840F070400860FFF7A8FC00201F4912
:107CA0000860F8F7EFFA1E48006840F040401C49B1
:107CB0000860F8F7D3FA00201CBD000000ED00E0DA
:107CC00071C20F412E2E5C2E2E5C4D6964646C6572
:107CD00077617265735C4672656552544F535C7090
:107CE0006F727461626C655C525644535C41524DD4
:107CF0005F434D34465C706F72742E630000000069
:107D00004572726F723A2025732C2025640D0A008B
:107D100000E400E0F0000020F4000020EC0000206F
:107D200034EF00E010B500BF502080F31188BFF39E
:107D30004F8FBFF36F8F00BF00F040FA18B14FF0C4
:107D400080500449086000BF002080F3118800BF04
:107D500010BD000004ED00E02DE9F84305460E4695
:107D600017460024E5B1601EB0FBF5F0B04217D312
:107D700005FB06F010F1550F12D805FB06F909F1C5
:107D80005400FEF783FE04468CB1A04608F1540867
:107D90003B464246314628460094FEF7CBFA06E0C1
:107DA0002CB94FF4E37203A10BA0F8F745FB204672
:107DB000BDE8F8832E2E5C2E2E5C4D6964646C65E4
:107DC00077617265735C4672656552544F535C719E
:107DD000756575652E6300004572726F723A2025D5
:107DE000732C2025640D0A002DE9F04105460E464E
:107DF00001272C462CB94FF488722CA134A0F8F737
:107E00001BFB002C42D0E06B00283FD04FF0FF312D
:107E1000E06BB1FBF0F0216C884237D3FFF7EEFA4C
:107E2000D4E90F12206801FB0200A0600020A063CB
:107E300020686060E06B401E226C216800FB02112C
:107E4000E160FF2084F8440084F845009EB9206971
:107E500008B9012000E00020A8B904F1100000F0EA
:107E600029FB80B14FF080501D490860BFF34F8F50
:107E7000BFF36F8F07E004F11000FFF789FA04F1F8
:107E80002400FFF785FAFFF705FB00E000270FB19C
:107E9000012000E0002028B940F2451203A10CA007
:107EA000F8F7CAFA3846BDE8F08100002E2E5C2EA5
:107EB0002E5C4D6964646C6577617265735C4672B3
:107EC000656552544F535C71756575652E6300008E
:107ED0004572726F723A2025732C2025640D0A00BA
:107EE00004ED00E02DE9F74183B005460E464FF062
:107EF00000082C462CB940F251524CA154A0F8F77E
:107F00009BFA0EB9206C08B9012000E0002028B9C6
:107F100040F2555245A14EA0F8F78EFA00F038F91C
:107F200008B9059808B9012000E0002028B940F2FE
:107F30005A523EA146A0F8F77FFA00BFFFF75EFA5B
:107F4000A76BF7B131462046FEF730F9781EA063E3
:107F5000206908B9012000E0002060B904F1100098
:107F600000F0A8FA38B14FF080503D490860BFF3E7
:107F70004F8FBFF36F8FFFF78DFA012006B0BDE87A
:107F8000F081059818B9FFF785FA0020F6E7B8F1F7
:107F9000000F04D101A8FFF77DFC4FF00108FFF7A7
:107FA00079FAFFF765FDFFF729FA94F94400401CC0
:107FB00010B9002084F8440094F94500401C10B921
:107FC000002084F84500FFF765FA05A901A800F034
:107FD00049F8F0B92046FEF7DDFAA0B104F124001B
:107FE0000599FFF769FC2046FEF707FD00F008FB46
:107FF0000028A3D14FF0805019490860BFF34F8F7C
:10800000BFF36F8F9AE72046FEF7F7FC00F0F8FA0F
:1080100094E72046FEF7F1FC00F0F2FA2046FEF766
:10802000B9FA00288AD00020A8E700002E2E5C2E86
:108030002E5C4D6964646C6577617265735C467231
:10804000656552544F535C71756575652E6300000C
:108050004572726F723A2025732C2025640D0A0038
:1080600004ED00E070B506460C462EB940F6FD4220
:108070001FA128A0F8F7E0F92CB940F6FE421CA198
:1080800024A0F8F7D9F9FFF7B9F926480268706813
:10809000131A2548006890F85D0030B1002022498D
:1080A000096881F85D0001251EE02068401C08B9C0
:1080B000002519E01D4930680968884206D07068BB
:1080C000904203D80125002020600DE020689842EE
:1080D00007D92068C01A20603046FFF7DBFB002577
:1080E00002E0002020600125FFF7D4F9284670BD8A
:1080F0002E2E5C2E2E5C4D6964646C657761726512
:10810000735C4672656552544F535C7461736B7354
:108110002E6300004572726F723A2025732C202561
:10812000640D0A00840000207000002098000020E8
:108130002DE9FF4F85B0804689461746DDE912AB31
:10814000B800FEF7A3FC064656B16020FEF79EFC81
:1081500004460CB1266304E03046FFF7DBF900E08B
:1081600000247CB10020CDE900ABCDE902403A46C5
:1081700049464046089BFEF7F5F82046FDF74AFFC2
:10818000012501E04FF0FF35284609B0BDE8F08F2A
:108190000549096809B9012005E00449096809B9D8
:1081A000022000E0002070478C000020AC0000207E
:1081B0000149086870470000840000202DE9F04163
:1081C0004FF000085F48006800287DD15E480068D5
:1081D000451C5D480560002D1DD15C4800680068A5
:1081E00008B9012000E0002028B940F6C72258A1B4
:1081F00060A0F8F721F955480768624800685349BC
:1082000008606048076060480068401C5E4908607C
:10821000FEF756FB00BF5D480068854277D300BF7C
:108220004A480068006808B9012000E0002020B139
:108230004FF0FF305549086068E044480068C06866
:10824000C4686668B54202D2504806605EE0606964
:10825000D4E902128A60D4E902214A60211D4268F1
:108260008A4201D1E1684160002262610168491ED1
:108270000160A06A98B1A06AD4E907128A60D4E9C3
:1082800007214A6004F1180142688A4201D1216A3B
:1082900041600022A2620168491E016000BF94F89B
:1082A0002C10012088403A49096808433849086081
:1082B000E16A01EB8101374A02EB81014868A06065
:1082C0008268E260211D00E033E0826851608160D5
:1082D000E16A01EB81012F4A02EB81026261E16AEE
:1082E00001EB81012B4A52F82110491CE26A02EB92
:1082F0008202284B43F822102749E06A0968C96ABC
:1083000088428DD34FF001088AE700E000BF224881
:108310000068C06A00EB80001E4951F82000012867
:1083200001D94FF001081D48006808B14FF001085D
:1083300004E01B480068401C194908604046BDE83D
:10834000F0810000AC0000208400002074000020B8
:108350002E2E5C2E2E5C4D6964646C6577617265AF
:10836000735C4672656552544F535C7461736B73F2
:108370002E6300004572726F723A2025732C2025FF
:10838000640D0A007800002098000020A000002062
:10839000880000202082012070000020940000202E
:1083A0009000002070B505462C460026002D5ED0BA
:1083B00030480068844201D1012000E0002028B943
:1083C00041F24F022CA135A0F8F736F8206D28B9FC
:1083D00041F2500228A131A0F8F72EF8206D401E7E
:1083E0002065E16CE06A884241D0206D00283ED1D2
:1083F000201DFEF7B9FF40B994F82C1001208840E9
:108400002A490968814329480160E06CE062E06A1A
:10841000C0F12000A06194F82C100120884023496D
:108420000968084321490860E16A01EB8101204A9B
:1084300002EB81014868A0608268E260211D8268C9
:1084400051608160E16A01EB8101194A02EB81020E
:108450006261E16A01EB8101154A52F82110491C61
:10846000E26A02EB8202124B43F8221001263046E8
:1084700070BD0000700000202E2E5C2E2E5C4D6919
:1084800064646C6577617265735C467265655254AD
:108490004F535C7461736B732E6300004572726F8F
:1084A000723A2025732C2025640D0A0088000020D4
:1084B0002082012070B50646F068C4682CB940F6E9
:1084C00082423CA144A0F7F7B7FFA06AD4E90712A3
:1084D0008A60D4E907214A6004F1180142688A429F
:1084E00001D1216A41600022A2620168491E016037
:1084F0003D48006800283DD16069D4E902128A60D5
:10850000D4E902214A60211D42688A4201D1E16812
:108510004160002262610168491E016094F82C10DC
:108520000120884031490968084330490860E16A00
:1085300001EB81012E4A02EB81014868A06082684C
:10854000E260211D826851608160E16A01EB810176
:10855000274A02EB81026261E16A01EB8101244A50
:1085600052F82110491CE26A02EB8202204B43F8C8
:10857000221010E01F494868E0618268226204F11D
:1085800018018268516081601A4AA2621146096826
:10859000491C116000BF1849E06A0968C96A88422D
:1085A00004D9012501201549086000E0002528466E
:1085B00070BD00002E2E5C2E2E5C4D6964646C65CF
:1085C00077617265735C4672656552544F535C7493
:1085D00061736B732E6300004572726F723A2025CF
:1085E000732C2025640D0A00AC00002088000020B8
:1085F00020820120C8840120700000209400002007
:1086000070B5002400265048006828B940F6B3022F
:108610004EA157A0F7F710FFFEF7F0FE4A4800689A
:10862000401E494908600846006800287ED1544829
:10863000006800287AD05BE05248C068C468A06A2D
:10864000D4E907128A60D4E907214A6004F11801CD
:1086500042688A4201D1216A41600022A262016817
:10866000491E01606069D4E902128A60D4E90221DE
:108670004A60211D42688A4201D1E16841600022BE
:1086800062610168491E016094F82C100120884045
:108690003D49096808433C490860E16A01EB8101F2
:1086A0003A4A02EB81014868A0608268E260211DBD
:1086B000826851608160E16A01EB8101334A02EB1B
:1086C00081026261E16A01EB8101304A52F82110B6
:1086D000491CE26A02EB82022C4B43F822102C491F
:1086E000E06A0968C96A884202D301202949086002
:1086F0002448006808B9012000E0002000289BD031
:108700000CB1FEF7DDF82448056865B100BFFFF73E
:1087100055FD10B101201F4908606D1E002DF6D1D6
:1087200000201D4908601B48006800E008E038B1DF
:108730000126300719490860BFF34F8FBFF36F8FD1
:10874000FEF7A8FE304670BDAC0000202E2E5C2E39
:108750002E5C4D6964646C6577617265735C46720A
:10876000656552544F535C7461736B732E630000E4
:108770004572726F723A2025732C2025640D0A0011
:1087800080000020C8840120880000202082012071
:1087900070000020940000209000002004ED00E014
:1087A0001CB50024FDF7ACFC0B48006858B10B4821
:1087B0001F2100234FF48072CDE9001008A10A4860
:1087C000FFF7B6FC04462CB940F2191207A110A01D
:1087D000F7F732FE20461CBDC0000020C400002078
:1087E000546D722053766300E16900082E2E5C2ED2
:1087F0002E5C4D6964646C6577617265735C46726A
:10880000656552544F535C74696D6572732E6300D5
:108810004572726F723A2025732C2025640D0A0070
:1088200044F2A01001E000BF401E0028FBD17047B9
:108830004FEA1153A3F58063D3F11E03A8BFD3F110
:10884000200C08DB4FF0004242EAC12252EA5052AB
:1088500032FA03F0704709420BD4102BC4BF00203A
:10886000704703F5787CBCF1FF3F05D04FF0FF3037
:1088700070474FF00000704770B500F0C3F800BFBC
:108880004992248000207047F0E7B0FA80F310FA94
:1088900003F10AD0C3F11D0303F580634FEA415091
:1088A0004FEA035202EBD12170474FF000007047AE
:1088B000DFF848C170B51CEA111E1EBF1CEA131573
:1088C0009EEA0C0F95EA0C0F00F06F8081EA03041A
:1088D00023EA4C134EEAD47E21EA4C1141F4801174
:1088E00043F48013AE44A1FB024CA0FB0365AEF140
:1088F0007F7E361955EB0C05A1FB034C4CF10003B0
:10890000A0FB021C16EB0C06654153F10003094263
:1089100018BF46F0010613F4007F0BD14FEA033174
:108920004FEA0530340341EA155140EA16506FF022
:1089300003020AE04FEAC3214FEAC520F40241EAEC
:10894000555140EA56506FF0020202EB2E4201EB05
:10895000025585EACE710AD05FEA440C18BF24F0B4
:10896000004450F1000041F1000120EAD47040F2CF
:10897000FE7C624500D270BDA84214BF4FF0804417
:108980004FF04044002E08BF0024BEF1806FA8BF06
:10899000A1F1C041BDE8704080F282804FF000003C
:1089A00001F1C04101F0004170479EEA0C0F0CEA52
:1089B000131518BF95EA0C0F06D04FF0000081EA9E
:1089C000030E0EF0004170BD00F01CF88900013E5E
:1089D00000F007B800F009B84FEA430C5FEA5C5CAE
:1089E00008D081EA030100F05BB84FEA410C5FEA6E
:1089F0005C5CF6D14FF00000014970470000FF07B2
:108A00000000F87F0EF1020E2EF0030E5EF8046BEC
:108A1000364205D4012A43EB030515F5001F12D891
:108A2000012841EB010C1CF5001F0CD80ED14FEAB8
:108A3000D17C15F5001F0CEB4C0C0CF1020C08BF9F
:108A40004CEBD37C04E04FF0080C01E04FEAD37C00
:108A50000CEB4C0526FA05F606F00706B6F1040CF9
:108A600006D20EEB860CBDE870404CF0010C60475E
:108A7000DFE80CF0090B02024FF000414FF000005C
:108A8000A1F5002170BD19461046012851EB0104E3
:108A900018BFD4F5001484BF002001F0004170BD60
:108AA0000808A0F500114FEA310170474FF04070FF
:108AB000E1EE100A70470000000000000000010213
:108AC0000304060708090000000001020304000077
:108AD00000000000000000000000000000003F4017
:108AE00000000000000000003000400030004000A6
:108AF000000009000BC03D000BC03D00090018C07C
:108B000024407FE0224031800000180024C01B0078
:108B10000D803240018003801C4027401C800740AC
:108B20000040100060000000000000000000000095
:108B3000000000001F802040402000004020204016
:108B40001F8000000000090006001F8006000900C9
:108B50000000040004003F80040004000000001036
:108B60000060000000000000000004000400040099
:108B700004000400000000000040000000000000AD
:108B80000000002001C006003800400000001F80E7
:108B90002040204020401F800000000010403FC0C7
:108BA00000400000000018C021402240244018402E
:108BB000000010802040244024401B800000020060
:108BC0000D0011003FC0014000003C8024402440C3
:108BD0002440238000001F80244024403440038030
:108BE00000003000200027C03800200000001B805B
:108BF0002440244024401B8000001C0022C022404E
:108C000022401F800000000000000840000000001B
:108C100000000000000004600000000000000000F0
:108C200004000A00110020804040090009000900EA
:108C300009000900000000004040208011000A00E7
:108C400004001800200023402400180000001F80AA
:108C50002040274029401F400000004007C0390045
:108C60000F0001C0004020403FC0244024401B8032
:108C700000001F8020402040204030800000204025
:108C80003FC0204020401F80000020403FC02440C3
:108C90002E4030C0000020403FC024402E00300055
:108CA00000000F001080204022403380020020404E
:108CB0003FC0040004003FC02040204020403FC08F
:108CC0002040204000000060202020203FC02000E5
:108CD000200020403FC024400B0030C020402040F6
:108CE0003FC020400040004000C03FC03C0003C0E7
:108CF0003C003FC0000020403FC00C4023003FC06C
:108D000020001F802040204020401F800000204085
:108D10003FC024402400180000001F802140214053
:108D200020E01FA0000020403FC02440260019C0C2
:108D3000004018C024402440224031800000300010
:108D400020403FC020403000000020003F80004015
:108D500000403F80200020003E0001C00700380096
:108D60002000380007C03C0007C038000000204049
:108D700039C0060039C0204000002000384007C03C
:108D8000384020000000304021C02640384020C03C
:108D90000000000000007FE04020402000000000B4
:108DA00070000C00038000400000000040204020C4
:108DB0007FE00000000000002000400020000000D4
:108DC0000000001000100010001000100010000043
:108DD000000040000000000000000000028005408C
:108DE000054003C0004020003FC004400440038011
:108DF0000000000003800440044006400000000022
:108E00000380044024403FC0004000000380054030
:108E1000054003400000000004401FC024402440DF
:108E20002000000002E005500550065004202040BC
:108E30003FC00440040003C000400000044027C0BD
:108E400000400000000000100010041027E00000A7
:108E5000000020403FC00140070004C00440204003
:108E600020403FC000400040000007C0040007C091
:108E7000040003C00000044007C00440040003C015
:108E80000040000003800440044003800000041000
:108E900007F00450044003800000000003800440F9
:108EA000045007F00010044007C002400400040012
:108EB0000000000006400540054004C0000000001E
:108EC00004001F80044000400000040007800040B0
:108ED000044007C000400400070004C001800600F1
:108EE0000400060001C0070001C0060000000440A5
:108EF00006C0010006C0044000000410071004E092
:108F00000180060004000000044005C00640044043
:108F100000000000000004007BE040200000000092
:108F200000000000FFF000000000000040207BE097
:108F300004000000000040008000400020002000ED
:108F400040000000000000000000000000000000E1
:108F500000000000000000001FCC000C000000001A
:108F600000000000080030006000080030006000D1
:108F70000000022003FC1E20022003FC1E20022011
:108F8000000000000E1811043FFF10840C78000050
:108F900000000F0010840F3800C007781884007894
:108FA000000000780F8410C411240E9800E400849F
:108FB00000080800680070000000000000000000C9
:108FC000000000000000000007E018182004400224
:108FD0000000000040022004181807E00000000014
:108FE00000000240024001800FF001800240024078
:108FF00000000080008000800FF80080008000806A
:1090000000000001000D000E000000000000000044
:109010000000000000800080008000800080008050
:1090200000800000000C000C0000000000000000A8
:109030000000000000060018006001800600180013
:109040002000000007F0080810041004080807F0CA
:1090500000000000080408041FFC000400040000D5
:10906000000000000E0C10141024104411840E0C8B
:10907000000000000C1810041104110412880C7078
:109080000000000000E00320042408241FFC00244A
:10909000000000001F981084110411041088107043
:1090A0000000000007F008881104110418880070FF
:1090B000000000001C00100010FC13001C00100039
:1090C000000000000E3811441084108411440E3842
:1090D000000000000700088C10441044088807F0C6
:1090E0000000000000000000030C030C0000000062
:1090F0000000000000000001010600000000000068
:109100000000000000800140022004100808100444
:109110000000022002200220022002200220022061
:109120000000000010040808041002200140008024
:10913000000000000E001200100C106C10800F00D8
:10914000000003E00C1813E4142417C4082807D007
:1091500000000004003C03C41C40074000E4001C65
:10916000000410041FFC1104110411040E88007087
:10917000000003E00C1810041004100410081C1068
:10918000000010041FFC100410041004080807F06D
:10919000000010041FFC1104110417C41004081867
:1091A000000010041FFC1104110017C0100008007B
:1091B000000003E00C181004100410441C78004058
:1091C000000010041FFC10840080008010841FFC2D
:1091D00010040000100410041FFC10041004000010
:1091E000000000030001100110011FFE100010001C
:1091F000000010041FFC110403801464181C1004E8
:10920000000010041FFC1004000400040004000C03
:10921000000010041FFC1F0000FC1F001FFC1004B6
:10922000000010041FFC0C04030000E010181FFCD9
:10923000100007F00808100410041004080807F0D4
:10924000000010041FFC10841080108010800F009C
:10925000000007F0081810241024101C080A07F258
:10926000000010041FFC1104110011C011300E0C7D
:10927000000400000E1C11041084108410441C38DB
:1092800000001800100010041FFC1004100018004B
:10929000000010001FF810040004000410041FF860
:1092A000100010001E0011E0001C007013801C0054
:1092B00010001FC0103C00E01F0000E0103C1FC069
:1092C00000001004180C163401C001C01634180C2C
:1092D000100410001C00130400FC13041C001000F8
:1092E00000000804101C1064108413041C041018DF
:1092F00000000000000000007FFE4002400240022B
:109300000000000030000C0003800060001C00031F
:10931000000000004002400240027FFE000000000A
:10932000000000000000200040004000400020003D
:109330000000000100010001000100010001000126
:10934000000100004000400020000000000000007C
:10935000000000000098012401440144014400FC85
:10936000000410001FFC0088010401040088007044
:10937000000000000070008801040104010400885E
:1093800000000000007000880104010411081FFCA7
:109390000004000000F8014401440144014400C8F5
:1093A00000000000010401040FFC1104110411006D
:1093B0001800000000D601290129012901C9010670
:1093C000000010041FFC008401000100010400FCE7
:1093D000000400000104190419FC0004000400004A
:1093E00000000000000300010101190119FE000046
:1093F000000010041FFC0024004001B4010C010413
:1094000000000000100410041FFC00040004000011
:109410000000010401FC0104010001FC0104010041
:1094200000FC010401FC008401000100010400FCB7
:109430000004000000F8010401040104010400F824
:109440000000010101FF0085010401040088007093
:10945000000000000070008801040104010501FF04
:1094600000010104010401FC0084010401000180E9
:109470000000000000CC01240124012401240198F3
:10948000000000000100010007F8010401040000D1
:109490000000010001F8000400040004010801FCC0
:1094A0000004010001800170000C001001600180C7
:1094B000010001F0010C003001C00030010C01F08E
:1094C000010000000104018C00740170018C010492
:1094D0000000010101810171000E0018016001808E
:1094E000010000000184010C013401440184010CDD
:1094F0000000000000000000000001003EFC4002EF
:1095000040020000000000000000FFFF000000001B
:1095100000000000400240023EFC0100000000008C
:10952000000000006000800080004000400020003B
:10953000200000000000000000000000000000000B
:10954000000000000000000000000000000000001B
:10955000000000000000000000000000000000000B
:1095600000000000000F80380FFE380F8038000028
:1095700000000000000000000000000000000000EB
:109580000100000600000C00003800003100000659
:1095900000000C0000380000300000000000000057
:1095A000000061800067F807F98000618000618039
:1095B0000061800061800067F807F9800061800029
:1095C000000000000000000001C0E003E0F00630F1
:1095D000080418081FFFFE040E080787F00381E047
:1095E00000000000000001F000060C000404080662
:1095F0000C7001F9C0000E00003BE000EC180708F9
:1096000008040C180003E00000000001E00007F06F
:1096100003F818041C0804170807E1D003C0E00091
:1096200023B0003C080020080000100000000000EB
:10963000000100003100003200001C0000000000AA
:10964000000000000000000000000000000000001A
:10965000000000000000000000000000000000000A
:1096600000007F0001FFC00780F00C00181000040C
:109670002000020000000000002000021000040C86
:1096800000180780F001FFC0007F0000000000000C
:109690000000000000000000000000000000420088
:1096A000006600006600003C0000180003FFC000D8
:1096B0001800003C00006600006600004200000048
:1096C0000000080000080000080000080000080072
:1096D00001FFC000080000080000080000080000AA
:1096E000080000000000000100003100003200000E
:1096F0001C0000000000000000000000000000004E
:109700000000000000000000000008000008000049
:109710000800000800000800000800000800000819
:109720000000080000080000000000000000000029
:109730000000380000380000380000000000000081
:109740000000000000000000000000000000000019
:109750000000000600001C000070000180000E00E8
:1097600000380000C0000700001C000030000000AE
:109770000000000000007F8001FFE0038070060011
:109780001804000804000806001803807001FFE0B8
:10979000007F8000000000000000000001000801C0
:1097A000000801000803FFF807FFF80000080000A8
:1097B0000800000800000000000000000001C038A0
:1097C00002C0580400980401180402180404180682
:1097D0001C1803F81801E0F8000000000000000069
:1097E0000001C0E003C0F0040008040808040808F1
:1097F00006180803F41801E7F00001E0000000007B
:109800000000000000000300000D000011000061D6
:109810000000810803010807FFF80FFFF8000108A6
:109820000001080000000000000000E007FCD00676
:109830000808061008061008061008061838060F53
:10984000F00607C0000000000000000000003F809C
:1098500001FFE00384300208180410080410080413
:109860001008071810030FF00007C00000000000E8
:109870000000000003C0000700000600000600F81A
:109880000607F806180006E00007000006000000C2
:10989000000000000001E1E003F7F00634100418B6
:1098A00008041808040C08040C0806161803F3F042
:1098B00001C1E000000000000000F80003FC3003DC
:1098C000063804020804020804020804041003080D
:1098D000F001FFC0007F0000000000000000000059
:1098E0000000000000000000000070380070380028
:1098F00070380000000000000000000000000000C0
:109900000000000000000000000000000000301A0D
:1099100000301C00000000000000000000000000FB
:1099200000000000000000000008000014000022F9
:10993000000041000080800100400200200400106F
:1099400008000800000000000000210000210000C5
:109950002100002100002100002100002100002141
:1099600000002100002100000000000000000000B5
:109970000800080400100200200100400080800060
:109980004100002200001400000800000000000058
:109990000003C00004C000040000080038080F38AD
:1099A0000808380810000C300007E00003C0000071
:1099B0000000000000003F8000FFE0038070020F05
:1099C0001006708804C088048308047F8802C09051
:1099D00003012000FE400000080000180001F8000C
:1099E0003E0801C20007020007E20000FE00001F5F
:1099F000C80001F800003800000804000807FFF85C
:109A000007FFF80408080408080408080408080602
:109A1000180803F41801E7F00001E000000000005E
:109A200000003F8001FFE00380700200180400087E
:109A30000400080400080400100600200780C0008D
:109A4000000004000807FFF807FFF80400080400FE
:109A50000804000804001802001003807001FFE0F1
:109A6000007F8000000004000807FFF807FFF804EB
:109A70000808040808040808040808043E0804004C
:109A80000806001801006000000004000807FFF845
:109A900007FFF8040808040800040800040800048C
:109AA0003E000600000600000180000000000000EB
:109AB00000003F8001FFE0038070060018040008EA
:109AC0000402080402080203F00783F00002000009
:109AD000020004000807FFF807FFF8040808000860
:109AE0000000080000080000080004080807FFF84C
:109AF00007FFF8040008000000000000040008044C
:109B0000000804000807FFF807FFF8040008040035
:109B1000080400080000000000000000000000062B
:109B20000000070000010400010400010400030715
:109B3000FFFE07FFFC040000040000040000040016
:109B40000807FFF807FFF8040C08001800003E00A3
:109B500004C7800503C80600F80400380400180094
:109B6000000804000807FFF807FFF80400080000D9
:109B700008000008000008000008000008000018A5
:109B800000006000000004000807FFF807800807D5
:109B9000FC00007FC00003F80007C00078000780C9
:109BA0000807FFF807FFF804000804000807FFF89B
:109BB00007000803C00000E000003800001E00009D
:109BC00007000001C00400F007FFF80400000000D7
:109BD00000007F8001FFE003807006001804000889
:109BE00004000806001803003001FFE0007F800039
:109BF000000004000807FFF807FFF8040408040445
:109C000000040400040400040400060C0003F8002F
:109C100001F000000000000000007F8001FFE00371
:109C200080700600880400880400C806003C030019
:109C30003E01FFE6007F8400000004000807FFF8F3
:109C400007FFF8040808040800040C00040F0004CF
:109C50000BC00610F003F03801E008000008000017
:109C60000001E0F803F0300630100418080418086A
:109C7000040C08040C080206180207F00781E00033
:109C80000000018000060000040000040000040041
:109C90000807FFF807FFF8040008040000040000AC
:109CA00006000001800004000007FFE007FFF00449
:109CB000001800000800000800000800000800006C
:109CC0000804001007FFE004000004000006000084
:109CD00007E00007FE00041FE00001F80000380064
:109CE00001E0043E0007C00006000004000004007C
:109CF0000007E00007FFC0041FF80007C007F800D6
:109D000007FF80043FF80007C004F80007000004C4
:109D1000000000000004000806001807C07805F1E4
:109D2000C8003E00001F800463E80780F8060018A2
:109D3000040008000000040000060000078000077F
:109D4000E008047C08001FF80007F800180804E089
:109D500008070000060000040000000000010008E1
:109D60000600380400F80403E8040F08047C080522
:109D7000F00807C008070018040060000000000099
:109D8000000000000000000000000000003FFFFE97
:109D90002000022000022000022000022000020019
:109DA000000000000000000008000007000000C0E4
:109DB000000038000006000001C000003000000E66
:109DC0000000010000000000000000002000022050
:109DD00000022000022000022000023FFFFE0000DF
:109DE0000000000000000000000000000000000073
:109DF00000000008000010000030000020000030CB
:109E0000000010000008000000000000000000003A
:109E1000010000010000010000010000010000013C
:109E2000000001000001000001000001000001002D
:109E300000010000000000000000002000002000E1
:109E400000100000100000000000000000000000F2
:109E50000000000000000000000000F00019F80001
:109E60001B18002208002608002408002410003FC8
:109E7000F8001FF8000008000018000000040000AF
:109E800007FFF80FFFF00018180010080020080066
:109E90002008003018001FF0000FC0000000000074
:109EA000000007C0001FF000183000200800200844
:109EB000002008003C08001C1000006000000000AA
:109EC00000000000000007C0001FF000381800204C
:109ED0000800200800200804101007FFF80FFFF00A
:109EE0000000100000000000000000000007C0009B
:109EF0001FF0001230002218002208002208003251
:109F000008001E10000E20000000000000002000CD
:109F100000200800200801FFF803FFF806200804CD
:109F200020080420080720000300000000000000B3
:109F30000000000E000E6E001FF30031B10020B1D2
:109F40000020B1003191001F13002E1E00200E00D2
:109F5000300000000004000807FFF80FFFF80010B1
:109F600008002000002000002008003FF8001FF833
:109F700000000800000000000000000000200800B1
:109F80002008002008063FF8063FF80000080000FF
:109F900008000008000000000000000000000000B1
:109FA0000000030000030020010020010020030640
:109FB0003FFE063FFC000000000000000000000023
:109FC0000004000807FFF80FFFF8000188000300F5
:109FD000002FC00038F800203800200800000800DA
:109FE0000000000000000000040008040008040055
:109FF0000807FFF80FFFF80000080000080000083D
:10A00000000000000000002008003FF8003FF800BA
:10A010001008002000003FF8003FF8001008002062
:10A0200000003FF8003FF800000800000000200892
:10A03000003FF8003FF8001008001000002000006A
:10A040002008003FF8001FF8000008000000000092
:10A05000000007C0000FF000183000300800200892
:10A06000002008003008001830000FF00007C00082
:10A070000000000000002001003FFF003FFF001033
:10A0800011002009002008002008003038001FF0CF
:10A09000000FC00000000000000007C0001FF0001B
:10A0A0003818002008002008002009001011001FA7
:10A0B000FF003FFF00000100000000200800200812
:10A0C000002008003FF8003FF800080800100800D2
:10A0D00020080020000030000030000000000000D8
:10A0E00000000000000C78001E1800330800230850
:10A0F0000021080021880021980030F0003860001D
:10A10000000000000000200000200000200000FFF0
:10A11000F003FFF8002008002008002008000030AD
:10A12000000000000000000000002000003FF000E0
:10A130007FF8000018000008000008002010003F11
:10A14000F8007FF000001000000000000000200078
:10A15000003000003C00003F800023F00000780049
:10A160000070002380003C00003000002000002030
:10A1700000003C00003FE00023F80000E000270062
:10A18000003E00003FE00021F80001E0003E00003A
:10A190002000000000002008002008003838003EA1
:10A1A000680027800003C8002CF800383800201809
:10A1B0000020080000000000000020000030030024
:10A1C0003C01003F830023EC000070002380003C32
:10A1D000000020000020000000000000000000003F
:10A1E0000038080020380020F80023E8002F8800FD
:10A1F0003E08003808002018000070000000000031
:10A200000000000000000000000000000000080046
:10A210000014001FF7FC30000620000200000000C0
:10A22000000000000000000000000000000000002E
:10A2300000000000FFFFFF00000000000000000021
:10A2400000000000000000000000000020000230BC
:10A2500000061FF7FC0014000008000000000000CA
:10A2600000000000000000000000000000180000D6
:10A2700060000040000040000020000010000008C6
:10A2800000000400000400000C00001000000000AA
:10A2900000000000000000000000000000000000BE
:10A2A00000000000000000000000000000000000AE
:10A2B000000000000000000000000000000000009E
:10A2C000000000000000000000000000000000008E
:10A2D000000000000000000000000000000000007E
:10A2E00000000000000007F000C007FFE1E007F0F9
:10A2F00001E0000000C000000000000000000000BD
:10A30000000000000000000000000000000000004D
:10A310000000000000000020000001C000000780D5
:10A3200000001F0000001E0000001C20000001C0F3
:10A330000000078000001F0000001E0000001C003D
:10A34000000000000000000000000000000000000D
:10A35000000000180C0000180C0000180FE0001F8F
:10A36000FC0003F80C0000180C0000180C0000188A
:10A370000C0000180C0000180FE0001FFC0003F890
:10A380000C0000180C0000180C0000000000000079
:10A3900000000000000000000780007807C000FCFB
:10A3A0000640010E002003070020020380200FFF5B
:10A3B000FFFC0201C0200200E0600130704001F0AB
:10A3C0003F8000F01F00000000000000000000FEC1
:10A3D000000001FF00000301800002008060030113
:10A3E00081C001FF070000FE18000000E00000032C
:10A3F000BF00000CFFC00071806001C1002003019C
:10A4000080600000FFC000003F000000000000006E
:10A410001F0000007FC000FCC0C001FF806003037C
:10A42000E0200202782002061E2003FC074001F013
:10A430000380000103C000011C600001E020000156
:10A44000002000010040000001800000000000002A
:10A450000000002000001C6000001C4000001F8065
:10A4600000000F00000000000000000000000000DD
:10A4700000000000000000000000000000000000DC
:10A4800000000000000000000000000000000000CC
:10A4900000000000000000000000000000000000BC
:10A4A000000000000000000000000007F800003F6E
:10A4B000FF00007807C001C000E003000030040086
:10A4C0000008080000041000000200000000000066
:10A4D000000010000002080000040400000803004F
:10A4E000003001C000E0007807C0003FFF00000717
:10A4F000F800000000000000000000000000000064
:10A50000000000000000000000000000000000004B
:10A51000000000000000000C1800000E3800000EC3
:10A52000380000063000000360000061438000FF37
:10A53000FF80006143000003600000063000000E51
:10A540003800000E3800000C180000000000000069
:10A5500000000000000000008000000080000000FB
:10A560008000000080000000800000008000007F6C
:10A57000FF0000008000000080000000800000005C
:10A58000800000008000000080000000000000004B
:10A59000000000000001000000E3000000E20000F5
:10A5A00000FC000000780000000000000000000037
:10A5B000000000000000000000000000000000009B
:10A5C000000000000000000000000000000000008B
:10A5D00000000000800000008000000080000000FB
:10A5E000800000008000000080000000800000006B
:10A5F000800000008000000080000000800000005B
:10A6000080000000800000008000000000000000CA
:10A61000000000000000000000C0000001E0000099
:10A6200001E0000000C00000000000000000000089
:10A63000000000000000000000000000000000001A
:10A64000000000000000000000000000000000000A
:10A6500000000000000C00000038000000E00000D6
:10A66000038000000E00000038000000E00000033E
:10A670008000000E00000038000000E000000380B1
:10A6800000000E00000018000000000000000000A4
:10A69000000000000000000FF800007FFF0000F045
:10A6A0000780018000C0030000600200002002005B
:10A6B00000200200002003000060018000C000E0D4
:10A6C0000380007FFF00000FF80000000000000082
:10A6D000000000000000000000000080002000805A
:10A6E0000020008000200080006001FFFFE003FFE9
:10A6F000FFE00000006000000020000000200000DB
:10A700000020000000000000000000000000000029
:10A71000000000000000007800E0009801600100E7
:10A720000260020004600200086002001060020083
:10A73000206002004060030080600183006001FE31
:10A7400000E0007C07800000000000000000000026
:10A7500000000000000000F0078001F007C00100C9
:10A76000004002000020020100200201002002013E
:10A770000020030380200186804001FCC0C00078D7
:10A780007F8000001E0000000000000000000000AC
:10A790000000000008000000380000004800000130
:10A7A000880000060800000C081000300810004067
:10A7B000081001FFFFF003FFFFF003FFFFF00000B0
:10A7C0000810000008100000081000000000000041
:10A7D00000000000000000000780001F864003E129
:10A7E00000200302002003040020030400200304CF
:10A7F00000200304002003060040030301C00301FE
:10A80000FF8003007E000000000000000000000048
:10A810000000000000000007FC00003FFF00007087
:10A82000C380008180C00101006003020020020299
:10A83000002002020020020200200203004001C1A9
:10A8400080C000C0FF8000007E000000000000000B
:10A8500000000000000000F0000003C000000380C2
:10A86000000003000000030007E003003FE00301D5
:10A87000C00003060000031800000360000003800E
:10A8800000000300000000000000000000000000C5
:10A89000000000001F0000783F8000FC60C0018EB7
:10A8A000C040030780200203002002018020020133
:10A8B00080200201C0200301E040018670C000FC3E
:10A8C0003F8000781F000000000000000000000032
:10A8D0000000003F000000FF81C001C0C1C00100B6
:10A8E0006020020020200200202002002020020020
:10A8F0002060020040C00100C18000C18F00007FC5
:10A90000FE00001FF000000000000000000000003A
:10A910000000000000000000000000000000000037
:10A92000000000000000000300C0000781E00007F5
:10A9300081E0000300C000000000000000000000F3
:10A940000000000000000000000000000000000007
:10A9500000000000000000000000000000000000F7
:10A9600000000000000000060066000600780000FD
:10A9700000000000000000000000000000000000D7
:10A9800000000000000000000000000000000000C7
:10A99000000000000000000080000001C000000373
:10A9A000600000063000000C180000180C00003099
:10A9B00006000060030000C00180010000400200AA
:10A9C0000020040000100000000000000000000053
:10A9D0000000000410000004100000041000000437
:10A9E0001000000410000004100000041000000417
:10A9F0001000000410000004100000041000000407
:10AA0000100000041000000410000000000000000E
:10AA100000000000000004000010020000200100FF
:10AA2000004000C0018000600300003006000018F4
:10AA30000C00000C1800000630000003600000014C
:10AA4000C0000000800000000000000000000000C6
:10AA50000000000000000078000001F8000002384B
:10AA6000000002000000040000C0040079E00400BF
:10AA700081E0040100C0040300000202000003069C
:10AA8000000001FC000000F80000000000000000D1
:10AA90000000000FF800003FFE000070078000C0BB
:10AAA00000C00101F8400307FC20021E0420023010
:10AAB000082002203020023FFC20013F044001809A
:10AAC0000CC000E03180001FC20000000000000048
:10AAD000002000000060000003E000003E200003B2
:10AAE000E020003E200003E020000380200007FC5F
:10AAF0002000003FE0000003FE2000003FE00000D7
:10AB000001E0000000200000002000000000000024
:10AB10000000020000200200002003FFFFE003FF0E
:10AB2000FFE00201002002010020020100200201DA
:10AB3000002002010020030300200186806001FC48
:10AB4000C0C000F87F8000001F000000000000006F
:10AB500000000007F800003FFF000070078000C001
:10AB600000C001000040030000200200002002009D
:10AB700000200200002002000020010000400180AF
:10AB800000C003C00180003006000000000000008B
:10AB90000000020000200200002003FFFFE003FF8E
:10ABA000FFE002000020020000200200002002005E
:10ABB00000200300006001000040018000C000F0A0
:10ABC0000780007FFE00000FF8000000000000007A
:10ABD0000000020000200200002003FFFFE003FF4E
:10ABE000FFE002010020020100200201002002011A
:10ABF00000200201002002038020020FE020030059
:10AC0000006003C000E000600300000000000000DE
:10AC10000000020000200200002003FFFFE003FF0D
:10AC2000FFE00201002002010020020100000201F9
:10AC30000000020100000201000002038000030F77
:10AC4000E0000300000003C00000006000000000FE
:10AC500000000007F800003FFE000070078001C000
:10AC600001C001000040030000200200002002009B
:10AC7000002002000020010020200100204003C02D
:10AC80003F8000303F8000002000000020000200D4
:10AC900000200200002003FFFFE003FFFFE00200AE
:10ACA0008020020080200000800000008000000062
:10ACB0008000020080200200802003FFFFE003FFED
:10ACC000FFE0020000200200002000000000000061
:10ACD0000000000000000000000002000020020050
:10ACE0000020020000200200002003FFFFE003FF1D
:10ACF000FFE002000020020000200200002002000D
:10AD00000020000000000000000000000000000023
:10AD100000000000000E0000000F0000000F000007
:10AD20000001020000010200000102000003020015
:10AD3000000603FFFFFC03FFFFF802000000020013
:10AD400000000200000002000000000000000000FF
:10AD50000000020000200200002003FFFFE003FFCC
:10AD6000FFE00200C0200201002000078000000F69
:10AD7000E0000030F80002603E2003800F20030056
:10AD800003E0020000E002000020000000200000BC
:10AD90000000020000200200002003FFFFE003FF8C
:10ADA000FFE0020000200200002000000020000060
:10ADB0000020000000200000002000000020000013
:10ADC0000060000000E0000003000000000002003E
:10ADD00000200200002003FFFFE003E0002003FF4B
:10ADE0000020001FF0000001FF8000000FE00000C5
:10ADF0001E000003E000003E002003E0002003FFEF
:10AE0000FFE003FFFFE0020000200200002002003C
:10AE100000200200002003FFFFE00380002003F079
:10AE2000002000FC0000001F00000007C00000011F
:10AE3000F00000007C0002001F80020007E003FF1A
:10AE4000FFE002000000020000000000000000001F
:10AE50000000000FF800003FFE0000F007800180B6
:10AE600000C001000040020000200200002002009B
:10AE700000200200002001000040018000C000F01E
:10AE80000380003FFE00000FF800000000000000FB
:10AE90000000020000200200002003FFFFE003FF8B
:10AEA000FFE00200802002008020020080000200FB
:10AEB0008000020080000200800003018000018306
:10AEC000000000FE0000007C000000000000000008
:10AED0000000000FF800007FFF0000F003800180F9
:10AEE00001C001000640020004200200042002000C
:10AEF0000620020003E0010000F80180005C00E091
:10AF0000038C003FFF0C000FFC1800000000000045
:10AF10000000020000200200002003FFFFE003FF0A
:10AF2000FFE0020100200201002002018000020176
:10AF3000E0000201FC0003033F80018607E001FC02
:10AF400000E000F8002000000020000000000000E9
:10AF50000000000000000078060000FE01E001860D
:10AF600000C0030300400203002002018020020110
:10AF700080200201C0200200C0200100E0600180AA
:10AF800070C003E03F8000001F00000000000000D0
:10AF900000000060000003800000030000000200C9
:10AFA0000000020000200200002003FFFFE003FF7A
:10AFB000FFE002000020020000200200000002006A
:10AFC00000000380000000E000000000000002001C
:10AFD00000000200000003FFFF0003FFFFC00200AB
:10AFE000004002000060000000200000002000007F
:10AFF000002000000020020000400200008003FF4B
:10B00000FF0002000000020000000000000000003D
:10B010000000020000000200000003C0000003FC6A
:10B020000000023FC0000003F80000007F80000025
:10B0300007E000000780000078000203C000023C27
:10B04000000003C000000200000002000000020037
:10B05000000003C0000003FF8000023FFE0002006A
:10B060007FE000000F000200F00003EF000003FF8C
:10B070008000020FFE0000003FE000001F000207FA
:10B08000E00003F8000003000000020000000000E0
:10B0900000000200002002000020038000E003F016
:10B0A000032002FC0C20021F30000007C000000734
:10B0B000F00002187C0002601F20038003E0020001
:10B0C00000E002000020000000200000000000005E
:10B0D0000000020000000300000003C0000003F8AD
:10B0E0000000023E0020020FC0200001FFE000002F
:10B0F0007FE000038020021C00200270000003801B
:10B10000000002000000020000000000000000003B
:10B11000000000000020006000E0038003E0030066
:10B120000FA002003E200200F8200203E020020FE0
:10B130008020023E00200278002003E000600380AF
:10B1400000E002000300000000000000000000001A
:10B1500000000000000000000000000000000000EF
:10B160000000000000001FFFFFFC100000041000A2
:10B17000000410000004100000041000000410007F
:10B1800000041000000400000000000000000000A7
:10B19000000000000000000000000700000003C0E5
:10B1A000000000780000001E00000003C000000046
:10B1B000F00000001E0000000780000000F000000A
:10B1C000003C00000006000000000000000000003D
:10B1D0000000000000001000000410000004100037
:10B1E000000410000004100000041000000410000F
:10B1F00000041FFFFFFC0000000000000000000032
:10B20000000000000000000000000000000000003E
:10B21000000000000000000000000000000002002C
:10B2200000000400000008000000180000001000EA
:10B2300000001800000018000000040000000200D8
:10B2400000000000000000000000000000000000FE
:10B2500000010000000100000001000000010000EA
:10B2600000010000000100000001000000010000DA
:10B2700000010000000100000001000000010000CA
:10B2800000010000000100000001000000010000BA
:10B29000000000000000000000001000000010008E
:10B2A000000010000000180000000800000004006A
:10B2B000000000000000000000000000000000008E
:10B2C000000000000000000000000000000000007E
:10B2D00000000000038000018FC000038C600006A6
:10B2E0001820000410200004102000042020000476
:10B2F0002040000620400003FFC00001FFE00000E6
:10B30000002000000020000000C00000000000003D
:10B310000000020000000200000003FFFFE007FF42
:10B32000FFC0000180C00002006000020020000495
:10B33000002000040020000400200006004000035C
:10B3400000C00001FF800000FE00000000000000BF
:10B3500000000000000000007E000001FF800003EC
:10B3600081C000020040000600200004002000040C
:10B37000002000040020000600200003C04000015F
:10B38000C08000000300000000000000000000007A
:10B3900000000000000000007E000001FF800003AC
:10B3A00080C00006006000040020000400200004AB
:10B3B0000020020400400202008003FFFFE007FFBC
:10B3C000FFC000000040000000400000000000003E
:10B3D00000000000000000007E000001FF8000036C
:10B3E00011C000021040000410600004102000048E
:10B3F000102000041020000610200003104000015F
:10B40000F0C000007100000000000000000000001B
:10B410000000000000000004000000040020000400
:10B42000002000040020007FFFE001FFFFE0010496
:10B430000020030400200204002002040020020473
:10B4400000000200000001C0000001C00000000078
:10B450000000000000000000001C0000E33E0003AC
:10B46000FFC200020CC3000404C1000404C10004B4
:10B4700004C1000404C100060CC10003F8C30005A8
:10B48000F0620006007E0006003C000000000000A4
:10B490000000020000200200002003FFFFE007FF81
:10B4A000FFE0000100200002002000060000000470
:10B4B000000000040000000400200006002000033B
:10B4C000FFE00001FFE0000000200000002000007D
:10B4D0000000000000000000000000040020000444
:10B4E000002000040020000400200387FFE0038FF9
:10B4F000FFE003800020000000200000002000008A
:10B50000002000000000000000000000000000001B
:10B510000000000000000000000000000006000025
:10B520000007000000010000000100040001000409
:10B53000000100040003000400060387FFFC038FE2
:10B54000FFF8038000000000000000000000000081
:10B550000000020000200200002003FFFFE007FFC0
:10B56000FFE0000008200000102000003000000074
:10B57000FC0000058E00000707A0000601E00004A3
:10B5800000E0000400200000002000000000000097
:10B590000000000000000000000002000020020087
:10B5A0000020020000200200002003FFFFE007FF50
:10B5B000FFE000000020000000200000002000004C
:10B5C000002000000000000000000000000000005B
:10B5D0000000000400200007FFE0000FFFE0000271
:10B5E000002000040000000400200007FFE000032A
:10B5F000FFE000020020000400000004002000071B
:10B60000FFE00003FFE00000002000000000000059
:10B61000000000040020000400200007FFE0000FED
:10B62000FFE00001002000020020000200000004F2
:10B6300000000004000000040020000600200003B9
:10B64000FFE00001FFE000000020000000200000FB
:10B6500000000000000000007E000000FF800003EA
:10B6600081C0000200400006002000040020000409
:10B67000002000040020000600200002004000031B
:10B6800081C00001FF8000007E000000000000007B
:10B69000000000040001000400010007FFFF000F8C
:10B6A000FFFF000100C1000200410004002000046F
:10B6B00000200004002000040020000600400003D9
:10B6C00001C00001FF8000007E00000000000000BB
:10B6D00000000000000000007E000001FF80000369
:10B6E00080C000020060000400200004002000046C
:10B6F00000200004002000020041000300C10003FC
:10B70000FFFF0007FFFF0000000100000001000034
:10B7100000000004002000040020000400200004B9
:10B720000020000FFFE0000FFFE00000C02000013C
:10B730000020000200200006002000040000000499
:10B7400000000007000000030000000000000000EF
:10B75000000000000000000003E00001C0E0000362
:10B76000E0400006302000043020000418200004CF
:10B7700018200004182000040C2000020C600003B4
:10B7800007C00007838000000000000000000000E8
:10B79000000000000000000400000004000000049D
:10B7A0000000000C0000001FFF8000FFFFC000042D
:10B7B00000600004002000040020000400200004B9
:10B7C00000400000018000000000000000000000B8
:10B7D000000000040000000400000007FF80000FCC
:10B7E000FFC00000006000000020000000200000FA
:10B7F000002000000020000400400004008000073A
:10B80000FFE0000FFFC0000000400000004000000B
:10B810000000000400000004000000078000000792
:10B82000F0000004FE0000041FC0000003E0000060
:10B83000038000001C000004600000078000000678
:10B8400000000004000000000000000000000004F0
:10B850000000000600000007C0000007FC00000414
:10B860003F80000003E000040F800006F0000007A6
:10B87000F0000007FF8000040FE0000003800004D8
:10B880003C000007C00000060000000400000000AB
:10B8900000000000002000040020000400600007F9
:10B8A00000E0000783200007E6000004F800000025
:10B8B0003C0000045E20000587A0000601E00004B3
:10B8C00000600004002000000020000000000000D4
:10B8D000000000040000000400030007000300074C
:10B8E000E0010004F80100041F02000007FC000052
:10B8F00000E000000700000438000007C000000658
:10B90000000000040000000400000000000000002F
:10B9100000000000000000078060000600E0000456
:10B9200003E0000407A000040E2000043C200004F3
:10B9300070200005E0200007802000070060000460
:10B9400000E0000003800000000000000000000094
:10B9500000000000000000000000000000000000E7
:10B960000000000000000000000000008000000057
:10B9700080000001400007FE3FF8080000041000AE
:10B9800000021000000200000000000000000000A3
:10B9900000000000000000000000000000000000A7
:10B9A0000000000000000000000000000000FFFF99
:10B9B000FFFF000000000000000000000000000089
:10B9C0000000000000000000000000000000000077
:10B9D000000000000000100000021000000208003B
:10B9E000000407FE3FF80001400000008000000056
:10B9F00080000000000000000000000000000000C7
:10BA00000000000000000000000000000000000036
:10BA1000000018000000300000004000000040005E
:10BA2000000040000000200000003000000008007E
:10BA300000000400000002000000020000000200FC
:10BA400000000C00000018000000000000000000D2
:10BA5000400B00008007000060780000200000001C
:10BA600020000000200000000068010000F000003D
:10BA7000000C0F003031323334353637383941421B
:10BA80004344454640305800303132333435363740
:10BA9000383961626364656640307800BCBA00087A
:10BAA0000000002004010000C4010008C0BB000821
:10BAB000040100208CB00100E00100080024F40023
:10BAC000000000000000000000000000FFFF000078
:10BAD0001F0000F81FF8E007FF07E0FF40BC07FC6D
:10BAE00030840000000000000000000000000000A2
:10BAF00000000000100000000100000000F800003D
:10BB0000FFFF000000000000B15E0008F55E0008C5
:10BB1000600300200000001000000068606B01203E
:10BB200000F00010000C0F68000000000000000092
:10BB30000000000000000000000000000000000005
:10BB400000000000000000000000000000000000F5
:10BB500000000000000000000000000000000000E5
:10BB6000000000001F0000000000000000000000B6
:10BB700000000000000000000000000000000000C5
:10BB800000000000000000000000000000000000B5
:10BB900000000000000000000000000000000000A5
:10BBA0000000000000000000AAAAAAAA00000000ED
:10BBB0000000000030059007D008400AC0060000D1
:040000050800018965
:00000001FF
