:020000040800F2
:1000000070B30120090300086B1E0008631E00087E
:10001000671E0008290A0008A1230008000000004C
:10002000000000000000000000000000490200087D
:100030002D0A000800000000A50200084B1F000860
:100040002D0300082D0300082D0300082D030008D0
:100050002D0300082D0300082D0300082D030008C0
:100060002D0300082D0300082D0300082D030008B0
:100070002D0300082D0300082D0300082D030008A0
:100080002D0300082D0300082D0300082D03000890
:100090002D0300082D0300082D0300082D03000880
:1000A0002D0300082D0300082D0300082D03000870
:1000B0002D030008751F00082D0300082D030008FC
:1000C0002D0300082D0300082D0300082D03000850
:1000D0002D030008912300082D0300082D030008BC
:1000E0002D0300082D0300082D0300082D03000830
:1000F0002D0300082D0300082D0300082D03000820
:100100002D0300082D0300082D0300082D0300080F
:100110002D0300082D0300082D030008851F00088B
:100120002D0300082D0300082D0300082D030008EF
:100130002D0300082D0300082D0300082D030008DF
:100140002D0300082D0300082D0300082D030008CF
:100150002D0300082D0300082D0300082D030008BF
:100160002D0300082D0300082D0300082D030008AF
:100170002D0300082D0300082D03000800000000D7
:100180002D0300082D03000800F002F800F04DF8E0
:100190000AA090E8000C82448344AAF10107DA45E2
:1001A00001D100F042F8AFF2090EBAE80F0013F0E7
:1001B000010F18BFFB1A43F001031847A8C0000045
:1001C000C8C00000103A24BF78C878C1FAD85207D6
:1001D00024BF30C830C144BF04680C6070470000C1
:1001E0000023002400250026103A28BF78C1FBD840
:1001F000520728BF30C148BF0B607047642900F028
:100200006B81752900F06881782900F0A18163294C
:1002100000F06183732900F06683002070471FB5EA
:1002200009F028F81FBD10B510BD00F0CBFB11463A
:10023000FFF7F5FF05F0ACFD00F0E9FB03B4FFF7B5
:10024000F2FF03BC02F0E2F82C4B19680868B0E832
:10025000F04F80F30988BFF36F8F4FF0000080F3F9
:10026000118870470000000008480068006880F3AB
:1002700008884FF0000080F3148862B661B6BFF3BF
:100280004F8FBFF36F8F00DF00BF00BF08ED00E0AE
:10029000DFF80C00016841F470010160704700BF95
:1002A00088ED00E0EFF30980BFF36F8F134B1A68FE
:1002B0001EF0100F08BF20ED108A20E9F04F1060EB
:1002C00009B44FF0500080F31188BFF34F8FBFF394
:1002D0006F8F07F06DFF4FF0000080F3118809BCAD
:1002E00019680868B0E8F04F1EF0100F08BFB0ECB6
:1002F000108A80F30988BFF36F8F70476C0000206D
:10030000EFF30580704700000C48016841F470016C
:1003100001600B4880470B480047FEE7FEE7FEE719
:10032000FEE7FEE7FEE7FEE7FEE7FEE7FEE700008A
:1003300005480649044A064B7047000088ED00E076
:10034000611F00088901000870AF012070B301200F
:1003500070AF0120704753EA020C00F069802DE96C
:10036000F04B4FF00006002B1FBFB3FA83F503FAE2
:1003700005F424FA05F65E4012BF1643B2FA82F580
:1003800002FA05F4C5F120051EBF22FA05FC44EA75
:100390000C04203556EA044C4FEA144418BF641C80
:1003A0004FF000084FF00009904271EB030C39D375
:1003B000002919BFB1FA81F701FA07F6B0FA80F700
:1003C00000FA07F6C7F120071EBF20FA07FC46EA2D
:1003D0000C062037B6FBF4FCA7EB0507103F07F02F
:1003E0001F0BCBF120060CFA0BFB2CFA06F644BFD0
:1003F000B3460026202FA4BF5E464FF0000B5BEAF9
:10040000060C08BF4FF0010B19EB0B09ABFB027C8C
:1004100048EB0608C01B06FB02CC0BFB03CC71EBC0
:100420000C01C1E70B46024641464846BDE8F08B49
:1004300013B54FF000004FF00001AFF30080BDE8AE
:100440001C4070470FB4044910B503AA029800F08D
:100450004FFA10BC5DF814FB2C0000200FB41CB543
:10046000074B06AA7B4469460090059800F011FAF4
:100470000020694600F020FA1CBC5DF814FB000067
:100480005104000070B50C460546012A05D02878B5
:10049000800600D5EA69002302E0012305E05B1C29
:1004A000934202D2E05C0028F9D1A869E618C01A8C
:1004B000A861286A184428622846AFF3008004E047
:1004C000D5E9012114F8010B9047B442F8D328462E
:1004D000AFF3008070BD00002DE9F0410646002416
:1004E00010687529314616A510D0AFF3008000289A
:1004F00002DA404213A507E031688A0701D512A548
:1005000002E0490704D511A5012401E0AFF3008002
:1005100000210A2206F1240709E0B0FBF2FCB0FB3F
:10052000F2F302FB1C00303078541846491C0028B6
:10053000F3D123462A463046BDE8F04100F04BB9DE
:10054000000000002D0000002B0000002000000033
:1005500070B504460D4621461068AFF3008021882F
:10056000090502D50F4A7A4402E00E4A7A440E3257
:10057000002104F1240305E000F00F060009965D58
:100580005E54491C0028F7D120780023000704D5C9
:10059000702D02D009B1022311322046BDE870400F
:1005A00000F019B9D2BC00002DE9F0410F46054614
:1005B000002028622846E968884770B3252805D0BE
:1005C000D5E901219047286A401CF2E7E9682846EE
:1005D000002688476C2804460AD0682C08D04C2C8A
:1005E00035D06A2C31D0742C31D07A2C2FD016E033
:1005F000E968064628468847B042044608D16C2E72
:1006000023D04FF480662846E9688847044606E010
:100610006C2E03D04FF4807601E01EE04026E4B15A
:10062000A4F14100192802D8203446F400663A4665
:10063000214628462E60FFF7E1FD60B1012808D071
:10064000FF1D27F007070837B4E78026DBE7002601
:10065000D9E73F1DAEE72046B2E7286ABDE8F08142
:1006600040EA0103024630B59B0710D14FF0013438
:1006700000E008C208C91D1B9D4315EAC41FF8D03D
:1006800013F0FF0102F8011B0DD01B0AF8E711F867
:10069000013B002B02F8013B05D011F8013B002B78
:1006A00002F8013BF3D130BD10B5431C02E010F855
:1006B000011B71B18107FAD14FF0013202C88C1AC7
:1006C0008C4314EAC211F9D0C01A0A0603D0C01E26
:1006D00010BDC01A10BD0A0401D0801E10BD090251
:1006E000FCD0401E10BD032A40F2308010F0030CF5
:1006F00000F0158011F8013BBCF1020F624498BF75
:1007000011F801CB00F8013B38BF11F8013BA2F111
:10071000040298BF00F801CB38BF00F8013B11F08C
:10072000030300F0F780083AC0F0088051F8043B5A
:10073000083A51F804CBA0E80810F5E7121D5CBF99
:1007400051F8043B40F8043BAFF30080D20724BFCC
:1007500011F8013B11F801CB48BF11F8012B24BF60
:1007600000F8013B00F801CB48BF00F8012B7047AF
:1007700002F0FF0343EA032242EA024200F0FEB81D
:100780004FF0000200B5134694469646203922BF2A
:10079000A0E80C50A0E80C50B1F12001BFF4F7AF75
:1007A000090728BFA0E80C5048BF0CC05DF804EB57
:1007B000890028BF40F8042B08BF704748BF20F8C5
:1007C000022B11F0804F18BF00F8012B70477047C3
:1007D0007047704770472DE9F0470D46994692469D
:1007E000044600F124080168880604D5E06921F078
:1007F0001001216000E00120A84201DD471B00E05C
:100800000027A1697A1902EB0900081AA061207873
:10081000C00602D42046AFF30080002608E0D4E9E9
:1008200001211AF806009047206A401C761C2062BD
:100830004E45F4DB2078C0060AD52046AFF3008091
:1008400006E0D4E9012130209047206A401C206254
:10085000381EA7F10107F4DC07E0D4E9012118F8FC
:1008600005009047206A401C2062281EA5F1010562
:10087000F3DC2046AFF300802078000602D502208A
:10088000BDE8F0870120FBE701694A1C0261087896
:10089000704700B58FB0CDE90131002105910549C0
:1008A0007944CDE9031011466846FFF77DFE0FB08D
:1008B00000BD0000E5FFFFFF0A6802F8010B0A60B7
:1008C000704710B5436913B1AFF3008001E0FFF743
:1008D000D9FD012010BD127800F124010A70002218
:1008E0004A700122EDE711684FF0FF32E9E700009E
:1008F000074B70B50D467B44FFF7CBFF04462846F7
:1009000000F05CF810B14FF0FF3070BD204670BDB4
:100910004B1D000010B5203AC0F00B80B1E8185014
:10092000203AA0E81850B1E81850A0E81850BFF4D9
:10093000F5AF5FEA027C24BFB1E81850A0E8185078
:1009400044BF18C918C0BDE810405FEA827C24BFCC
:1009500051F8043B40F8043B08BF7047D20728BF5A
:1009600031F8023B48BF11F8012B28BF20F8023BA9
:1009700048BF00F8012B70474FF000020429C0F077
:10098000128010F0030C3FF4FDAECCF1040CBCF16E
:10099000020F18BF00F8012BA8BF20F8022BA1EB13
:1009A0000C01FFF7EFBE5FEAC17C24BF00F8012B0A
:1009B00000F8012B48BF00F8012B7047007B00F0C6
:1009C00080007047754600F02BF8AE46050069467A
:1009D000534620F00700854618B020B5FFF7A8FC65
:1009E000BDE820404FF000064FF000074FF0000830
:1009F0004FF0000B21F00701AC46ACE8C009ACE8B1
:100A0000C009ACE8C009ACE8C0098D46704710B514
:100A10000446AFF300802046BDE81040FFF70EBC4F
:100A2000004870470CAF012000BFFEE77047000090
:100A300070B504461D460023B5F5804F13D154F818
:100A400022300C480340D1E9000640EA06108E68C7
:100A500040EA06208E8940EA06408E69304303430F
:100A600044F8223003E06FF0704044F82200002088
:100A700070BD00000000F0CF10B5034600220868EA
:100A800053F8202012480240D1E901042043CC68E9
:100A900020430C6920434C6920438C692043CC6976
:100AA00020430C6A20434C6A20438C6A2043CC6A62
:100AB0002043CC6B20430C6B2043024388680828FA
:100AC00001D142F04002086843F82020002010BD08
:100AD0008000F0FF30B503460024501C53F820403E
:100AE00004F04044D1E9000540EA05108D6840EA71
:100AF00005208D8940EA0545088A401E45EA0055D3
:100B0000087D801E45EA00608D6928430443501C1F
:100B100043F82040002030BD70B50446A56D00F0BC
:100B20007DF9064694F83500022808D080206065DB
:100B300000BF002084F8340000BF012070BD206891
:100B4000006820F01600216808602068406920F0E5
:100B5000800021684861206C08B9A06C28B1206829
:100B6000006820F00800216808602068006820F014
:100B70000100216808600FE000F050F9801B052893
:100B80000AD92020606500BF002084F8340000BF2F
:100B9000032084F83500D1E72068006800F00100E8
:100BA0000028E9D194F85C103F208840A86000BF7D
:100BB000002084F8340000BF012084F835000020B4
:100BC000BCE7014691F83500022803D08020486533
:100BD00001207047052081F835000868006820F082
:100BE00001000A6810600020F3E70000F8B5024633
:100BF0000B460025002400200021DEE0012606FA35
:100C000001F51E6806EA0504AC4275D11E7906F0AE
:100C10000306012E04D01E7906F00306022E13D11E
:100C200090684F000326BE40B0434F00DE68BE40D0
:100C300030439060506801268E40B0431E79C6F361
:100C400000168E40304350601E7906F00306032ED6
:100C500009D0D0684F000326BE40B0434F009E68C5
:100C6000BE403043D0601E7906F00306022E13D139
:100C7000CF0802F1200656F827004E07F70E0F2680
:100C8000BE40B0434F07FF0E1E69BE403043CF0841
:100C900002F1200646F8270010684F000326BE40E8
:100CA000B0431E7906F003064F00BE40304310608B
:100CB0005E6806F08056B6F1805F7DD100BF0026E9
:100CC0000096404E366846F480463E4F3E603E46B3
:100CD000366806F48046009600BF00BF3A4E8F0883
:100CE00056F827008E07370F0F26BE40B043374E09
:100CF000B24202D1002624E05EE0354EB24201D17C
:100D000001261EE0334EB24201D1022619E0324ED6
:100D1000B24201D1032614E0304EB24201D1042682
:100D20000FE02F4EB24201D105260AE02D4EB2420D
:100D300001D1062605E02C4EB24201D1072600E083
:100D400008268F073F0FBE4030431F4E8F0846F8DE
:100D50002700264E3068A0435E6806F48036B6F55C
:100D6000803F00D12043214E3060361D3068A043C3
:100D70005E6806F40036B6F5003F00D120431B4EF6
:100D8000361D3060361D3068A0435E6806F480165C
:100D9000B6F5801F00D12043144E08363060361D52
:100DA0003068A0435E6806F40016B6F5001F00D157
:100DB00020430E4E0C363060491C1029FFF41EAF44
:100DC000F8BD0000443802400838014000000240ED
:100DD0000004024000080240000C024000100240E3
:100DE0000014024000180240001C0240003C014078
:100DF00010B5426921EA020302EA010443EA04430E
:100E0000836110BD0AB1816101E00B048361704709
:100E100001480068000C7047002004E001480068A9
:100E20007047000034000020034800680349097837
:100E30000844014908607047340000203C0000204D
:100E400010B50A48006840F4007008490860084678
:100E5000006840F480600860032000F07FF80F20F5
:100E600000F006F800F02AF8002010BD003C024017
:100E700070B504460E4800784FF47A71B1FBF0F07B
:100E80000C490968B1FBF0F5284600F09BFC08B15D
:100E9000012070BD102C07D200222146501E00F008
:100EA0001EF80548046001E00120F2E70020F0E7A9
:100EB0003C00002000000020380000207047014660
:100EC0000846002809DB00F01F0301229A4043096D
:100ED0009B0003F1E023C3F8002100BF70472DE918
:100EE000F05F80460D461646002701F073FA07466C
:100EF00039462A46334601F00700C0F1070ABAF125
:100F0000040F02D94FF0040A01E0C0F1070AD146EC
:100F100000F1040ABAF1070F02D24FF0000A01E013
:100F2000A0F1030AD4464FF0010A0AFA09FAAAF11D
:100F3000010A0AEA020A0AFA0CFA4FF0010B0BFA4C
:100F40000CFBABF1010B0BEA030B4AEA0B04214645
:100F5000404601F047FABDE8F09F000000BF00F0F6
:100F60000702064B19684FF6FF031940044B0B4369
:100F700043EA0221014B196000BF70470CED00E00D
:100F80000000FA0570B504460D460CB9012070BD8D
:100F90005848006800F00700A84209D255490D7072
:100FA0000846006800F00700A84201D00120EEE7E3
:100FB000207800F0020002281DD1207800F0040003
:100FC000042805D14C48006840F4E0504A490860C4
:100FD000207800F00800082805D14748006840F450
:100FE0006040454908604448006820F0F000A1686E
:100FF000084341490860207800F00100A8B3606808
:10100000012807D13C4808380068C0F34040B8B90F
:101010000120BCE76068022802D06068032807D17D
:10102000354808380068C0F3406048B90120AEE791
:10103000314808380068C0F3400008B90120A6E72D
:101040002D48006820F00300616808432A490860C1
:10105000FFF7E4FE064609E0FFF7E0FE801B41F2E1
:101060008831884202D9032091E707E022480068CE
:1010700000F00C006168B0EB810FEDD11D480068F5
:1010800000F00700A84209D91A490D700846006807
:1010900000F00700A84201D0012078E7207800F096
:1010A0000400042807D11448006820F4E050E168E7
:1010B000084311490860207800F00800082808D18A
:1010C0000D48006820F46040216940EAC1000A49E7
:1010D000086000F03FF808490968C1F30311074AA6
:1010E000515CC8400649086006480068FFF7C0FE2A
:1010F00000204CE7003C0240083802407E92000885
:1011000000000020380000200148006870470000FF
:101110000000002000B5FFF7F7FF04490968C1F39C
:101120008221034A515CC84000BD000008380240DB
:101130008E92000800B5FFF7E7FF04490968C1F384
:101140004231034A515CC84000BD000008380240EB
:101150008E9200082DE9F047002400250026A146C4
:101160002548006800F00C0020B1042805D00828AC
:101170003AD105E0DFF8849039E0DFF8849036E07A
:101180001D48001F006800F03F041B48001F006856
:1011900000F4800078B11A481749091F0968C1F3A3
:1011A0008811A0FB01700146224600233846FFF754
:1011B000D2F805460EE011480F49091F0968C1F32E
:1011C0008811A0FB01700146224600233846FFF734
:1011D000C2F805460848001F0068C0F30140401CE3
:1011E0004600B5FBF6F902E0DFF8109000BF00BF43
:1011F0004846BDE8F0870000083802400024F400AB
:1012000000127A00F8B504460CB90120F8BD207828
:1012100000F00100002874D0F948006800F00C00CC
:1012200004280DD0F648006800F00C00082813D1FF
:10123000F348001F006800F48000B0F5800F0BD168
:10124000EF4808380068C0F34040002859D0606873
:10125000002856D10120D9E700BF6068B0F5803F73
:1012600008D1E7480838006840F48030E44908397C
:1012700008601EE06068B0F5A02F0DD1E048083886
:10128000006840F48020DE4908390860084600689C
:1012900040F4803008600CE0D9480838006820F439
:1012A0008030D749083908600846006820F480205B
:1012B000086000BF606890B1FFF7B0FD054606E02A
:1012C000FFF7ACFD401B642801D903209EE7CC4802
:1012D00008380068C0F340400028F1D011E0FFF763
:1012E0009DFD054606E0FFF799FD401B642801D9E6
:1012F00003208BE7C24808380068C0F3404000284C
:10130000F1D1207800F0020002285FD1BC480068CB
:1013100000F00C0058B1BA48006800F00C00082832
:101320001CD1B748001F006800F48000B0B9B44871
:1013300008380068C0F3400020B1E068012801D0FF
:10134000012063E7AE480838006820F0F800216902
:1013500040EAC100AA490839086037E0E06800B3F4
:101360000120A8490860FFF759FD054606E0FFF790
:1013700055FD401B022801D9032047E7A048083843
:101380000068C0F340000028F1D09D48083800688C
:1013900020F0F800216940EAC10099490839086045
:1013A00014E0002097490860FFF738FD054606E085
:1013B000FFF734FD401B022801D9032026E790489F
:1013C00008380068C0F340000028F1D1207800F010
:1013D000080008282CD16069A8B101208A4908605A
:1013E000FFF71CFD054606E0FFF718FD401B02282D
:1013F00001D903200AE782486C300068C0F340003E
:101400000028F1D014E000207F490860FFF706FDB6
:10141000054606E0FFF702FD401B022801D9032024
:10142000F4E677486C300068C0F340000028F1D142
:10143000207800F00400042870D10027704838306C
:10144000006800F0805090B900BF002000906C4808
:101450003830006840F080506949383108600846EB
:10146000006800F08050009000BF00BF012767486F
:10147000006800F48070B0B96448006840F480707F
:1014800062490860FFF7CAFC054606E0FFF7C6FCA4
:10149000401B022801D90320B8E65C48006800F42C
:1014A00080700028F2D000BFA068012808D15448FD
:1014B0006830006840F001005149683108601DE063
:1014C000A06805280DD14E486830006840F004003F
:1014D0004B49683108600846006840F00100086028
:1014E0000CE047486830006820F00100444968314A
:1014F00008600846006820F00400086000BFA0688B
:10150000A8B1FFF78BFC054609E0FFF787FC401BFD
:1015100041F28831884202D9032077E626E0384834
:1015200068300068C0F340000028EED013E0FFF7F9
:1015300075FC054608E0FFF771FC401B41F288315D
:10154000884201D9032061E62D4868300068C0F365
:1015500040000028EFD1012F07D12948383000681A
:1015600020F0805026493831086000BFA06900286B
:1015700045D02348006800F00C0008285DD0A06921
:10158000022845D100201F490866FFF747FC0546A1
:1015900006E0FFF743FC401B022801D9032035E693
:1015A000174808380068C0F340600028F1D1D4E93A
:1015B00007010843616A40EA81110122A06AC2EB77
:1015C000500041EA00412C20005D41EA00600C49D6
:1015D000091F086001200B490866FFF71FFC05463C
:1015E00006E0FFF71BFC401B022801D903200DE693
:1015F000034808380068C0F340600028F1D049E093
:101600000838024000004742800E47420070004008
:10161000002021490866FFF701FC054606E0FFF7B8
:10162000FDFB401B022801D90320EFE51B480068A1
:10163000C0F340600028F2D12CE0A069012800D15D
:10164000E4E51648001D0668A069012820D006F4CC
:101650008001E06981421BD106F03F01206A81428E
:1016600016D147F6C0703040616AB0EB811F0FD1D0
:1016700006F440310122A06AC2EB5000B1EB004FEA
:1016800006D106F070612C20005DB1EB006F01D037
:101690000120BBE50020B9E50000474200380240C8
:1016A00070B504460E4615460CB9012070BD94F87D
:1016B000490028B9002084F84800204600F01CF8B2
:1016C00004F108012068FFF7D7F93146A2682068C5
:1016D000FFF700FA2946236BD4E90102FFF7A8F9C6
:1016E000A168206850F8210040F00100A26821683C
:1016F00041F822000020D9E710B586B0044600BFAB
:10170000002000902248006840F001002049086055
:101710000846006800F00100009000BF00BF00BF55
:10172000002000901A480838006840F00800184966
:10173000083908600846006800F00800009000BF03
:1017400000BF00BF002000900846006840F0100075
:1017500008600846006800F01000009000BF00BF5D
:101760004CF20370019002200290012003900220AD
:1017700004900C20059001A90648FFF737FA4FF6B0
:101780008070019001A90448FFF730FA06B010BD3F
:1017900038380240000C024000100240042808D1F2
:1017A0004FF0E021096941F004014FF0E02211619E
:1017B00007E04FF0E021096921F004014FF0E02239
:1017C0001161704770B504462546681EB0F1807FF0
:1017D00001D301200FE0681E4FF0E02148610F2186
:1017E0004FF0FF3000F0FEFD00204FF0E021886157
:1017F00007200861002070BD70477047704710B522
:10180000044620680069C0F34000D8B12068C06871
:10181000C0F34000B0B16FF0020021680861012000
:1018200020772068806900F0030018B12046FFF798
:10183000E5FF05E0204600F0ADF8204600F0ABF8EB
:101840000020207720680069C0F38000D8B12068AC
:10185000C068C0F38000B0B16FF004002168086177
:10186000022020772068806900F4407018B120467B
:10187000FFF7C4FF05E0204600F08CF8204600F09A
:101880008AF80020207720680069C0F3C000D8B132
:101890002068C068C0F3C000B0B16FF008002168D4
:1018A0000861042020772068C06900F0030018B1A7
:1018B0002046FFF7A3FF05E0204600F06BF8204626
:1018C00000F069F80020207720680069C0F300105C
:1018D000D8B12068C068C0F30010B0B16FF010003C
:1018E00021680861082020772068C06900F44070F2
:1018F00018B12046FFF782FF05E0204600F04AF8C5
:10190000204600F048F8002020772068006900F0A9
:10191000010058B12068C06800F0010030B16FF0DC
:10192000010021680861204600F036F8206800694F
:10193000C0F3C01058B12068C068C0F3C01030B107
:101940006FF08000216808612046FFF755FF20688E
:101950000069C0F3801058B12068C068C0F38010DF
:1019600030B16FF0400021680861204600F03CF87B
:1019700020680069C0F3401058B12068C068C0F307
:10198000401030B16FF02000216808612046FFF759
:1019900034FF10BD7047704710B5044606488442B6
:1019A00003D106A0FEF74EFD05E00948844202D1AE
:1019B00008A0FEF747FD10BDA804002054494D3390
:1019C000CAE4B3F62E2E2E2E2E2E2E0D0A00000067
:1019D000F004002054494D37CAE4B3F62E2E2E2EC3
:1019E0002E2E2E0D0A000000704770477047000031
:1019F0002DE9F84F0446206805682068C66820680D
:101A000047694FF00009CA4605F00F09B9F1000F08
:101A10000AD105F0200038B106F0200020B12046A0
:101A200000F0EDFABDE8F88FB9F1000F72D007F0C1
:101A3000010018B906F4907000286BD005F0010081
:101A400030B106F4807018B1206C40F001002064C1
:101A500005F0040030B107F0010018B1206C40F02F
:101A60000200206405F0020030B107F0010018B157
:101A7000206C40F00400206405F0080048B106F036
:101A8000200010B907F0010018B1206C40F00800E8
:101A90002064206C70B305F0200028B106F020000F
:101AA00010B1204600F0ABFA20684069C0F3801AFC
:101AB000206C00F0080010B9BAF1000F23D02046C6
:101AC00000F072FA2068406900F04000402816D10A
:101AD0002068406920F0400021684861A06B50B147
:101AE0005648A16B0865A06BFFF76BF810B1A06BAF
:101AF000016D88470CE02046FFF778FF08E020469C
:101B0000FFF774FF04E02046FFF770FF0020206419
:101B100088E7FFE7206B012879D105F01000002845
:101B200075D006F01000002871D000BF0020009092
:101B300020680068009020684068009000BF00BFE7
:101B40002068406900F04000402839D1A06B00684F
:101B500040681FFA80F8B8F1000F30D0A08D4045E2
:101B60002DDDA4F82E80A06BC069B0F5807F1FD05A
:101B70002068C06820F480702168C86020684069CF
:101B800020F00100216848612068406920F0400091
:101B900021684861202084F83E00002020632068EE
:101BA000C06820F010002168C860A06BFEF7B4FF89
:101BB000A08DE28D801A81B22046FFF716FF31E733
:101BC000A08DE18D401A1FFA80F8E08DE8B1B8F1E0
:101BD000000F1AD02068C06820F490702168C86097
:101BE0002068406920F0010021684861202084F8C5
:101BF0003E00002020632068C06820F010002168AB
:101C0000C86041462046FFF7F0FE0BE7FFE705F00E
:101C1000800030B106F0800018B1204600F087FB4C
:101C200000E705F0400030B106F0400018B1204652
:101C300000F0D5F9F6E600BFF4E60000951F0008B5
:101C400010B504460CB9012010BDA06900B100E038
:101C500000BF94F83D0028B9002084F83C002046DD
:101C600000F028F8242084F83D002068C06820F4A3
:101C700000502168C860204600F020FA2068006902
:101C800020F49040216808612068406920F02A0013
:101C9000216848612068C06840F400502168C8602D
:101CA00000202064202084F83D0084F83E000020BD
:101CB000CAE7000010B586B004462E492068884265
:101CC00055D100BF00BF002000902B48006840F0B5
:101CD0001000294908600846006800F010000090D4
:101CE00000BF00BF00BF00BF00BF0020009022481F
:101CF0001438006840F001001F4914390860084694
:101D0000006800F00100009000BF00BF00BF00BFEE
:101D100000BF002000900846006840F00100086005
:101D20000846006800F00100009000BF00BF00BF3F
:101D30004815019002200290012003900220049097
:101D40000720059001A90D48FEF750FF4FF4806071
:101D500001900720059001A90848FEF747FF2520BC
:101D6000FFF7ADF8032211462520FFF7B8F806B0BB
:101D700010BD000000100140443802400000024045
:101D800070B504460D46164694F83E00202816D13C
:101D900005B10EB9012070BD00BF94F83C000128C8
:101DA00001D10220F7E7012084F83C0000BF0020A9
:101DB000206332462946204600F096FAEBE70220DF
:101DC000E9E7000010B504462049206888423BD16D
:101DD0001F48008800F4004088BB1D48008800F4BC
:101DE000804070B11B4800780A2803D000201849B1
:101DF000088024E01648008840F400401449088018
:101E00001DE0144800780D2806D11148008840F4E0
:101E100080400F49088012E00E4800780C4909887C
:101E2000C1F30D010C4A505409480088401C084970
:101E3000088008460088C72801DD002008800122AC
:101E400004490648FFF79CFF10BD00000010014048
:101E50003000002032000020EC020020B4030020FB
:101E6000704700BFFEE700BFFEE770472DE9F0476F
:101E70000C46DDE90867002100258C4600BF60E0C4
:101E80004FF0010808FA01F504EA050CAC4557D1FA
:101E9000D0F800804FEA410A4FF0030909FA0AF925
:101EA00028EA0908C0F80080D0F800804FEA41090C
:101EB00002FA09F948EA0908C0F80080012A01D0AD
:101EC000022A27D1D0F808804FEA410A4FF00309CF
:101ED00009FA0AF928EA0908C0F80880D0F8088049
:101EE0004FEA410906FA09F948EA0908C0F80880EA
:101EF000D0F804904FF0010808FA01F829EA08091F
:101F0000C0F80490D0F8048003FA01F948EA0908FF
:101F1000C0F80480D0F80C804FEA410A4FF0030962
:101F200009FA0AF928EA0908C0F80C80D0F80C80F0
:101F30004FEA410907FA09F948EA0908C0F80C8094
:101F4000491C10299CD3BDE8F08710B5FEF76CFF43
:101F500006F002FD012801D006F05CFA10BD000079
:101F60000348006840F470000149086070470000B1
:101F700088ED00E010B50248FFF741FC10BD0000FD
:101F8000A804002010B50248FFF739FC10BD00007E
:101F9000F004002070B50546AC6B0020E085E084BD
:101FA0002046FFF723FD70BD0168C96821F49071D8
:101FB0000268D1600168496921F00101026851613C
:101FC000016B012905D10168C96821F0100102687F
:101FD000D160202180F83E1000210163704710B5C8
:101FE00004462068C06820F040002168C8602020B6
:101FF00084F83D002046FFF733FF002010BD70B588
:10200000044694F83E00222856D1A068B0F5805FBF
:102010000CD1206950B90025A66A20684068C0F339
:1020200008003080A06A801CA06215E0A56A002626
:10203000A068B0F5805F03D0A06828B9206918B9FE
:1020400020684068287004E02068406800F07F0045
:102050002870A06A401CA062E08D401E80B2E0851E
:1020600040BB2068C06820F020002168C86020685C
:10207000C06820F480702168C8602068406920F042
:10208000010021684861202084F83E00206B01286F
:102090000AD12068C06820F010002168C860A18DB6
:1020A0002046FFF7A2FC02E02046FFF78BFE00204F
:1020B000206370BD0020FCE70220FAE72DE9F84F0D
:1020C00004462068006920F44050E1680843216814
:1020D00008612169A068084361690843E169084310
:1020E00000902068C06849F20C6188430099084359
:1020F0002168C8602068406920F44070A1690843E5
:102100002168486176492068884203D07549206873
:10211000884203D1FFF70EF8814602E0FEF7FAFF8E
:102120008146E069B0F5004F6CD102206168A0FBE8
:10213000015003461920A9FB007001462A46384683
:10214000FEF709F96421B0FBF1F04FEA001A022012
:102150006168A0FB01510B461920A9FB00712A46BA
:102160003846FEF7F8F8834602206168A0FB01506C
:1021700003461920A9FB00712A463846FEF7EBF802
:102180006421B0FBF1F000EBC00101EB0010ABEB00
:102190008000322101EBC0006421B0FBF1F000F0BF
:1021A000F8000AEB400A02206168A0FB01500346D8
:1021B0001920A9FB007001462A463846FEF7CBF8E5
:1021C000834602206168A0FB015003461920A9FB49
:1021D00000712A463846FEF7BEF86421B0FBF1F0E4
:1021E00000EBC00101EB0010ABEB8000322101EBF2
:1021F000C0006421B0FBF1F000F0070050442168FA
:1022000088606AE004206168A0FB01500346192041
:10221000A9FB007001462A463846FEF79CF8824624
:1022200004206168A0FB015003461920A9FB00703F
:1022300001462A463846FEF78EF86421B0FBF1F0DD
:1022400000EBC00101EB0010AAEB8000322101EB92
:1022500000106421B0FBF1F000F0F00A0420616886
:10226000A0FB017003461920A9FB00513A462846FD
:10227000FEF771F86421B0FBF1F00AEB001A0420BC
:102280006168A0FB01510B461920A9FB00712A4689
:102290003846FEF760F8834604206168A0FB0150D1
:1022A00003461920A9FB007001462A463846FEF76E
:1022B00052F86421B0FBF1F000EBC00101EB00101B
:1022C000ABEB8000322101EB00106421B0FBF1F098
:1022D00000F00F00504421688860BDE8F88F0000CE
:1022E000001001400014014010B5034699629A8520
:1022F000DA8500201864222083F83E0000BF002009
:1023000083F83C0000BF1868C06840F480701C6807
:10231000E0601868406940F001001C68606118685E
:10232000C06840F020001C68E060002010BD01463D
:1023300091F83D00212828D18868B0F5805F0BD145
:10234000086948B90A6A1088C0F308000B68586029
:10235000086A801C086205E00B6A581C086218783D
:102360000B685860C88C401E80B2C88458B9086891
:10237000C06820F080000B68D8600868C06840F032
:1023800040000B68D860002070470220FCE7000086
:1023900010B50248FFF72CFB10BD0000B40300206D
:1023A00000BFFEE770B50621302004F035FF302075
:1023B00004F042FE0546062D03D00621302004F02D
:1023C0002BFF002403E006F00FFE601C84B2C82C33
:1023D000F9DB70BD02480068C0F3022070470000BE
:1023E0000CED00E010B5002804DB0A07130E054AC7
:1023F000135406E00A07140E034A00F00F031B1FD4
:10240000D45410BD00E400E018ED00E000BF7047B8
:1024100000F00101194A1160C0F34001184AC2F8E6
:102420008412C0F38001154A08321160C0F3001114
:10243000121F1160C0F34011104A3C321160C0F30A
:102440008011104A1160C0F3C0110C4A383211607B
:10245000C0F300210B4A121D1160C0F34021074A4E
:1024600034321160C0F38021044A14321160C0F389
:10247000C021024A0C321160704700008082424243
:10248000000043429002434200F00101104A1160F3
:10249000C0F340010F4AC2F8BC12C0F380010C4ADD
:1024A000383A1160C0F3C001121D1160C0F3001171
:1024B000094A1160C0F34011121D1160C0F3801170
:1024C000121D1160C109054AC2F8A8127047000028
:1024D000B8824142008041429C0242420000424296
:1024E00070B504460420FFF759F90A4804602546F0
:1024F0004FF47A7045434FF0E020006940F002004D
:102500004FF0E021086108464561006940F0010094
:10251000086170BD2800002030B50446002504E0A5
:102520004FF47A7000F004F86D1CA542F8D330BD6A
:1025300070B5034600224FF0E02675690D4E3668EF
:1025400003FB06F44FF0E026B16910E04FF0E026FF
:10255000B06988420BD0884202D20E1A324402E09F
:102560002E1A0E4432440146A24200D300E0EDE7A9
:1025700000BF70BD280000202DE9F04707463E4609
:102580002EB940F275521DA125A0FDF75BFF28482A
:102590000068864201D100242DE005F05FF97569DD
:1025A0002448D0F800802448D0F8009005F0A2F923
:1025B000454501D04D4501D102241CE01F4885420C
:1025C00012D1B06A70B90324002007E006F1580167
:1025D000095C012901D1022402E0401C0128F5DB3D
:1025E00000BF08E0022406E01548854200D00DB97E
:1025F000042400E001242046BDE8F0872E2E5C2E46
:102600002E5C4D6964646C6577617265735C4672BB
:10261000656552544F535C7461736B732E63000095
:102620004572726F723A2025732C2025640D0A00C2
:102630006C0000207000002074000020D086012073
:10264000BC86012000BF054A126802F04002002A41
:10265000F9D0C2B2014B5A6070470000001001402F
:102660000EB54FF4784019A120221346CDE9002180
:102670000290DC220A21084603F0ACFA4FF47840BD
:1026800014A118221346CDE900210290DC222F214B
:102690000A2003F09FFA4FF4784013A1102213464A
:1026A000CDE900210290DC224C210A2003F092FAAD
:1026B0001148012100238022CDE900100FA112480A
:1026C00006F0AEF805F00AFD0EBD000053544D3380
:1026D000320000004672656552544F5320506F72AD
:1026E00074696E670000000041544F4D40414C49F1
:1026F000454E54454B000000040000207374617285
:10270000745F7461736B0000FD72000800B587B0E0
:1027100000BF00BF002001903848006840F0100062
:10272000364908600846006800F01000019000BFBC
:1027300000BF00BF00BF00BF002001900846006836
:1027400040F0100008600846006800F0100001909A
:1027500000BF00BF00BF00BF00BF002001900846BF
:10276000006840F0100008600846006800F01000A3
:10277000019000BF00BF00BF00BF00BF002001905C
:102780000846006840F0010008600846006800F054
:102790000100019000BF00BF00BF10200290002088
:1027A0000390012004900220059002A91448FEF72E
:1027B0001DFA0820029000200390012004900220BE
:1027C000059002A90E48FEF711FA0420029000209D
:1027D0000390012004900220059002A90848FEF70A
:1027E00005FA012002900020039002200490059039
:1027F00002A90448FEF7FAF907B000BD30380240DC
:10280000001002400000024070B50446002609484E
:102810000588408845430021084603F0ABF803F0E3
:1028200057FA00BF02E004480480761CAE42FAD397
:1028300070BD0000480400208000006C10B5044604
:1028400058488471002C58D1F020564908804FF424
:10285000A07048800846808845F21051884210D107
:102860004FF430504F4908814FF4285048814FF4BD
:102870002C5088814FF4F07008804FF448704880E5
:102880001AE04848808841F6631188420DD12C2017
:10289000444908812B2048812A2088814FF4F07018
:1028A00008804FF44870488006E02C203D4908819C
:1028B0002A2048812B2088813A48808845F21031AF
:1028C000884205D03748808847F29671884206D101
:1028D0004FF4A070334908804FF4F07048803148BD
:1028E000808849F60601884258D14FF4F0702D498E
:1028F00008804FF44870488050E04FF4A070294998
:102900000880F02048800846808845F210518842AF
:1029100010D14FF43050234908814FF4285048819A
:102920004FF42C5088814FF4487008804FF4F070B9
:10293000488020E01B48808841F66311884205D01A
:102940001848808849F6060188420DD12C20154987
:1029500008812A2048812B2088814FF44870088004
:102960004FF4F070488006E02C200E4908812A20A0
:1029700048812B2088810B48808845F2103188429D
:1029800005D00848808847F29671884206D14FF4F6
:10299000F070044908804FF4A0704880002002F0D5
:1029A000CBFE10BD4804002070B505460E46144607
:1029B0003146284602F0DEFF03F08AF901490C8017
:1029C00070BD00008000006C10B5CF2003F074F9DA
:1029D000002003F065F9C12003F062F9302003F014
:1029E0005FF9ED2003F068F9642003F059F9032042
:1029F00003F056F9122003F053F9812003F050F947
:102A0000E82003F059F9852003F04AF9102003F07B
:102A100047F97A2003F044F9CB2003F04DF939202F
:102A200003F03EF92C2003F03BF9002003F038F9C5
:102A3000342003F035F9022003F032F9F72003F0D7
:102A40003BF9202003F02CF9EA2003F035F90020AF
:102A500003F026F9002003F023F9C02003F02CF93D
:102A60001B2003F01DF9C12003F026F9012003F01B
:102A700017F9C52003F020F9302003F011F93020B8
:102A800003F00EF9C72003F017F9B72003F008F997
:102A9000362003F011F9482003F002F93A2003F040
:102AA0000BF9552003F0FCF8B12003F005F90020E4
:102AB00003F0F6F81A2003F0F3F8B62003F0FCF860
:102AC0000A2003F0EDF8A22003F0EAF8F22003F068
:102AD000F3F8002003F0E4F8262003F0EDF80120DD
:102AE00003F0DEF8E02003F0E7F80F2003F0D8F859
:102AF0002A2003F0D5F8282003F0D2F8082003F0AC
:102B0000CFF80E2003F0CCF8082003F0C9F85420C9
:102B100003F0C6F8A92003F0C3F8432003F0C0F87F
:102B20000A2003F0BDF80F2003F0BAF8002003F0EC
:102B3000B7F8002003F0B4F8002003F0B1F800204B
:102B400003F0AEF8E12003F0B7F8002003F0A8F896
:102B5000152003F0A5F8172003F0A2F8072003F0D2
:102B60009FF8112003F09CF8062003F099F82B2021
:102B700003F096F8562003F093F83C2003F090F809
:102B8000052003F08DF8102003F08AF80F2003F0E1
:102B900087F83F2003F084F83F2003F081F80F20EE
:102BA00003F07EF82B2003F087F8002003F078F87C
:102BB000002003F075F8012003F072F83F2003F0C5
:102BC0006FF82A2003F078F8002003F069F800205D
:102BD00003F066F8002003F063F8EF2003F060F8DC
:102BE000112003F069F87820FFF796FC292003F004
:102BF00063F810BD10B5FF2003F05EF8FF2003F06E
:102C00004FF8982003F04CF8062003F049F8BC2058
:102C100003F052F8012003F043F80F2003F040F8CE
:102C2000612003F03DF8FF2003F03AF8012003F0A3
:102C300037F8012003F034F80B2003F031F81020AE
:102C400003F02EF8372003F02BF8632003F028F868
:102C5000FF2003F025F8FF2003F022F8012003F005
:102C60001FF8012003F01CF8002003F019F80020E1
:102C700003F016F8FF2003F013F8522003F010F8C9
:102C8000012003F00DF8002003F00AF8402003F0C3
:102C900007F8BD2003F010F8012003F001F823200D
:102CA00002F0FEFF452002F0FBFF672002F0F8FF74
:102CB000012002F0F5FF232002F0F2FF452002F090
:102CC000EFFF672002F0ECFFBE2002F0F5FF0020CE
:102CD00002F0E6FF012002F0E3FFAB2002F0E0FF8C
:102CE000602002F0DDFF222002F0DAFF222002F055
:102CF000D7FF222002F0D4FF222002F0D1FF2220B1
:102D000002F0CEFFC72002F0D7FF362002F0C8FF46
:102D1000ED2002F0D1FF7F2002F0C2FF0F2002F071
:102D2000BFFFC02002F0C8FF0F2002F0B9FF0B2048
:102D300002F0B6FF0A2002F0B3FFFC2002F0BCFF55
:102D4000082002F0ADFFDF2002F0B6FF002002F005
:102D5000A7FF002002F0A4FF002002F0A1FF002046
:102D600002F09EFF002002F09BFF202002F098FF5F
:102D7000F32002F0A1FF742002F092FFB42002F0D1
:102D80009BFF002002F08CFF002002F089FF002052
:102D900002F086FFF72002F08FFF822002F080FF12
:102DA000B12002F089FF002002F07AFF132002F028
:102DB00077FF132002F074FFF22002F07DFF8020E5
:102DC00002F06EFF042002F06BFF402002F068FF6B
:102DD000282002F065FFC12002F06EFF172002F0EC
:102DE0005FFF882002F05CFF882002F059FF20205E
:102DF00002F056FFE02002F05FFF002002F050FFDB
:102E00000A2002F04DFF122002F04AFF102002F0CB
:102E100047FF0E2002F044FF202002F041FFCC20AB
:102E200002F03EFF072002F03BFF062002F038FFD1
:102E30000B2002F035FF0E2002F032FF0F2002F0CF
:102E40002FFF0D2002F02CFF152002F029FF10208B
:102E500002F026FF002002F023FFE12002F02CFF09
:102E6000002002F01DFF0B2002F01AFF132002F0D9
:102E700017FF0D2002F014FF0E2002F011FF1B209F
:102E800002F00EFF712002F00BFF062002F008FF97
:102E9000062002F005FF0A2002F002FF0F2002F0D8
:102EA000FFFE0E2002F0FCFE0F2002F0F9FE1520BE
:102EB00002F0F6FE0C2002F0F3FE002002F0F0FE1D
:102EC0002A2002F0F9FE002002F0EAFE002002F0C3
:102ED000E7FE012002F0E4FEDF2002F0E1FE2B20FD
:102EE00002F0EAFE002002F0DBFE002002F0D8FE35
:102EF000032002F0D5FE1F2002F0D2FE3A2002F09D
:102F0000DBFE552002F0CCFE362002F0D5FE00207C
:102F100002F0C6FE112002F0CFFE7820FFF7FCFA87
:102F2000292002F0C9FE1420FFF7F6FA2C2002F047
:102F3000C3FE10BD10B5ED2002F0BEFE012002F070
:102F4000AFFEFE2002F0ACFEEE2002F0B5FEDE2069
:102F500002F0A6FE212002F0A3FEF12002F0ACFE5A
:102F6000012002F09DFEDF2002F0A6FE102002F0FC
:102F700097FEC42002F0A0FE8F2002F091FEC62032
:102F800002F09AFE002002F08BFEE22002F088FEA2
:102F9000E22002F085FEE22002F082FEBF2002F075
:102FA0008BFEAA2002F07CFEB02002F085FE0D20F0
:102FB00002F076FE002002F073FE0D2002F070FE9B
:102FC000002002F06DFE112002F06AFE002002F0E7
:102FD00067FE192002F064FE002002F061FE21204D
:102FE00002F05EFE002002F05BFE2D2002F058FE93
:102FF000002002F055FE3D2002F052FE002002F0BB
:103000004FFE5D2002F04CFE002002F049FE5D20E4
:1030100002F046FE002002F043FEB12002F04CFE1A
:10302000802002F03DFE002002F03AFE8B2002F0EC
:1030300037FE002002F034FE962002F031FE002020
:1030400002F02EFEB22002F037FE002002F028FE31
:10305000002002F025FE022002F022FE002002F0F5
:103060001FFE032002F01CFE002002F019FEB32018
:1030700002F022FE002002F013FE002002F010FEFB
:10308000002002F00DFE002002F00AFE002002F0F7
:1030900007FE002002F004FE002002F001FE0020E6
:1030A00002F0FEFD002002F0FBFD002002F0F8FD22
:1030B000002002F0F5FD002002F0F2FD002002F0F9
:1030C000EFFD002002F0ECFD002002F0E9FD002001
:1030D00002F0E6FD002002F0E3FD002002F0E0FD3A
:1030E000002002F0DDFD002002F0DAFD002002F0F9
:1030F000D7FD002002F0D4FD002002F0D1FD002019
:1031000002F0CEFDB42002F0D7FD8B2002F0C8FD06
:10311000002002F0C5FD962002F0C2FD002002F062
:10312000BFFDA12002F0BCFD002002F0B9FDB520DA
:1031300002F0C2FD022002F0B3FD002002F0B0FD5B
:10314000032002F0ADFD002002F0AAFD042002F0F1
:10315000A7FD002002F0A4FDB62002F0ADFD002086
:1031600002F09EFD002002F09BFDB72002F0A4FDBE
:10317000002002F095FD002002F092FD3F2002F0B9
:103180008FFD002002F08CFD5E2002F089FD002002
:1031900002F086FD642002F083FD002002F080FD35
:1031A0008C2002F07DFD002002F07AFDAC2002F0C0
:1031B00077FD002002F074FDDC2002F071FD00209C
:1031C00002F06EFD702002F06BFD002002F068FD41
:1031D000902002F065FD002002F062FDEB2002F07D
:1031E0005FFD002002F05CFDDC2002F059FD0020B4
:1031F00002F056FDB82002F05FFD002002F050FD05
:10320000002002F04DFD002002F04AFD002002F0F7
:1032100047FD002002F044FD002002F041FD0020A7
:1032200002F03EFD002002F03BFDBA2002F044FD1A
:10323000242002F035FD002002F032FD002002F0D3
:103240002FFD002002F02CFDC12002F035FD2020D2
:1032500002F026FD002002F023FD542002F020FDA4
:10326000002002F01DFDFF2002F01AFD002002F0F8
:1032700017FDC22002F020FD0A2002F011FD0020FF
:1032800002F00EFD042002F00BFD002002F008FD0C
:10329000C32002F011FD3C2002F002FD002002F0EC
:1032A000FFFC3A2002F0FCFC002002F0F9FC39207F
:1032B00002F0F6FC002002F0F3FC372002F0F0FCF4
:1032C000002002F0EDFC3C2002F0EAFC002002F0BD
:1032D000E7FC362002F0E4FC002002F0E1FC3220A2
:1032E00002F0DEFC002002F0DBFC2F2002F0D8FC14
:1032F000002002F0D5FC2C2002F0D2FC002002F0CD
:10330000CFFC292002F0CCFC002002F0C9FC2620D2
:1033100002F0C6FC002002F0C3FC242002F0C0FC36
:10332000002002F0BDFC242002F0BAFC002002F0D4
:10333000B7FC232002F0B4FC002002F0B1FC3C20DA
:1033400002F0AEFC002002F0ABFC362002F0A8FC3C
:10335000002002F0A5FC322002F0A2FC002002F0C6
:103360009FFC2F2002F09CFC002002F099FC2C20F6
:1033700002F096FC002002F093FC292002F090FC61
:10338000002002F08DFC262002F08AFC002002F0D2
:1033900087FC242002F084FC002002F081FC242021
:1033A00002F07EFC002002F07BFC232002F078FC7F
:1033B000002002F075FCC42002F07EFC622002F0C6
:1033C0006FFC002002F06CFC052002F069FC00207C
:1033D00002F066FC842002F063FC002002F060FC36
:1033E000F02002F05DFC002002F05AFC182002F0F0
:1033F00057FC002002F054FCA42002F051FC0020F5
:1034000002F04EFC182002F04BFC002002F048FCB9
:10341000502002F045FC002002F042FC0C2002F09B
:103420003FFC002002F03CFC172002F039FC002099
:1034300002F036FC952002F033FC002002F030FC54
:10344000F32002F02DFC002002F02AFCE62002F01E
:1034500027FC002002F024FCC52002F02DFC3220C5
:1034600002F01EFC002002F01BFC442002F018FCBD
:10347000002002F015FC652002F012FC002002F092
:103480000FFC762002F00CFC002002F009FC8820E2
:1034900002F006FC002002F003FCC62002F00CFC47
:1034A000202002F0FDFB002002F0FAFB172002F0C2
:1034B000F7FB002002F0F4FB012002F0F1FB0020FA
:1034C00002F0EEFBC72002F0F7FB002002F0E8FB61
:1034D000002002F0E5FB002002F0E2FB002002F0F9
:1034E000DFFBC82002F0E8FB002002F0D9FB00203F
:1034F00002F0D6FB002002F0D3FB002002F0D0FB4C
:10350000C92002F0D9FB002002F0CAFB002002F023
:10351000C7FB002002F0C4FB002002F0C1FB00202A
:1035200002F0BEFB002002F0BBFB002002F0B8FB63
:10353000002002F0B5FB002002F0B2FB002002F0F8
:10354000AFFB002002F0ACFB002002F0A9FB002042
:1035500002F0A6FB002002F0A3FB002002F0A0FB7B
:10356000002002F09DFBE02002F0A6FB162002F0F6
:1035700097FB002002F094FB1C2002F091FB00203E
:1035800002F08EFB212002F08BFB002002F088FB72
:10359000362002F085FB002002F082FB462002F07C
:1035A0007FFB002002F07CFB522002F079FB002020
:1035B00002F076FB642002F073FB002002F070FB47
:1035C0007A2002F06DFB002002F06AFB8B2002F0F3
:1035D00067FB002002F064FB992002F061FB0020F1
:1035E00002F05EFBA82002F05BFB002002F058FB1B
:1035F000B92002F055FB002002F052FBC42002F07B
:103600004FFB002002F04CFBCA2002F049FB0020D7
:1036100002F046FBD22002F043FB002002F040FB08
:10362000D92002F03DFB002002F03AFBE02002F03E
:1036300037FB002002F034FBF32002F031FB0020C6
:1036400002F02EFBE12002F037FB162002F028FBEF
:10365000002002F025FB1C2002F022FB002002F0DB
:103660001FFB222002F01CFB002002F019FB362079
:1036700002F016FB002002F013FB452002F010FBC5
:10368000002002F00DFB522002F00AFB002002F0A5
:1036900007FB642002F004FB002002F001FB7A200B
:1036A00002F0FEFA002002F0FBFA8B2002F0F8FA9A
:1036B000002002F0F5FA992002F0F2FA002002F060
:1036C000EFFAA82002F0ECFA002002F0E9FAB920A3
:1036D00002F0E6FA002002F0E3FAC42002F0E0FA79
:1036E000002002F0DDFACA2002F0DAFA002002F02F
:1036F000D7FAD22002F0D4FA002002F0D1FAD82072
:1037000002F0CEFA002002F0CBFAE02002F0C8FA74
:10371000002002F0C5FAF32002F0C2FA002002F005
:10372000BFFAE22002F0C8FA052002F0B9FA002040
:1037300002F0B6FA0B2002F0B3FA002002F0B0FA61
:103740001B2002F0ADFA002002F0AAFA342002F0A9
:10375000A7FA002002F0A4FA442002F0A1FA002007
:1037600002F09EFA4F2002F09BFA002002F098FA35
:10377000612002F095FA002002F092FA792002F01E
:103780008FFA002002F08CFA882002F089FA0020DB
:1037900002F086FA972002F083FA002002F080FA05
:1037A000A62002F07DFA002002F07AFAB72002F09B
:1037B00077FA002002F074FAC22002F071FA0020B9
:1037C00002F06EFAC72002F06BFA002002F068FAED
:1037D000D12002F065FA002002F062FAD62002F051
:1037E0005FFA002002F05CFADD2002F059FA0020B6
:1037F00002F056FAF32002F053FA002002F050FAD9
:10380000E32002F059FA052002F04AFA002002F003
:1038100047FA0A2002F044FA002002F041FA1C2084
:1038200002F03EFA002002F03BFA332002F038FAB0
:10383000002002F035FA442002F032FA002002F0B3
:103840002FFA502002F02CFA002002F029FA622010
:1038500002F026FA002002F023FA782002F020FA83
:10386000002002F01DFA882002F01AFA002002F06F
:1038700017FA972002F014FA002002F011FAA6209D
:1038800002F00EFA002002F00BFAB72002F008FA5C
:10389000002002F005FAC22002F002FA002002F035
:1038A000FFF9C72002F0FCF9002002F0F9F9D1205D
:1038B00002F0F6F9002002F0F3F9D52002F0F0F959
:1038C000002002F0EDF9DD2002F0EAF9002002F01C
:1038D000E7F9F32002F0E4F9002002F0E1F9E42036
:1038E00002F0EAF9012002F0DBF9002002F0D8F939
:1038F000012002F0D5F9002002F0D2F9022002F0F6
:10390000CFF9002002F0CCF92A2002F0C9F90020FA
:1039100002F0C6F93C2002F0C3F9002002F0C0F921
:103920004B2002F0BDF9002002F0BAF95D2002F050
:10393000B7F9002002F0B4F9742002F0B1F90020C8
:1039400002F0AEF9842002F0ABF9002002F0A8F9F1
:10395000932002F0A5F9002002F0A2F9A22002F0C3
:103960009FF9002002F09CF9B32002F099F90020A1
:1039700002F096F9BE2002F093F9002002F090F9CF
:10398000C42002F08DF9002002F08AF9CD2002F067
:1039900087F9002002F084F9D32002F081F9002099
:1039A00002F07EF9DD2002F07BF9002002F078F9C8
:1039B000F32002F075F9002002F072F9E52002F020
:1039C0007BF9002002F06CF9002002F069F9002078
:1039D00002F066F9002002F063F9022002F060F9BB
:1039E000002002F05DF9292002F05AF9002002F0CF
:1039F00057F93C2002F054F9002002F051F94B2015
:103A000002F04EF9002002F04BF95D2002F048F977
:103A1000002002F045F9742002F042F9002002F083
:103A20003FF9842002F03CF9002002F039F993209C
:103A300002F036F9002002F033F9A22002F030F94A
:103A4000002002F02DF9B32002F02AF9002002F044
:103A500027F9BE2002F024F9002002F021F9C42049
:103A600002F01EF9002002F01BF9CD2002F018F937
:103A7000002002F015F9D32002F012F9002002F024
:103A80000FF9DC2002F00CF9002002F009F9F32014
:103A900002F006F9002002F003F9E62002F00CF92A
:103AA000112002F0FDF8002002F0FAF8342002F0B4
:103AB000F7F8002002F0F4F8562002F0F1F80020A8
:103AC00002F0EEF8762002F0EBF8002002F0E8F8C1
:103AD000772002F0E5F8002002F0E2F8662002F01C
:103AE000DFF8002002F0DCF8882002F0D9F800208E
:103AF00002F0D6F8992002F0D3F8002002F0D0F8B6
:103B0000BB2002F0CDF8002002F0CAF8992002F0A4
:103B1000C7F8002002F0C4F8662002F0C1F80020C7
:103B200002F0BEF8552002F0BBF8002002F0B8F811
:103B3000552002F0B5F8002002F0B2F8452002F05E
:103B4000AFF8002002F0ACF8432002F0A9F8002002
:103B500002F0A6F8442002F0A3F8002002F0A0F83A
:103B6000E72002F0A9F8322002F09AF8002002F0D3
:103B700097F8552002F094F8002002F091F8762092
:103B800002F08EF8002002F08BF8662002F088F830
:103B9000002002F085F8672002F082F8002002F091
:103BA0007FF8672002F07CF8002002F079F8872087
:103BB00002F076F8002002F073F8992002F070F815
:103BC000002002F06DF8BB2002F06AF8002002F03D
:103BD00067F8992002F064F8002002F061F877207D
:103BE00002F05EF8002002F05BF8442002F058F882
:103BF000002002F055F8562002F052F8002002F0A2
:103C00004FF8232002F04CF8002002F049F833204E
:103C100002F046F8002002F043F8452002F040F898
:103C2000002002F03DF8E82002F046F8002002F003
:103C300037F8002002F034F8992002F031F8002023
:103C400002F02EF8872002F02BF8002002F028F86E
:103C5000882002F025F8002002F022F8772002F0F8
:103C60001FF8002002F01CF8662002F019F800206E
:103C700002F016F8882002F013F8002002F010F885
:103C8000AA2002F00DF8002002F00AF8BB2002F092
:103C900007F8002002F004F8992002F001F8002053
:103CA00001F0FEFF662001F0FBFF002001F0F8FFAD
:103CB000552001F0F5FF002001F0F2FF552001F042
:103CC000EFFF002001F0ECFF442001F0E9FF0020AD
:103CD00001F0E6FF442001F0E3FF002001F0E0FFE7
:103CE000552001F0DDFF002001F0DAFFE92001F0AE
:103CF000E3FFAA2001F0D4FF002001F0D1FF002053
:103D000001F0CEFF002001F0CBFF002001F0D4FF36
:103D1000AA2001F0C5FFCF2001F0CEFF002001F066
:103D2000BFFF002001F0BCFF002001F0B9FF002020
:103D300001F0B6FF002001F0B3FF002001F0B0FF5A
:103D4000002001F0ADFF002001F0AAFF002001F0EB
:103D5000A7FF002001F0A4FF002001F0A1FF002038
:103D600001F09EFF002001F09BFF002001F098FF72
:103D7000002001F095FF002001F092FF002001F0EB
:103D80008FFFF02001F098FF002001F089FF502004
:103D900001F086FF002001F083FF002001F080FF8A
:103DA000002001F07DFFF32001F086FF002001F0EC
:103DB00077FFF92001F080FF062001F071FF10204D
:103DC00001F06EFF292001F06BFF002001F068FF79
:103DD0003A2001F071FF552001F062FF112001F03F
:103DE0006BFF6420FEF798FB292001F065FF35206A
:103DF00001F062FF002001F053FF512001F05CFF51
:103E0000FF2001F04DFF532001F056FF2C2001F060
:103E100047FF552001F050FF822001F041FF2C2088
:103E200001F04AFF10BD10B555214FF4704001F06C
:103E300059FFAA214FF2010001F054FF52214FF225
:103E4000020001F04FFF08214FF2030001F04AFF8A
:103E500001214FF2040001F045FF0D214FF43040E5
:103E600001F040FF0D214BF2010001F03BFF0D215D
:103E70004BF2020001F036FF34214FF4364001F0DE
:103E800031FF34214BF2016001F02CFF34214BF261
:103E9000026001F027FF0D214FF4314001F022FFB5
:103EA0000D214BF2011001F01DFF0D214BF202100C
:103EB00001F018FF34214FF4374001F013FF342193
:103EC0004BF2017001F00EFF34214BF2027001F051
:103ED00009FF00214FF4324001F004FF00214BF2B2
:103EE000012001F0FFFE00214BF2022001F0FAFE5A
:103EF00024214FF4384001F0F5FE24214BF6010057
:103F000001F0F0FE24214BF6020001F0EBFE01214E
:103F10004FF43F4001F0E6FE0F214FF4334001F033
:103F2000E1FE0F214BF2013001F0DCFE0F214BF2DC
:103F3000023001F0D7FE34214FF4394001F0D2FEB7
:103F400034214BF6011001F0CDFE34214BF6021066
:103F500001F0C8FE08214FF4354001F0C3FE0821EE
:103F60004BF2015001F0BEFE08214BF2025001F06D
:103F7000B9FE03214FF4424001F0B4FE24214FF476
:103F80003A4001F0AFFE24214BF6012001F0AAFED9
:103F900024214BF6022001F0A5FE00214FF43C4005
:103FA00001F0A0FE78214BF6014001F09BFE0021BC
:103FB0004BF6024001F096FE00214FF43D4001F027
:103FC00091FE78214BF6015001F08CFE00214BF65A
:103FD000025001F087FE00214FF43E4001F082FEC6
:103FE00064214BF6016001F07DFE00214FF4514049
:103FF00001F078FE33214DF2011001F073FE002133
:104000004DF2021001F06EFE34214DF2031001F06A
:1040100069FE00214DF2041001F064FE3A214DF2D8
:10402000051001F05FFE00214DF2061001F05AFE6E
:104030004A214DF2071001F055FE00214DF2081003
:1040400001F050FE5C214DF2091001F04BFE002101
:104050004DF20A1001F046FE81214DF20B1001F0E5
:1040600041FE00214DF20C1001F03CFEA6214DF264
:104070000D1001F037FE00214DF20E1001F032FE5E
:10408000E5214DF20F1001F02DFE01214DF210102F
:1040900001F028FE13214DF2111001F023FE012141
:1040A0004DF2121001F01EFE54214DF2131001F0DA
:1040B00019FE01214DF2141001F014FE82214DF27F
:1040C000151001F00FFE01214DF2161001F00AFE4D
:1040D000CA214DF2171001F005FE02214DF2181011
:1040E00001F000FE00214DF2191001F0FBFD02214C
:1040F0004DF21A1001F0F6FD01214DF21B1001F0F6
:10410000F1FD02214DF21C1001F0ECFD34214DF2C5
:104110001D1001F0E7FD02214DF21E1001F0E2FD3D
:1041200067214DF21F1001F0DDFD02214DF220103C
:1041300001F0D8FD84214DF2211001F0D3FD0221C0
:104140004DF2221001F0CEFDA4214DF2231001F01A
:10415000C9FD02214DF2241001F0C4FDB7214DF23A
:10416000251001F0BFFD02214DF2261001F0BAFD2D
:10417000CF214DF2271001F0B5FD02214DF228109C
:1041800001F0B0FDDE214DF2291001F0ABFD02215E
:104190004DF22A1001F0A6FDF2214DF22B1001F094
:1041A000A1FD02214DF22C1001F09CFDFE214DF2EB
:1041B0002D1001F097FD03214DF22E1001F092FD1C
:1041C00010214DF22F1001F08DFD03214DF2301022
:1041D00001F088FD33214DF2311001F083FD032100
:1041E0004DF2321001F07EFD6D214DF2331001F0E1
:1041F00079FD00214FF4524001F074FD33214DF25E
:10420000012001F06FFD00214DF2022001F06AFD56
:1042100034214DF2032001F065FD00214DF2042010
:1042200001F060FD3A214DF2052001F05BFD002117
:104230004DF2062001F056FD4A214DF2072001F013
:1042400051FD00214DF2082001F04CFD5C214DF2A2
:10425000092001F047FD00214DF20A2001F042FD46
:1042600081214DF20B2001F03DFD00214DF20C208B
:1042700001F038FDA6214DF20D2001F033FD0021A3
:104280004DF20E2001F02EFDE5214DF20F2001F040
:1042900029FD01214DF2102001F024FD13214DF2E2
:1042A000112001F01FFD01214DF2122001F01AFD35
:1042B00054214DF2132001F015FD01214DF214207F
:1042C00001F010FD82214DF2152001F00BFD0121BE
:1042D0004DF2162001F006FDCA214DF2172001F023
:1042E00001FD02214DF2182001F0FCFC00214DF2ED
:1042F000192001F0F7FC02214DF21A2001F0F2FC26
:1043000001214DF21B2001F0EDFC02214DF21C2099
:1043100001F0E8FC34214DF21D2001F0E3FC022104
:104320004DF21E2001F0DEFC67214DF21F2001F04E
:10433000D9FC02214DF2202001F0D4FC84214DF261
:10434000212001F0CFFC02214DF2222001F0CAFC15
:10435000A4214DF2232001F0C5FC02214DF22420BE
:1043600001F0C0FCB7214DF2252001F0BBFC022179
:104370004DF2262001F0B6FCCF214DF2272001F0AE
:10438000B1FC02214DF2282001F0ACFCDE214DF2FF
:10439000292001F0A7FC02214DF22A2001F0A2FC05
:1043A000F2214DF22B2001F09DFC02214DF22C2038
:1043B00001F098FCFE214DF22D2001F093FC032129
:1043C0004DF22E2001F08EFC10214DF22F2001F035
:1043D00089FC03214DF2302001F084FC33214DF2A1
:1043E000312001F07FFC03214DF2322001F07AFCF4
:1043F0006D214DF2332001F075FC00214FF4534044
:1044000001F070FC33214DF2013001F06BFC002112
:104410004DF2023001F066FC34214DF2033001F020
:1044200061FC00214DF2043001F05CFC3A214DF2B8
:10443000053001F057FC00214DF2063001F052FC2E
:104440004A214DF2073001F04DFC00214DF20830B9
:1044500001F048FC5C214DF2093001F043FC0021E1
:104460004DF20A3001F03EFC81214DF20B3001F09B
:1044700039FC00214DF20C3001F034FCA6214DF244
:104480000D3001F02FFC00214DF20E3001F02AFC1E
:10449000E5214DF20F3001F025FC01214DF21030E5
:1044A00001F020FC13214DF2113001F01BFC012121
:1044B0004DF2123001F016FC54214DF2133001F090
:1044C00011FC01214DF2143001F00CFC82214DF25F
:1044D000153001F007FC01214DF2163001F002FC0D
:1044E000CA214DF2173001F0FDFB02214DF21830C8
:1044F00001F0F8FB00214DF2193001F0F3FB02212D
:104500004DF21A3001F0EEFB01214DF21B3001F0AB
:10451000E9FB02214DF21C3001F0E4FB34214DF2A5
:104520001D3001F0DFFB02214DF21E3001F0DAFBFD
:1045300067214DF21F3001F0D5FB02214DF22030F2
:1045400001F0D0FB84214DF2213001F0CBFB0221A0
:104550004DF2223001F0C6FBA4214DF2233001F0D0
:10456000C1FB02214DF2243001F0BCFBB7214DF21A
:10457000253001F0B7FB02214DF2263001F0B2FBED
:10458000CF214DF2273001F0ADFB02214DF2283052
:1045900001F0A8FBDE214DF2293001F0A3FB02213E
:1045A0004DF22A3001F09EFBF2214DF22B3001F04A
:1045B00099FB02214DF22C3001F094FBFE214DF2CB
:1045C0002D3001F08FFB03214DF22E3001F08AFBDC
:1045D00010214DF22F3001F085FB03214DF23030D8
:1045E00001F080FB33214DF2313001F07BFB0321E0
:1045F0004DF2323001F076FB6D214DF2333001F097
:1046000071FB00214FF4544001F06CFB33214DF25B
:10461000014001F067FB00214DF2024001F062FB16
:1046200034214DF2034001F05DFB00214DF20440C6
:1046300001F058FB3A214DF2054001F053FB0021F7
:104640004DF2064001F04EFB4A214DF2074001F0C9
:1046500049FB00214DF2084001F044FB5C214DF282
:10466000094001F03FFB00214DF20A4001F03AFB06
:1046700081214DF20B4001F035FB00214DF20C4041
:1046800001F030FBA6214DF20D4001F02BFB002183
:104690004DF20E4001F026FBE5214DF20F4001F0F6
:1046A00021FB01214DF2104001F01CFB13214DF2C2
:1046B000114001F017FB01214DF2124001F012FBF5
:1046C00054214DF2134001F00DFB01214DF2144035
:1046D00001F008FB82214DF2154001F003FB01219E
:1046E0004DF2164001F0FEFACA214DF2174001F0DA
:1046F000F9FA02214DF2184001F0F4FA00214DF2CE
:10470000194001F0EFFA02214DF21A4001F0EAFAE5
:1047100001214DF21B4001F0E5FA02214DF21C404F
:1047200001F0E0FA34214DF21D4001F0DBFA0221E4
:104730004DF21E4001F0D6FA67214DF21F4001F004
:10474000D1FA02214DF2204001F0CCFA84214DF241
:10475000214001F0C7FA02214DF2224001F0C2FAD5
:10476000A4214DF2234001F0BDFA02214DF2244074
:1047700001F0B8FAB7214DF2254001F0B3FA022159
:104780004DF2264001F0AEFACF214DF2274001F064
:10479000A9FA02214DF2284001F0A4FADE214DF2DF
:1047A000294001F09FFA02214DF22A4001F09AFAC5
:1047B000F2214DF22B4001F095FA02214DF22C40EE
:1047C00001F090FAFE214DF22D4001F08BFA032109
:1047D0004DF22E4001F086FA10214DF22F4001F0EB
:1047E00081FA03214DF2304001F07CFA33214DF281
:1047F000314001F077FA03214DF2324001F072FAB4
:104800006D214DF2334001F06DFA00214FF4554017
:1048100001F068FA33214DF2015001F063FA0021F2
:104820004DF2025001F05EFA34214DF2035001F0D6
:1048300059FA00214DF2045001F054FA3A214DF298
:10484000055001F04FFA00214DF2065001F04AFAEE
:104850004A214DF2075001F045FA00214DF208506F
:1048600001F040FA5C214DF2095001F03BFA0021C1
:104870004DF20A5001F036FA81214DF20B5001F051
:1048800031FA00214DF20C5001F02CFAA6214DF224
:104890000D5001F027FA00214DF20E5001F022FADE
:1048A000E5214DF20F5001F01DFA01214DF210509B
:1048B00001F018FA13214DF2115001F013FA012101
:1048C0004DF2125001F00EFA54214DF2135001F046
:1048D00009FA01214DF2145001F004FA82214DF23F
:1048E000155001F0FFF901214DF2165001F0FAF9CF
:1048F000CA214DF2175001F0F5F902214DF218507E
:1049000001F0F0F900214DF2195001F0EBF902210C
:104910004DF21A5001F0E6F901214DF21B5001F061
:10492000E1F902214DF21C5001F0DCF934214DF285
:104930001D5001F0D7F902214DF21E5001F0D2F9BD
:1049400067214DF21F5001F0CDF902214DF22050A8
:1049500001F0C8F984214DF2215001F0C3F9022180
:104960004DF2225001F0BEF9A4214DF2235001F086
:10497000B9F902214DF2245001F0B4F9B7214DF2FA
:10498000255001F0AFF902214DF2265001F0AAF9AD
:10499000CF214DF2275001F0A5F902214DF2285008
:1049A00001F0A0F9DE214DF2295001F09BF902211E
:1049B0004DF22A5001F096F9F2214DF22B5001F000
:1049C00091F902214DF22C5001F08CF9FE214DF2AB
:1049D0002D5001F087F903214DF22E5001F082F99C
:1049E00010214DF22F5001F07DF903214DF230508E
:1049F00001F078F933214DF2315001F073F90321C0
:104A00004DF2325001F06EF96D214DF2335001F04C
:104A100069F900214FF4564001F064F933214DF259
:104A2000016001F05FF900214DF2026001F05AF9D6
:104A300034214DF2036001F055F900214DF204607C
:104A400001F050F93A214DF2056001F04BF90021D7
:104A50004DF2066001F046F94A214DF2076001F07F
:104A600041F900214DF2086001F03CF95C214DF262
:104A7000096001F037F900214DF20A6001F032F9C6
:104A800081214DF20B6001F02DF900214DF20C60F7
:104A900001F028F9A6214DF20D6001F023F9002163
:104AA0004DF20E6001F01EF9E5214DF20F6001F0AC
:104AB00019F901214DF2106001F014F913214DF2A2
:104AC000116001F00FF901214DF2126001F00AF9B5
:104AD00054214DF2136001F005F901214DF21460EB
:104AE00001F000F982214DF2156001F0FBF801217F
:104AF0004DF2166001F0F6F8CA214DF2176001F090
:104B0000F1F802214DF2186001F0ECF800214DF2AD
:104B1000196001F0E7F802214DF21A6001F0E2F8A5
:104B200001214DF21B6001F0DDF802214DF21C6005
:104B300001F0D8F834214DF21D6001F0D3F80221C4
:104B40004DF21E6001F0CEF867214DF21F6001F0BA
:104B5000C9F802214DF2206001F0C4F884214DF221
:104B6000216001F0BFF802214DF2226001F0BAF895
:104B7000A4214DF2236001F0B5F802214DF224602A
:104B800001F0B0F8B7214DF2256001F0ABF8022139
:104B90004DF2266001F0A6F8CF214DF2276001F01A
:104BA000A1F802214DF2286001F09CF8DE214DF2BF
:104BB000296001F097F802214DF22A6001F092F885
:104BC000F2214DF22B6001F08DF802214DF22C60A4
:104BD00001F088F8FE214DF22D6001F083F80321E9
:104BE0004DF22E6001F07EF810214DF22F6001F0A1
:104BF00079F803214DF2306001F074F833214DF261
:104C0000316001F06FF803214DF2326001F06AF873
:104C10006D214DF2336001F065F855214FF470407D
:104C200001F060F8AA214FF2010001F05BF8522177
:104C30004FF2020001F056F808214FF2030001F094
:104C400051F800214FF2040001F04CF8CC214FF450
:104C5000314001F047F800214BF2011001F042F819
:104C600005214FF4364001F03DF870214FF43740F4
:104C700001F038F870214BF2017001F033F8012196
:104C80004FF4384001F02EF803214BF6010001F0FB
:104C900029F803214BF6020001F024F803214BF61A
:104CA000030001F01FF802214FF43C4001F01AF814
:104CB00000214BF6014001F015F800214BF60240AF
:104CC00001F010F8D0214FF4494001F00BF8022117
:104CD0004CF6011001F006F850214CF6021001F0DC
:104CE00001F850214CF6031000F0FCFF50214CF667
:104CF000041000F0F7FF00214FF4545000F0F2FFD1
:104D000055214FF4685000F0EDFF4FF4885000F04B
:104D1000D3FF7820FDF70CFC4FF4245000F0CCFFBB
:104D200010BD10B5E22000F0C7FF1D2000F0B8FF55
:104D3000022000F0B5FF042000F0B2FF6420FDF770
:104D4000F7FBE02000F0B8FF012000F0A9FF0A20E7
:104D5000FDF7E2FBE02000F0AFFF032000F0A0FF32
:104D60000C20FDF7D9FB012000F0A6FF0A20FDF77B
:104D7000D3FBE62000F0A0FF2F2000F091FFFF20E2
:104D800000F08EFFFF2000F08BFFB02000F094FFBA
:104D9000202000F085FF002000F082FF032000F0BB
:104DA0007FFF40F21F3000F07BFF012000F078FF12
:104DB00040F2DF1000F074FF002000F071FFB4201B
:104DC00000F07AFF042000F06BFF40F21F4000F07B
:104DD00067FF002000F064FF2E2000F061FF00203C
:104DE00000F05EFF002000F05BFF002000F058FFA5
:104DF000002000F055FFB62000F05EFF022000F01A
:104E00004FFF4FF4037000F04BFF002000F048FF0D
:104E1000172000F045FF152000F042FF002000F0B1
:104E20003FFF002000F03CFFF02000F045FF032092
:104E300000F036FF292000F03FFFD02000F03CFFBB
:104E4000002000F02DFFBE2000F036FF052000F00E
:104E500027FFFE2000F024FF012000F021FF0020AA
:104E600000F01EFF002000F01BFF002000F018FFE4
:104E7000B82000F021FF032000F012FF012000F015
:104E80000FFFBA2000F018FF012000F009FF10BD4D
:104E900010B5112000F010FF7820FDF73DFB362003
:104EA00000F00AFF002000F0FBFE3A2000F004FFB3
:104EB000052000F0F5FEB22000F0FEFE0C2000F010
:104EC000EFFE0C2000F0ECFE002000F0E9FE3320A5
:104ED00000F0E6FE332000F0E3FEB72000F0ECFE29
:104EE000352000F0DDFEBB2000F0E6FE322000F0B1
:104EF000D7FEC02000F0E0FE0C2000F0D1FEC22062
:104F000000F0DAFE012000F0CBFEC32000F0D4FE5A
:104F1000102000F0C5FEC42000F0CEFE202000F0DE
:104F2000BFFEC62000F0C8FE0F2000F0B9FED02062
:104F300000F0C2FEA42000F0B3FEA12000F0B0FEFD
:104F4000E02000F0B9FED02000F0AAFE002000F022
:104F5000A7FE022000F0A4FE072000F0A1FE0A2018
:104F600000F09EFE282000F09BFE322000F098FE0C
:104F7000442000F095FE422000F092FE062000F052
:104F80008FFE0E2000F08CFE122000F089FE14200F
:104F900000F086FE172000F083FEE12000F08CFE7A
:104FA000D02000F07DFE002000F07AFE022000F00C
:104FB00077FE072000F074FE0A2000F071FE282022
:104FC00000F06EFE312000F06BFE542000F068FE11
:104FD000472000F065FE0E2000F062FE1C2000F06D
:104FE0005FFE172000F05CFE1B2000F059FE1E2023
:104FF00000F056FE2A2000F05FFE002000F050FE78
:10500000002000F04DFE002000F04AFEEF2000F0EE
:1050100047FE2B2000F050FE002000F041FE002053
:1050200000F03EFE012000F03BFE3F2000F038FE85
:10503000292000F041FE10BD10B5112000F03CFE0B
:105040007820FDF769FA362000F036FE482000F09F
:1050500027FE3A2000F030FE552000F021FEF0201F
:1050600000F02AFEC32000F01BFEF02000F024FE1A
:10507000962000F015FEB42000F01EFE012000F086
:105080000FFEB62000F018FE0A2000F009FEA22054
:1050900000F006FEB72000F00FFEC62000F000FE74
:1050A000B92000F009FE022000F0FAFDE02000F037
:1050B000F7FDC02000F000FE802000F0F1FD16207A
:1050C00000F0EEFDC12000F0F7FD192000F0E8FD32
:1050D000C22000F0F1FDA72000F0E2FDC52000F0A5
:1050E000EBFD162000F0DCFDE82000F0E5FD40209F
:1050F00000F0D6FD8A2000F0D3FD002000F0D0FDA6
:10510000002000F0CDFD292000F0CAFD192000F09C
:10511000C7FDA52000F0C4FD332000F0C1FDE02054
:1051200000F0CAFDF02000F0BBFD072000F0B8FD44
:105130000D2000F0B5FD042000F0B2FD052000F0C8
:10514000AFFD142000F0ACFD362000F0A9FD542086
:1051500000F0A6FD4C2000F0A3FD382000F0A0FDDB
:10516000132000F09DFD142000F09AFD2E2000F089
:1051700097FD342000F094FDE12000F09DFDF0202B
:1051800000F08EFD102000F08BFD142000F088FD53
:105190000E2000F085FD0C2000F082FD082000F0BC
:1051A0007FFD352000F07CFD442000F079FD4C208F
:1051B00000F076FD262000F073FD102000F070FD59
:1051C000122000F06DFD2C2000F06AFD322000F06E
:1051D00067FDF02000F070FD3C2000F061FDF02044
:1051E00000F06AFD692000F05BFD7820FDF794F97E
:1051F000212000F061FD292000F05EFD10BD0000BF
:1052000000B595B000BF00BF00200190F8480068CD
:1052100040F04000F64908600846006800F0400091
:10522000019000BF00BF00BF00BF00BF0020019081
:105230000846006840F0080008600846006800F072
:105240000800019000BF00BF00BF00BF00BF0020EA
:1052500001900846006840F00800086008460068B1
:1052600000F00800019000BF00BF00BF00BF00BFFA
:10527000002001900846006840F0400008600846A1
:10528000006800F04000019000BF00BF00BF00BFF9
:1052900000BF002001900846006840F0020008604E
:1052A0000846006800F00200019000BF00BF00BF88
:1052B0008814109002201190012012900220139067
:1052C0000C20149010A9CB48FBF790FC20201090E4
:1052D00010A9C948FBF78AFC1020109010A9C648F5
:1052E000FBF784FC4FF48050109010A9C348FBF7E3
:1052F0007DFC4FF4004010900120119010A9C0488F
:10530000FBF774FC4FF02040BE490860BE4848607F
:10531000062088600021BB48C16010214161002146
:105320008161C16141624FF4805181620021C1629B
:105330004FF4804101630021416381630F20099094
:1053400000200A903C200B9000200F900920029032
:1053500000200390092004900020089002AA09A9C7
:10536000A848FCF79DF93220FDF7D6F8D32000F0CD
:10537000A3FC00F0D5F9A549888000F0D1F9A34934
:10538000888000F0CDF9A1498880084680884FF6D2
:10539000FF7101EA00209D49888000F0C1F99B4916
:1053A00089880843994988800846808849F24131B4
:1053B00088427CD0042000F07FFC00F0B1F99349D2
:1053C000888000F0ADF99149888000F0A9F98F49F3
:1053D0008880084680884FF6FF7101EA00208B49DB
:1053E000888000F09DF98949898808438749888029
:1053F0000846808848F25251884203D147F28970AA
:10540000824988808148808847F289718842D0D05B
:10541000D42000F051FC00F083F97C49888000F032
:105420007FF97A49888000F07BF9784988800846BE
:1054300080884FF6FF7101EA00207449888000F0EF
:105440006FF97249898808437049888008468088C6
:1054500045F210318842ACD0D32000F02DFC00F092
:105460005FF96A49888000F05BF96849888000F03C
:1054700057F966498880084680884FF6FF7101EA2F
:1054800000206249888000F04BF960498988084310
:105490005E4988800846808847F29671884288D0A5
:1054A00055214FF4704000F01DFCAA2100E07EE081
:1054B0004FF2010000F016FC52214FF2020000F002
:1054C00011FC08214FF2030000F00CFC01214FF207
:1054D000040000F007FC4FF4454000F0EDFB00F045
:1054E0001FF94A498880084680884FF6FF7101EA13
:1054F0000020464988804CF2015000F0DDFB00F0AE
:105500000FF9424989880843404988800520FDF702
:1055100003F83E48808845F21051884247D0D32096
:1055200000F0CAFB00F0FCF83849888000F0F8F879
:105530003649888000F0F4F834498880084680882D
:105540004FF6FF7101EA00203049888000F0E8F84A
:105550002E49898808432D4988800846808849F665
:105560000601884223D0A12000F0A6FB00F0D8F865
:105570002649888000F0D4F824498880084680882D
:105580004FF6FF7101EA00202049888000F0C8F83A
:105590001E49898808431D4988800846808845F24D
:1055A0006171884203D141F6631018498880174819
:1055B000818817A0FAF746FF1448808847F289715E
:1055C000884202D1FFF764FC4EE01048808849F21F
:1055D0004131884202D1FDF7F7F945E00B48808858
:1055E00045F21031884219D1FDF7A4FC3CE00000DF
:1055F0003038024000180240000C02400014024003
:1056000000040240F8030020040100A04804002028
:105610004C43442049443A25780D0A003A48808892
:1056200047F29671884202D1FFF706FD1CE036482A
:10563000808845F21051884202D1FEF7F4FB13E056
:105640003148808849F60601884202D1FDF7D2FA36
:105650000AE02D48808841F66311884204D1FFF7A3
:1056600060FB642000F0ECFA2748808847F28971DB
:1056700088420BD02448808849F24131884205D0C5
:105680002148808841F6631188420AD103200290A4
:1056900004901E490B6B8A68486802A9FBF7C8F999
:1056A00021E01948808845F21031884211D016480F
:1056B000808847F2967188420BD01348808845F263
:1056C0001051884205D01048808849F6060188426A
:1056D00009D10220029004900C490B6B8A6848683B
:1056E00002A9FBF7A5F90020FDF7A8F800BF0122E9
:1056F000D1030748FBF786FB00BF4FF6FF70FDF7AD
:1057000083F815B000BD000048040020F803002015
:105710000004024000BF011EA0F10100FBD1704750
:1057200008B50220FFF7F6FF024800880090BDF898
:10573000000008BD8000006CF0B50546002400277D
:105740008B488079012805D18948808841F663110A
:10575000884208D186488079F0B98548808841F62A
:105760006311884218D1082D15D2DFE805F0040630
:10577000080A0C0E101206250DE007250BE0042583
:1057800009E0052507E0012505E0002503E00325E4
:1057900001E0022500BF00BF082D1CD2DFE805F0A4
:1057A0000406090C0F12151800BF14E044F0800421
:1057B00011E044F040040EE044F0C0040BE044F07B
:1057C000200408E044F0600405E044F0A00402E096
:1057D00044F0E00400BF00BF36276548808845F2EA
:1057E0001051884200D13F026148808849F241311E
:1057F00088420BD05E48808847F28971884205D084
:105800005B48808847F29671884201D144F00804D1
:105810002146384600F066FA5548808841F6631103
:1058200088421DD004F0200068B1514800885049DA
:105830004988884214DA4E48068840884C490880D6
:10584000084646800CE04A48008849494988884211
:1058500006DD474806884088454908800846468056
:105860004348808845F21051884252D140494889C6
:1058700000F022FA002000F013FA3D494989491C42
:1058800088B200F019FA002000F00AFA3849498974
:10589000891C88B200F010FA35490988491EC1F305
:1058A0000F2000F0FDF932494989C91C88B200F087
:1058B00003FA2F490978491EC8B200F0F1F92C49C2
:1058C000888900F0F9F9002000F0EAF9284989896F
:1058D000491C88B200F0F0F9002000F0E1F92449F9
:1058E0008989891C88B200F0E7F921494988491E55
:1058F000C1F30F2000F0D4F91D498989C91C88B271
:1059000000F0DAF91A498978491EC8B200F0C8F9DE
:105910002DE01749488900F0CFF9002000F0C0F9C8
:10592000002000F0BDF912490988491EC1F30F207B
:1059300000F0B6F90E490978491EC8B200F0B0F976
:105940000B49888900F0B8F9002000F0A9F900207F
:1059500000F0A6F906494988491EC1F30F2000F05E
:105960009FF903498978491EC8B200F099F9F0BD42
:105970004804002010B502460C464548808841F690
:105980006311884247D142488079A8B940480088CD
:10599000401E801A82B23E49488900F08DF90020ED
:1059A00000F07EF9002000F07BF9101200F078F989
:1059B000D0B200F075F916E03549488900F07CF95D
:1059C000101200F06DF9D0B200F06AF93049098880
:1059D000491EC1F30F2000F063F92D490978491ED3
:1059E000C8B200F05DF92A49888900F065F92012F3
:1059F00000F056F9E0B200F053F925494988491EF4
:105A0000C1F30F2000F04CF921498978491EC8B232
:105A100000F046F93AE01E48808845F2105188426D
:105A200020D11B49488900F047F9101200F038F9DD
:105A300017494989491C88B200F03EF9D0B200F0FC
:105A40002FF91349888900F037F9201200F028F95E
:105A50000F498989491C88B200F02EF9E0B200F0A4
:105A60001FF913E00A49488900F026F9101200F0E6
:105A700017F9D0B200F014F90549888900F01CF933
:105A8000201200F00DF9E0B200F00AF910BD00009C
:105A9000480400202DE9FC4F80460E4615461C4662
:105AA000B3460020019000902046E31704EB5373A7
:105AB000DB1021464FEAE47C04EB5C7C4FEAEC0C03
:105AC000A4EBCC0CBCF1000F02D04FF0010C01E0B4
:105AD0004FF0000C6344224604EBD27C4FEA6C0C7E
:105AE00003FB0CF3DBB20193A5F12000C5B20C2C33
:105AF00006D0102C0BD0182C0ED0202C18D112E070
:105B000005EB45002D4901EB8000009012E02C4888
:105B100000EB051000900DE005EBC500294901EBF5
:105B20008000009006E0284800EB8510009001E01E
:105B3000BDE8FC8F00BF00273AE0009810F80790FE
:105B40004FF0000A2EE009F0800028B131464046AF
:105B50000C9AFCF729FF07E00B9828B91B4831463F
:105B600002684046FCF720FF4FEA49604FEA10699F
:105B7000701C86B216484088B04200DCD8E7A6EB1D
:105B80000B00A0420AD15E4608F101001FFA80F81E
:105B90000F480088404500DCCAE706E00AF1010032
:105BA00000F0FF0ABAF1080FCDDB00BF781CC7B2C6
:105BB00001988742C1DB00BFBAE700009692000857
:105BC0000A970008FA9C000856AA00084400002022
:105BD000480400202DE9FC4F04460D4690469946A6
:105BE000DDE90C7A0B9E04F0FF0B08EB04001FFAB2
:105BF00080F809EB05001FFA80F917E0444502DB45
:105C00005C46A81985B24D4500DB15E00020CDE9C2
:105C1000000A3A78334629462046FFF73BFF3046D4
:105C200006EBD07104EB61018CB27F1C38787E28C2
:105C300002DC38782028E1DA00BFBDE8FC8F0000E4
:105C400070B52DED048B0446BE2000F035F805201C
:105C500000F026F8204603F0FCF941EC190B9FED0B
:105C60000E0B53EC102B03F007FA41EC180B03F06A
:105C7000C3F985B2284600F013F8012000F010F8AF
:105C8000FF2000F00DF8002000F00AF8002000F0DE
:105C900007F8BDEC048B70BD6666666666660440F8
:105CA00001B5BDF800000090BDF800000149088072
:105CB00008BD00008000006C01B5BDF80000009038
:105CC000BDF800000149088008BD00007E00006C9E
:105CD00002480089024908807047000048040020FB
:105CE0007E00006C034A10804FF0D842A2F880106A
:105CF000704700007E00006C00B587B000BF00BF99
:105D0000002001902048006840F020001E490860F3
:105D10000846006800F02000019000BF00BF00BFEF
:105D200000BF00BF002001900846006840F020003E
:105D300008600846006800F02000019000BF00BF26
:105D400000BF4815029001200390049002200590A6
:105D500002A90E48FAF74AFF4FF48060029002A9A8
:105D60000A48FAF743FF00BF012251020748FBF738
:105D700049F800BF00BF012291020448FBF742F836
:105D800000BF07B000BD00003038024000140240E0
:105D900010B50320FBF7E2F8FBF752F807230222C5
:105DA00008214FF4A87001F0DBFAA820FCF798FB5B
:105DB0004FF4E13001F068FCFFF79EFFFFF720FA97
:105DC000FCF7A4FC00F0EEFF002000F00BF802202E
:105DD00000F008F8012000F005F8FCF741FC002075
:105DE00010BD000010B504460C4951F824104A00BB
:105DF0000B4951F82400002100F09EF8094951F8A0
:105E0000242007490C3951F82400002100F094F8AF
:105E1000012103480C30015510BD000018C20008D4
:105E20005C00002030C200082DE9F04704460F4610
:105E30000025A9462348005D20B922482038016882
:105E4000204688471FB94FF0FF30BDE8F0871E4855
:105E500050F82400B7FBF0F61B4850F82400B7FBBD
:105E6000F0F100FB117000B1761C184850F82400C6
:105E7000451E22E013480C3850F8240030F8150075
:105E800010B909F1010901E04FF00009B14513D142
:105E90004FF0000809E00B480C3850F8240005EBDF
:105EA000080220F8126008F10108B045F3D3064853
:105EB00050F824006843C8E76D1E002DDADA4FF071
:105EC000FF30C2E76800002024C2000818C20008A2
:105ED00010B501460023002207E00B4850F82100CE
:105EE00030F8120000B15B1C521C084850F8210029
:105EF0009042F2D84FF47A705843044C54F8214041
:105F0000B0FBF4F080B210BD5C00002018C20008A5
:105F100070B504460E4631462046FFF785FF05461C
:105F2000681C08B9002070BD024850F824002844BD
:105F3000F9E700005000002030B5034601E003F807
:105F4000011B141EA2F10102F9D130BD2DE9F0416F
:105F500005460E462948076800202949096881F846
:105F6000590027480068001D01F0AAFB50B92448D9
:105F7000006890F82C10012088402249096881436C
:105F800020480160681CD8B9D6B11F4948681C492F
:105F9000096888601A4982680968CA6018490968EE
:105FA000091D8268516016490968091D8160164AF9
:105FB000134909684A6111460968491C11601AE0D1
:105FC0007C190F4800684460BC4207D20C48016845
:105FD000091D0E48006801F01BFC0CE00848016830
:105FE000091D0B48006801F013FC0A480068844250
:105FF00001D208480460BDE8F08100008000002064
:106000006C00002084000020D08601207400002055
:10601000700000209C00002010B5044601F01EFC1A
:1060200031480068401C304908603048006840B979
:106030002E4804600846006801280DD100F016FAC9
:106040000AE02B48006838B928480068C06AE16A4D
:10605000884201D82548046026480068401C25492C
:10606000086008460068606494F82C10012088409D
:1060700021490968084320490860E16A01EB810170
:106080001E4A02EB81014868A0608268E260211D1F
:10609000826851608160E16A01EB8101174A02EB7D
:1060A00081026261E16A01EB8101144A52F8211018
:1060B000491CE26A02EB8202104B43F8221001F005
:1060C00019FC0B48006868B108480068C06AE16ABA
:1060D000884207D24FF0805009490860BFF34F8FC4
:1060E000BFF36F8F10BD00007C0000206C0000200B
:1060F00088000020980000208400002000840120F7
:1061000004ED00E010B501F0A9FB10480068D0B91B
:106110000F4801F06DFB0F4801F06AFB0C480E4977
:1061200008600C480D49086000221021052002F08B
:106130008BF9064908600846006820B108A10348A9
:10614000006801F097FC01F0D5FB10BDB400002001
:10615000E4860120F8860120AC000020B000002079
:10616000546D72510000000010B516E001F076FB8E
:106170000C48C068C468201D01F0A2FA0A480068F3
:10618000401E0949086009480068401E0749086028
:1061900001F0B0FB204600F05FF8044800680028DA
:1061A000E4D110BDBC8601207C00002078000020D6
:1061B00070B504460D46206C70B1216CE068014456
:1061C000E160D4E90210884201D32168E1602846E9
:1061D000226CE168FAF787FA70BD2DE9F0410446B8
:1061E0000F4615464FF00008A66B206C48B9206892
:1061F00000282CD1A06802F0B9FC80460020A060E5
:1062000025E07DB93946226C6068FAF76CFA216C9A
:10621000606808446060D4E90101884217D32068AF
:10622000606014E03946226CE068FAF75CFA216C91
:10623000E068411AE1602168E068884203D2216C7D
:10624000A068411AE160022D01D106B1761E701CD2
:10625000A0634046BDE8F08110B50446206B01F014
:1062600089FB204601F086FB10BD00000146084A6C
:10627000126812680AB9012200E000220A600A6866
:1062800022B9034A1268D268106800E00020704703
:10629000AC00002030B54FF42053174800F007043D
:1062A0002CB1C01D20F00700134C041B1B1B024621
:1062B000124C22600024114D6C60D018083820F078
:1062C00007000F4C206000240D4D2D686C600C4DB4
:1062D0002D682C601146441A4C60094C24680C60EF
:1062E000084D4C682C60084D4C682C604FF0004401
:1062F000064D2C6030BD00000C870120C00000203E
:10630000C8000020D0000020CC000020DC000020CD
:1063100000BFFFF729FF064800680128F9D94FF0B0
:10632000805004490860BFF34F8FBFF36F8FF0E7D1
:106330000084012004ED00E02DE9F04106460D4601
:1063400017469846069C0DB9246000E02760E66376
:1063500025640121204602F0BFF884F85080002017
:10636000A064BDE8F08100002DE9F05F82460F4691
:1063700090469B460A9E0C9C4FEA8801A522206B02
:10638000FAF7F6F9A8F10100216B01EB800929F079
:10639000070909F0070008B9012000E0002028B92A
:1063A0004FF4587224A12DA0FAF74CF887B10025BC
:1063B00007E0795D04F134004155785D00B902E0F1
:1063C0006D1C102DF5D300BF00214320015502E0C4
:1063D000002084F83400202E01D2012000E00020AB
:1063E00028B940F2973214A11CA0FAF72BF8202EFE
:1063F00000D31F26E662E66400202065201D01F020
:1064000004FA04F1180001F000FA2461C6F120003A
:10641000A06164620020606584F8580084F8590027
:106420005A465146484600F0A7FC20600B9808B138
:106430000B980460BDE8F09F2E2E5C2E2E5C4D69FB
:1064400064646C6577617265735C4672656552540D
:106450004F535C7461736B732E6300004572726FEF
:10646000723A2025732C2025640D0A0010B50024F3
:1064700007E004EB84010F4A02EB810001F0B8F958
:10648000641C202CF5D30C4801F0B2F90B4801F044
:10649000AFF90B4801F0ACF90A4801F0A9F90A4834
:1064A00001F0A6F904480949086004480849086051
:1064B00010BD000000840120808601209486012008
:1064C000A8860120BC860120D08601207000002013
:1064D0007400002010B50146164800E0006803680B
:1064E0008B42FBD30246436813448B4204D143687A
:1064F0004C682344436001460A464B6813440468D1
:10650000A34211D10C4C03682468A34208D04B6805
:106510000468646823444B6003681B680B6005E0F3
:10652000054B1B680B6001E003680B60884200D0DC
:10653000016010BDC0000020C80000202DE9F0411E
:1065400004460D4616461F464FF00008656024615C
:10655000B5420CD8F01BA169884202D34FF0010864
:1065600011E0211D0948006801F052F90BE0BE421C
:1065700004D2BD4202D34FF0010804E0211D0448BB
:10658000006801F045F94046BDE8F081B000002008
:10659000AC00002070B5054601F060F9A86B08B9A1
:1065A000012400E0002401F0A5F9204670BD2DE98A
:1065B000F04707460C4690460026206848B3204620
:1065C00041684968416000F1080142688A4202D18D
:1065D0004168496841604168D1F80C9000BF20468D
:1065E00041684968416000F1080142688A4202D16D
:1065F0004168496841604168CD6806EBC60007EB19
:10660000800143460122284601F074FB761C4D456B
:10661000E5D13046BDE8F087F1B50098846C0026DE
:106620002CB940F6D53220A128A0F9F70BFFA06BBA
:10663000E16B884201D2012000E0002028B940F639
:10664000D63219A121A0F9F7FDFEA06BE16B8842BB
:1066500027D294F94550002269462046FFF7BDFD38
:106660000646681C60B9606A08B9012000E0002095
:10667000B0B904F1240002F001FB88B101260FE05B
:106680007F2D01D0012000E0002028B940F6F6322D
:1066900005A10EA0F9F7D6FE681C40B284F84500AB
:1066A00000BF3046F8BD00002E2E5C2E2E5C4D69DA
:1066B00064646C6577617265735C4672656552549B
:1066C0004F535C71756575652E6300004572726F7E
:1066D000723A2025732C2025640D0A0070B50546FA
:1066E0000E460E480068C068C468201D00F0E8FF30
:1066F00094F8280000F0040028B1324629462046CC
:1067000000F0FEF805E094F8280000F0FE0084F8A0
:1067100028002046216A884770BD0000AC00002098
:1067200070B586B08AE0029800280CDA03AE2EB964
:1067300040F2063247A150A0F9F784FED6E90020C6
:10674000B168904700BF0298002877DB049C60691D
:1067500008B9012000E0002010B9201D00F0B0FFB2
:1067600001A800F0F9F8054602980A2864D2DFE88B
:1067700000F06305072E365306082F3700BF00BF11
:1067800000BF94F8280040F0010084F82800039826
:10679000A269811803462A462046FFF7CFFEA8B11A
:1067A00094F8280000F0040038B10398A269811819
:1067B0002A46204600F0A4F805E094F8280000F0EE
:1067C000FE0084F828002046216A884735E000BF93
:1067D00094F8280000F0FE0084F828002DE000BFA7
:1067E00094F8280040F0010084F828000398A06184
:1067F000A06908B1012000E0002028B940F2593218
:1068000014A11DA0F9F71EFEA06941192B462A46C6
:106810002046FFF793FE10E094F8280000F00200F5
:1068200018B9204601F0A6F805E094F8280000F019
:10683000FE0084F8280000E000BF00BF002202A98B
:106840001148006801F0C6FE00287FF46CAF06B066
:1068500070BD00002E2E5C2E2E5C4D6964646C654C
:1068600077617265735C4672656552544F535C7410
:10687000696D6572732E63004572726F723A2025DE
:10688000732C2025640D0A00B4000020F8B50546DD
:106890000C4601F085FC684600F05EF8064600985C
:1068A00020BB44B9B54206D802F08EFA31462846DC
:1068B000FFF714FF1CE03CB10E480068006808B9FF
:1068C000012000E000200446A91B22460A48006877
:1068D00001F016F902F078FA50B94FF080500749EC
:1068E0000860BFF34F8FBFF36F8F01E002F06CFAC7
:1068F000F8BD0000B0000020B400002004ED00E06E
:1069000070B504460D46164604E0A06905442046CD
:10691000216A8847A06941192B4632462046FFF775
:106920000DFE0028F1D170BD09480068006808B963
:10693000012000E0002020B14FF0FF300549086041
:1069400005E003480068C0680068024908607047B5
:10695000700000209C00002070B5044602F00CF886
:10696000054607480068854204D200F063F801201C
:10697000206001E00020206001480560284670BDCD
:10698000BC0000202DE9F04302460D4600271068A8
:1069900000284CD01046D0F80480D8F80480C0F805
:1069A000048000F10808D0F80490C14505D1D0F862
:1069B0000480D8F80480C0F80480D0F80480D8F8A7
:1069C0000C6000BF1046D0F80480D8F80480C0F8EE
:1069D000048000F10808D0F80490C14505D1D0F832
:1069E0000480D8F80480C0F80480D0F80480D8F877
:1069F0000C104FF0000C002311E001F13400C45CD6
:106A0000E85CA04202D04FF0010C03E014B90F463D
:106A10004FF0010CBCF1000F00D002E05B1C102B0A
:106A2000EBD300BF07B101E0B142CBD100BF384684
:106A3000BDE8F08370B508E00D480068C0680468E0
:106A40004FF0FF312046FFF749FE09480068006813
:106A500008B9012000E000200028EDD004480568B6
:106A600004480068024908600248056070BD0000E3
:106A7000AC000020B00000200246002101E0521CC2
:106A8000491C1078A528FAD0890888B27047000000
:106A90000B480068401C08B9012000E0002020B924
:106AA000E92208A116A0F9F7CDFC00BF502080F321
:106AB0001188BFF34F8FBFF36F8F00BF00BFFEE79A
:106AC000E00000202E2E5C2E2E5C4D6964646C6507
:106AD00077617265735C4672656552544F535C70A2
:106AE0006F727461626C655C525644535C41524DE6
:106AF0005F434D34465C706F72742E63000000007B
:106B00004572726F723A2025732C2025640D0A009D
:106B100008B500BF6846FFF7A9FB04462046009968
:106B2000FFF7B4FEFFF7FCFDF4E770B5044600F094
:106B300095FE94F9455019E0A06C30B12046FFF75E
:106B40006BFD88B101F092F90EE0606A08B901208E
:106B500000E0002038B904F1240002F08FF818B1E9
:106B600001F084F900E003E0681E45B2002DE3DC8B
:106B700000BFFF2084F8450000F0BCFE00F06EFE70
:106B800094F9445010E0206908B9012000E0002089
:106B900048B904F1100002F071F808B101F066F98B
:106BA000681E45B200E001E0002DECDC00BFFF20D4
:106BB00084F8440000F09EFE70BD70B505460E4698
:106BC00031462846F9F74CFD2846F9F76DFD044695
:106BD00002E020202855641C0F2CFAD300202855F1
:106BE000281970BD2DE9F04104464FF0000801F06E
:106BF000D7FA4948006808B9FFF74CFB47480068D6
:106C00002040002875D1002C23D004F10800A042B8
:106C10001FD9083404F0070000281BD004F0070037
:106C2000C0F108002044A04211D904F00700C0F1CF
:106C30000800044404F0070008B9012000E0002027
:106C400040B99C2236A144A0F9F7FCFB02E00024E5
:106C500000E00024002C4CD043480068844248D80F
:106C6000424E3046056801E02E462D686868A04215
:106C700002D228680028F7D127480068854238D01A
:106C8000306800F10808286830606868001B102828
:106C900013D92F1907F0070008B9012000E00020E0
:106CA00020B9CF221EA12CA0F9F7CCFB6868001BED
:106CB00078606C603846FFF70DFC2B4968680968FE
:106CC000081A294908600846006829490968884265
:106CD00003D2254800682649086010496868096899
:106CE000084368600020286022480068401C214951
:106CF000086002F069F808F0070008B9012000E018
:106D0000002028B94FF4887205A113A0F9F79AFB67
:106D10004046BDE8F0810000C8000020DC000020F3
:106D20002E2E5C2E2E5C4D6964646C6577617265F5
:106D3000735C4672656552544F535C706F72746138
:106D4000626C655C4D656D4D616E675C6865617018
:106D50005F342E63000000004572726F723A202586
:106D6000732C2025640D0A00CC000020C0000020F8
:106D7000D0000020D4000020001F4FF0807303607B
:106D8000001F21F001030360001F054B036014384E
:106D90000260001F6FF0020303602038704700009C
:106DA000916A000800B58DB0FBF7FCFA00BF00BF88
:106DB000002000907148006840F040006F49086072
:106DC0000846006800F04000009000BF00BF00BF10
:106DD00000BF00BF002000900846006840F0080097
:106DE00008600846006800F00800009000BF00BF7F
:106DF00000BF00BF00BF002000900846006840F0C0
:106E0000080008600846006800F00800009000BF15
:106E100000BF00BF00BF0020009058480830006845
:106E200040F001005549083108600846006800F04C
:106E30000100009000BF00BF00BF002000904F483D
:106E4000006840F008004D4908600846006800F0FE
:106E50000800009000BF00BF00BF0020009008465F
:106E6000006840F0100008600846006800F010005C
:106E7000009000BF00BF00BF0020009008460068DF
:106E800040F0200008600846006800F020000090F4
:106E900000BF00BF00BF002000900846006840F01F
:106EA000400008600846006800F04000009000BF05
:106EB00000BF081508900220099001200A900220C6
:106EC0000B900C200C9008A92D48F9F78FFE20207C
:106ED000089008A92B48F9F789FE1020089008A906
:106EE0002848F9F783FE4FF60370089002200990B6
:106EF00001200A9002200B9008A92248F9F776FE9B
:106F00004FF68370089008A91F48F9F76FFE4FF2FB
:106F10003F00089008A91D48F9F768FE3F20089037
:106F200008A91748F9F762FE4FF020401849086099
:106F3000184848600420886000211548C16001613C
:106F40001021416100218161C16141624FF4805192
:106F500081620021C162016341638163002001906D
:106F600002900620039000200490079001AA01A936
:106F70000748FAF795FB0DB000BD0000303802401D
:106F800000180240000C02400010024000140240B1
:106F900058040020040100A01CB52048006840F0FF
:106FA00078001E4908600120032100230246CDE934
:106FB00000104EF233011A48FAF758FF012003215E
:106FC00000230246CDE900104EF22F011548FAF7D2
:106FD0004DFF0120032100230246CDE9001040F2BD
:106FE00033411148FAF742FF0120032100230246F2
:106FF000CDE900104FF4F0610C48FAF737FF01209B
:107000000B4908600B49C1F8A8020949091F08602B
:1070100000200849C1F880021CBD00003038024041
:10702000000C024000140240001802400010024010
:1070300094824142000043422DE9FC410446002570
:1070400000260027FFF7A8FF00206B49086001F029
:10705000CBFF00BF10E0002067490860674931F8A6
:107060001500FBF7D5F901F0BFFF01206449C1F815
:10707000940201F0B9FF6D1C052DECDB0120614984
:10708000086000205E49C1F89402200AFBF7FCF971
:1070900001F0AAFF01205849086001F0A5FF002077
:1070A0005749C1F89402E0B2FBF7EEF901F09CFFFA
:1070B00001205149086001F097FF00205049C1F8B4
:1070C00094025148006840F078004F490860012060
:1070D000032103460022CDE900104FF4F0614B4834
:1070E000FAF7C4FE0120032103460022CDE9001077
:1070F0004CF203014648FAF7B9FE00203E49091F49
:107100000860091D086001F06FFF01203C49C1F8CB
:10711000940201F069FF38485C3800683849D1F8BA
:107120003C1240EA41003649D1F8001240EA8100A1
:107130003349D1F8041240EAC1003649D1F81C1293
:1071400040EA01103349D1F8201240EA4110314998
:10715000D1F8241240EA81102E49D1F8281240EAD1
:10716000C110C6B201F040FF00202349086001F0C1
:107170003BFF01202249C1F8940201F035FF1E486F
:107180005C3800681E49D1F83C1240EA41001C49B5
:10719000D1F8001240EA81001949D1F8041240EAFE
:1071A000C1001C49D1F81C1240EA01101949D1F85C
:1071B000201240EA41101749D1F8241240EA811008
:1071C0001449D1F8281240EAC110C7B201F00CFFEF
:1071D00000200C4928310860012007490860091F78
:1071E000086001F001FF012006492831086047EAE4
:1071F0000620BDE8FC81000094824142EC000020A2
:107200000080414280024342303802400010024078
:10721000000C02400000424270B504460D460026B4
:10722000FFF7BAFE01F0E0FE00BF10E000202F499A
:1072300008602F4931F81600FBF7EAF801F0D4FE98
:1072400001202C49C1F8940201F0CEFE761C052ED7
:10725000ECDB01202849086000202649C1F894028F
:10726000802141EA1420FBF70FF901F0BDFE012057
:107270001E49086001F0B8FE00201E49C1F89402C2
:10728000E0B2FBF701F901F0AFFE012017490860F9
:1072900001F0AAFE00201749C1F89402280AFBF762
:1072A000F3F801F0A1FE01201049086001F09CFEF6
:1072B00000201049C1F89402E8B2FBF7E5F801F0AC
:1072C00093FE01200949086001F08EFE00200A4962
:1072D00028310860012005490860091F086001F095
:1072E00083FE012004492831086070BD9482414228
:1072F000EC00002000804142800243421CB504465D
:1073000000F0ACFA0D48022100238022CDE90010E4
:107310000BA10D4801F084FA0C48032100238222BE
:10732000CDE900100AA10C4801F07AFA0B48006878
:1073300000F04EFC00F0DEFA1CBD0000080000204A
:107340007461736B310000002D7400080C00002084
:107350007461736B320000004D740008040000205B
:107360002DE9F04192B080460C4615461E46002796
:1073700000BF002000902A48006840F08050284953
:1073800008600846006800F08050009000BF00BF11
:1073900000BF002000902348006840F4804021494D
:1073A00008600846006800F48040009000BF00BFFD
:1073B00001200190000402900220079041050891ED
:1073C000CDF8288009940B950C9601A8F9F71AFFBF
:1073D00007461FB1012012B0BDE8F0810F200D90CB
:1073E00002200E9000200F904FF4A05010904FF408
:1073F0008050119004210DA8F9F7C4FD07460FB184
:107400000120E8E7F9F704FD41F20101884205D1C6
:107410000548006840F48070034908600020DAE7FE
:107420004038024000700040003C02400AE000BFCB
:107430004FF400710448F9F7DBFC00BF4FF4FA7019
:1074400000F084FBF3E70000001402401CB500BF0D
:107450004FF0050800BF00BF4FF0000900BF4548CE
:10746000006800F0B3F98346594643A0F8F7EAFFF5
:1074700041464048006800F077FD3E48006800F053
:10748000A5F9834659463CA0F8F7DCFF00F02CF93B
:10749000074639463FA0F8F7D5FF07EBC700810044
:1074A0000020FEF735FD064600223946304600F042
:1074B00035F9019037A00199F8F7C4FF3BA0F8F720
:1074C000C1FF002513E005EBC50006EB80008368D3
:1074D00005EBC50006EB8000026905EBC50006EB75
:1074E0008000416839A0F8F7ADFF681CC5B2052DD2
:1074F000E9DB24210020FEF70BFD044605230022D2
:1075000021461C48006800F0F5FB34A0D4E90113C3
:107510002269F8F797FF01F0B3F900903AA00099BB
:10752000F8F790FF3EA001F0B1F900903EA000995D
:10753000F8F788FF0F48006800F0DCF881464946FC
:1075400041A0F8F77FFF47480068FBF715F882462F
:10755000514645A0F8F776FF484800F019FC474926
:1075600047A0F8F76FFF03E04FF47A7000F0EEFAEF
:10757000FAE700000C0000205461736B32B5C4C8F8
:10758000CECEF1D3C5CFC8BCB6CEAA3A256C640D19
:107590000A000000D7DCB5C4CFB5CDB3C8CECEF15C
:1075A000CAFDC1BF3A256C640D0A0000C8CECEF1F9
:1075B000C3FBB3C609C8CECEF1D3C5CFC8BCB6098C
:1075C000C8CECEF1D0F2BAC5090D0A00257309253F
:1075D0006C6409256C64090D0A000000C8CECEF168
:1075E000C3FBB3C63A257309C8CECEF1D3C5CFC805
:1075F000BCB63A256C6409C8CECEF1D0F2BAC52526
:107600006C64090D0A000000BBF1C8A1B5C4C8CE66
:10761000CEF1BEE4B1FACEAA3A307825780D0A0050
:107620007461736B32000000CDA8B9FDC8CECEF1F5
:10763000C3FBBBF1C8A1C8CECEF1BEE4B1FACEAA5D
:107640003A307825780D0A00B6D1D5BBC0FACAB752
:10765000D7EED0A1CAA3D3E0CEAAA3BA256C640DFD
:107660000A00000008000020C8CECEF1D4CBD0D054
:10767000D7B4CCACCEAA3A25640D0A00F80000209D
:1076800025730D0A0000000010B5044609480A4998
:1076900008600846446000218160C1600161816129
:1076A0000C214161FAF7CCFA012204490248FAF7A9
:1076B00067FB10BD00100140B40300203200002021
:1076C00001460A69D1E901309860D1E901035860A7
:1076D0005068884201D188685060002008611068B5
:1076E000401E106010687047014800687047000035
:1076F0007C0000202DE9F041044614B906480068DA
:1077000000E0204607463D6B2846FFF7B5F90646E0
:107710003046BDE8F08100006C0000202DE9F0410A
:107720000546884616460024202700F039FD2148EA
:107730000068804539D300BF7F1E07EB87021E4BD0
:1077400003EB820104EBC40205EB82000122FEF789
:107750002EFF0444002FEFD104EBC40105EB8100A0
:10776000022216490968FEF722FF044404EBC40113
:1077700005EB8100022212490968FEF718FF044454
:1077800004EBC40105EB810004220E49FEF70FFF54
:10779000044404EBC40105EB810003220A49FEF70F
:1077A00006FF04440EB10020306001F00DFB2046BE
:1077B000BDE8F0817C0000200084012070000020E2
:1077C00074000020BC860120D086012070B50446DC
:1077D00000F044F814B90548006800E02046064669
:1077E000F56A00F087F8284670BD00006C000020A4
:1077F00000F1080141604FF0FF31816000F10801A4
:10780000C160016100210160704700210161704782
:1078100010B502460B685C1C0CB9106907E002F158
:10782000080000E04068446824689C42FAD9446833
:107830004C604C68A160886041600A611468641CF7
:10784000146010BD42684A6093688B609368596009
:107850009160086103685B1C0360704710B500BF4E
:10786000502080F31188BFF34F8FBFF36F8F00BF9D
:107870000B480068401C0A49086008460068012857
:107880000DD108480068C0B208B9012000E000200E
:1078900028B94FF4DB7204A112A0F8F7D3FD10BD94
:1078A000E000002004ED00E02E2E5C2E2E5C4D69E1
:1078B00064646C6577617265735C46726565525489
:1078C0004F535C706F727461626C655C52564453C6
:1078D0005C41524D5F434D34465C706F72742E6351
:1078E000000000004572726F723A2025732C20252B
:1078F000640D0A0010B50B48006828B940F2BD12AB
:1079000009A118A0F8F79EFD06480068401E054929
:1079100008600846006820B9002080F3118800BF85
:1079200000BF10BDE00000202E2E5C2E2E5C4D69A5
:1079300064646C6577617265735C46726565525408
:107940004F535C706F727461626C655C5256445345
:107950005C41524D5F434D34465C706F72742E63D0
:10796000000000004572726F723A2025732C2025AA
:10797000640D0A0070B506463546002E3AD0083D23
:107980002C461D4960680968084008B1012000E0E4
:10799000002028B94FF4927218A126A0F8F752FDE2
:1079A000206808B9012000E0002028B940F2251223
:1079B00012A120A0F8F746FD0F4960680968084049
:1079C000C0B12068B0B90C4960680968884360603C
:1079D00000F0E6FB1B496068096808441949086023
:1079E0002046FEF777FD18480068401C16490860DD
:1079F00001F0EAF970BD0000DC0000202E2E5C2EA4
:107A00002E5C4D6964646C6577617265735C467267
:107A1000656552544F535C706F727461626C655C43
:107A20004D656D4D616E675C686561705F342E6396
:107A3000000000004572726F723A2025732C2025D9
:107A4000640D0A00CC000020D800002000204FF078
:107A5000E02108618861064800684FF47A71B0FB44
:107A6000F1F0401E4FF0E0214861072008617047A7
:107A7000000000202DE9F04106460F462EB940F6E1
:107A8000C82211A119A0F8F7DDFC0025BFB1002420
:107A900012E01A4800EBC4004068B04203D1174816
:107AA00000EBC4050AE035B9144850F8340010B9A9
:107AB000124800EBC405641C082CEAD300BF0DB1CA
:107AC0002F606E60BDE8F0812E2E5C2E2E5C4D691D
:107AD00064646C6577617265735C46726565525467
:107AE0004F535C71756575652E6300004572726F4A
:107AF000723A2025732C2025640D0A00C0830120D2
:107B00002DE9F04105460E4617462C46FFF7A6FE26
:107B100094F94400401C10B9002084F8440094F902
:107B20004500401C10B9002084F84500FFF7E2FE34
:107B3000A06B28B93A46314604F1240000F0CEF992
:107B40002046FEF7F2FFBDE8F081000070B5044664
:107B50000025ACB10F48006808B9012000E0002002
:107B600028B940F249520CA114A0F8F76BFC00F0C0
:107B700017FB00212046FEF7E9F901F025F905463B
:107B80003DB94FF0805011490860BFF34F8FBFF3EC
:107B90006F8F70BDA80000202E2E5C2E2E5C4D69CC
:107BA00064646C6577617265735C46726565525496
:107BB0004F535C7461736B732E6300004572726F78
:107BC000723A2025732C2025640D0A0004ED00E094
:107BD00070B50546FFF742FE15B92F48006800E072
:107BE00028460446201DFFF76BFD78B9E06A00EBDC
:107BF00080002A4951F8200040B994F82C10012047
:107C0000884027490968814325480160A06A18B166
:107C100004F11800FFF754FD22480068401C214978
:107C200008601D480068844209D1211D1E48FFF7E5
:107C300009FE1E480068401C1C49086006E01C48FC
:107C40000068401E1A490860FEF76EFEFFF752FEFC
:107C500011480068844202D02046FEF7FDFA15481C
:107C60000068C0B10C480068844214D11248006812
:107C700008B9012000E0002028B940F2DC420FA141
:107C800017A0F8F7DFFB4FF0805019490860BFF3E9
:107C90004F8FBFF36F8F70BD6C00002000840120F8
:107CA0008400002098000020BC860120780000207D
:107CB0007C00002088000020A80000202E2E5C2ED2
:107CC0002E5C4D6964646C6577617265735C4672A5
:107CD000656552544F535C7461736B732E6300007F
:107CE0004572726F723A2025732C2025640D0A00AC
:107CF00004ED00E02DE9F04107460C4690461E4693
:107D000017B91C48006800E038460546256005F1B3
:107D100034006060E86A2061286BE061686CA060F4
:107D2000E86C60610020A061052E12D01148006847
:107D3000854202D1002020730FE02673032E0CD160
:107D400000F02EFAA86A08B10220207301F03CF876
:107D500003E02846FAF710FC2073B8F1000F04D0B6
:107D6000286BFEF789FE208401E000202084BDE816
:107D7000F08100006C00002003490968016003499C
:107D800009684160704700009400002080000020D6
:107D90002DE9FC410646002030702F480768014657
:107DA000096801EBC1018800FEF71CFF0546002DA4
:107DB00050D0002239462846FFF7B0FC0746002481
:107DC00043E004EBC40005EB8000007B062813D2DF
:107DD000DFE800F00306090C0F134FF058080FE01E
:107DE0004FF052080CE04FF0420809E04FF0530802
:107DF00006E04FF0440803E000BF4FF0000800BF6A
:107E000000BF04EBC40005EB800041683046FEF77C
:107E1000D4FE064604EBC40005EB8000806804EB4A
:107E2000C40105EB8101098CCDE9001004EBC4000D
:107E300005EB8000424609A103693046F8F70EFBC6
:107E40003046F8F731FC0644641CBC42B9D32846DE
:107E5000FFF790FDBDE8FC817C0000200925630947
:107E600025750925750925750D0A000001200149B0
:107E7000086070479000002070B504460D462CB98C
:107E800040F61C4207A110A0F8F7DCFA124801687E
:107E900018312046FFF7BCFC01212846FEF756F8B2
:107EA00070BD00002E2E5C2E2E5C4D6964646C65E6
:107EB00077617265735C4672656552544F535C74AA
:107EC00061736B732E6300004572726F723A2025E6
:107ED000732C2025640D0A006C00002070B5044648
:107EE0000E4615462CB940F6524211A119A0F8F7DA
:107EF000A9FA60681B490968C8611A49826809685B
:107F00000A62184909681831826851601549096880
:107F100018318160134909688C622168491C21600D
:107F20000DB14FF0FF3629463046FEF70FF870BD11
:107F30002E2E5C2E2E5C4D6964646C6577617265D3
:107F4000735C4672656552544F535C7461736B7316
:107F50002E6300004572726F723A2025732C202523
:107F6000640D0A006C0000202DE9F04780460D46A4
:107F70004FF00009202D01D2012000E0002028B997
:107F800040F2156244A14DA0F8F75CFA202D00D311
:107F90001F25FFF763FCB8F1000F02D14B480068C2
:107FA00000E040460446E66CAE4270D0B5420BD9C4
:107FB0004648006884420DD044480068C06AA84220
:107FC00008D84FF0010905E040480068844201D11B
:107FD0004FF00109E76AE16AE06C884200D1E5628E
:107FE000E564A06900F0004010B9C5F12000A0616F
:107FF00007EB8701364A02EB81016069884201D1B3
:10800000012000E00020B0B3201DFFF759FB30B97C
:108010000120B8402F49096881432E48016094F837
:108020002C10012088402B49096808432949086021
:10803000E16A01EB8101264A02EB81014868A060F8
:108040008268E260211D826851608160E16A01EB13
:1080500081011F4A02EB81026261E16A01EB810149
:108060001B4A52F82110491CE26A02EB8202184BAB
:1080700043F8221000BFB9F1000F07D04FF0805035
:1080800015490860BFF34F8FBFF36F8F00BFFFF735
:1080900031FCBDE8F08700002E2E5C2E2E5C4D6971
:1080A00064646C6577617265735C46726565525491
:1080B0004F535C7461736B732E6300004572726F73
:1080C000723A2025732C2025640D0A006C000020D4
:1080D000008401208400002004ED00E01CB51B4852
:1080E00000210B468022CDE9001019A11A4800F0AA
:1080F00097FB0446012C02D100F036FF0446012C08
:1081000015D100BF502080F31188BFF34F8FBFF30C
:108110006F8F00BF4FF0FF301049086001201049F9
:10812000086000200F49086000F09EF80BE0601C1A
:1081300008B1012000E0002028B94FF404620AA130
:1081400012A0F8F77FF9154800681CBDA0000020B8
:1081500049444C4500000000116300089C000020C9
:1081600088000020800000202E2E5C2E2E5C4D69A1
:1081700064646C6577617265735C467265655254C0
:108180004F535C7461736B732E6300004572726FA2
:10819000723A2025732C2025640D0A00A4000020CB
:1081A00002480068401C014908607047A800002090
:1081B00010B51B48006818B101201A4908602DE06D
:1081C00000201849086018480068B0FA80F0C0F133
:1081D0001F0404EB8400154951F8200008B1012068
:1081E00000E0002028B940F6024211A119A0F8F7DA
:1081F00029F904EB84010D4A02EB810041684968CA
:10820000416000F1080142688A4202D14168496830
:1082100041604168C968134A116000BF10BD000089
:10822000A80000209000002084000020008401208D
:108230002E2E5C2E2E5C4D6964646C6577617265D0
:10824000735C4672656552544F535C7461736B7313
:108250002E6300004572726F723A2025732C202520
:10826000640D0A006C0000201CB55048006850499D
:10827000884201D0012000E0002028B940F24312DA
:108280004CA15BA0F8F7DEF8484800684849491E51
:10829000884201D0012000E0002028B94FF4A272EA
:1082A00044A153A0F8F7CEF8554C20460078019031
:1082B000FF20214608700846007800909DF80000D5
:1082C00000F0F0009DF80010884201D1012000E08C
:1082D000002028B940F25D1236A145A0F8F7B2F8A7
:1082E0009DF8000000F050004649087007204649FC
:1082F000086009E044480068401E434908609DF852
:1083000000004006000E00909DF8000000F0800084
:108310008028EFD03C480068C0F10700042801D154
:10832000012000E0002028B940F2711221A130A004
:10833000F8F788F834480068C0F10700042801D134
:10834000012000E0002028B94FF4BD7219A128A037
:10835000F8F778F82C48006800022B4908600846B6
:10836000008800F4E06008602549019808700F4813
:108370002030006840F470000C4920310860084645
:10838000006840F070400860FFF760FB00201F4964
:108390000860F7F77DFF1E48006840F040401C4928
:1083A0000860F7F761FF00201CBD000000ED00E051
:1083B00071C20F412E2E5C2E2E5C4D6964646C657B
:1083C00077617265735C4672656552544F535C7099
:1083D0006F727461626C655C525644535C41524DDD
:1083E0005F434D34465C706F72742E630000000072
:1083F0004572726F723A2025732C2025640D0A0095
:1084000000E400E0E4000020E8000020E00000209C
:1084100034EF00E010B500BF502080F31188BFF3A7
:108420004F8FBFF36F8F00BF00F0ACFA18B14FF061
:1084300080500449086000BF002080F3118800BF0D
:1084400010BD000004ED00E02DE9F84305460E469E
:1084500017460024E5B1601EB0FBF5F0B04217D31B
:1084600005FB06F010F1550F12D805FB06F909F1CE
:108470005400FEF7B7FB04468CB1A04608F154083F
:108480003B464246314628460094FDF755FF06E03C
:108490002CB94FF4E37203A10BA0F7F7D3FF2046EA
:1084A000BDE8F8832E2E5C2E2E5C4D6964646C65ED
:1084B00077617265735C4672656552544F535C71A7
:1084C000756575652E6300004572726F723A2025DE
:1084D000732C2025640D0A002DE9F04105460E4657
:1084E00001272C462CB94FF488722CA134A0F7F741
:1084F000A9FF002C42D0E06B00283FD04FF0FF31A5
:10850000E06BB1FBF0F0216C884237D3FFF7A6F99E
:10851000D4E90F12206801FB0200A0600020A063D4
:1085200020686060E06B401E226C216800FB021135
:10853000E160FF2084F8440084F845009EB920697A
:1085400008B9012000E00020A8B904F1100000F0F3
:1085500095FB80B14FF080501D490860BFF34F8FED
:10856000BFF36F8F07E004F11000FFF741F904F14A
:108570002400FFF73DF9FFF7BDF900E000270FB138
:10858000012000E0002028B940F2451203A10CA010
:10859000F7F758FF3846BDE8F08100002E2E5C2E1C
:1085A0002E5C4D6964646C6577617265735C4672BC
:1085B000656552544F535C71756575652E63000097
:1085C0004572726F723A2025732C2025640D0A00C3
:1085D00004ED00E02DE9F74183B005460E464FF06B
:1085E00000082C462CB940F251524CA154A0F7F788
:1085F00029FF0EB9206C08B9012000E0002028B93D
:1086000040F2555245A14EA0F7F71CFF00F0A4F927
:1086100008B9059808B9012000E0002028B940F207
:108620005A523EA146A0F7F70DFF00BFFFF716F91B
:10863000A76BF7B131462046FDF7BAFD781EA0635F
:10864000206908B9012000E0002060B904F11000A1
:1086500000F014FB38B14FF080503D490860BFF383
:108660004F8FBFF36F8FFFF745F9012006B0BDE8CC
:10867000F081059818B9FFF73DF90020F6E7B8F149
:10868000000F04D101A8FFF777FB4FF00108FFF7B7
:1086900031F9FFF785FDFFF7E1F894F94400401C3C
:1086A00010B9002084F8440094F94500401C10B92A
:1086B000002084F84500FFF71DF905A901A800F086
:1086C00049F8F0B92046FDF765FFA0B104F1240098
:1086D0000599FFF7D1FB2046FEF727FA00F074FB5F
:1086E0000028A3D14FF0805019490860BFF34F8F85
:1086F000BFF36F8F9AE72046FEF717FA00F064FB8E
:1087000094E72046FEF711FA00F05EFB2046FDF7E5
:1087100041FF00288AD00020A8E700002E2E5C2E02
:108720002E5C4D6964646C6577617265735C46723A
:10873000656552544F535C71756575652E63000015
:108740004572726F723A2025732C2025640D0A0041
:1087500004ED00E070B506460C462EB940F6FD4229
:108760001FA128A0F7F76EFE2CB940F6FE421CA10F
:1087700024A0F7F767FEFFF771F8264802687068D3
:10878000131A2548006890F8590030B1002022499A
:10879000096881F8590001251EE02068401C08B9CD
:1087A000002519E01D4930680968884206D07068C4
:1087B000904203D80125002020600DE020689842F7
:1087C00007D92068C01A20603046FFF7D5FA002587
:1087D00002E0002020600125FFF78CF8284670BDDC
:1087E0002E2E5C2E2E5C4D6964646C65776172651B
:1087F000735C4672656552544F535C7461736B735E
:108800002E6300004572726F723A2025732C20256A
:10881000640D0A00800000206C00002094000020FD
:108820002DE9FF4F85B0804689461746DDE912AB3A
:10883000B800FEF7D7F9064656B15C20FEF7D2F92C
:1088400004460CB1266304E03046FFF793F800E0DD
:1088500000247CB10020CDE900ABCDE902403A46CE
:1088600049464046089BFDF77FFD2046FDF7D4FBB7
:10887000012501E04FF0FF35284609B0BDE8F08F33
:1088800001490868704700006C00002070B506467A
:1088900020253046F7F708FF102801D2012000E01C
:1088A000002028B940F6AB1219A122A0F7F7CAFDA3
:1088B000FFF776FC00BF6D1E05EB8501214A02EB38
:1088C00081003146FEF75EF8044604B101E0002D58
:1088D000F1D100BF2CB931461B480068FEF752F8B1
:1088E00004462CB9314619480068FEF74BF8044697
:1088F00024B931461648FEF745F8044624B93146F6
:108900001448FEF73FF8044600F05EFA204670BDBA
:108910002E2E5C2E2E5C4D6964646C6577617265E9
:10892000735C4672656552544F535C7461736B732C
:108930002E6300004572726F723A2025732C202539
:10894000640D0A00008401207000002074000020E3
:10895000D0860120BC8601200549096809B901209B
:1089600005E00449096809B9022000E000207047C9
:1089700088000020A8000020014908687047000016
:10898000800000202DE9F0414FF000085F480068AA
:1089900000287DD15E480068451C5D480560002DBB
:1089A0001DD15C480068006808B9012000E0002083
:1089B00028B940F6C72258A160A0F7F743FD5548F3
:1089C000076862480068534908606048076060486B
:1089D0000068401C5E490860FDF7A6FF00BF5D48C7
:1089E0000068854277D300BF4A480068006808B92C
:1089F000012000E0002020B14FF0FF305549086011
:108A000068E044480068C068C4686668B54202D23D
:108A1000504806605EE06069D4E902128A60D4E9D9
:108A200002214A60211D42688A4201D1E168416009
:108A3000002262610168491E0160A06A98B1A06AC3
:108A4000D4E907128A60D4E907214A6004F11801C9
:108A500042688A4201D1216A41600022A262016813
:108A6000491E016000BF94F82C10012088403A494B
:108A70000968084338490860E16A01EB8101374A17
:108A800002EB81014868A0608268E260211D00E07D
:108A900033E0826851608160E16A01EB81012F4A15
:108AA00002EB81026261E16A01EB81012B4A52F81B
:108AB0002110491CE26A02EB8202284B43F8221083
:108AC0002749E06A0968C96A88428DD34FF00108D6
:108AD0008AE700E000BF22480068C06A00EB80001F
:108AE0001E4951F82000012801D94FF001081D4806
:108AF000006808B14FF0010804E01B480068401C02
:108B0000194908604046BDE8F0810000A800002037
:108B100080000020700000202E2E5C2E2E5C4D69FF
:108B200064646C6577617265735C46726565525406
:108B30004F535C7461736B732E6300004572726FE8
:108B4000723A2025732C2025640D0A007400002041
:108B5000940000209C00002084000020008401205C
:108B60006C000020900000208C00002070B50546AD
:108B70002C460026002D5ED030480068844201D18A
:108B8000012000E0002028B941F24F022CA135A0BD
:108B9000F7F758FC206D28B941F2500228A131A006
:108BA000F7F750FC206D401E2065E16CE06A8842BA
:108BB00041D0206D00283ED1201DFEF781FD40B937
:108BC00094F82C10012088402A49096881432948DB
:108BD0000160E06CE062E06AC0F12000A06194F8FE
:108BE0002C10012088402349096808432149086066
:108BF000E16A01EB8101204A02EB81014868A06033
:108C00008268E260211D826851608160E16A01EB47
:108C10008101194A02EB81026261E16A01EB810183
:108C2000154A52F82110491CE26A02EB8202124BEB
:108C300043F822100126304670BD00006C00002071
:108C40002E2E5C2E2E5C4D6964646C6577617265B6
:108C5000735C4672656552544F535C7461736B73F9
:108C60002E6300004572726F723A2025732C202506
:108C7000640D0A00840000200084012070B50646BF
:108C8000F068C4682CB940F682423CA144A0F7F7D2
:108C9000D9FBA06AD4E907128A60D4E907214A60A7
:108CA00004F1180142688A4201D1216A4160002220
:108CB000A2620168491E01603D48006800283DD15C
:108CC0006069D4E902128A60D4E902214A60211D58
:108CD00042688A4201D1E168416000226261016814
:108CE000491E016094F82C10012088403149096820
:108CF000084330490860E16A01EB81012E4A02EB2A
:108D000081014868A0608268E260211D826851602C
:108D10008160E16A01EB8101274A02EB8102626115
:108D2000E16A01EB8101244A52F82110491CE26AF0
:108D300002EB8202204B43F8221010E01F494868E2
:108D4000E0618268226204F11801826851608160EA
:108D50001A4AA26211460968491C116000BF1849ED
:108D6000E06A0968C96A884204D9012501201549C9
:108D7000086000E00025284670BD00002E2E5C2E05
:108D80002E5C4D6964646C6577617265735C4672D4
:108D9000656552544F535C7461736B732E630000AE
:108DA0004572726F723A2025732C2025640D0A00DB
:108DB000A80000208400002000840120A886012053
:108DC0006C0000209000002070B500240026504860
:108DD000006828B940F6B3024EA157A0F7F732FB5E
:108DE000FEF73CFD4A480068401E494908600846B5
:108DF000006800287ED15448006800287AD05BE0E3
:108E00005248C068C468A06AD4E907128A60D4E9ED
:108E100007214A6004F1180142688A4201D1216A9F
:108E200041600022A2620168491E01606069D4E9C4
:108E300002128A60D4E902214A60211D42688A42F6
:108E400001D1E1684160002262610168491E016050
:108E500094F82C10012088403D49096808433C499A
:108E60000860E16A01EB81013A4A02EB810148683E
:108E7000A0608268E260211D826851608160E16AC1
:108E800001EB8101334A02EB81026261E16A01EB8D
:108E90008101304A52F82110491CE26A02EB820239
:108EA0002C4B43F822102C49E06A0968C96A8842B1
:108EB00002D30120294908602448006808B901202C
:108EC00000E0002000289BD00CB1FDF72DFD2448C8
:108ED000056865B100BFFFF755FD10B101201F49BE
:108EE00008606D1E002DF6D100201D4908601B484A
:108EF000006800E008E038B1012630071949086031
:108F0000BFF34F8FBFF36F8FFEF7F4FC304670BD99
:108F1000A80000202E2E5C2E2E5C4D6964646C65CA
:108F200077617265735C4672656552544F535C7429
:108F300061736B732E6300004572726F723A202565
:108F4000732C2025640D0A007C000020A8860120D7
:108F500084000020008401206C000020900000208C
:108F60008C00002004ED00E01CB50024FDF7CAF8D9
:108F70000B48006858B10B481F2100234FF4807242
:108F8000CDE9001008A10A48FFF74AFC04462CB9B5
:108F900040F2191207A110A0F7F754FA20461CBDA1
:108FA000B4000020B8000020546D72205376630096
:108FB000116B00082E2E5C2E2E5C4D6964646C656E
:108FC00077617265735C4672656552544F535C7489
:108FD000696D6572732E63004572726F723A202557
:108FE000732C2025640D0A0044F2A01001E000BF9C
:108FF000401E0028FBD170474FEA1153A3F5806350
:10900000D3F11E03A8BFD3F1200C08DB4FF00042C0
:1090100042EAC12252EA505232FA03F07047094242
:109020000BD4102BC4BF0020704703F5787CBCF133
:10903000FF3F05D04FF0FF3070474FF00000704702
:1090400070B500F0C3F800BF49922480002070473B
:10905000F0E7B0FA80F310FA03F10AD0C3F11D0370
:1090600003F580634FEA41504FEA035202EBD121EE
:1090700070474FF000007047DFF848C170B51CEA38
:10908000111E1EBF1CEA13159EEA0C0F95EA0C0F69
:1090900000F06F8081EA030423EA4C134EEAD47E89
:1090A00021EA4C1141F4801143F48013AE44A1FB3A
:1090B000024CA0FB0365AEF17F7E361955EB0C0523
:1090C000A1FB034C4CF10003A0FB021C16EB0C06A9
:1090D000654153F10003094218BF46F0010613F43D
:1090E000007F0BD14FEA03314FEA0530340341EAE8
:1090F000155140EA16506FF003020AE04FEAC3210F
:109100004FEAC520F40241EA555140EA56506FF04B
:10911000020202EB2E4201EB025585EACE710AD023
:109120005FEA440C18BF24F0004450F1000041F104
:10913000000120EAD47040F2FE7C624500D270BD8E
:10914000A84214BF4FF080444FF04044002E08BFA7
:109150000024BEF1806FA8BFA1F1C041BDE87040FE
:1091600080F282804FF0000001F1C04101F0004127
:1091700070479EEA0C0F0CEA131518BF95EA0C0F06
:1091800006D04FF0000081EA030E0EF0004170BDE2
:1091900000F01CF88900013E00F007B800F009B8A3
:1091A0004FEA430C5FEA5C5C08D081EA030100F0FF
:1091B0005BB84FEA410C5FEA5C5CF6D14FF000000F
:1091C000014970470000FF070000F87F0EF1020E12
:1091D0002EF0030E5EF8046B364205D4012A43EBF1
:1091E000030515F5001F12D8012841EB010C1CF5F1
:1091F000001F0CD80ED14FEAD17C15F5001F0CEBE7
:109200004C0C0CF1020C08BF4CEBD37C04E04FF08B
:10921000080C01E04FEAD37C0CEB4C0526FA05F66E
:1092200006F00706B6F1040C06D20EEB860CBDE87C
:1092300070404CF0010C6047DFE80CF0090B0202B3
:109240004FF000414FF00000A1F5002170BD19461C
:109250001046012851EB010418BFD4F5001484BF57
:10926000002001F0004170BD0808A0F500114FEA90
:10927000310170474FF04070E1EE100A7047000076
:1092800000000000000001020304060708090000B6
:1092900000000102030400000000000000000000C4
:1092A0000000000000003F4000000000000000003F
:1092B0003000400030004000000009000BC03D00BD
:1092C0000BC03D00090018C024407FE022403180DF
:1092D0000000180024C01B000D8032400180038074
:1092E0001C4027401C800740004010006000000028
:1092F0000000000000000000000000001F8020406F
:1093000040200000402020401F8000000000090095
:1093100006001F80060009000000040004003F80D2
:1093200004000400000000100060000000000000C5
:109330000000040004000400040004000000000019
:1093400000400000000000000000002001C00600F6
:109350003800400000001F802040204020401F8037
:109360000000000010403FC000400000000018C096
:10937000214022402440184000001080204024401A
:1093800024401B80000002000D0011003FC001407E
:1093900000003C80244024402440238000001F80A3
:1093A000244024403440038000003000200027C0C7
:1093B0003800200000001B802440244024401B80F3
:1093C00000001C0022C0224022401F80000000003C
:1093D00000000840000000000000000000000460E1
:1093E000000000000000000004000A0011002080BE
:1093F00040400900090009000900090000000000C0
:109400004040208011000A00040018002000234082
:109410002400180000001F802040274029401F40E2
:109420000000004007C039000F0001C0004020408C
:109430003FC0244024401B8000001F80204020406B
:1094400020403080000020403FC0204020401F804E
:10945000000020403FC024402E4030C0000020408B
:109460003FC024402E00300000000F00108020403C
:1094700022403380020020403FC0040004003FC06F
:109480002040204020403FC020402040000000609D
:10949000202020203FC02000200020403FC024404A
:1094A0000B0030C0204020403FC020400040004022
:1094B00000C03FC03C0003C03C003FC00000204053
:1094C0003FC00C4023003FC020001F8020402040B0
:1094D00020401F80000020403FC02440240018008E
:1094E00000001F802140214020E01FA000002040FC
:1094F0003FC02440260019C0004018C0244024402A
:10950000224031800000300020403FC02040300029
:10951000000020003F80004000403F8020002000ED
:109520003E0001C0070038002000380007C03C00A2
:1095300007C038000000204039C0060039C0204074
:1095400000002000384007C03840200000003040B4
:1095500021C02640384020C00000000000007FE00D
:10956000402040200000000070000C0003800040FC
:1095700000000000402040207FE0000000000000CC
:10958000200040002000000000000010001000102B
:10959000001000100010000000004000000000005B
:1095A0000000000002800540054003C0004020008C
:1095B0003FC00440044003800000000003800440DA
:1095C00004400640000000000380044024403FC0E7
:1095D00000400000038005400540034000000000FB
:1095E00004401FC0244024402000000002E0055039
:1095F00005500650042020403FC00440040003C032
:1096000000400000044027C000400000000000109F
:109610000010041027E00000000020403FC001407F
:10962000070004C00440204020403FC000400040EC
:10963000000007C0040007C0040003C0000004408D
:1096400007C00440040003C0004000000380044041
:10965000044003800000041007F00450044003801D
:109660000000000003800440045007F00010044094
:1096700007C002400400040000000000064005404E
:10968000054004C00000000004001F8004400040AA
:109690000000040007800040044007C000400400B0
:1096A000070004C0018006000400060001C0070096
:1096B00001C006000000044006C0010006C00440CE
:1096C00000000410071004E0018006000400000000
:1096D000044005C0064004400000000000000400F3
:1096E0007BE040200000000000000000FFF00000D0
:1096F0000000000040207BE004000000000040006B
:109700008000400020002000400000000000000019
:109710000000000000000000000000000000000049
:109720001FCC000C0000000000000000080030000A
:1097300060000800300060000000022003FC1E20D2
:10974000022003FC1E200220000000000E1811045D
:109750003FFF10840C78000000000F0010840F38C9
:1097600000C0077818840078000000780F8410C4C7
:1097700011240E9800E400840008080068007000BE
:1097800000000000000000000000000000000000D9
:1097900007E01818200440020000000040022004E6
:1097A000181807E00000000000000240024001809D
:1097B0000FF0018002400240000000800080008025
:1097C0000FF800800080008000000001000D000EF6
:1097D0000000000000000000000000000080008089
:1097E000008000800080008000800000000C000CE1
:1097F000000000000000000000000000000600184B
:1098000000600180060018002000000007F0080832
:1098100010041004080807F0000000000804080401
:109820001FFC000400040000000000000E0C1014D7
:109830001024104411840E0C000000000C181004B9
:109840001104110412880C700000000000E00320D5
:10985000042408241FFC0024000000001F9810842A
:1098600011041104108810700000000007F008882F
:109870001104110418880070000000001C00100082
:1098800010FC13001C001000000000000E381144F2
:109890001084108411440E38000000000700088C6A
:1098A00010441044088807F0000000000000000089
:1098B000030C030C00000000000000000000000189
:1098C00001060000000000000000000000800140D0
:1098D00002200410080810040000022002200220C8
:1098E00002200220022002200000000010040808CC
:1098F0000410022001400080000000000E00120051
:10990000100C106C10800F00000003E00C1813E422
:10991000142417C4082807D000000004003C03C426
:109920001C40074000E4001C000410041FFC11044C
:10993000110411040E880070000003E00C181004DC
:109940001004100410081C10000010041FFC100468
:1099500010041004080807F0000010041FFC110494
:10996000110417C410040818000010041FFC11048F
:10997000110017C010000800000003E00C181004CC
:10998000100410441C780040000010041FFC1084D8
:109990000080008010841FFC1004000010041004DC
:1099A0001FFC10041004000000000003000110015F
:1099B00010011FFE10001000000010041FFC110415
:1099C00003801464181C1004000010041FFC100411
:1099D000000400040004000C000010041FFC1F0021
:1099E00000FC1F001FFC1004000010041FFC0C04EE
:1099F000030000E010181FFC100007F00808100416
:109A000010041004080807F0000010041FFC108464
:109A10001080108010800F00000007F0081810243C
:109A20001024101C080A07F2000010041FFC110487
:109A3000110011C011300E0C000400000E1C1104A6
:109A40001084108410441C3800001800100010040A
:109A50001FFC100410001800000010001FF8100474
:109A60000004000410041FF8100010001E0011E094
:109A7000001C007013801C0010001FC0103C00E090
:109A80001F0000E0103C1FC000001004180C16342A
:109A900001C001C01634180C100410001C0013047F
:109AA00000FC13041C00100000000804101C1064CB
:109AB000108413041C0410180000000000000000B3
:109AC0007FFE4002400240020000000030000C0017
:109AD00003800060001C0003000000004002400200
:109AE00040027FFE00000000000000000000200097
:109AF0004000400040002000000000010001000183
:109B000000010001000100010001000040004000D0
:109B10002000000000000000000000000098012468
:109B200001440144014400FC000410001FFC0088B3
:109B3000010401040088007000000000007000882B
:109B40000104010401040088000000000070008886
:109B50000104010411081FFC0004000000F8014486
:109B600001440144014400C8000000000104010454
:109B70000FFC1104110411001800000000D6012987
:109B80000129012901C90106000010041FFC0084FD
:109B900001000100010400FC00040000010419049C
:109BA00019FC000400040000000000000003000194
:109BB0000101190119FE0000000010041FFC00241F
:109BC000004001B4010C0104000000001004100466
:109BD0001FFC0004000400000000010401FC01045B
:109BE000010001FC0104010000FC010401FC0084EF
:109BF00001000100010400FC0004000000F8010461
:109C000001040104010400F80000010101FF0085C6
:109C1000010401040088007000000000007000884A
:109C200001040104010501FF00010104010401FC1C
:109C300000840104010001800000000000CC012428
:109C4000012401240124019800000000010001000A
:109C500007F80104010400000000010001F80004FD
:109C600000040004010801FC0004010001800170EF
:109C7000000C001001600180010001F0010C0030B7
:109C800001C00030010C01F0010000000104018C52
:109C900000740170018C0104000001010181017157
:109CA000000E001801600180010000000184010C19
:109CB000013401440184010C000000000000000098
:109CC000000001003EFC40024002000000000000D5
:109CD0000000FFFF00000000000000004002400202
:109CE0003EFC010000000000000000006000800059
:109CF0008000400040002000200000000000000024
:109D00000000000000000000000000000000000053
:109D10000000000000000000000000000000000043
:109D2000000000000000000000000000000F80386C
:109D30000FFE380F80380000000000000000000017
:109D400000000000000000000100000600000C0000
:109D5000003800003100000600000C000038000050
:109D60003000000000000000000061800067F8077C
:109D7000F98000618000618000618000618000677F
:109D8000F807F9800061800000000000000000007A
:109D900001C0E003E0F00630080418081FFFFE04CD
:109DA0000E080787F00381E000000000000001F0CA
:109DB00000060C00040408060C7001F9C0000E0037
:109DC000003BE000EC18070808040C180003E00052
:109DD00000000001E00007F003F818041C08041755
:109DE0000807E1D003C0E00023B0003C08002008D1
:109DF00000001000000000000001000031000032EF
:109E000000001C0000000000000000000000000036
:109E10000000000000000000000000000000000042
:109E2000000000000000000000007F0001FFC007EC
:109E300080F00C0018100004200002000000000058
:109E4000002000021000040C00180780F001FFC081
:109E5000007F000000000000000000000000000083
:109E60000000000000004200006600006600003CA8
:109E70000000180003FFC0001800003C000066004E
:109E8000006600004200000000000800000800001A
:109E9000080000080000080001FFC00008000008DA
:109EA0000000080000080000080000000000000199
:109EB00000003100003200001C0000000000000023
:109EC0000000000000000000000000000000000092
:109ED000000008000008000008000008000008005A
:109EE000000800000800000800000800000800004A
:109EF00000000000000000000000380000380000F2
:109F00003800000000000000000000000000000019
:109F100000000000000000000000000600001C001F
:109F20000070000180000E0000380000C000070033
:109F3000001C0000300000000000000000007F80D6
:109F400001FFE00380700600180400080400080602
:109F5000001803807001FFE0007F80000000000017
:109F60000000000001000801000801000803FFF8DC
:109F700007FFF800000800000800000800000000CB
:109F8000000000000001C03802C05804009804011D
:109F900018040218040418061C1803F81801E0F845
:109FA00000000000000000000001C0E003C0F00459
:109FB000000804080804080806180803F41801E754
:109FC000F00001E0000000000000000000000300BD
:109FD000000D000011000061000081080301080766
:109FE000FFF80FFFF8000108000108000000000062
:109FF000000000E007FCD00608080610080610085C
:10A00000061008061838060FF00607C0000000000A
:10A010000000000000003F8001FFE00384300208E0
:10A0200018041008041008041008071810030FF093
:10A030000007C000000000000000000003C000078F
:10A0400000000600000600F80607F806180006E003
:10A050000007000006000000000000000001E1E031
:10A0600003F7F0063410041808041808040C080458
:10A070000C0806161803F3F001C1E0000000000010
:10A080000000F80003FC300306380402080402084C
:10A090000402080404100308F001FFC0007F000060
:10A0A00000000000000000000000000000000000B0
:10A0B00000007038007038007038000000000000A8
:10A0C0000000000000000000000000000000000090
:10A0D000000000000000301A00301C0000000000EA
:10A0E0000000000000000000000000000000000070
:10A0F00000080000140000220000410000808001E0
:10A1000000400200200400100800080000000000C9
:10A11000000021000021000021000021000021009A
:10A12000002100002100002100002100002100008A
:10A1300000000000000000000800080400100200F9
:10A140002001004000808000410000220000140037
:10A1500000080000000000000003C00004C000046C
:10A160000000080038080F380808380810000C30C4
:10A170000007E00003C000000000000000003F8076
:10A1800000FFE0038070020F1006708804C088048E
:10A190008308047F8802C09003012000FE40000075
:10A1A000080000180001F8003E0801C20007020084
:10A1B00007E20000FE00001FC80001F800003800A0
:10A1C000000804000807FFF807FFF804080804085F
:10A1D0000804080804080806180803F41801E7F042
:10A1E0000001E0000000000000003F8001FFE003EC
:10A1F000807002001804000804000804000804002D
:10A20000100600200780C000000004000807FFF8C7
:10A2100007FFF804000804000804000804001802FE
:10A22000001003807001FFE0007F80000000040048
:10A230000807FFF807FFF8040808040808040808DE
:10A24000040808043E080400080600180100600025
:10A25000000004000807FFF807FFF80408080408D6
:10A2600000040800040800043E0006000006000088
:10A27000018000000000000000003F8001FFE003BB
:10A280008070060018040008040208040208020393
:10A29000F00783F000020000020004000807FFF846
:10A2A00007FFF80408080008000008000008000084
:10A2B000080004080807FFF807FFF804000800007A
:10A2C0000000000004000804000804000807FFF86C
:10A2D00007FFF8040008040008040008000000005C
:10A2E000000000000000000600000700000104005C
:10A2F0000104000104000307FFFE07FFFC04000047
:10A3000004000004000004000807FFF807FFF80439
:10A310000C08001800003E0004C7800503C80600B2
:10A32000F804003804001800000804000807FFF8CB
:10A3300007FFF804000800000800000800000800FB
:10A340000008000008000018000060000000040081
:10A350000807FFF807800807FC00007FC00003F82B
:10A360000007C000780007800807FFF807FFF8041F
:10A37000000804000807FFF807000803C00000E019
:10A3800000003800001E000007000001C00400F0BB
:10A3900007FFF8040000000000007F8001FFE003D9
:10A3A0008070060018040008040008060018030066
:10A3B0003001FFE0007F8000000004000807FFF884
:10A3C00007FFF80404080404000404000404000463
:10A3D0000400060C0003F80001F00000000000007B
:10A3E00000007F8001FFE003807006008804008881
:10A3F0000400C806003C03003E01FFE6007F840025
:10A40000000004000807FFF807FFF8040808040824
:10A4100000040C00040F00040BC00610F003F03819
:10A4200001E00800000800000001E0F803F0300639
:10A430003010041808041808040C08040C0802065C
:10A44000180207F00781E00000000180000600000C
:10A4500004000004000004000807FFF807FFF804E8
:10A460000008040000040000060000018000040051
:10A470000007FFE007FFF0040018000008000008D4
:10A4800000000800000800000804001007FFE004B6
:10A49000000004000006000007E00007FE00041FA3
:10A4A000E00001F80000380001E0043E0007C000B1
:10A4B00006000004000004000007E00007FFC004DD
:10A4C0001FF80007C007F80007FF80043FF80007E7
:10A4D000C004F800070000040000000000040008A9
:10A4E00006001807C07805F1C8003E00001F800470
:10A4F00063E80780F8060018040008000000040064
:10A500000006000007800007E008047C08001FF830
:10A510000007F800180804E008070000060000041F
:10A5200000000000000100080600380400F80403E1
:10A53000E8040F08047C0805F00807C008070018A5
:10A5400004006000000000000000000000000000A7
:10A5500000000000003FFFFE20000220000220005B
:10A5600002200002200002000000000000000000A5
:10A5700008000007000000C00000380000060000CE
:10A5800001C000003000000E0000010000000000CB
:10A590000000000020000220000220000220000233
:10A5A0002000023FFFFE000000000000000000004D
:10A5B0000000000000000000000000080000100083
:10A5C00000300000200000300000100000080000F3
:10A5D0000000000000000000010000010000010078
:10A5E0000001000001000001000001000001000066
:10A5F0000100000100000100000100000000000057
:10A6000000000020000020000010000010000000EA
:10A61000000000000000000000000000000000003A
:10A62000000000F00019F8001B180022080026089E
:10A63000002408002410003FF8001FF80000080064
:10A64000001800000004000007FFF80FFFF00018DA
:10A6500018001008002008002008003018001FF023
:10A66000000FC00000000000000007C0001FF00045
:10A670001830002008002008002008003C08001CBA
:10A68000100000600000000000000000000007C093
:10A69000001FF000381800200800200800200804DF
:10A6A000101007FFF80FFFF000001000000000007E
:10A6B000000000000007C0001FF000123000221848
:10A6C000002208002208003208001E10000E2000A0
:10A6D000000000000000200000200800200801FF0A
:10A6E000F803FFF8062008042008042008072000CB
:10A6F00003000000000000000000000E000E6E00CD
:10A700001FF30031B10020B10020B1003191001FD2
:10A7100013002E1E00200E00300000000004000870
:10A7200007FFF80FFFF800100800200000200000CD
:10A730002008003FF8001FF800000800000000009B
:10A7400000000000002008002008002008063FF854
:10A75000063FF800000800000800000800000000A4
:10A7600000000000000000000000030000030020C3
:10A7700001002001002003063FFE063FFC00000010
:10A7800000000000000000000004000807FFF80FB0
:10A79000FFF8000188000300002FC00038F80020F7
:10A7A0003800200800000800000000000000000041
:10A7B00004000804000804000807FFF80FFFF80071
:10A7C0000008000008000008000000000000002051
:10A7D00008003FF8003FF8001008002000003FF894
:10A7E000003FF8001008002000003FF8003FF8008C
:10A7F0000008000000002008003FF8003FF80010AB
:10A8000008001000002000002008003FF8001FF89A
:10A810000000080000000000000007C0000FF0006A
:10A820001830003008002008002008003008001808
:10A8300030000FF00007C000000000000000200101
:10A84000003FFF003FFF001011002009002008001A
:10A850002008003038001FF0000FC000000000008A
:10A86000000007C0001FF000381800200800200872
:10A87000002009001011001FFF003FFF0000010031
:10A880000000002008002008002008003FF8003FDA
:10A89000F800080800100800200800200000300020
:10A8A000003000000000000000000000000C7800F4
:10A8B0001E18003308002308002108002188002109
:10A8C000980030F000386000000000000000200018
:10A8D00000200000200000FFF003FFF80020080027
:10A8E00020080020080000300000000000000000E8
:10A8F00000002000003FF0007FF800001800000872
:10A90000000008002010003FF8007FF00000100059
:10A910000000000000002000003000003C00003F6C
:10A92000800023F0000078000070002380003C00CD
:10A93000003000002000002000003C00003FE0004C
:10A9400023F80000E0002700003E00003FE0002167
:10A95000F80001E0003E0000200000000000200898
:10A96000002008003838003E680027800003C80037
:10A970002CF80038380020180020080000000000E3
:10A9800000002000003003003C01003F830023EC66
:10A99000000070002380003C000020000020000028
:10A9A00000000000000000000038080020380020EF
:10A9B000F80023E8002F88003E080038080020181F
:10A9C0000000700000000000000000000000000017
:10A9D00000000000000008000014001FF7FC300019
:10A9E000062000020000000000000000000000003F
:10A9F000000000000000000000000000FFFFFF005A
:10AA00000000000000000000000000000000000046
:10AA1000000000002000023000061FF7FC001400B8
:10AA2000000800000000000000000000000000001E
:10AA3000000000000018000060000040000040001E
:10AA400000200000100000080000040000040000C6
:10AA50000C000010000000000000000000000000DA
:10AA600000000000000000000000000000000000E6
:10AA700000000000000000000000000000000000D6
:10AA800000000000000000000000000000000000C6
:10AA900000000000000000000000000000000000B6
:10AAA000000000000000000000000000000007F0AF
:10AAB00000C007FFE1E007F001E0000000C0000077
:10AAC0000000000000000000000000000000000086
:10AAD0000000000000000000000000000000002056
:10AAE000000001C00000078000001F0000001E00E1
:10AAF00000001C20000001C00000078000001F00B3
:10AB000000001E0000001C0000000000000000000B
:10AB10000000000000000000000000180C000018F9
:10AB20000C0000180FE0001FFC0003F80C000018D8
:10AB30000C0000180C0000180C0000180C00001885
:10AB40000FE0001FFC0003F80C0000180C000018B8
:10AB50000C000000000000000000000000000000E9
:10AB60000780007807C000FC0640010E00200307A4
:10AB70000020020380200FFFFFFC0201C020020022
:10AB8000E0600130704001F03F8000F01F000000E5
:10AB900000000000000000FE000001FF00000301B3
:10ABA000800002008060030181C001FF070000FEF9
:10ABB00018000000E0000003BF00000CFFC000719F
:10ABC000806001C10020030180600000FFC0000020
:10ABD0003F000000000000001F0000007FC000FCDC
:10ABE000C0C001FF80600303E0200202782002065B
:10ABF0001E2003FC074001F00380000103C0000198
:10AC00001C600001E0200001002000010040000065
:10AC100001800000000000000000002000001C6017
:10AC200000001C4000001F8000000F00000000001A
:10AC30000000000000000000000000000000000014
:10AC40000000000000000000000000000000000004
:10AC500000000000000000000000000000000000F4
:10AC600000000000000000000000000000000000E4
:10AC700000000007F800003FFF00007807C001C097
:10AC800000E0030000300400000808000004100089
:10AC90000002000000000000000010000002080098
:10ACA0000004040000080300003001C000E0007848
:10ACB00007C0003FFF000007F80000000000000090
:10ACC0000000000000000000000000000000000084
:10ACD0000000000000000000000000000000000C68
:10ACE0001800000E3800000E380000063000000387
:10ACF00060000061438000FFFF80006143000003AB
:10AD0000600000063000000E3800000E3800000C15
:10AD1000180000000000000000000000000000001B
:10AD20008000000080000000800000008000000023
:10AD3000800000008000007FFF0000008000000015
:10AD40008000000080000000800000008000000003
:10AD50008000000000000000000000000001000072
:10AD600000E3000000E2000000FC000000780000AA
:10AD700000000000000000000000000000000000D3
:10AD800000000000000000000000000000000000C3
:10AD90000000000000000000000000008000000033
:10ADA00080000000800000008000000080000000A3
:10ADB0008000000080000000800000008000000093
:10ADC0008000000080000000800000008000000083
:10ADD00080000000000000000000000000000000F3
:10ADE00000C0000001E0000001E0000000C0000021
:10ADF0000000000000000000000000000000000053
:10AE00000000000000000000000000000000000042
:10AE1000000000000000000000000000000C000026
:10AE20000038000000E00000038000000E00000079
:10AE300038000000E00000038000000E0000003831
:10AE4000000000E00000038000000E000000180079
:10AE50000000000000000000000000000000000FE3
:10AE6000F800007FFF0000F00780018000C00300B1
:10AE70000060020000200200002002000020030009
:10AE80000060018000C000E00380007FFF00000F31
:10AE9000F8000000000000000000000000000000BA
:10AEA0000000008000200080002000800020008042
:10AEB000006001FFFFE003FFFFE000000060000012
:10AEC0000020000000200000002000000000000022
:10AED00000000000000000000000000000000078FA
:10AEE00000E00098016001000260020004600200BE
:10AEF0000860020010600200206002004060030051
:10AF000080600183006001FE00E0007C078000009B
:10AF1000000000000000000000000000000000F041
:10AF2000078001F007C0010000400200002002017C
:10AF3000002002010020020100200303802001867E
:10AF4000804001FCC0C000787F8000001E0000002F
:10AF500000000000000000000000000008000000E9
:10AF60003800000048000001880000060800000CBE
:10AF70000810003008100040081001FFFFF003FF28
:10AF8000FFF003FFFFF000000810000008100000B1
:10AF90000810000000000000000000000000000099
:10AFA0000780001F864003E1002003020020030405
:10AFB00000200304002003040020030400200306F3
:10AFC0000040030301C00301FF8003007E00000076
:10AFD000000000000000000000000000000000076A
:10AFE000FC00003FFF000070C380008180C00101B1
:10AFF0000060030200200202002002020020020280
:10B0000000200203004001C180C000C0FF8000009A
:10B010007E0000000000000000000000000000F0C2
:10B02000000003C0000003800000030000000300D4
:10B0300007E003003FE00301C0000306000003181F
:10B040000000036000000380000003000000000017
:10B050000000000000000000000000001F00007859
:10B060003F8000FC60C0018EC040030780200203C7
:10B07000002002018020020180200201C020030183
:10B08000E040018670C000FC3F8000781F00000097
:10B0900000000000000000000000003F000000FF72
:10B0A00081C001C0C1C00100602002002020020058
:10B0B00020200200202002002060020040C0010089
:10B0C000C18000C18F00007FFE00001FF000000063
:10B0D0000000000000000000000000000000000070
:10B0E000000000000000000000000000000000035D
:10B0F00000C0000781E0000781E0000300C00000FD
:10B10000000000000000000000000000000000003F
:10B11000000000000000000000000000000000002F
:10B120000000000000000000000000000000000619
:10B13000006600060078000000000000000000002B
:10B1400000000000000000000000000000000000FF
:10B1500000000000000000000000000000000000EF
:10B1600080000001C0000003600000063000000CF9
:10B17000180000180C00003006000060030000C03A
:10B1800001800100004002000020040000100000C7
:10B190000000000000000000000000041000000497
:10B1A000100000041000000410000004100000044F
:10B1B000100000041000000410000004100000043F
:10B1C000100000041000000410000004100000042F
:10B1D000100000000000000000000000000004005B
:10B1E0000010020000200100004000C0018000604B
:10B1F00003000030060000180C00000C18000006C8
:10B200003000000360000001C0000000800000006A
:10B2100000000000000000000000000000000078B6
:10B22000000001F8000002380000020000000400E5
:10B2300000C0040079E0040081E0040100C00403C0
:10B240000000020200000306000001FC000000F8FC
:10B2500000000000000000000000000FF800003FA8
:10B26000FE000070078000C000C00101F840030725
:10B27000FC20021E04200230082002203020023F61
:10B28000FC20013F044001800CC000E03180001F21
:10B29000C20000000000000000200000006000006C
:10B2A00003E000003E200003E020003E200003E019
:10B2B00020000380200007FC2000003FE000000386
:10B2C000FE2000003FE0000001E000000020000040
:10B2D000002000000000000000000200002002002A
:10B2E000002003FFFFE003FFFFE002010020020156
:10B2F00000200201002002010020020100200303BF
:10B3000000200186806001FCC0C000F87F80000042
:10B310001F0000000000000000000007F800003FD0
:10B32000FF000070078000C000C001000040030063
:10B330000020020000200200002002000020020085
:10B34000002001000040018000C003C001800030E7
:10B3500006000000000000000000020000200200C3
:10B36000002003FFFFE003FFFFE0020000200200D7
:10B370000020020000200200002003000060010005
:10B380000040018000C000F00780007FFE00000F39
:10B39000F800000000000000000002000020020091
:10B3A000002003FFFFE003FFFFE002010020020195
:10B3B00000200201002002010020020100200203FF
:10B3C0008020020FE0200300006003C000E0006066
:10B3D0000300000000000000000002000020020046
:10B3E000002003FFFFE003FFFFE002010020020155
:10B3F0000020020100000201000002010000020121
:10B40000000002038000030FE0000300000003C0FF
:10B41000000000600000000000000007F800003F8E
:10B42000FE000070078001C001C001000040030061
:10B430000020020000200200002002000020010085
:10B4400020200100204003C03F8000303F800000EA
:10B45000200000002000020000200200002003FF66
:10B46000FFE003FFFFE002008020020080200000D8
:10B4700080000000800000008000020080200200A8
:10B48000802003FFFFE003FFFFE002000020020036
:10B49000002000000000000000000000000000008C
:10B4A0000000020000200200002002000020020034
:10B4B000002003FFFFE003FFFFE002000020020086
:10B4C0000020020000200200002000000000000018
:10B4D000000000000000000000000000000E00005E
:10B4E000000F0000000F0000000102000001020038
:10B4F0000001020000030200000603FFFFFC03FF3F
:10B50000FFF802000000020000000200000002003C
:10B510000000000000000000000002000020020007
:10B52000002003FFFFE003FFFFE00200C020020154
:10B53000002000078000000FE0000030F8000260EB
:10B540003E2003800F20030003E0020000E0020021
:10B550000020000000200000000002000020020087
:10B56000002003FFFFE003FFFFE0020000200200D5
:10B57000002000000020000000200000002000004B
:10B5800000200000002000000060000000E000003B
:10B59000030000000000020000200200002003FF62
:10B5A000FFE003E0002003FF0020001FF000000187
:10B5B000FF8000000FE000001E000003E000003EDE
:10B5C000002003E0002003FFFFE003FFFFE0020094
:10B5D000002002000020020000200200002003FFE3
:10B5E000FFE00380002003F0002000FC0000001FAB
:10B5F00000000007C0000001F00000007C00020015
:10B600001F80020007E003FFFFE0020000000200CD
:10B6100000000000000000000000000FF800003FE4
:10B62000FE0000F00780018000C001000040020021
:10B630000020020000200200002002000020010083
:10B640000040018000C000F00380003FFE00000FBA
:10B65000F8000000000000000000020000200200CE
:10B66000002003FFFFE003FFFFE002008020020054
:10B6700080200200800002008000020080000200A2
:10B680008000030180000183000000FE0000007CB8
:10B6900000000000000000000000000FF800007F24
:10B6A000FF0000F00380018001C00100064002009D
:10B6B00004200200042002000620020003E0010032
:10B6C00000F80180005C00E0038C003FFF0C000FDD
:10B6D000FC18000000000000000002000020020032
:10B6E000002003FFFFE003FFFFE002010020020152
:10B6F0000020020180000201E0000201FC000303BF
:10B700003F80018607E001FC00E000F80020000017
:10B710000020000000000000000000000000007891
:10B72000060000FE01E0018600C0030300400203A2
:10B73000002002018020020180200201C0200200BE
:10B74000C0200100E060018070C003E03F80000085
:10B750001F000000000000000000006000000380E7
:10B7600000000300000002000000020000200200B0
:10B77000002003FFFFE003FFFFE0020000200200C3
:10B78000002002000000020000000380000000E032
:10B79000000000000000020000000200000003FFA3
:10B7A000FF0003FFFFC00200004002000060000035
:10B7B0000020000000200000002000000020020007
:10B7C00000400200008003FFFF00020000000200B2
:10B7D0000000000000000000000002000000020065
:10B7E000000003C0000003FC0000023FC000000393
:10B7F000F80000007F80000007E0000007800000E4
:10B8000078000203C000023C000003C000000200F8
:10B810000000020000000200000003C0000003FF5F
:10B820008000023FFE0002007FE000000F000200E7
:10B83000F00003EF000003FF8000020FFE00000095
:10B840003FE000001F000207E00003F800000300D3
:10B8500000000200000000000000020000200200C2
:10B860000020038000E003F0032002FC0C20021FF4
:10B8700030000007C0000007F00002187C000260E2
:10B880001F20038003E0020000E00200002000000F
:10B890000020000000000000000002000000030083
:10B8A000000003C0000003F80000023E0020020F69
:10B8B000C0200001FFE000007FE000038020021CA8
:10B8C000002002700000038000000200000002005F
:10B8D00000000000000000000000000000200060E8
:10B8E00000E0038003E003000FA002003E200200FE
:10B8F000F8200203E020020F8020023E00200278A0
:10B90000002003E00060038000E00200030000006C
:10B910000000000000000000000000000000000027
:10B9200000000000000000000000000000001FFFF9
:10B93000FFFC1000000410000004100000041000C0
:10B9400000041000000410000004100000040000B7
:10B9500000000000000000000000000000000000E7
:10B9600000000700000003C0000000780000001E77
:10B9700000000003C0000000F00000001E000000F6
:10B980000780000000F00000003C000000060000FE
:10B990000000000000000000000000000000100097
:10B9A0000004100000041000000410000004100047
:10B9B000000410000004100000041FFFFFFC000042
:10B9C0000000000000000000000000000000000077
:10B9D0000000000000000000000000000000000067
:10B9E0000000000000000200000004000000080049
:10B9F00000001800000010000000180000001800EF
:10BA00000000040000000200000000000000000030
:10BA10000000000000000000000100000001000024
:10BA20000001000000010000000100000001000012
:10BA30000001000000010000000100000001000002
:10BA400000010000000100000001000000010000F2
:10BA500000010000000100000000000000000000E4
:10BA6000000010000000100000001000000018008E
:10BA700000000800000004000000000000000000BA
:10BA800000000000000000000000000000000000B6
:10BA90000000000000000000000000000380000122
:10BAA0008FC000038C6000061820000410200004E2
:10BAB0001020000420200004204000062040000345
:10BAC000FFC00001FFE00000002000000020000097
:10BAD00000C00000000000000000020000000200A2
:10BAE000000003FFFFE007FFFFC0000180C000026D
:10BAF0000060000200200004002000040020000478
:10BB0000002000060040000300C00001FF8000008C
:10BB1000FE00000000000000000000000000000027
:10BB20007E000001FF80000381C00002004000068B
:10BB30000020000400200004002000040020000673
:10BB400000200003C0400001C0800000030000008E
:10BB500000000000000000000000000000000000E5
:10BB60007E000001FF80000380C00006006000042A
:10BB70000020000400200004002002040040020213
:10BB8000008003FFFFE007FFFFC00000004000004F
:10BB90000040000000000000000000000000000065
:10BBA0007E000001FF80000311C00002104000046D
:10BBB0001060000410200004102000041020000673
:10BBC0001020000310400001F0C0000071000000D0
:10BBD0000000000000000000000000000000000461
:10BBE0000000000400200004002000040020007F6A
:10BBF000FFE001FFFFE00104002003040020020435
:10BC0000002002040020020400000200000001C025
:10BC1000000001C000000000000000000000000063
:10BC2000001C0000E33E0003FFC200020CC300043E
:10BC300004C1000404C1000404C1000404C10006DE
:10BC40000CC10003F8C30005F0620006007E000688
:10BC5000003C000000000000000002000020020084
:10BC6000002003FFFFE007FFFFE0000100200002CB
:10BC70000020000600000004000000040000000492
:10BC80000020000600200003FFE00001FFE00000AC
:10BC90000020000000200000000000000000000064
:10BCA0000000000400200004002000040020000424
:10BCB00000200387FFE0038FFFE0038000200000E7
:10BCC0000020000000200000002000000000000014
:10BCD0000000000000000000000000000000000064
:10BCE0000000000000060000000700000001000046
:10BCF000000100040001000400010004000300042E
:10BD000000060387FFFC038FFFF80380000000009C
:10BD100000000000000000000000020000200200FF
:10BD2000002003FFFFE007FFFFE000000820000005
:10BD30001020000030000000FC0000058E0000070D
:10BD400007A0000601E0000400E00004002000005D
:10BD500000200000000000000000000000000000C3
:10BD6000000002000020020000200200002002006B
:10BD7000002003FFFFE007FFFFE0000000200000BD
:10BD80000020000000200000002000000000000053
:10BD90000000000000000000000000040020000778
:10BDA000FFE0000FFFE0000200200004000000049C
:10BDB00000200007FFE00003FFE000020020000475
:10BDC0000000000400200007FFE00003FFE0000087
:10BDD000002000000000000000000004002000041B
:10BDE00000200007FFE0000FFFE00001002000023C
:10BDF0000020000200000004000000040000000415
:10BE00000020000600200003FFE00001FFE000002A
:10BE100000200000002000000000000000000000E2
:10BE20007E000000FF80000381C000020040000689
:10BE30000020000400200004002000040020000670
:10BE4000002000020040000381C00001FF800000CC
:10BE50007E0000000000000000000004000100045B
:10BE600000010007FFFF000FFFFF000100C10002FB
:10BE70000041000400200004002000040020000411
:10BE8000002000060040000301C00001FF80000008
:10BE90007E00000000000000000000000000000024
:10BEA0007E000001FF80000380C0000200600004EB
:10BEB00000200004002000040020000400200002F4
:10BEC0000041000300C10003FFFF0007FFFF000067
:10BED0000001000000010000000000040020000438
:10BEE00000200004002000040020000FFFE0000FED
:10BEF000FFE00000C020000100200002002000063A
:10BF000000200004000000040000000700000003FF
:10BF10000000000000000000000000000000000021
:10BF200003E00001C0E00003E04000063020000410
:10BF300030200004182000041820000418200004F9
:10BF40000C2000020C60000307C000078380000083
:10BF500000000000000000000000000000000004DD
:10BF600000000004000000040000000C0000001F9E
:10BF7000FF8000FFFFC000040060000400200004F8
:10BF800000200004002000040040000001800000A8
:10BF90000000000000000000000000040000000499
:10BFA00000000007FF80000FFFC0000000600000DD
:10BFB00000200000002000000020000000200004FD
:10BFC0000040000400800007FFE0000FFFC00000F9
:10BFD00000400000004000000000000400000004D9
:10BFE0000000000780000007F0000004FE000004CD
:10BFF0001FC0000003E00000038000001C000004DC
:10C00000600000078000000600000004000000003F
:10C01000000000000000000400000006000000070F
:10C02000C0000007FC0000043F80000003E00004A3
:10C030000F800006F0000007F0000007FF800004FA
:10C040000FE00000038000043C000007C000000671
:10C0500000000004000000000000000000200004B8
:10C06000002000040060000700E0000783200007B4
:10C07000E6000004F80000003C0000045E2000051B
:10C0800087A0000601E0000400600004002000001A
:10C090000020000000000000000000040000000478
:10C0A0000003000700030007E0010004F80100049A
:10C0B0001F02000007FC000000E000000700000471
:10C0C00038000007C0000006000000040000000463
:10C0D0000000000000000000000000000000000759
:10C0E0008060000600E0000403E0000407A00004F4
:10C0F0000E2000043C20000470200005E020000712
:10C10000802000070060000400E0000003800000C1
:10C11000000000000000000000000000000000001F
:10C12000000000000000000000000000000000000F
:10C13000000000008000000080000001400007FEB9
:10C140003FF8080000041000000210000002000088
:10C1500000000000000000000000000000000000DF
:10C1600000000000000000000000000000000000CF
:10C17000000000000000FFFFFFFF000000000000C3
:10C1800000000000000000000000000000000000AF
:10C19000000000000000000000000000000010008F
:10C1A0000002100000020800000407FE3FF8000132
:10C1B000400000008000000080000000000000003F
:10C1C000000000000000000000000000000000006F
:10C1D0000000000000000000000018000000300017
:10C1E000000040000000400000004000000020006F
:10C1F0000000300000000800000004000000020001
:10C20000000002000000020000000C000000180006
:10C210000000000000000000400B0000800700004C
:10C2200060780000200000002000000020000000D6
:10C230000068010000F00000000C0F0030313233C4
:10C24000343536373839414243444546403058004A
:10C25000303132333435363738396162636465667C
:10C260004030780084C2000800000020F800000080
:10C27000C40100087CC30008F800002078B2010067
:10C28000E00100080024F4000000000000000000AD
:10C2900000000000FFFF00001F0000F81FF8E0078B
:10C2A000FF07E0FF40BC07FC3084000000000000F6
:10C2B000000000000000000000000000100000006E
:10C2C0000100000000F80000FFFF0000E55D00082D
:10C2D000D15E00084005002000000010000000684A
:10C2E000406D012000F00010000C0F6800000000FD
:10C2F000000000000000000000000000000000003E
:10C30000000000000000000000000000000000002D
:10C31000000000000000000000000000000000001D
:10C3200000000000000000001F00000000000000EE
:10C3300000000000000000000000000000000000FD
:10C3400000000000000000000000000000000000ED
:10C3500000000000000000000000000000000000DD
:10C3600000000000AAAAAAAA000000000000000025
:0CC3700030059007D008400AC00600000D
:040000050800018965
:00000001FF
