:020000040800F2
:1000000018080020310200086B400008E7120008C1
:1000100069400008C50500085D45000800000000B3
:100020000000000000000000000000006F40000819
:10003000C7050008000000006D40000805410008E9
:100040004B0200084B0200084B0200084B0200085C
:100050004B0200084B0200084B0200084B0200084C
:100060004B0200084B0200084B0200084B0200083C
:100070004B0200084B0200084B0200084B0200082C
:100080004B0200084B0200084B0200084B0200081C
:100090004B0200084B0200084B0200084B0200080C
:1000A0004B0200084B0200084B0200084B020008FC
:1000B0004B0200084B0200084B0200084B020008EC
:1000C0004B0200084B0200084B0200084B020008DC
:1000D0004B020008314500084B0200084B020008A3
:1000E0004B0200084B0200084B0200084B020008BC
:1000F0004B0200084B0200084B0200084B020008AC
:100100004B0200084B0200084B0200084B0200089B
:100110004B0200084B0200084B0200084B0200088B
:100120004B0200084B0200084B0200084B0200087B
:100130004B0200084B0200084B0200084B0200086B
:100140004B0200084B0200084B0200084B0200085B
:100150004B0200084B0200084B0200084B0200084B
:100160004B0200084B0200084B0200084B0200083B
:100170004B0200084B0200084B0200080000000080
:100180004B0200084B02000800F002F800F041F8B2
:100190000AA090E8000C82448344AAF10107DA45E2
:1001A00001D100F036F8AFF2090EBAE80F0013F0F3
:1001B000010F18BFFB1A43F001031847B08F00006E
:1001C000D08F0000103A24BF78C878C1FAD85207FF
:1001D00024BF30C830C144BF04680C6070470000C1
:1001E0000023002400250026103A28BF78C1FBD840
:1001F000520728BF30C148BF0B607047642900F028
:10020000F780002070471FB504F0FEFB1FBD10B53E
:1002100010BD00F0A4F91146FFF7F5FF04F0E2F974
:1002200000F0C2F903B4FFF7F2FF03BC04F0A7F932
:100230000948804709480047FEE7FEE7FEE7FEE77A
:10024000FEE7FEE7FEE7FEE7FEE7FEE704480549B6
:10025000054A064B70470000094100088901000863
:10026000180200201808002018040020180400209C
:10027000704753EA020C00F069802DE9F04B4FF013
:100280000006002B1FBFB3FA83F503FA05F424FA26
:1002900005F65E4012BF1643B2FA82F502FA05F483
:1002A000C5F120051EBF22FA05FC44EA0C042035E6
:1002B00056EA044C4FEA144418BF641C4FF000087F
:1002C0004FF00009904271EB030C39D3002919BF9C
:1002D000B1FA81F701FA07F6B0FA80F700FA07F6EB
:1002E000C7F120071EBF20FA07FC46EA0C0620379C
:1002F000B6FBF4FCA7EB0507103F07F01F0BCBF193
:1003000020060CFA0BFB2CFA06F644BFB346002677
:10031000202FA4BF5E464FF0000B5BEA060C08BF1F
:100320004FF0010B19EB0B09ABFB027C48EB060805
:10033000C01B06FB02CC0BFB03CC71EB0C01C1E72D
:100340000B46024641464846BDE8F08B13B54FF0D8
:1003500000004FF00001AFF30080BDE81C40704783
:100360000FB41CB5074B06AA7B446946009005985C
:1003700000F0DDF80020694600F0ECF81CBC5DF8E8
:1003800014FB0000E90100002DE9F0410E4604468F
:10039000002020622046E168884730B3252805D038
:1003A000D4E901219047206A401CF2E7E168204629
:1003B00000278847050018D0A5F14100192802D868
:1003C00020354FF400673246294620462760FFF764
:1003D00015FF40B1012804D0F61D26F007060836A7
:1003E000D8E7361DD6E72846DAE7206ABDE8F0816F
:1003F0002DE9F0410646002410687529314616A5FE
:1004000010D0AFF30080002802DA404213A507E0C5
:1004100031688A0701D512A502E0490704D511A564
:10042000012401E0AFF3008000210A2206F1240735
:1004300009E0B0FBF2FCB0FBF2F302FB1C00303031
:1004400078541846491C0028F3D123462A463046E2
:10045000BDE8F04100F00CB8000000002D000000E5
:100460002B00000020000000704770477047704765
:100470002DE9F0470D4699469246044600F12408BE
:100480000168880604D5E06921F01001216000E0D0
:100490000120A84201DD471B00E00027A1697A196D
:1004A00002EB0900081AA0612078C00602D4204699
:1004B000AFF30080002608E0D4E901211AF8060015
:1004C0009047206A401C761C20624E45F4DB207861
:1004D000C0060AD52046AFF3008006E0D4E901212A
:1004E00030209047206A401C2062381EA7F1010787
:1004F000F4DC07E0D4E9012118F805009047206AF0
:10050000401C2062281EA5F10105F3DC2046AFF354
:1005100000802078000602D50220BDE8F087012087
:10052000FBE7000001694A1C02610878704700B5CA
:100530008FB0CDE901310021059105497944CDE91C
:10054000031011466846FFF71FFF0FB000BD000003
:10055000E5FFFFFF0A6802F8010B0A607047754665
:1005600000F02CF8AE4605006946534620F007001F
:10057000854618B020B5FFF769FEBDE820404FF072
:1005800000064FF000074FF000084FF0000B21F07D
:100590000701AC46ACE8C009ACE8C009ACE8C0094A
:1005A000ACE8C0098D46704710B50446AFF3008033
:1005B0002046BDE81040FFF735BE000000487047F8
:1005C000B8010020FEE7704770B5B3F5804F05D045
:1005D0006FF0704140F82210002070BD50F82230BA
:1005E000084C2340D1E9004544EA05148D688E8902
:1005F0002D0245EA064589692C430C431C4340F80B
:100600002240E9E70000F0CFF0B50C6850F8245024
:10061000114A1540D1E90123D1E903671A433E434A
:1006200032434E6932438E693243CE6932430E6A99
:1006300032434E6A32438E6A3243CE6A3243CE6BC5
:10064000096B32430A432A43082B01D142F040028E
:1006500040F824200020F0BD8000F0FF30B500EB12
:1006600082004268D1E9003443EA04138C688D8922
:10067000240244EA054423430C8A084D02F0404218
:1006800005EB045423430C7D6D0105EB046489697B
:1006900023430B4313434360002030BD0000F0FFB1
:1006A00090F83510022903D0802141650120704760
:1006B000052180F835100068016821F00101016012
:1006C000002070472DE9F84FDFF88C91002209F1E6
:1006D000040A0AF1040B4FF00F080BF1040E012677
:1006E0000B6896403340B34271D14C68022C01D064
:1006F000122C11D1D40800EB84073D6A5407E40E94
:1007000008FA04FC25EA0C05D1F810C00CFA04FC28
:100710004CEA050CC7F820C007685400032591F87F
:1007200004C0A5400CF0030CAF430CFA04FC4CEAE7
:10073000070CC0F800C04F68012F05D0022F03D06E
:10074000112F01D0122F11D18768D1F80CC0AF43FF
:100750000CFA04FC4CEA070CC0F808C04768B74321
:100760000E79C6F3001696403E434660C668AE4317
:100770008D68A5403543C5604C68E40065D5374CAD
:10078000256845F480452560246822F0030504F4BB
:1007900080440094324C2E19D6F808789407250F1F
:1007A00008FA05F4A7432F4CA04201D1002424E00D
:1007B0002D4CA04201D101241FE02C4CA04201D1BC
:1007C00002241AE02A4CA04202D1032415E03CE0A6
:1007D000284CA04201D104240FE0274CA04201D1B3
:1007E00005240AE0254CA04201D1062405E0244C52
:1007F000A04201D1072400E00824AC403C43C6F8E5
:100800000848D9F800404D464E689C43F60300D591
:100810001C432C60DAF8004055464E689C43B603F2
:1008200000D51C432C60DBF800405D464E689C43BD
:10083000F60200D51C432C60DEF8004075464E6879
:100840009C43B60200D51C432C60521C102AFFF4B6
:1008500046AFBDE8F88F0000003C0140443802403C
:100860000030014000000240000402400008024045
:10087000000C024000100240001402400018024028
:10088000001C02400069084000D0012070470AB1F6
:10089000816170470904FBE701480068000C70475C
:1008A000002004E001488068704700000400002038
:1008B00070B5040011D021684CF6CC400860216866
:1008C00045F255500860D4E9000141602168A068F4
:1008D0008860FFF7E7FF054608E0012070BDFFF7DD
:1008E000E1FF401B302801D9032070BD2068C0689B
:1008F0000028F4D121684AF6AA200860002070BDC3
:1009000000684AF6AA210160002070470248816809
:10091000027811448160704704000020094810B536
:10092000016841F400710160016841F48061016077
:10093000052000F057F80F2000F006F800F024F82A
:10094000002010BD003C024070B50D4D04464FF430
:100950007A712878B1FBF0F00A490968B1FBF0F030
:1009600000F058FB48B9102C07D200222146501E37
:1009700000F018F800206C6070BD012070BD000010
:1009800004000020000000207047002809DB00F070
:100990001F02012191404009800000F1E020C0F8D1
:1009A00000117047F0B40E4B1B68C3F30223C3F170
:1009B0000704042C00D904241D1D072D01D2002397
:1009C00000E0DB1E012606FA04F56D1E0D409D4079
:1009D0009E40761E164045EA0601F0BC03F0BFBDFE
:1009E0000CED00E0064A00F0070110684FF6FF0327
:1009F000184040EA01200349084310607047000096
:100A00000CED00E00000FA052DE9F0470D4604006A
:100A100065D0DFF81491D9F80000EFB200F00F00B4
:100A2000A84207D289F80070D9F8000000F00F0042
:100A3000A84254D120683D4E810712D5400703D506
:100A4000306840F4E05030602078000703D530680B
:100A500040F4604030603068A16820F0F000084346
:100A600030602078C0072DD03049606808390128EF
:100A700012D0022813D0032811D009688907002951
:100A80002DDA316821F0030101433160FFF70AFFDD
:100A9000804641F2883A0EE009688903EFE7096869
:100AA0008901ECE7FFF7FEFEA0EB0801514502D9F2
:100AB0000320BDE8F0873068616800F00C00B0EBFF
:100AC000810FEFD1D9F80010484601F00F01A9427B
:100AD00007D90770006800F00F00A84201D001207C
:100AE000E7E72078400705D53068E16820F4E0505A
:100AF000084330602078000706D53068216920F46B
:100B0000604040EAC100306000F036F83168084AC1
:100B1000C1F30311515CC840064908600F20FFF77C
:100B200013FF0020C5E70000003C024008380240E7
:100B3000124A0008000000200448054900680968BE
:100B4000044AC1F38221515CC84070470000002074
:100B500008380240224A000804480549006809682C
:100B6000044AC1F34231515CC84070470000002084
:100B700008380240224A0008154810B5006810F0F5
:100B80000C01144813D0431004290FD008290ED1AA
:100B90000F4C241F216801F03F022168490207D54C
:100BA0002068C0F38810A0FB030106E0184610BDC2
:100BB0002168C1F38811A1FB00010023FFF759FB55
:100BC0002168C1F30141491C4900B0FBF1F010BD9F
:100BD000083802400024F4002DE9F84F040073D0D7
:100BE0002078BD4DC00748D0BB4808300168C1F32C
:100BF0008101012908D00068C0F3810002280AD1D0
:100C0000281D0068400206D52868800335D5606835
:100C10000028E4D031E06068B0F5803F10D0B0F536
:100C2000A02F286810D020F480302860286820F495
:100C3000802028606068A0B1FFF734FE06460CE013
:100C4000286840F48030F4E740F480202860F7E71B
:100C5000FFF728FE801B642872D828688003F7D528
:100C60000BE0FFF71FFE064604E0FFF71BFE801BAC
:100C70006428F1D828688003F7D42078DFF85C92E4
:100C800080074FF0000A3ED593480830016811F004
:100C90000C0F09D00068C0F3810002280BD18E48E8
:100CA000001D0068400206D42868800715D5E0685A
:100CB000012809D111E0E068B8B10120C9F80000AD
:100CC000FFF7F0FD064605E003E1FFF7EBFD801BB3
:100CD0000228C1D828688007F7D52868216920F044
:100CE000F80040EAC10028600DE0C9F800A0FFF755
:100CF000D9FD064604E0FFF7D5FD801B02281FD86A
:100D000028688007F7D42078000722D5724F7449ED
:100D10006069743770B101200860FFF7C3FD0646B3
:100D200004E0FFF7BFFD801B022809D83868800760
:100D3000F7D50EE0C1F800A0FFF7B4FD064605E0C8
:100D400081E0FFF7AFFD801B02287CD83868800760
:100D5000F7D42078400769D5DFF87CB14FF0000860
:100D60000BF1400BDBF80000C0000CD4DBF80010E6
:100D700041F08051CBF80010DBF800004FF0010883
:100D800000F080500090574F3868C0050FD4386885
:100D900040F480703860FFF785FD064604E0FFF7F9
:100DA00081FD801B02284ED83868C005F7D54A4F10
:100DB000A068703701280FD00528386810D020F0BF
:100DC00001003860386820F004003860A068B0B1D5
:100DD000FFF768FD06460EE0386840F00100F4E7D2
:100DE00040F004003860F7E7FFF75CFD811B41F23B
:100DF0008830814265D838688007F5D50DE0FFF767
:100E000051FD064606E0FFF74DFD811B41F288309B
:100E1000814256D838688007F5D4B8F1000F05D064
:100E2000DBF8001021F08051CBF80010A069C8B3A6
:100E3000294908310968C1F38101022949D00228F2
:100E4000504607D000E03CE0C9F86000FFF72AFDFB
:100E5000044639E04F46C9F86000FFF723FD064617
:100E600004E0FFF71FFD801B02282AD828688001B4
:100E7000F7D4D4E907010843A16A1B4A490802EBE9
:100E80000141626A41EA8211084394F82C1040EA59
:100E900001611148001D016001203866FFF702FD65
:100EA000044605E013E0FFF7FDFC001B022808D80C
:100EB00028688001F7D50AE0FFF7F4FC001B022840
:100EC00002D90320BDE8F88F28688001F4D40020FF
:100ED000F8E70120F6E70000003802400000474232
:100EE000800E4742007000400000FFFF70B51546BD
:100EF0000E46040003D094F8490010B107E0012029
:100F000070BD002084F84800204600F01BF804F172
:100F100008012068FFF778FB3146A2682068FFF7D8
:100F20009DFBD4E901022946236BFFF74DFBA16825
:100F3000206850F8212042F0010240F821200020D2
:100F400070BD0000284810B5016886B041F001016D
:100F50000160006800F0010005902348083801682E
:100F600041F008010160016801F008010591016884
:100F700041F010010160016801F010010591016864
:100F800041F020010160016801F020010591016834
:100F900041F0400101600068694600F040000590A2
:100FA0004CF2337000900220019001200290032047
:100FB00003900C2004900D48FFF784FB4FF68070DF
:100FC000009069460A48FFF77DFB4FF4805469465C
:100FD00008480094FFF776FB694607480094FFF73E
:100FE00071FB06B010BD000038380240000C024012
:100FF0000010024000140240001802404FF0E021AF
:101000000428086903D020F004000861704740F00C
:101010000400FAE710B5401EB0F1807F01D3012033
:1010200010BD4FF0E02460610F21601703F097FAC4
:101030000020A06107202061002010BD704710F83B
:10104000391F40780843704770B50268044610683D
:10105000D168536910F00F0F50D003F0010501F46F
:10106000907635435DD0C20705D0CA0503D5E26B43
:1010700042F00102E263420705D5DA0703D0E26BD2
:1010800042F00202E263820705D5DA0703D0E26B81
:1010900042F00402E263020705D5DA0703D0E26BEF
:1010A00042F00802E263E26B002A33D0800604D5E6
:1010B000880602D5204603F067F820684069E16B96
:1010C000C0F38010090700D428B3204603F04EF87F
:1010D0002068416949061AD5416921F04001416102
:1010E000606BA0B11B490165606BFFF7D9FA00285E
:1010F00010D0606B016DBDE870400847830610D5C5
:101100008B060ED52046BDE8704003F03DB8204662
:10111000FFF794FF70BD2046FFF790FF0020E063CB
:1011200070BD030606D50B0604D52046BDE8704009
:1011300003F0CCB94006F3D54806F1D5D168204676
:1011400021F04001D160202184F8391000F0CAF864
:1011500070BD00005D41000870B5040004D094F833
:101160003900002510B106E0012070BD84F8385028
:10117000204600F023F8242084F839002068C16854
:1011800021F40051C160204603F04AF8206801694B
:1011900021F4904101612068416921F02A014161F7
:1011A0002068C16841F40051C160E563202084F8E3
:1011B000390084F83A00002070BD000010B50068C6
:1011C0001A4986B088422FD11948016841F00101BF
:1011D0000160006800F001000590154814300168B6
:1011E00041F0100101600068012100F0100005903D
:1011F0004FF4007000900220CDE901010390072018
:101200000C4C049069462046FFF75CFA21150091CA
:1012100069462046FFF756FA2520FFF7B6FB032262
:1012200011462520FFF7BEFB06B010BD001001409F
:10123000303802400000024090F83A30202B22D192
:10124000F9B1F2B190F83830012B1CD0816282855F
:10125000C2850021C163222280F83A2080F838102C
:101260000168CA6842F48072CA6001684A6942F043
:1012700001024A610068C16841F02001C16000209C
:1012800070470120704702207047000030B50068A9
:10129000114988420CD1114A5088010408D41146E2
:1012A000440409784FF0000306D50A2901D0538081
:1012B00030BD40F400400DE00D2909D0C0F30D040D
:1012C000074D401C80B229555080C728EFD830BD4B
:1012D00040F48040508030BD0010014014000020D8
:1012E000440000207047FEE70148FFF709BB0000FB
:1012F000AC010020044A034B1360C2E9010110460F
:10130000FFF7D6BA00300040AC01002070B5144899
:1013100086B00025016841F001010160016801F01B
:1013200001010591016841F010010160006803248A
:1013300000F01000059002200126CDE90204CDE95D
:10134000006569460748FFF7BDF91C2003948DE846
:10135000610069460448FFF7B5F906B070BD0000AA
:101360003038024000000240001002402DE9F041F8
:1013700001262E4C2E4F2F4D01281DD02078A0B1D4
:1013800010212846FFF77EFAC0B108212846FFF752
:1013900079FA98B104212846FFF774FA70B1012157
:1013A0003846FFF76FFA012808D010212846FFF7CA
:1013B00069FA012826D037E02670E1E70A2003F019
:1013C000E9F80020207010212846FFF75BFA80B171
:1013D00008212846FFF756FA70B104212846FFF786
:1013E00051FA58B101213846FFF74CFA012807D0CD
:1013F0001AE00120BDE8F0810220FBE70320F9E7B5
:101400000420F7E708212846FFF73CFA01280BD112
:1014100004212846FFF736FA012805D10121384674
:10142000FFF730FA00B926700020E3E72000002023
:10143000000002400010024070B506460A48002431
:101440000188458820464D43214602F0ADFC02F05C
:10145000D3FDB1B24FF0D84002E0A0F88010641C78
:10146000AC42FAD370BD00009C0100202DE9F04F82
:101470002B4B2C27194698712B2589884FF4305A0D
:101480004FF4285B4FF4487441F6631E2A264FF050
:10149000F00845F210594FF4A07C4FF4F072C8B137
:1014A000A3F800C0A3F80280494533D1A3F808A0EF
:1014B000A3F80AB0280298811C805A80A1F5A640A2
:1014C000103802D11A80A3F802C0BDE8F04F002006
:1014D00002F09ABBA3F80080A3F802C0494507D1E7
:1014E000A3F808A0A3F80AB04FF42C50988104E0A8
:1014F00071451F8104D15D819E811A805C8001E06D
:101500005E819D81A1F5A6401038DED1A3F800C010
:101510005A80DAE71F815E8171459D81CCD0CDE78D
:101520009C0100202DE9F041314D90460C460246C9
:10153000060AA9882846270A4089A1F5AA43103B34
:101540000FD0A1F5C853633B24D002F049FD3046CB
:1015500002F03AFDD0B202F037FDA88902F040FD5A
:1015600036E002F03DFD304602F02EFD6889401C59
:1015700080B202F035FDD0B202F026FDA88902F05B
:101580002FFD384602F020FDA889401C80B202F0F1
:1015900027FD20E0A97919B92988891A491E8AB23C
:1015A00002F01EFD160A304602F00EFDD0B202F027
:1015B0000BFD304602F008FDD0B202F005FDA8890F
:1015C00002F00EFD384602F0FFFCE0B202F0FCFC37
:1015D000384602F0F9FCE0B202F0F6FC4FF0D841D8
:1015E000288921F87E0FA1F80280BDE8F081000073
:1015F0009C0100202DE9F04FFD4895B000240168C2
:1016000041F00201016000680EA900F00200139091
:101610004FF400400E9001200F9010900320119085
:10162000F448FFF74FF8F448F4494FF0204AC0E976
:1016300000A10621C0E902141021C0E9044184611F
:101640000902C461C0E909418900C0E90B4189016F
:101650004463C0E90E410F20CDE907043C20099006
:101660000920CDE9000408200D94029003946A46F5
:1016700007A90694E048FFF739FC322002F08AFF00
:10168000D32002F0ADFC02F08DFADB4F5037B8806A
:1016900002F088FA3946888002F084FA4FF6FF7B20
:1016A00039460BEA0020888002F07CFA394649F27C
:1016B0004136898845F210380843394645F21055BD
:1016C000888041F6631947F28974B04275D00420CE
:1016D00002F086FC02F066FAB88002F063FAB88085
:1016E00002F060FA0BEA0020B88002F05BFAB988D9
:1016F0000843A0F50541B88052397DD0A0425CD0A6
:10170000D42002F06DFC02F04DFAB88002F04AFAE3
:10171000B88002F047FA0BEA0020B88002F042FAE3
:10172000B9880843B880404547D055214FF47040F0
:1017300002F06CFCAA214FF2010002F067FC52217A
:101740004FF2020002F062FC08214FF2030002F0A7
:101750005DFC01214FF2040002F058FC4FF44540BB
:1017600002F03EFC02F01EFA0BEA0020B8804CF2B8
:10177000015002F035FC02F015FAB9880843B88030
:10178000052002F007FFB888B0F5004F7ED0A842D0
:1017900013D0A12002F024FC02F004FAB88002F079
:1017A00001FA0BEA0020B88002F0FCF9B98808437E
:1017B000A0F5AE41B880613969D0B888B04267D130
:1017C000CF2002F00DFC002002F0FEFBC12002F051
:1017D000FBFB302002F0F8FBED2002F001FC64205E
:1017E00002F0F2FB032002F0EFFB122002F0ECFB10
:1017F000812002F0E9FB00E002E1E82002F0F0FBCA
:10180000852002F0E1FB102002F0DEFB7A2002F0DE
:10181000DBFBCB2002F0E4FB392002F0D5FB2C20CF
:1018200002F0D2FB002002F0CFFB342002F0CCFB10
:10183000022002F0C9FBF72002F0D2FB202002F0C8
:10184000C3FBEA2002F0CCFB002002F0BDFB00202D
:1018500002F0BAFBC02002F0C3FB1B2002F0B4FB75
:10186000C12002F0BDFB012002F0AEFBC52002F05A
:10187000B7FB302002F0A8FB302002F0A5FBC72008
:1018800002F0AEFBB72002F09FFB02E0BEE0B9E041
:10189000BFE0362002F0A4FB482002F095FB3A207E
:1018A00002F09EFB552002F08FFBB12002F098FB66
:1018B000002002F089FB1A2002F086FBB62002F01D
:1018C0008FFB0A2002F080FBA22002F07DFBF220B9
:1018D00002F086FB002002F077FB262002F080FB5E
:1018E000012002F071FBE02002F07AFB0F2002F0F1
:1018F0006BFB2A2002F068FB282002F065FB082021
:1019000002F062FB0E2002F05FFB082002F05CFB9D
:10191000542002F059FBA92002F056FB432002F0AC
:1019200053FB0A2002F050FB0F2002F04DFB002079
:1019300002F04AFB002002F047FB002002F044FBCB
:10194000002002F041FBE12002F04AFB002002F0FF
:101950003BFB152002F038FB172002F035FB072077
:1019600002F032FB112002F02FFB062002F02CFBCC
:101970002B2002F029FB562002F026FB3C2002F02F
:1019800023FB052002F020FB102002F01DFB0F209E
:1019900002F01AFB3F2002F017FB3F2002F014FB7D
:1019A0000F2002F011FB2B2002F01AFB002002F0A6
:1019B0000BFB002002F008FB012002F005FB3F209A
:1019C00002F002FB2A2002F00BFB002002F0FCFADE
:1019D000002002F0F9FA002002F0F6FAEF2002F0FF
:1019E000F3FA112002F0FCFA782002F0D3FDE3E0D4
:1019F00030380240000402404C010020040100A0E5
:101A0000BC8008E0A7F8049001F0DCBFBD8001F0C5
:101A100054B8A0427ED1112002F0E2FA782002F000
:101A2000B9FD362002F0DCFA002002F0CDFA3A20AF
:101A300002F0D6FA052002F0C7FAB22002F0D0FA7E
:101A40000C2002F0C1FA0C2002F0BEFA002002F0D5
:101A5000BBFA332002F0B8FA332002F0B5FAB7200F
:101A600002F0BEFA352002F0AFFABB2002F0B8FA5D
:101A7000322002F0A9FAC02002F0B2FA0C2002F0E3
:101A8000A3FAC22002F0ACFA012002F09DFAC320B2
:101A900002F0A6FA102002F097FAC42002F0A0FA91
:101AA000202002F091FAC62002F09AFA0F2002F0EC
:101AB0008BFAD02002F094FAA42002F085FAA1203B
:101AC00002F082FAE02002F08BFAD02002F07CFAD9
:101AD000002002F079FA022002F076FA072002F0E4
:101AE00073FA0A2002F070FA282002F06DFA322010
:101AF00002F06AFA442002F067FA422002F064FA27
:101B0000062002F061FA0E2002F05EFA122002F0C6
:101B10005BFA00E053E0142002F056FA172002F0BE
:101B200053FAE12002F05CFAD02002F04DFA0020D6
:101B300002F04AFA022002F047FA072002F044FAC3
:101B40000A2002F041FA282002F03EFA312002F089
:101B50003BFA542002F038FA472002F035FA0E2002
:101B600002F032FA1C2002F02FFA172002F02CFAB1
:101B70001B2002F029FA1E2002F026FA2A2002F089
:101B80002FFA002002F020FA002002F01DFA0020B7
:101B900002F01AFAEF2002F017FA2B2002F020FAD6
:101BA000002002F011FA002002F00EFA012002F0EB
:101BB0000BFA3F2002F008FA292001F0FEBE404552
:101BC0007ED1ED2002F00CFA012002F0FDF9FE209A
:101BD00002F0FAF9EE2002F003FADE2002F0F4F946
:101BE000212002F0F1F9F12002F0FAF9012002F0CF
:101BF000EBF9DF2002F0F4F9102002F0E5F9C4203F
:101C000002F0EEF98F2002F0DFF9C62002F0E8F9C9
:101C1000002002F0D9F9E22002F0D6F9E22002F029
:101C2000D3F9E22002F0D0F9BF2002F0D9F9AA20BE
:101C300002F0CAF9B02002F0D3F90D2002F0C4F985
:101C4000002002F0C1F90D2002F0BEF9002002F0E0
:101C5000BBF9112002F0B8F9002002F0B5F9192003
:101C600002F0B2F9002002F0AFF9212002F0ACF945
:101C7000002002F0A9F92D2002F0A6F9002002F0C0
:101C8000A3F93D2002F0A0F9002002F09DF95D20AB
:101C900002F09AF9002002F097F95D2002F094F921
:101CA000002002F091F9B12002F09AF9802002F0B0
:101CB0008BF9002002F088F98B2002F085F900E012
:101CC000FDE3002002F080F9962002F07DF900206B
:101CD00002F07AF9B22002F083F9002002F074F9E0
:101CE000002002F071F9022002F06EF9002002F0EB
:101CF0006BF9032002F068F9002002F065F9B320C7
:101D000002F06EF9002002F05FF9002002F05CF9A9
:101D1000002002F059F9002002F056F9002002F0EC
:101D200053F9002002F050F9002002F04DF9002094
:101D300002F04AF9002002F047F9002002F044F9CD
:101D4000002002F041F9002002F03EF9002002F0EC
:101D50003BF9002002F038F9002002F035F90020AC
:101D600002F032F9002002F02FF9002002F02CF9E5
:101D7000002002F029F9002002F026F9002002F0EC
:101D800023F9002002F020F9002002F01DF90020C4
:101D900002F01AF9B42002F023F98B2002F014F9B2
:101DA000002002F011F9962002F00EF9002002F056
:101DB0000BF9A12002F008F9002002F005F9B52086
:101DC00002F00EF9022002F0FFF8002002F0FCF809
:101DD000032002F0F9F8002002F0F6F8042002F0E7
:101DE000F3F8002002F0F0F8B62002F0F9F8002035
:101DF00002F0EAF8002002F0E7F8B72002F0F0F86D
:101E0000002002F0E1F8002002F0DEF83F2002F0AE
:101E1000DBF8002002F0D8F85E2002F0D5F80020B0
:101E200002F0D2F8642002F0CFF8002002F0CCF8E3
:101E30008C2002F0C9F8002002F0C6F8AC2002F0B5
:101E4000C3F8002002F0C0F8DC2002F0BDF800204A
:101E500002F0BAF8702002F0B7F8002002F0B4F8EF
:101E6000902002F0B1F8002002F0AEF8EB2002F072
:101E7000ABF8002002F0A8F8DC2002F0A5F8002062
:101E800002F0A2F8B82002F0ABF8002002F09CF8B3
:101E9000002002F099F8002002F096F8002002F0ED
:101EA00093F8002002F090F8002002F08DF8002056
:101EB00002F08AF8002002F087F8BA2002F090F8C9
:101EC000242002F081F8002002F07EF8002002F0C9
:101ED0007BF8002002F078F8C12002F081F8202081
:101EE00002F072F8002002F06FF8542002F06CF853
:101EF000002002F069F8FF2002F066F8002002F0EE
:101F000063F8C22002F06CF80A2002F05DF80020AD
:101F100002F05AF8042002F057F8002002F054F8BA
:101F2000C32002F05DF83C2002F04EF8002002F0E1
:101F30004BF83A2002F048F8002002F045F839202A
:101F400002F042F8002002F03FF8372002F03CF89F
:101F5000002002F039F83C2002F036F8002002F0B0
:101F600033F8362002F030F8002002F02DF832204D
:101F700002F02AF8002002F027F82F2002F024F8BF
:101F8000002002F021F82C2002F01EF8002002F0C0
:101F90001BF8292002F018F8002002F015F826207E
:101FA00002F012F8002002F00FF8242002F00CF8E2
:101FB000002002F009F8242002F006F8002002F0C8
:101FC00003F8232002F000F8002001F0FDFF3C2080
:101FD00001F0FAFF002001F0F7FF362001F0F4FFD6
:101FE000002001F0F1FF322001F0EEFF002001F0AF
:101FF000EBFF2F2001F0E8FF002001F0E5FF2C208F
:1020000001F0E2FF002001F0DFFF292001F0DCFFFA
:10201000002001F0D9FF262001F0D6FF002001F0BA
:10202000D3FF242001F0D0FF002001F0CDFF2420B9
:1020300001F0CAFF002001F0C7FF232001F0C4FF18
:10204000002001F0C1FFC42001F0CAFF622001F0AE
:10205000BBFF002001F0B8FF052001F0B5FF002014
:1020600001F0B2FF842001F0AFFF002001F0ACFFCF
:10207000F02001F0A9FF002001F0A6FF182001F0D8
:10208000A3FF002001F0A0FFA42001F09DFF00208D
:1020900001F09AFF182001F097FF002001F094FF53
:1020A000502001F091FF002001F08EFF0C2001F084
:1020B0008BFF002001F088FF172001F085FF002032
:1020C00001F082FF952001F07FFF002001F07CFFEE
:1020D000F32001F079FF002001F076FFE62001F007
:1020E00073FF002001F070FFC52001F079FF32205E
:1020F00001F06AFF002001F067FF442001F064FF57
:10210000002001F061FF652001F05EFF002001F07A
:102110005BFF762001F058FF002001F055FF88207A
:1021200001F052FF002001F04FFFC62001F058FFE0
:10213000202001F049FF002001F046FF172001F0A8
:1021400043FF002001F040FF012001F03DFF00208F
:1021500001F03AFFC72001F043FF002001F034FFF7
:10216000002001F031FF002001F02EFF002001F0DF
:102170002BFFC82001F034FF002001F025FF0020D4
:1021800001F022FF002001F01FFF002001F01CFFE2
:10219000C92001F025FF002001F016FF002001F00A
:1021A00013FF002001F010FF002001F00DFF0020C0
:1021B00001F00AFF002001F007FF002001F004FFFA
:1021C000002001F001FF002001F0FEFE002001F0E0
:1021D000FBFE002001F0F8FE002001F0F5FE0020DB
:1021E00001F0F2FE002001F0EFFE002001F0ECFE15
:1021F000002001F0E9FEE02001F0F2FE162001F0DF
:10220000E3FE002001F0E0FE1C2001F0DDFE0020D6
:1022100001F0DAFE212001F0D7FE002001F0D4FE0B
:10222000362001F0D1FE002001F0CEFE462001F064
:10223000CBFE002001F0C8FE522001F0C5FE0020B8
:1022400001F0C2FE642001F0BFFE002001F0BCFEE0
:102250007A2001F0B9FE002001F0B6FE8B2001F0DB
:10226000B3FE002001F0B0FE992001F0ADFE002089
:1022700001F0AAFEA82001F0A7FE002001F0A4FEB4
:10228000B92001F0A1FE002001F09EFEC42001F063
:102290009BFE002001F098FECA2001F095FE002070
:1022A00001F092FED22001F08FFE002001F08CFEA2
:1022B000D92001F089FE002001F086FEE02001F027
:1022C00083FE002001F080FEF32001F07DFE00205F
:1022D00001F07AFEE12001F083FE162001F074FE89
:1022E000002001F071FE1C2001F06EFE002001F0C4
:1022F0006BFE222001F068FE002001F065FE362012
:1023000001F062FE002001F05FFE452001F05CFE5E
:10231000002001F059FE522001F056FE002001F08D
:1023200053FE642001F050FE002001F04DFE7A20A3
:1023300001F04AFE002001F047FE8B2001F044FE30
:10234000002001F041FE992001F03EFE002001F046
:102350003BFEA82001F038FE002001F035FEB92038
:1023600001F032FE002001F02FFEC42001F02CFE0F
:10237000002001F029FECA2001F026FE002001F015
:1023800023FED22001F020FE002001F01DFED82007
:1023900001F01AFE002001F017FEE02001F014FE0B
:1023A000002001F011FEF32001F00EFE002001F0EC
:1023B0000BFEE22001F014FE052001F005FE0020D6
:1023C00001F002FE0B2001F0FFFD002001F0FCFDFA
:1023D0001B2001F0F9FD002001F0F6FD342001F092
:1023E000F3FD002001F0F0FD442001F0EDFD0020A0
:1023F00001F0EAFD4F2001F0E7FD002001F0E4FDCF
:10240000612001F0E1FD002001F0DEFD792001F006
:10241000DBFD002001F0D8FD882001F0D5FD002073
:1024200001F0D2FD972001F0CFFD002001F0CCFD9E
:10243000A62001F0C9FD002001F0C6FDB72001F083
:10244000C3FD002001F0C0FDC22001F0BDFD002051
:1024500001F0BAFDC72001F0B7FD002001F0B4FD86
:10246000D12001F0B1FD002001F0AEFDD62001F039
:10247000ABFD002001F0A8FDDD2001F0A5FD00204E
:1024800001F0A2FDF32001F09FFD002001F09CFD72
:10249000E32001F0A5FD052001F096FD002001F0EC
:1024A00093FD0A2001F090FD002001F08DFD1C201D
:1024B00001F08AFD002001F087FD332000E0FAE200
:1024C00001F082FD002001F07FFD442001F07CFD41
:1024D000002001F079FD502001F076FD002001F090
:1024E00073FD622001F070FD002001F06DFD782089
:1024F00001F06AFD002001F067FD882001F064FD15
:10250000002001F061FD972001F05EFD002001F048
:102510005BFDA62001F058FD002001F055FDB7201D
:1025200001F052FD002001F04FFDC22001F04CFDF2
:10253000002001F049FDC72001F046FD002001F018
:1025400043FDD12001F040FD002001F03DFDD520EC
:1025500001F03AFD002001F037FDDD2001F034FDEF
:10256000002001F031FDF32001F02EFD002001F0EC
:102570002BFDE42001F034FD012001F025FD0020B9
:1025800001F022FD012001F01FFD002001F01CFDE3
:10259000022001F019FD002001F016FD2A2001F0B3
:1025A00013FD002001F010FD3C2001F00DFD002086
:1025B00001F00AFD4B2001F007FD002001F004FDB1
:1025C0005D2001F001FD002001F0FEFC742001F00F
:1025D000FBFC002001F0F8FC842001F0F5FC002059
:1025E00001F0F2FC932001F0EFFC002001F0ECFC84
:1025F000A22001F0E9FC002001F0E6FCB32001F08C
:10260000E3FC002001F0E0FCBE2001F0DDFC002036
:1026100001F0DAFCC42001F0D7FC002001F0D4FC6A
:10262000CD2001F0D1FC002001F0CEFCD32001F040
:10263000CBFC002001F0C8FCDD2001F0C5FC00202F
:1026400001F0C2FCF32001F0BFFC002001F0BCFC53
:10265000E52001F0C5FC002001F0B6FC002001F0EF
:10266000B3FC002001F0B0FC002001F0ADFC022022
:1026700001F0AAFC002001F0A7FC292001F0A4FC35
:10268000002001F0A1FC3C2001F09EFC002001F0A4
:102690009BFC4B2001F098FC002001F095FC5D2094
:1026A00001F092FC002001F08FFC742001F08CFC02
:1026B000002001F089FC842001F086FC002001F05C
:1026C00083FC932001F080FC002001F07DFCA2201F
:1026D00001F07AFC002001F077FCB32001F074FCDB
:1026E000002001F071FCBE2001F06EFC002001F022
:1026F0006BFCC42001F068FC002001F065FCCD20DB
:1027000001F062FC002001F05FFCD32001F05CFCD2
:10271000002001F059FCDC2001F056FC002001F003
:1027200053FCF32001F050FC002001F04DFCE620AA
:1027300001F056FC112001F047FC002001F044FCA0
:10274000342001F041FC002001F03EFC562001F055
:102750003BFC002001F038FC762001F035FC002025
:1027600001F032FC772001F02FFC002001F02CFC5E
:10277000662001F029FC002001F026FC882001F0F1
:1027800023FC002001F020FC992001F01DFC00201A
:1027900001F01AFCBB2001F017FC002001F014FC32
:1027A000992001F011FC002001F00EFC662001F0E0
:1027B0000BFC002001F008FC552001F005FC002076
:1027C00001F002FC552001F0FFFB002001F0FCFBB2
:1027D000452001F0F9FB002001F0F6FB432001F059
:1027E000F3FB002001F0F0FB442001F0EDFB0020A2
:1027F00001F0EAFBE72001F0F3FB322001F0E4FBFB
:10280000002001F0E1FB552001F0DEFB002001F08B
:10281000DBFB762001F0D8FB002001F0D5FB662021
:1028200001F0D2FB002001F0CFFB672001F0CCFBD0
:10283000002001F0C9FB672001F0C6FB002001F079
:10284000C3FB872001F0C0FB002001F0BDFB9920F5
:1028500001F0BAFB002001F0B7FBBB2001F0B4FB94
:10286000002001F0B1FB992001F0AEFB002001F047
:10287000ABFB772001F0A8FB002001F0A5FB442072
:1028800001F0A2FB002001F09FFB562001F09CFB11
:10289000002001F099FB232001F096FB002001F0BD
:1028A00093FB332001F090FB002001F08DFB4520CD
:1028B00001F08AFB002001F087FBE82001F090FB8B
:1028C000002001F081FB002001F07EFB992001F047
:1028D0007BFB002001F078FB872001F075FB0020D6
:1028E00001F072FB882001F06FFB002001F06CFB0F
:1028F000772001F069FB002001F066FB662001F003
:1029000063FB002001F060FB882001F05DFB0020EC
:1029100001F05AFBAA2001F057FB002001F054FB04
:10292000BB2001F051FB002001F04EFB992001F08B
:102930004BFB002001F048FB662001F045FB002026
:1029400001F042FB552001F03FFB002001F03CFB71
:10295000552001F039FB002001F036FB442001F046
:1029600033FB002001F030FB442001F02DFB002060
:1029700001F02AFB552001F027FB002001F024FB89
:10298000E92001F02DFBAA2001F01EFB002001F040
:102990001BFB002001F018FB002001F015FB0020BC
:1029A00001F01EFBAA2001F00FFBCF2001F018FB65
:1029B000002001F009FB002001F006FB002001F0DF
:1029C00003FB002001F000FB002001F0FDFA0020D5
:1029D00001F0FAFA002001F0F7FA002001F0F4FA11
:1029E000002001F0F1FA002001F0EEFA002001F0E1
:1029F000EBFA002001F0E8FA002001F0E5FA0020EF
:102A000001F0E2FA002001F0DFFA002001F0DCFA28
:102A1000002001F0D9FAF02001F0E2FA002001F0E4
:102A2000D3FA502001F0D0FA002001F0CDFA0020B6
:102A300001F0CAFA002001F0C7FAF32001F0D0FA41
:102A4000002001F0C1FAF92001F0CAFA062001F0D5
:102A5000BBFA102001F0B8FA292001F0B5FA0020E5
:102A600001F0B2FA3A2001F0BBFA552001F0ACFABD
:102A7000112001F0B5FA642001F08CFD292001F04D
:102A8000AFFA352001F0ACFA002001F09DFA512098
:102A900001F0A6FAFF2001F097FA532001F0A0FA06
:102AA0002C2001F091FA552001F09AFA822001F0D1
:102AB0008BFA2C20FDE3A8427ED155214FF47040C3
:102AC00001F0A4FAAA214FF2010001F09FFA52216D
:102AD0004FF2020001F09AFA08214FF2030001F0D0
:102AE00095FA4FF204030121184601F08FFA0D21E7
:102AF0004FF4304001F08AFA0D214BF2010001F051
:102B000085FA0D214BF2020001F080FA34214FF4D6
:102B1000364001F07BFA34214BF2016001F076FA85
:102B200034214BF2026001F071FA0D214FF4314073
:102B300001F06CFA0D214BF2011001F067FA0D2142
:102B40004BF2021001F062FA34214FF4374001F0E9
:102B50005DFA34214BF2017001F058FA34214BF246
:102B6000027001F053FA00214FF4324001F04EFAA6
:102B700000214BF2012001F049FA00214BF2022022
:102B800001F044FA24214FF4384001F03FFA2421A7
:102B90004BF6010001F03AFA24214BF6020001F055
:102BA00035FA01214FF43F4001F030FA0F214FF484
:102BB000334001F02BFA00E0FEE30F214BF201302D
:102BC00001F024FA0F214BF2023001F01FFA3421F8
:102BD0004FF4394001F01AFA34214BF6011001F09C
:102BE00015FA34214BF6021001F010FA08214FF4C7
:102BF000354001F00BFA08214BF2015001F006FAC2
:102C000008214BF2025001F001FA03214FF4424037
:102C100001F0FCF924214FF43A4001F0F7F92421A6
:102C20004BF6012001F0F2F924214BF6022001F0CD
:102C3000EDF900214FF43C4001F0E8F978214BF622
:102C4000014001F0E3F900214BF6024001F0DEF90A
:102C500000214FF43D4001F0D9F978214BF60150A5
:102C600001F0D4F900214BF6025001F0CFF9002118
:102C70004FF43E4001F0CAF964214BF6016001F0C7
:102C8000C5F900214FF4514001F0C0F933214DF254
:102C9000011001F0BBF900214DF2021001F0B6F96C
:102CA00034214DF2031001F0B1F900214DF204106E
:102CB00001F0ACF93A214DF2051001F0A7F900211D
:102CC0004DF2061001F0A2F94A214DF2071001F071
:102CD0009DF900214DF2081001F098F95C214DF2A8
:102CE000091001F093F900214DF20A1001F08EF95C
:102CF00081214DF20B1001F089F900214DF20C10E9
:102D000001F084F9A6214DF20D1001F07FF90021A8
:102D10004DF20E1001F07AF9E5214DF20F1001F09D
:102D200075F901214DF2101001F070F913214DF2E7
:102D3000111001F06BF901214DF2121001F066F94A
:102D400054214DF2131001F061F901214DF21410DC
:102D500001F05CF982214DF2151001F057F90121C3
:102D60004DF2161001F052F9CA214DF2171001F080
:102D70004DF902214DF2181001F048F900214DF2F1
:102D8000191001F043F902214DF21A1001F03EF939
:102D900001214DF21B1001F039F902214DF21C10F6
:102DA00001F034F934214DF21D1001F02FF9022108
:102DB0004DF21E1001F02AF967214DF21F1001F0AB
:102DC00025F902214DF2201001F020F984214DF265
:102DD000211001F01BF902214DF2221001F016F929
:102DE000A4214DF2231001F011F902214DF224101B
:102DF00001F00CF9B7214DF2251001F007F902217D
:102E00004DF2261001F002F9CF214DF2271001F00A
:102E1000FDF802214DF2281001F0F8F8DE214DF204
:102E2000291001F0F3F802214DF22A1001F0EEF81A
:102E3000F2214DF22B1001F0E9F802214DF22C1095
:102E400001F0E4F8FE214DF22D1001F0DFF803212E
:102E50004DF22E1001F0DAF810214DF22F1001F092
:102E6000D5F803214DF2301001F0D0F833214DF2A6
:102E7000311001F0CBF803214DF2321001F0C6F809
:102E80006D214DF2331001F0C1F800214FF4524092
:102E900001F0BCF833214DF2012001F0B7F8002118
:102EA0004DF2022001F0B2F834214DF2032001F07E
:102EB000ADF800214DF2042001F0A8F83A214DF2BE
:102EC000052001F0A3F800214DF2062001F09EF844
:102ED0004A214DF2072001F099F800214DF2082017
:102EE00001F094F85C214DF2092001F08FF80021E7
:102EF0004DF20A2001F08AF881214DF20B2001F0F9
:102F000085F800214DF20C2001F080F8A6214DF249
:102F10000D2001F07BF800214DF20E2001F076F833
:102F2000E5214DF20F2001F071F801214DF2102042
:102F300001F06CF813214DF2112001F067F8012126
:102F40004DF2122001F062F854214DF2132001F0ED
:102F50005DF801214DF2142001F058F882214DF264
:102F6000152001F053F801214DF2162001F04EF822
:102F7000CA214DF2172001F049F802214DF2182024
:102F800001F044F800214DF2192001F03FF8022130
:102F90004DF21A2001F03AF801214DF21B2001F008
:102FA00035F802214DF21C2001F030F834214DF2A9
:102FB0001D2001F02BF802214DF21E2001F026F811
:102FC00067214DF21F2001F021F802214DF220204F
:102FD00001F01CF884214DF2212001F017F80221A4
:102FE0004DF2222001F012F8A4214DF2232001F02D
:102FF0000DF802214DF2242001F008F8B7214DF21E
:10300000252001F003F802214DF2262000F0FEFFFA
:10301000CF214DF2272000F0F9FF02214DF22820A8
:1030200000F0F4FFDE214DF2292000F0EFFF022135
:103030004DF22A2000F0EAFFF2214DF22B2000F0A1
:10304000E5FF02214DF22C2000F0E0FFFE214DF2C1
:103050002D2000F0DBFF03214DF22E2000F0D6FFE3
:1030600010214DF22F2000F0D1FF03214DF230202E
:1030700000F0CCFF33214DF2312000F0C7FF0321D7
:103080004DF2322000F0C2FF6D214DF2332000F0EE
:10309000BDFF00214FF4534000F0B8FF33214DF243
:1030A000013000F0B3FF00214DF2023000F0AEFF1E
:1030B00034214DF2033000F0A9FF00214DF204301D
:1030C00000F0A4FF3A214DF2053000F09FFF0021EF
:1030D0004DF2063000F09AFF4A214DF2073000F021
:1030E00095FF00214DF2083000F090FF5C214DF279
:1030F000093000F08BFF00214DF20A3000F086FF0E
:1031000081214DF20B3000F081FF00214DF20C3097
:1031100000F07CFFA6214DF20D3000F077FF00217A
:103120004DF20E3000F072FFE5214DF20F3000F04D
:103130006DFF01214DF2103000F068FF13214DF2B8
:10314000113000F063FF01214DF2123000F05EFFFC
:1031500054214DF2133000F059FF01214DF214308B
:1031600000F054FF82214DF2153000F04FFF012195
:103170004DF2163000F04AFFCA214DF2173000F030
:1031800045FF02214DF2183000F040FF00214DF2C2
:10319000193000F03BFF02214DF21A3000F036FFEB
:1031A00001214DF21B3000F031FF02214DF21C30A5
:1031B00000F02CFF34214DF21D3000F027FF0221DA
:1031C0004DF21E3000F022FF67214DF21F3000F05B
:1031D0001DFF02214DF2203000F018FF84214DF236
:1031E000213000F013FF02214DF2223000F00EFFDB
:1031F000A4214DF2233000F009FF02214DF22430CA
:1032000000F004FFB7214DF2253000F0FFFE02214F
:103210004DF2263000F0FAFECF214DF2273000F0BB
:10322000F5FE02214DF2283000F0F0FEDE214DF2D5
:10323000293000F0EBFE02214DF22A3000F0E6FECC
:10324000F2214DF22B3000F0E1FE02214DF22C3044
:1032500000F0DCFEFE214DF22D3000F0D7FE032100
:103260004DF22E3000F0D2FE10214DF22F3000F042
:10327000CDFE03214DF2303000F0C8FE33214DF277
:10328000313000F0C3FE03214DF2323000F0BEFEBB
:103290006D214DF2333000F0B9FE00214FF454405F
:1032A00000F0B4FE33214DF2014000F0AFFE0021EA
:1032B00000E082E34DF2024000F0A8FE34214DF21E
:1032C000034000F0A3FE00214DF2044000F09EFEFA
:1032D0003A214DF2054000F099FE00214DF20640E2
:1032E00000F094FE4A214DF2074000F08FFE0021CD
:1032F0004DF2084000F08AFE5C214DF2094000F0DA
:1033000085FE00214DF20A4000F080FE81214DF241
:103310000B4000F07BFE00214DF20C4000F076FEE9
:10332000A6214DF20D4000F071FE00214DF20E403D
:1033300000F06CFEE5214DF20F4000F067FE012128
:103340004DF2104000F062FE13214DF2114000F0EA
:103350005DFE01214DF2124000F058FE54214DF265
:10336000134000F053FE01214DF2144000F04EFED8
:1033700082214DF2154000F049FE01214DF2164028
:1033800000F044FECA214DF2174000F03FFE02213A
:103390004DF2184000F03AFE00214DF2194000F0C5
:1033A00035FE02214DF21A4000F030FE01214DF2AF
:1033B0001B4000F02BFE00E002E302214DF21C4016
:1033C00000F024FE34214DF21D4000F01FFE0221CA
:1033D0004DF21E4000F01AFE67214DF21F4000F032
:1033E00015FE02214DF2204000F010FE84214DF226
:1033F000214000F00BFE02214DF2224000F006FEBB
:10340000A4214DF2234000F001FE02214DF22440A0
:1034100000F0FCFDB7214DF2254000F0F7FD022140
:103420004DF2264000F0F2FDCF214DF2274000F092
:10343000EDFD02214DF2284000F0E8FDDE214DF2C5
:10344000294000F0E3FD02214DF22A4000F0DEFDAC
:10345000F2214DF22B4000F0D9FD02214DF22C401B
:1034600000F0D4FDFE214DF22D4000F0CFFD0321F0
:103470004DF22E4000F0CAFD10214DF22F4000F019
:10348000C5FD03214DF2304000F0C0FD33214DF267
:10349000314000F0BBFD03214DF2324000F0B6FD9B
:1034A0006D214DF2334000F0B1FD00214FF4554045
:1034B00000F0ACFD33214DF2015000F0A7FD0021DA
:1034C0004DF2025000F0A2FD34214DF2035000F005
:1034D0009DFD00214DF2045000F098FD3A214DF27F
:1034E000055000F093FD00214DF2065000F08EFDD6
:1034F0004A214DF2075000F089FD00214DF208509D
:1035000000F084FD5C214DF2095000F07FFD0021A8
:103510004DF20A5000F07AFD81214DF20B5000F07F
:1035200075FD00214DF20C5000F070FDA6214DF20A
:103530000D5000F06BFD00214DF20E5000F066FDC5
:10354000E5214DF20F5000F061FD01214DF21050C8
:1035500000F05CFD13214DF2115000F057FD0121E8
:103560004DF2125000F052FD54214DF2135000F074
:103570004DFD01214DF2145000F048FD82214DF225
:10358000155000F043FD01214DF2165000F03EFDB4
:10359000CA214DF2175000F039FD02214DF21850AA
:1035A00000F034FD00214DF2195000F02FFD0221F2
:1035B0004DF21A5000F02AFD01214DF21B5000F08F
:1035C00025FD02214DF21C5000F020FD34214DF26A
:1035D0001D5000F01BFD02214DF21E5000F016FDA3
:1035E00067214DF21F5000F011FD02214DF22050D5
:1035F00000F00CFD84214DF2215000F007FD022166
:103600004DF2225000F002FDA4214DF2235000F0B3
:10361000FDFC02214DF2245000F0F8FCB7214DF2E0
:10362000255000F0F3FC02214DF2265000F0EEFC94
:10363000CF214DF2275000F0E9FC02214DF2285035
:1036400000F0E4FCDE214DF2295000F0DFFC022105
:103650004DF22A5000F0DAFCF2214DF22B5000F02E
:10366000D5FC02214DF22C5000F0D0FCFE214DF291
:103670002D5000F0CBFC03214DF22E5000F0C6FC83
:1036800010214DF22F5000F0C1FC03214DF23050BB
:1036900000F0BCFC33214DF2315000F0B7FC0321A7
:1036A0004DF2325000F0B2FC6D214DF2335000F07B
:1036B000ADFC00214FF4564000F0A8FC33214DF240
:1036C000016000F0A3FC00214DF2026000F09EFCBE
:1036D00034214DF2036000F099FC00214DF20460AA
:1036E00000F094FC3A214DF2056000F08FFC0021BF
:1036F0004DF2066000F08AFC4A214DF2076000F0AE
:1037000085FC00214DF2086000F080FC5C214DF248
:10371000096000F07BFC00214DF20A6000F076FCAD
:1037200081214DF20B6000F071FC00214DF20C6024
:1037300000F06CFCA6214DF20D6000F067FC00214A
:103740004DF20E6000F062FCE5214DF20F6000F0DA
:103750005DFC01214DF2106000F058FC13214DF288
:10376000116000F053FC01214DF2126000F04EFC9C
:1037700054214DF2136000F049FC01214DF2146018
:1037800000F044FC82214DF2156000F03FFC012165
:103790004DF2166000F03AFCCA214DF2176000F0BD
:1037A00035FC02214DF2186000F030FC00214DF292
:1037B000196000F02BFC02214DF21A6000F026FC8B
:1037C00001214DF21B6000F021FC02214DF21C6032
:1037D00000F01CFC34214DF21D6000F017FC0221AA
:1037E0004DF21E6000F012FC67214DF21F6000F0E8
:1037F0000DFC02214DF2206000F008FC84214DF206
:10380000216000F003FC02214DF2226000F0FEFB7B
:10381000A4214DF2236000F0F9FB02214DF2246057
:1038200000F0F4FBB7214DF2256000F0EFFB022120
:103830004DF2266000F0EAFBCF214DF2276000F048
:10384000E5FB02214DF2286000F0E0FBDE214DF2A5
:10385000296000F0DBFB02214DF22A6000F0D6FB6C
:10386000F2214DF22B6000F0D1FB02214DF22C60D1
:1038700000F0CCFBFE214DF22D6000F0C7FB0321D0
:103880004DF22E6000F0C2FB10214DF22F6000F0CF
:10389000BDFB03214DF2306000F0B8FB33214DF247
:1038A000316000F0B3FB03214DF2326000F0AEFB5B
:1038B0006D214DF2336000F0A9FB55214FF47040AB
:1038C00000F0A4FBAA214FF2010000F09FFB52215F
:1038D0004FF2020000F09AFB08214FF2030000F0C3
:1038E00095FB0021184600F091FBCC214FF43140AC
:1038F00000F08CFB00214BF2011000F087FB05214A
:103900004FF4364000F082FB70214FF4374000F056
:103910007DFB70214BF2017000F078FB01214FF428
:10392000384000F073FB03214BF6010000F06EFB02
:1039300003214BF6020000F069FB03214BF6030064
:1039400000F064FB02214FF43C4000F05FFB0021DB
:103950004BF6014000F05AFB00214BF6024000F00C
:1039600055FBD0214FF4494000F050FB02214CF6AA
:10397000011000F04BFB50214CF6021000F046FB0A
:1039800050214CF6031000F041FB50214CF604107E
:1039900000F03CFB00214FF4545000F037FB552160
:1039A0004FF4685000F032FB4FF4885000F018FBE1
:1039B000782000F0FDFD4FF4245000F011FBB9E039
:1039C0004845FCD1E22000F00BFB1D2000F0FCFA82
:1039D000022000F0F9FA042000F0F6FA642000F06A
:1039E000E7FDE02000F0FCFA012000F0EDFA0A20EB
:1039F00000F0D0FDE02000F0F3FA032000F0E4FA3C
:103A00000C2000F0C7FD012000F0EAFA0A2000F0C7
:103A1000C1FDE62000F0E4FA2F2000F0D5FAFF20E7
:103A200000F0D2FAFF2000F0CFFAB02000F0D8FA70
:103A3000202000F0C9FA002000F0C6FA032000F0B0
:103A4000C3FA40F21F3000F0BFFA012000F0BCFAC8
:103A500040F2DF1000F0B8FA002000F0B5FAB42010
:103A600000F0BEFA042000F0AFFA40F21F4000F070
:103A7000ABFA002000F0A8FA2E2000F0A5FA0020F2
:103A800000F0A2FA002000F09FFA002000F09CFA5B
:103A9000002000F099FAB62000F0A2FA022000F00F
:103AA00093FA4FF4037000F08FFA002000F08CFAC4
:103AB000172000F089FA152000F086FA002000F0A7
:103AC00083FA002000F080FAF02000F089FA032049
:103AD00000F07AFA292000F083FAD02000F080FA72
:103AE000002000F071FABE2000F07AFA052000F004
:103AF0006BFAFE2000F068FA012000F065FA002061
:103B000000F062FA002000F05FFA002000F05CFA9A
:103B1000B82000F065FA032000F056FA012000F00A
:103B200053FABA2000F05CFA012000F04DFA64204C
:103B300000F042F8B888B04207D0A04205D0404516
:103B400003D0A84201D048451DD1DAF81C215146C6
:103B500022F00F02CAF81C21DAF81C2122F470624C
:103B6000CAF81C21DAF81C2142F00302CAF81C2111
:103B7000A042DAF81C0102D140F4407001E040F4A8
:103B80000070C1F81C010020FDF770FC0448012101
:103B9000C0F8BC125846FDF74FFC15B0BDE8F08FD9
:103BA0000080404208B54FF0D840B0F88000ADF832
:103BB0000000BDF8000008BD10B50246BE2000F0B0
:103BC0000FFA052000F000FA104600F00CFE9FED01
:103BD0000C1B53EC112B00F019FE00F0D7FD80B246
:103BE00000F0F2F9012000F0EFF9FF2000F0ECF90D
:103BF000002000F0E9F9BDE81040002000F0E4B931
:103C0000666666666666044070B5664C00232146AB
:103C1000A279898841F66315012A01D01AB11BE007
:103C2000A94202D118E0A94216D1082814D2DFE82F
:103C300000F00406080A0C0E101206200CE0072003
:103C40000AE0042008E0052006E0012004E000204E
:103C500002E0032000E00220082812D2DFE800F092
:103C6000110406080A0C0E1080230AE0402308E025
:103C7000C02306E0202304E0602302E0A02300E04C
:103C8000E02345F21056B14202D14FF4585000E003
:103C90003620A1F51342413A03D0A1F5EE42893A0C
:103CA00001D143F00803194600F0B0F9A288AA42F6
:103CB0000AD098062088618802D5884202D303E0A2
:103CC000884201D9218060806089B24240D100F0F1
:103CD00087F9002000F078F96089401C80B200F07C
:103CE0007FF9002000F070F96089801C80B200F03C
:103CF00077F92088401EC0F30F2000F065F9608935
:103D0000C01C80B200F06CF92078401EC0B200F0F8
:103D10005BF9A08900F064F9002000F055F9A08952
:103D2000401C80B200F05CF9002000F04DF9A08941
:103D3000801C80B200F054F96088401EC0F30F2050
:103D400000F042F9A089C01C80B200F049F921E0DE
:103D500000F046F9002000F037F9002000F034F9B7
:103D60002088401EC0F30F2000F02EF92078401E5E
:103D7000C0B200F029F9A08900F032F9002000F06B
:103D800023F9002000F020F96088401EC0F30F20C6
:103D900000F01AF9A078BDE87040401EC0B200F0F3
:103DA00013B900009C010020F0B53A4D0C460246C4
:103DB000060AA9882846270A4089A1F5C853633B0B
:103DC00016D0A1F5AA43103B4BD000F009F93046BC
:103DD00000F0FAF8D0B200F0F7F8A88900F000F986
:103DE000384600F0F1F8E0B2BDE8F04000F0ECB881
:103DF000A97929B300F0F4F8304600F0E5F8D0B224
:103E000000F0E2F82888401EC0F30F2000F0DCF834
:103E10002878401EC0B200F0D7F8A88900F0E0F87A
:103E2000384600F0D1F8E0B200F0CEF86888401EC5
:103E3000C0F30F2000F0C8F8A878401EC0B2D3E746
:103E40002988891A491E8AB200F0CAF8002000F0B9
:103E5000BBF8002000F0B8F8100A00F0B5F8D0B2B6
:103E6000D9E700F0BDF8304600F0AEF86889401C94
:103E700080B200F0B5F8D0B200F0A6F8A88900F042
:103E8000AFF8384600F0A0F8A889401C80B200F0D6
:103E9000A7F8A8E79C0100202DE9F84F82461F46AD
:103EA0000E468B46580700D0012000EBD70079085A
:103EB00010FB01F0203AC0B202F0FF09002500908B
:103EC00047E00C2F10D0102F12D0182F14D0202F15
:103ED00042D1224901EBC9104FF00008445D200691
:103EE00010D51F48026811E009EB49001D4906E0A2
:103EF0001D4901EB0910EFE71C4909EBC90001EB73
:103F00008000E9E70A9828B91548426831465046CA
:103F1000FDF708FB6006040E1548761CB6B2408813
:103F2000B04219D9A6EB0B00B84209D10AF1010041
:103F30001FFA80FA0E485E46018851450CD906E00A
:103F400008F1010000F0FF08B8F1080FC7D36D1C9D
:103F5000EDB200988542B4D3BDE8F88FEA6100085D
:103F6000180000202A4A00089E4E00088E540008BF
:103F70009C0100202DE9F84F044600F0FF081019BD
:103F80000D46DDE90A761FFA80FA58191FFA80F902
:103F90004FF0000B11E0544502D3E819444685B2B6
:103FA0004D450FD23B4629462046CDF800B0FFF7DD
:103FB00073FF04EB570084B2761C3278A2F1200024
:103FC0005E28E8D9BDE8F88F01B5BDF80000ADF86E
:103FD0000000BDF800004FF0D841A1F8800008BDF6
:103FE00001B5BDF80000ADF80000BDF800004FF0CD
:103FF000D841A1F87E0008BD03484FF0D8410089A0
:10400000A1F87E00704700009C0100204FF0D842CC
:1040100022F87E0F51807047114810B5016886B0B4
:1040200041F02001016000680E4C00F02000059076
:104030004FF4C06000900120019002900320039093
:1040400069462046FCF73EFB012251022046FCF760
:104050001EFC012291022046FCF719FC06B010BD9F
:104060003038024000140240FEE770477047704746
:1040700070B5214C92B00025266846F08056266027
:10408000246804F0805411941C4C266846F4804641
:10409000266024680DF1240C04F48044119401245A
:1040A000009424040194022406948CE80D00660513
:1040B000CDE907616846FCF78FFD00B1FEE70CA96A
:1040C0000F2081E831004FF4A0500F904FF4805042
:1040D000109005210CA8FCF797FC00B1FEE7FCF757
:1040E000DBFB41F20101884204D10548016841F43B
:1040F0008071016012B070BD403802400070004015
:10410000003C0240FCF702BC1048016841F4700119
:1041100001600F48016841F0010101600C4A002173
:104120000832116002680B4B1A400260031D0A4AF4
:104130001A60026822F48022026005480C30016097
:1041400002495806803908607047000088ED00E099
:1041500000380240FFFFF6FE1030002410B5806BDF
:104160000021C185C184FCF769FF10BD0168CA68E0
:1041700022F49072CA6001684A6922F001024A6121
:10418000202180F83A10704710B590F83A10222993
:1041900001D0022010BD8168B1F5805F11D00169A6
:1041A000002901681FD0496801F07F03816A4A1C19
:1041B00082620B70C18D491E0904090CC18518D09B
:1041C0002BE00269816A002A0268526805D0D2B2E7
:1041D0000A80816A491C8162ECE7C2F308020A8006
:1041E000816A891CF7E74A68816A4B1C83620A70FE
:1041F000E0E70168CA6822F02002CA600168CA6864
:1042000022F48072CA6001684A6922F001024A61A0
:10421000202180F83A10FDF739F8002010BD000089
:104220002DE9F041044600680169E26821F440513B
:1042300011430161A1682069E2690143606910438B
:1042400001432068C26849F20C639A430A43C26082
:1042500020684169A26921F4407111434161E0691C
:104260006425B0F5004F974A974920684FF032080F
:104270003FD0884201D090427CD1FCF76DFC00EB2E
:10428000C00101EB001061688900B0FBF1F6FCF79A
:1042900063FC00EBC00101EB001061688900B0FB1A
:1042A000F1F0B0FBF5F06FF01801484306EB800128
:1042B00008EB0110B0FBF5F000F0F006FCF74CFC49
:1042C00000EBC00101EB001061688900B0FBF1F068
:1042D000B0FBF5F006EB0016FCF73EFC00EBC0016E
:1042E00001EB001061688900B0FBF1F7FCF734FCCA
:1042F000D2E0884201D090423DD1FCF72DFC00EB8A
:10430000C00101EB001061684900B0FBF1F0B0FBA7
:10431000F5F00601FCF720FC00EBC00101EB0010FA
:1043200061684900B0FBF1F7FCF716FC00EBC00137
:1043300001EB001061684900B0FBF1F0B0FBF5F053
:104340006FF01801484307EB800108EBC100B0FB98
:10435000F5F000F0F80006EB4006FCF7FDFB00EB83
:10436000C00101EB001061684900B0FBF1F7FCF7F8
:10437000F3FB3CE055E0FCF7DFFB00EBC00101EB99
:10438000001061684900B0FBF1F0B0FBF5F00601E8
:10439000FCF7D2FB00EBC00101EB001061684900A3
:1043A000B0FBF1F7FCF7C8FB00EBC00101EB00101C
:1043B00061684900B0FBF1F0B0FBF5F06FF0180157
:1043C000484307EB800108EBC100B0FBF5F000F0BB
:1043D000F80006EB4006FCF7AFFB00EBC00101EB79
:1043E000001061684900B0FBF1F7FCF7A5FB00EB9A
:1043F000C00101EB001061684900B0FBF1F0B0FBB7
:10440000F5F06FF01801484307EB800108EBC1009D
:10441000B0FBF5F000F00700216830448860BDE88B
:10442000F081FCF789FB00EBC00101EB0010616833
:104430008900B0FBF1F6FCF77FFB00EBC00101EB5C
:10444000001061688900B0FBF1F0B0FBF5F06FF08F
:104450001801484306EB800108EB0110B0FBF5F0B2
:1044600000F0F006FCF768FB00EBC00101EB001068
:1044700061688900B0FBF1F0B0FBF5F006EB0016C7
:10448000FCF75AFB00EBC00101EB001061688900EA
:10449000B0FBF1F7FCF750FB00EBC00101EB0010A3
:1044A00061688900B0FBF1F0B0FBF5F06FF0180126
:1044B000484307EB800108EB0110B0FBF5F000F07A
:1044C0000F00A9E7001401400010014090F83910D6
:1044D000212901D0022070478168B1F5805F016A0F
:1044E0000BD04A1C0262026809785160C18C491ED7
:1044F0000904090CC1840ED017E009880268C1F3D1
:104500000801516001690029016A02D0491C016259
:10451000ECE7891CFBE70168CA6822F08002CA60E8
:104520000068C16841F04001C16000207047000090
:1045300010B50848FCF788FD0648FCF780FD2028E8
:10454000FAD1012204490348FCF776FE0028F8D18D
:1045500010BD00000C01002014000020FEE7090738
:10456000090E002804DB00F1E02080F800147047F9
:1045700000F00F0000F1E02080F8141D7047704734
:1045800010B504460420FCF739FD0148046010BD55
:104590001000002070B5054600244FF47A7603E041
:1045A000304600F005F8641CAC42F9D370BD000041
:1045B00070B54FF0E02500216C69094AAB691268BB
:1045C0005043AA699A42FCD002D2A3EB020302E054
:1045D000A4EB02063344194413468142F1D370BD63
:1045E000100000201CB50024FCF798F907230222D4
:1045F00008214FF4A870FFF73BFDA820FFF7C0FF8C
:104600004FF4E13000F0A6F8FFF706FDFCF77EFE60
:10461000FCF7F0FF40F2DC510520FCF76BFEDFF801
:10462000C0804FF478412FA0C8F800102027CDE9B2
:104630000070062635461023C8220A211E20FFF7E7
:1046400099FC2DA0CDE900704FF4967910234A46CD
:1046500032211E20FFF78EFC2BA0CDE90070102325
:10466000C8225A211E20FFF785FC2BA0CDE900703F
:104670001023C82282211E20FFF77CFC29A0CDE94F
:1046800000701023C822AA211E20FFF773FC2949BD
:104690000120C1F8A4021F21274FC8F800104FF0D5
:1046A00018080020FCF762FE042802D1FCF71CFE6B
:1046B0003546641C642C0ED16D1E00242A461FA1B1
:1046C0001D48FBF74DFECDE9008710234A46D22155
:1046D0001E20FFF74FFC0A20FFF75CFFE1E7000018
:1046E0001800002041706F6C6C6F2053544D3332B2
:1046F00046342F463700000049574447205465731D
:1047000074696E670000000041544F4D40414C49B0
:10471000454E54454B000000323032362F362F3193
:1047200030000000617574686F723A2063687561CB
:104730006E00000000804242240000206977646718
:104740002072657365742074696D652025640D0A97
:10475000000000000B4910B5094AC1E90020002003
:104760008860C860086188610C2048610846FCF7D1
:10477000F3FCBDE81040012203490248FCF75CBD90
:10478000001001400C010020140000204FEA1153DA
:10479000A3F58063D3F11E03A8BFD3F1200C08DB7F
:1047A0004FF0004242EAC12252EA505232FA03F07C
:1047B000704709420BD4102BC4BF0020704703F58B
:1047C000787CBCF1FF3F05D04FF0FF3070474FF0D1
:1047D0000000704770B500F0C3F800BF4992248014
:1047E00000207047F0E7B0FA80F310FA03F10AD026
:1047F000C3F11D0303F580634FEA41504FEA0352B2
:1048000002EBD12170474FF000007047DFF848C13C
:1048100070B51CEA111E1EBF1CEA13159EEA0C0F90
:1048200095EA0C0F00F06F8081EA030423EA4C1331
:104830004EEAD47E21EA4C1141F4801143F48013F6
:10484000AE44A1FB024CA0FB0365AEF17F7E36199E
:1048500055EB0C05A1FB034C4CF10003A0FB021C23
:1048600016EB0C06654153F10003094218BF46F0F0
:10487000010613F4007F0BD14FEA03314FEA0530F4
:10488000340341EA155140EA16506FF003020AE082
:104890004FEAC3214FEAC520F40241EA555140EAEC
:1048A00056506FF0020202EB2E4201EB025585EAF0
:1048B000CE710AD05FEA440C18BF24F0004450F1D6
:1048C000000041F1000120EAD47040F2FE7C624514
:1048D00000D270BDA84214BF4FF080444FF0404456
:1048E000002E08BF0024BEF1806FA8BFA1F1C04117
:1048F000BDE8704080F282804FF0000001F1C041BD
:1049000001F0004170479EEA0C0F0CEA131518BF26
:1049100095EA0C0F06D04FF0000081EA030E0EF06E
:10492000004170BD00F01CF88900013E00F007B89E
:1049300000F009B84FEA430C5FEA5C5C08D081EAFA
:10494000030100F05BB84FEA410C5FEA5C5CF6D112
:104950004FF00000014970470000FF070000F87F9A
:104960000EF1020E2EF0030E5EF8046B364205D4F3
:10497000012A43EB030515F5001F12D8012841EB6E
:10498000010C1CF5001F0CD80ED14FEAD17C15F597
:10499000001F0CEB4C0C0CF1020C08BF4CEBD37C51
:1049A00004E04FF0080C01E04FEAD37C0CEB4C051F
:1049B00026FA05F606F00706B6F1040C06D20EEB51
:1049C000860CBDE870404CF0010C6047DFE80CF04D
:1049D000090B02024FF000414FF00000A1F5002149
:1049E00070BD19461046012851EB010418BFD4F5DB
:1049F000001484BF002001F0004170BD0808A0F53C
:104A000000114FEA310170474FF04070E1EE100A9B
:104A100070470000000000000000010203040607C8
:104A2000080900000000010203040000000000006B
:104A3000000000000000000000003F4000000000F7
:104A4000000000003000400030004000000009007D
:104A50000BC03D000BC03D00090018C024407FE0A2
:104A6000224031800000180024C01B000D8032401D
:104A7000018003801C4027401C800740004010003C
:104A800060000000000000000000000000000000C6
:104A90001F80204040200000402020401F80000058
:104AA0000000090006001F80060009000000040045
:104AB00004003F80040004000000001000600000BB
:104AC00000000000000004000400040004000400D2
:104AD0000000000000400000000000000000002076
:104AE00001C006003800400000001F802040204028
:104AF00020401F800000000010403FC00040000028
:104B0000000018C0214022402440184000001080BE
:104B10002040244024401B80000002000D001100B2
:104B20003FC0014000003C802440244024402380BA
:104B300000001F80244024403440038000003000E7
:104B4000200027C03800200000001B8024402440A3
:104B500024401B8000001C0022C0224022401F80F5
:104B600000000000000008400000000000000000FD
:104B700000000460000000000000000004000A00C3
:104B800011002080404009000900090009000900C7
:104B9000000000004040208011000A0004001800BE
:104BA000200023402400180000001F8020402740E0
:104BB00029401F400000004007C039000F0001C01D
:104BC000004020403FC0244024401B8000001F8044
:104BD0002040204020403080000020403FC0204046
:104BE00020401F80000020403FC024402E4030C0A5
:104BF000000020403FC024402E00300000000F0085
:104C00001080204022403380020020403FC004003A
:104C100004003FC02040204020403FC020402040B2
:104C200000000060202020203FC020002000204005
:104C30003FC024400B0030C0204020403FC02040F7
:104C40000040004000C03FC03C0003C03C003FC0EB
:104C5000000020403FC00C4023003FC020001F80C8
:104C60002040204020401F80000020403FC02440C2
:104C70002400180000001F802140214020E01FA0D8
:104C8000000020403FC02440260019C0004018C04A
:104C900024402440224031800000300020403FC0AA
:104CA00020403000000020003F80004000403F8056
:104CB000200020003E0001C007003800200038001E
:104CC00007C03C0007C038000000204039C0060083
:104CD00039C0204000002000384007C03840200084
:104CE0000000304021C02640384020C000000000B5
:104CF00000007FE0402040200000000070000C0019
:104D00000380004000000000402040207FE00000C1
:104D10000000000020004000200000000000001003
:104D200000100010001000100010000000004000F3
:104D3000000000000000000002800540054003C0A4
:104D4000004020003FC004400440038000000000F9
:104D5000038004400440064000000000038004403B
:104D600024403FC000400000038005400540034050
:104D70000000000004401FC0244024402000000028
:104D800002E0055005500650042020403FC004407A
:104D9000040003C000400000044027C000400000A1
:104DA000000000100010041027E000000000204068
:104DB0003FC00140070004C00440204020403FC0E5
:104DC00000400040000007C0040007C0040003C00A
:104DD0000000044007C00440040003C0004000007D
:104DE00003800440044003800000041007F00450D6
:104DF000044003800000000003800440045007F0DA
:104E00000010044007C0024004000400000000003D
:104E100006400540054004C00000000004001F805B
:104E2000044000400000040007800040044007C028
:104E300000400400070004C00180060004000600D2
:104E400001C0070001C006000000044006C00100C8
:104E500006C0044000000410071004E001800600B2
:104E600004000000044005C00640044000000000AB
:104E7000000004007BE04020000000000000000073
:104E8000FFF000000000000040207BE00400000074
:104E90000000400080004000200020004000000092
:104EA0000000000000000000000000000000000002
:104EB000000000001FCC000C0000000000000000FB
:104EC0000800300060000800300060000000022090
:104ED00003FC1E20022003FC1E2002200000000014
:104EE0000E1811043FFF10840C78000000000F0022
:104EF00010840F3800C0077818840078000000780C
:104F00000F8410C411240E9800E4008400080800E7
:104F100068007000000000000000000000000000B9
:104F20000000000007E01818200440020000000004
:104F300040022004181807E00000000000000240B2
:104F4000024001800FF0018002400240000000801A
:104F5000008000800FF800800080008000000001C9
:104F6000000D000E00000000000000000000000026
:104F700000800080008000800080008000800000B1
:104F8000000C000C00000000000000000000000009
:104F900000060018006001800600180020000000D4
:104FA00007F0080810041004080807F000000000CB
:104FB000080408041FFC00040004000000000000B6
:104FC0000E0C10141024104411840E0C000000006C
:104FD0000C1810041104110412880C700000000059
:104FE00000E00320042408241FFC0024000000002B
:104FF0001F98108411041104108810700000000024
:1050000007F00888110411041888007000000000DF
:105010001C00100010FC13001C0010000000000019
:105020000E3811441084108411440E380000000022
:105030000700088C10441044088807F000000000A6
:1050400000000000030C030C000000000000000042
:105050000000000101060000000000000000000048
:105060000080014002200410080810040000022003
:105070000220022002200220022002200000000064
:105080001004080804100220014000800000000005
:105090000E001200100C106C10800F00000003E0D6
:1050A0000C1813E4142417C4082807D000000004C7
:1050B000003C03C41C40074000E4001C0004100432
:1050C0001FFC1104110411040E880070000003E09D
:1050D0000C1810041004100410081C100000100418
:1050E0001FFC100410041004080807F0000010044E
:1050F0001FFC1104110417C4100408180000100448
:105100001FFC1104110017C010000800000003E08C
:105110000C181004100410441C7800400000100407
:105120001FFC10840080008010841FFC100400000D
:10513000100410041FFC1004100400000000000301
:105140000001100110011FFE1000100000001004EB
:105150001FFC110403801464181C100400001004C8
:105160001FFC1004000400040004000C00001004E4
:105170001FFC1F0000FC1F001FFC10040000100497
:105180001FFC0C04030000E010181FFC100007F0C7
:105190000808100410041004080807F000001004A8
:1051A0001FFC10841080108010800F00000007F09A
:1051B000081810241024101C080A07F2000010041C
:1051C0001FFC1104110011C011300E0C000400006E
:1051D0000E1C11041084108410441C3800001800A8
:1051E000100010041FFC1004100018000000100034
:1051F0001FF810040004000410041FF81000100031
:105200001E0011E0001C007013801C0010001FC065
:10521000103C00E01F0000E0103C1FC00000100424
:10522000180C163401C001C01634180C10041000FC
:105230001C00130400FC13041C00100000000804F0
:10524000101C1064108413041C04101800000000CB
:10525000000000007FFE400240024002000000000B
:1052600030000C0003800060001C00030000000000
:105270004002400240027FFE0000000000000000EB
:10528000000020004000400040002000000000011D
:105290000001000100010001000100010001000007
:1052A000400040002000000000000000000000005E
:1052B0000098012401440144014400FC0004100052
:1052C0001FFC008801040104008800700000000039
:1052D000007000880104010401040088000000003F
:1052E000007000880104010411081FFC0004000084
:1052F00000F8014401440144014400C800000000DA
:10530000010401040FFC1104110411001800000035
:1053100000D601290129012901C901060000100454
:105320001FFC008401000100010400FC00040000D7
:105330000104190419FC000400040000000000002E
:10534000000300010101190119FE00000000100412
:105350001FFC0024004001B4010C01040000000007
:10536000100410041FFC00040004000000000104ED
:1053700001FC0104010001FC0104010000FC010426
:1053800001FC008401000100010400FC0004000095
:1053900000F8010401040104010400F80000010107
:1053A00001FF008501040104008800700000000076
:1053B0000070008801040104010501FF00010104DF
:1053C000010401FC008401040100018000000000D0
:1053D00000CC0124012401240124019800000000D4
:1053E0000100010007F801040104000000000100B1
:1053F00001F8000400040004010801FC000401009D
:1054000001800170000C001001600180010001F0BA
:10541000010C003001C00030010C01F0010000005F
:105420000104018C00740170018C01040000010171
:1054300001810171000E001801600180010000006F
:105440000184010C013401440184010C00000000BE
:1054500000000000000001003EFC4002400200008D
:10546000000000000000FFFF00000000000000003E
:10547000400240023EFC010000000000000000006D
:1054800060008000800040004000200020000000FC
:10549000000000000000000000000000000000000C
:1054A00000000000000000000000000000000000FC
:1054B00000000000000000000000000000000000EC
:1054C000000F80380FFE380F803800000000000009
:1054D00000000000000000000000000001000006C5
:1054E00000000C00003800003100000600000C0035
:1054F0000038000030000000000000000000618063
:105500000067F807F9800061800061800061800019
:1055100061800067F807F9800061800000000000EA
:105520000000000001C0E003E0F0063008041808A5
:105530001FFFFE040E080787F00381E00000000053
:10554000000001F000060C00040408060C7001F9CC
:10555000C0000E00003BE000EC18070808040C181F
:105560000003E00000000001E00007F003F8180469
:105570001C0804170807E1D003C0E00023B0003C7A
:1055800008002008000010000000000000010000DA
:105590003100003200001C0000000000000000008C
:1055A00000000000000000000000000000000000FB
:1055B00000000000000000000000000000007F006C
:1055C00001FFC00780F00C0018100004200002004A
:1055D00000000000002000021000040C00180780EA
:1055E000F001FFC0007F000000000000000000008C
:1055F0000000000000000000000042000066000003
:105600006600003C0000180003FFC0001800003CCA
:105610000000660000660000420000000000080074
:1056200000080000080000080000080001FFC0009A
:105630000800000800000800000800000800000042
:105640000000000100003100003200001C000000DA
:10565000000000000000000000000000000000004A
:10566000000000000000080000080000080000081A
:105670000000080000080000080000080000080002
:1056800000080000000000000000000000003800DA
:10569000003800003800000000000000000000009A
:1056A00000000000000000000000000000000006F4
:1056B00000001C000070000180000E000038000097
:1056C000C0000700001C00003000000000000000C7
:1056D00000007F8001FFE0038070060018040008CE
:1056E00004000806001803807001FFE0007F8000BE
:1056F0000000000000000000010008010008010097
:105700000803FFF807FFF800000800000800000881
:1057100000000000000000000001C03802C0580472
:105720000098040118040218040418061C1803F851
:105730001801E0F800000000000000000001C0E0D7
:1057400003C0F00400080408080408080618080349
:10575000F41801E7F00001E0000000000000000084
:1057600000000300000D000011000061000081082E
:1057700003010807FFF80FFFF80001080001080007
:1057800000000000000000E007FCD006080806103A
:1057900008061008061008061838060FF00607C09D
:1057A000000000000000000000003F8001FFE00357
:1057B00084300208180410080410080410080718A0
:1057C00010030FF00007C000000000000000000000
:1057D00003C0000700000600000600F80607F806F0
:1057E000180006E0000700000600000000000000AE
:1057F0000001E1E003F7F00634100418080418086B
:10580000040C08040C0806161803F3F001C1E000AC
:10581000000000000000F80003FC3003063804021A
:10582000080402080402080404100308F001FFC081
:10583000007F0000000000000000000000000000E9
:105840000000000000007038007038007038000060
:105850000000000000000000000000000000000048
:1058600000000000000000000000301A00301C00A2
:105870000000000000000000000000000000000028
:105880000000000000080000140000220000410099
:105890000080800100400200200400100800080081
:1058A0000000000000002100002100002100002174
:1058B0000000210000210000210000210000210043
:1058C00000210000000000000000000008000804A3
:1058D00000100200200100400080800041000022F2
:1058E0000000140000080000000000000003C000D9
:1058F00004C000040000080038080F380808380801
:1059000010000C300007E00003C0000000000000A1
:1059100000003F8000FFE0038070020F10067088D7
:1059200004C088048308047F8802C090030120001B
:10593000FE400000080000180001F8003E0801C207
:105940000007020007E20000FE00001FC80001F887
:1059500000003800000804000807FFF807FFF804FB
:10596000080804080804080804080806180803F4CE
:105970001801E7F00001E0000000000000003F8097
:1059800001FFE0038070020018040008040008040E
:1059900000080400100600200780C000000004007A
:1059A0000807FFF807FFF8040008040008040008CF
:1059B00004001802001003807001FFE0007F8000E7
:1059C000000004000807FFF807FFF80408080408AF
:1059D00008040808040808043E0804000806001823
:1059E00001006000000004000807FFF807FFF8044A
:1059F0000808040800040800040800043E0006002B
:105A000000060000018000000000000000003F8050
:105A100001FFE00380700600180400080402080477
:105A200002080203F00783F00002000002000400F5
:105A30000807FFF807FFF80408080008000008003E
:105A400000080000080004080807FFF807FFF80432
:105A50000008000000000000040008040008040022
:105A60000807FFF807FFF80400080400080400080E
:105A70000000000000000000000000060000070019
:105A8000000104000104000104000307FFFE07FFFA
:105A9000FC04000004000004000004000807FFF8F4
:105AA00007FFF8040C08001800003E0004C780053A
:105AB00003C80600F80400380400180000080400B9
:105AC0000807FFF807FFF8040008000008000008B6
:105AD0000000080000080000080000180000600036
:105AE000000004000807FFF807800807FC00007F9B
:105AF000C00003F80007C000780007800807FFF81F
:105B000007FFF804000804000807FFF8070008036F
:105B1000C00000E000003800001E00000700000187
:105B2000C00400F007FFF8040000000000007F80C0
:105B300001FFE00380700600180400080400080656
:105B4000001803003001FFE0007F80000000040027
:105B50000807FFF807FFF804040804040004040021
:105B6000040400040400060C0003F80001F0000027
:105B70000000000000007F8001FFE003807006004D
:105B8000880400880400C806003C03003E01FFE6CC
:105B9000007F8400000004000807FFF807FFF804F6
:105BA0000808040800040C00040F00040BC00610D1
:105BB000F003F03801E00800000800000001E0F800
:105BC00003F030063010041808041808040C080408
:105BD0000C080206180207F00781E00000000180AF
:105BE0000006000004000004000004000807FFF89D
:105BF00007FFF8040008040000040000060000018C
:105C0000800004000007FFE007FFF0040018000018
:105C10000800000800000800000800000804001048
:105C200007FFE004000004000006000007E0000792
:105C3000FE00041FE00001F80000380001E0043E0F
:105C40000007C00006000004000004000007E00098
:105C500007FFC0041FF80007C007F80007FF800413
:105C60003FF80007C004F80007000004000000002F
:105C70000004000806001807C07805F1C8003E00BF
:105C8000001F800463E80780F8060018040008007D
:105C9000000004000006000007800007E008047C04
:105CA00008001FF80007F800180804E008070000C3
:105CB000060000040000000000010008060038048F
:105CC00000F80403E8040F08047C0805F00807C086
:105CD0000807001804006000000000000000000039
:105CE0000000000000000000003FFFFE2000022036
:105CF000000220000220000220000200000000003C
:105D00000000000008000007000000C0000038008C
:105D10000006000001C000003000000E000001007D
:105D2000000000000000000020000220000220000F
:105D3000022000022000023FFFFE000000000000E1
:105D4000000000000000000000000000000000084B
:105D500000001000003000002000003000001000A3
:105D60000008000000000000000000000100000129
:105D7000000001000001000001000001000001001E
:105D8000000100000100000100000100000100000E
:105D900000000000000000200000200000100000B3
:105DA00010000000000000000000000000000000E3
:105DB00000000000000000F00019F8001B1800228D
:105DC00008002608002408002410003FF8001FF8EF
:105DD00000000800001800000004000007FFF80F92
:105DE000FFF00018180010080020080020080030FC
:105DF00018001FF0000FC00000000000000007C0E6
:105E0000001FF000183000200800200800200800C3
:105E10003C08001C100000600000000000000000B2
:105E2000000007C0001FF0003818002008002008FC
:105E300000200804101007FFF80FFFF0000010000A
:105E400000000000000000000007C0001FF000126A
:105E500030002218002208002208003208001E101C
:105E6000000E2000000000000000200000200800BC
:105E7000200801FFF803FFF806200804200804208A
:105E80000807200003000000000000000000000ED2
:105E9000000E6E001FF30031B10020B10020B100F0
:105EA0003191001F13002E1E00200E003000000054
:105EB0000004000807FFF80FFFF80010080020009A
:105EC000002000002008003FF8001FF80000080034
:105ED0000000000000000000002008002008002052
:105EE00008063FF8063FF800000800000800000818
:105EF000000000000000000000000000000003009F
:105F00000003002001002001002003063FFE063FA1
:105F1000FC00000000000000000000000004000879
:105F200007FFF80FFFF8000188000300002FC000F2
:105F300038F80020380020080000080000000000A9
:105F40000000000004000804000804000807FFF82F
:105F50000FFFF80000080000080000080000000023
:105F60000000002008003FF8003FF8001008002063
:105F700000003FF8003FF8001008002000003FF844
:105F8000003FF8000008000000002008003FF80073
:105F90003FF8001008001000002000002008003F1B
:105FA000F8001FF80000080000000000000007C013
:105FB000000FF00018300030080020080020080012
:105FC0003008001830000FF00007C000000000008B
:105FD00000002001003FFF003FFF001011002009DA
:105FE000002008002008003038001FF0000FC0001B
:105FF00000000000000007C0001FF000381800205B
:1060000008002008002009001011001FFF003FFFBA
:106010000000010000000020080020080020080007
:106020003FF8003FF8000808001008002008002092
:106030000000300000300000000000000000000000
:10604000000C78001E180033080023080021080007
:1060500021880021980030F0003860000000000026
:106060000000200000200000200000FFF003FFF8E7
:106070000020080020080020080000300000000078
:106080000000000000002000003FF0007FF800004A
:1060900018000008000008002010003FF8007FF002
:1060A0000000100000000000000020000030000090
:1060B0003C00003F800023F00000780000700023C7
:1060C00080003C00003000002000002000003C0068
:1060D000003FE00023F80000E0002700003E000041
:1060E0003FE00021F80001E0003E00002000000039
:1060F00000002008002008003838003E6800278093
:106100000003C8002CF800383800201800200800D0
:106110000000000000002000003003003C01003FB0
:10612000830023EC000070002380003C000020006E
:1061300000200000000000000000000000380800FF
:1061400020380020F80023E8002F88003E0800389F
:10615000080020180000700000000000000000008F
:106160000000000000000000000008000014001FF4
:10617000F7FC3000062000020000000000000000D4
:10618000000000000000000000000000000000000F
:10619000FFFFFF0000000000000000000000000002
:1061A00000000000000000002000023000061FF781
:1061B000FC001400000800000000000000000000C7
:1061C0000000000000000000001800006000004017
:1061D0000000400000200000100000080000040043
:1061E000000400000C00001000000000000000008F
:1061F000000000000000000000000000000000009F
:10620000000000000000000000000000000000008E
:10621000000000000000000000000000000000007E
:10622000000000000000000000000000000000006E
:10623000000000000000000000000000000000005E
:10624000000000000000000000000000000000004E
:10625000000000000000000000000000000000003E
:10626000000000000000000000000000000000002E
:10627000000000000000000000000000000000001E
:10628000000007F000C007FFE1E007F001E00000B8
:1062900000C000000000000000000000000000003E
:1062A00000000000000000000000000000000000EE
:1062B00000000000000000000000000000000000DE
:1062C00000000000000000000000000000000000CE
:1062D00000000000000000000000000000000000BE
:1062E00000000000000000000000000000000000AE
:1062F00000000020000001C00000078000001F0017
:1063000000001E0000001C20000001C000000780EB
:1063100000001F0000001E0000001C000000000024
:10632000000000000000000000000000000000006D
:10633000000000000000000000000000000000005D
:10634000000000000000000000000000000000004D
:10635000000000000000000000000000000000003D
:106360000000000000000000000000000000001815
:106370000C0000180C0000180FE0001FFC0003F8D0
:106380000C0000180C0000180C0000180C0000187D
:106390000C0000180FE0001FFC0003F80C000018B0
:1063A0000C0000180C0000000000000000000000BD
:1063B00000000000000000000000000000000000DD
:1063C00000000000000000000000000000000000CD
:1063D00000000000000000000000000000000000BD
:1063E00000000000000000000000000000000000AD
:1063F000000000000780007807C000FC0640010E86
:10640000002003070020020380200FFFFFFC020191
:10641000C0200200E0600130704001F03F8000F0D9
:106420001F0000000000000000000000000000004D
:10643000000000000000000000000000000000005C
:10644000000000000000000000000000000000004C
:10645000000000000000000000000000000000003C
:106460000000000000000000000000FE000001FF2E
:1064700000000301800002008060030181C001FF71
:10648000070000FE18000000E0000003BF00000C41
:10649000FFC00071806001C1002003018060000026
:1064A000FFC000003F0000000000000000000000EE
:1064B00000000000000000000000000000000000DC
:1064C00000000000000000000000000000000000CC
:1064D00000000000000000000000000000000000BC
:1064E0000000000000000000000000001F0000008D
:1064F0007FC000FCC0C001FF80600303E0200202F7
:10650000782002061E2003FC074001F003800001F2
:1065100003C000011C600001E02000010020000118
:1065200000400000018000000000000000000000AA
:10653000000000000000000000000000000000005B
:10654000000000000000000000000000000000004B
:10655000000000000000000000000000000000003B
:10656000000000000000000000000000000000200B
:1065700000001C6000001C4000001F8000000F0095
:10658000000000000000000000000000000000000B
:1065900000000000000000000000000000000000FB
:1065A00000000000000000000000000000000000EB
:1065B00000000000000000000000000000000000DB
:1065C00000000000000000000000000000000000CB
:1065D00000000000000000000000000000000000BB
:1065E00000000000000000000000000000000000AB
:1065F000000000000000000000000000000000009B
:106600000000000000000007F800003FFF000078D5
:1066100007C001C000E003000030040000080800CB
:106620000004100000020000000000000000000054
:10663000000000000000000000000000000000005A
:10664000000000000000000000000000000000004A
:10665000000000000000000000000000000000003A
:10666000000000000000000000000000000010001A
:10667000000208000004040000080300003001C00C
:1066800000E0007807C0003FFF000007F8000000AE
:1066900000000000000000000000000000000000FA
:1066A00000000000000000000000000000000000EA
:1066B00000000000000000000000000000000000DA
:1066C00000000000000000000000000000000000CA
:1066D00000000000000000000000000000000000BA
:1066E00000000000000000000000000000000000AA
:1066F0000000000C1800000E3800000E38000006E4
:106700003000000360000061438000FFFF800061F3
:1067100043000003600000063000000E3800000E49
:106720003800000C1800000000000000000000000D
:106730000000000000000000000000000000000059
:106740000000000000000000000000000000000049
:106750000000000000000000000000000000000039
:106760000000000000000000000000000000000029
:106770000000000080000000800000008000000099
:1067800080000000800000008000007FFF0000000B
:1067900080000000800000008000000080000000F9
:1067A00080000000800000000000000000000000E9
:1067B00000000000000000000000000000000000D9
:1067C00000000000000000000000000000000000C9
:1067D00000000000000000000000000000000000B9
:1067E00000000000000000000000000000000000A9
:1067F0000001000000E3000000E2000000FC0000D7
:106800000078000000000000000000000000000010
:106810000000000000000000000000000000000078
:106820000000000000000000000000000000000068
:106830000000000000000000000000000000000058
:106840000000000000000000000000000000000048
:106850000000000000000000000000000000000038
:106860000000000000000000000000000000000028
:106870008000000080000000800000008000000018
:106880008000000080000000800000008000000008
:1068900080000000800000008000000080000000F8
:1068A00080000000800000000000000000000000E8
:1068B00000000000000000000000000000000000D8
:1068C00000000000000000000000000000000000C8
:1068D00000000000000000000000000000000000B8
:1068E00000000000000000000000000000000000A8
:1068F0000000000000C0000001E0000001E0000016
:1069000000C00000000000000000000000000000C7
:106910000000000000000000000000000000000077
:106920000000000000000000000000000000000067
:106930000000000000000000000000000000000057
:106940000000000000000000000000000000000047
:106950000000000000000000000000000000000037
:106960000000000000000000000000000000000027
:10697000000C00000038000000E000000380000070
:106980000E00000038000000E00000038000000E50
:1069900000000038000000E00000038000000E004E
:1069A00000001800000000000000000000000000CF
:1069B00000000000000000000000000000000000D7
:1069C00000000000000000000000000000000000C7
:1069D00000000000000000000000000000000000B7
:1069E00000000000000000000000000000000000A7
:1069F0000000000FF800007FFF0000F0078001801A
:106A000000C003000060020000200200002002001D
:106A1000002003000060018000C000E00380007FD0
:106A2000FF00000FF8000000000000000000000060
:106A30000000000000000000000000000000000056
:106A40000000000000000000000000000000000046
:106A50000000000000000000000000000000000036
:106A60000000000000000000000000000000000026
:106A70000000000000000080002000800020008056
:106A800000200080006001FFFFE003FFFFE0000046
:106A90000060000000200000002000000020000036
:106AA00000000000000000000000000000000000E6
:106AB00000000000000000000000000000000000D6
:106AC00000000000000000000000000000000000C6
:106AD00000000000000000000000000000000000B6
:106AE00000000000000000000000000000000000A6
:106AF0000000007800E000980160010002600200E0
:106B000004600200086002001060020020600200C1
:106B10004060030080600183006001FE00E0007CB3
:106B200007800000000000000000000000000000DE
:106B30000000000000000000000000000000000055
:106B40000000000000000000000000000000000045
:106B50000000000000000000000000000000000035
:106B60000000000000000000000000000000000025
:106B7000000000F0078001F007C0010000400200A3
:106B80000020020100200201002002010020030376
:106B900080200186804001FCC0C000787F8000001A
:106BA0001E000000000000000000000000000000C7
:106BB00000000000000000000000000000000000D5
:106BC00000000000000000000000000000000000C5
:106BD00000000000000000000000000000000000B5
:106BE00000000000000000000000000000000000A5
:106BF000080000003800000048000001880000067E
:106C00000800000C0810003008100040081001FFB8
:106C1000FFF003FFFFF003FFFFF00000081000008B
:106C20000810000008100000000000000000000034
:106C30000000000000000000000000000000000054
:106C40000000000000000000000000000000000044
:106C50000000000000000000000000000000000034
:106C60000000000000000000000000000000000024
:106C7000000000000780001F864003E1002003029F
:106C80000020030400200304002003040020030468
:106C9000002003060040030301C00301FF8003003E
:106CA0007E00000000000000000000000000000066
:106CB00000000000000000000000000000000000D4
:106CC00000000000000000000000000000000000C4
:106CD00000000000000000000000000000000000B4
:106CE00000000000000000000000000000000000A4
:106CF00000000007FC00003FFF000070C38000811F
:106D000080C0010100600302002002020020020294
:106D10000020020200200203004001C180C000C028
:106D2000FF8000007E000000000000000000000066
:106D30000000000000000000000000000000000053
:106D40000000000000000000000000000000000043
:106D50000000000000000000000000000000000033
:106D60000000000000000000000000000000000023
:106D7000000000F0000003C00000038000000300DA
:106D80000000030007E003003FE00301C00003062A
:106D900000000318000003600000038000000300EF
:106DA00000000000000000000000000000000000E3
:106DB00000000000000000000000000000000000D3
:106DC00000000000000000000000000000000000C3
:106DD00000000000000000000000000000000000B3
:106DE00000000000000000000000000000000000A3
:106DF0001F0000783F8000FC60C0018EC040030788
:106E00008020020300200201802002018020020174
:106E1000C0200301E040018670C000FC3F80007884
:106E20001F00000000000000000000000000000043
:106E30000000000000000000000000000000000052
:106E40000000000000000000000000000000000042
:106E50000000000000000000000000000000000032
:106E60000000000000000000000000000000003FE3
:106E7000000000FF81C001C0C1C00100602002000D
:106E800020200200202002002020020020600200BA
:106E900040C00100C18000C18F00007FFE00001FC4
:106EA000F0000000000000000000000000000000F2
:106EB00000000000000000000000000000000000D2
:106EC00000000000000000000000000000000000C2
:106ED00000000000000000000000000000000000B2
:106EE00000000000000000000000000000000000A2
:106EF0000000000000000000000000000000000092
:106F00000000000300C0000781E0000781E00003EB
:106F100000C00000000000000000000000000000B1
:106F20000000000000000000000000000000000061
:106F30000000000000000000000000000000000051
:106F40000000000000000000000000000000000041
:106F50000000000000000000000000000000000031
:106F60000000000000000000000000000000000021
:106F70000000000000000000000000000000000011
:106F80000000000600660006007800000000000017
:106F900000000000000000000000000000000000F1
:106FA00000000000000000000000000000000000E1
:106FB00000000000000000000000000000000000D1
:106FC00000000000000000000000000000000000C1
:106FD00000000000000000000000000000000000B1
:106FE00000000000000000000000000000000000A1
:106FF0000000000080000001C000000360000006E7
:107000003000000C180000180C0000300600006072
:10701000030000C0018001000040020000200400C5
:107020000010000000000000000000000000000050
:107030000000000000000000000000000000000050
:107040000000000000000000000000000000000040
:107050000000000000000000000000000000000030
:10706000000000000000000000000000000000041C
:1070700010000004100000041000000410000004C0
:1070800010000004100000041000000410000004B0
:1070900010000004100000041000000410000004A0
:1070A00010000004100000000000000000000000BC
:1070B00000000000000000000000000000000000D0
:1070C00000000000000000000000000000000000C0
:1070D00000000000000000000000000000000000B0
:1070E00000000000000000000000000000000000A0
:1070F000000004000010020000200100004000C059
:107100000180006003000030060000180C00000C35
:10711000180000063000000360000001C0000000FD
:1071200080000000000000000000000000000000DF
:10713000000000000000000000000000000000004F
:10714000000000000000000000000000000000003F
:10715000000000000000000000000000000000002F
:10716000000000000000000000000000000000001F
:1071700000000078000001F8000002380000020062
:107180000000040000C0040079E0040081E0040174
:1071900000C004030000020200000306000001FC1E
:1071A000000000F8000000000000000000000000E7
:1071B00000000000000000000000000000000000CF
:1071C00000000000000000000000000000000000BF
:1071D00000000000000000000000000000000000AF
:1071E0000000000000000000000000000000000F90
:1071F000F800003FFE000070078000C000C00101E1
:10720000F8400307FC20021E042002300820022060
:107210003020023FFC20013F044001800CC000E010
:107220003180001FC20000000000000000000000CC
:10723000000000000000000000000000000000004E
:10724000000000000000000000000000000000003E
:10725000000000000000000000000000000000002E
:1072600000000000000000000000000000200000FE
:107270000060000003E000003E200003E020003E2C
:10728000200003E020000380200007FC2000003FD6
:10729000E0000003FE2000003FE0000001E00000ED
:1072A000002000000020000000000000000000009E
:1072B00000000000000000000000000000000000CE
:1072C00000000000000000000000000000000000BE
:1072D00000000000000000000000000000000000AE
:1072E000000000000000000000000000000002009C
:1072F00000200200002003FFFFE003FFFFE0020187
:1073000000200201002002010020020100200201F1
:107310000020030300200186806001FCC0C000F84B
:107320007F8000001F00000000000000000000003F
:10733000000000000000000000000000000000004D
:10734000000000000000000000000000000000003D
:10735000000000000000000000000000000000002D
:107360000000000000000000000000000000000716
:10737000F800003FFF000070078000C000C001005F
:107380000040030000200200002002000020020054
:1073900000200200002001000040018000C003C066
:1073A0000180003006000000000000000000000026
:1073B00000000000000000000000000000000000CD
:1073C00000000000000000000000000000000000BD
:1073D00000000000000000000000000000000000AD
:1073E000000000000000000000000000000002009B
:1073F00000200200002003FFFFE003FFFFE0020087
:1074000000200200002002000020020000200300F3
:10741000006001000040018000C000F00780007F94
:10742000FE00000FF8000000000000000000000057
:10743000000000000000000000000000000000004C
:10744000000000000000000000000000000000003C
:10745000000000000000000000000000000000002C
:10746000000000000000000000000000000002001A
:1074700000200200002003FFFFE003FFFFE0020105
:107480000020020100200201002002010020020170
:10749000002002038020020FE0200300006003C0F0
:1074A00000E0006003000000000000000000000099
:1074B00000000000000000000000000000000000CC
:1074C00000000000000000000000000000000000BC
:1074D00000000000000000000000000000000000AC
:1074E000000000000000000000000000000002009A
:1074F00000200200002003FFFFE003FFFFE0020185
:10750000002002010020020100000201000002012F
:1075100000000201000002038000030FE0000300EE
:10752000000003C000000060000000000000000038
:10753000000000000000000000000000000000004B
:10754000000000000000000000000000000000003B
:10755000000000000000000000000000000000002B
:107560000000000000000000000000000000000714
:10757000F800003FFE000070078001C001C001005C
:107580000040030000200200002002000020020052
:107590000020010020200100204003C03F80003077
:1075A0003F800000200000002000000000000000DC
:1075B00000000000000000000000000000000000CB
:1075C00000000000000000000000000000000000BB
:1075D00000000000000000000000000000000000AB
:1075E0000000000000000000000002000020020077
:1075F000002003FFFFE003FFFFE002008020020005
:107600008020000080000000800000008000020058
:1076100080200200802003FFFFE003FFFFE0020064
:107620000020020000200000000000000000000018
:10763000000000000000000000000000000000004A
:10764000000000000000000000000000000000003A
:10765000000000000000000000000000000000002A
:10766000000000000000000000000000000000001A
:1076700000000000000002000020020000200200C4
:1076800000200200002003FFFFE003FFFFE00200F4
:107690000020020000200200002002000020000064
:1076A00000000000000000000000000000000000DA
:1076B00000000000000000000000000000000000CA
:1076C00000000000000000000000000000000000BA
:1076D00000000000000000000000000000000000AA
:1076E000000000000000000000000000000000009A
:1076F000000E0000000F0000000F0000000102005B
:10770000000102000001020000030200000603FF66
:10771000FFFC03FFFFF8020000000200000002006F
:107720000000020000000000000000000000000057
:107730000000000000000000000000000000000049
:107740000000000000000000000000000000000039
:107750000000000000000000000000000000000029
:107760000000000000000000000000000000020017
:1077700000200200002003FFFFE003FFFFE0020003
:10778000C0200201002000078000000FE000003050
:10779000F80002603E2003800F20030003E0020097
:1077A00000E00200002000000020000000000000B7
:1077B00000000000000000000000000000000000C9
:1077C00000000000000000000000000000000000B9
:1077D00000000000000000000000000000000000A9
:1077E0000000000000000000000000000000020097
:1077F00000200200002003FFFFE003FFFFE0020083
:1078000000200200002000000020000000200000F6
:1078100000200000002000000020000000600000A8
:1078200000E0000003000000000000000000000075
:107830000000000000000000000000000000000048
:107840000000000000000000000000000000000038
:107850000000000000000000000000000000000028
:1078600000000000000000000000020000200200F4
:10787000002003FFFFE003E0002003FF0020001FC3
:10788000F0000001FF8000000FE000001E00000378
:10789000E000003E002003E0002003FFFFE003FFC4
:1078A000FFE00200002002000020000000000000B5
:1078B00000000000000000000000000000000000C8
:1078C00000000000000000000000000000000000B8
:1078D00000000000000000000000000000000000A8
:1078E0000000000000000000000002000020020074
:1078F000002003FFFFE00380002003F0002000FCD5
:107900000000001F00000007C0000001F0000000A0
:107910007C0002001F80020007E003FFFFE002007E
:107920000000020000000000000000000000000055
:107930000000000000000000000000000000000047
:107940000000000000000000000000000000000037
:107950000000000000000000000000000000000027
:107960000000000000000000000000000000000F08
:10797000F800003FFE0000F00780018000C0010019
:10798000004002000020020000200200002002004F
:10799000002001000040018000C000F00380003F93
:1079A000FE00000FF80000000000000000000000D2
:1079B00000000000000000000000000000000000C7
:1079C00000000000000000000000000000000000B7
:1079D00000000000000000000000000000000000A7
:1079E0000000000000000000000000000000020095
:1079F00000200200002003FFFFE003FFFFE0020081
:107A0000802002008020020080000200800002002E
:107A1000800002008000030180000183000000FE5E
:107A20000000007C000000000000000000000000DA
:107A30000000000000000000000000000000000046
:107A40000000000000000000000000000000000036
:107A50000000000000000000000000000000000026
:107A60000000000000000000000000000000000F07
:107A7000F800007FFF0000F00380018001C00100DA
:107A8000064002000420020004200200062002003A
:107A900003E0010000F80180005C00E0038C003F7F
:107AA000FF0C000FFC1800000000000000000000A8
:107AB00000000000000000000000000000000000C6
:107AC00000000000000000000000000000000000B6
:107AD00000000000000000000000000000000000A6
:107AE0000000000000000000000000000000020094
:107AF00000200200002003FFFFE003FFFFE002017F
:107B0000002002010020020180000201E0000201C9
:107B1000FC0003033F80018607E001FC00E000F861
:107B20000020000000200000000000000000000015
:107B30000000000000000000000000000000000045
:107B40000000000000000000000000000000000035
:107B50000000000000000000000000000000000025
:107B60000000000000000000000000000000000015
:107B700000000078060000FE01E0018600C003035B
:107B80000040020300200201802002018020020147
:107B9000C0200200C0200100E060018070C003E04E
:107BA0003F8000001F0000000000000000000000F7
:107BB00000000000000000000000000000000000C5
:107BC00000000000000000000000000000000000B5
:107BD00000000000000000000000000000000000A5
:107BE0000000000000000000000000000000006035
:107BF00000000380000003000000020000000200FB
:107C000000200200002003FFFFE003FFFFE002006E
:107C1000002002000020020000000200000003809B
:107C2000000000E000000000000000000000000074
:107C30000000000000000000000000000000000044
:107C40000000000000000000000000000000000034
:107C50000000000000000000000000000000000024
:107C60000000000000000000000002000000020010
:107C7000000003FFFF0003FFFFC0020000400200FE
:107C80000060000000200000002000000020000034
:107C90000020020000400200008003FFFF000200FD
:107CA00000000200000000000000000000000000D2
:107CB00000000000000000000000000000000000C4
:107CC00000000000000000000000000000000000B4
:107CD00000000000000000000000000000000000A4
:107CE0000000000000000000000000000000020092
:107CF00000000200000003C0000003FC0000023F7F
:107D0000C0000003F80000007F80000007E00000D2
:107D10000780000078000203C000023C000003C09E
:107D2000000002000000020000000000000000004F
:107D30000000000000000000000000000000000043
:107D40000000000000000000000000000000000033
:107D50000000000000000000000000000000000023
:107D6000000000000000000000000200000003C04E
:107D7000000003FF8000023FFE0002007FE00000E1
:107D80000F000200F00003EF000003FF8000020F6D
:107D9000FE0000003FE000001F000207E00003F8C3
:107DA00000000300000002000000000000000000CE
:107DB00000000000000000000000000000000000C3
:107DC00000000000000000000000000000000000B3
:107DD00000000000000000000000000000000000A3
:107DE0000000000000000000000000000000020091
:107DF000002002000020038000E003F0032002FCCA
:107E00000C20021F30000007C0000007F00002181D
:107E10007C0002601F20038003E0020000E00200FB
:107E20000020000000200000000000000000000012
:107E30000000000000000000000000000000000042
:107E40000000000000000000000000000000000032
:107E50000000000000000000000000000000000022
:107E60000000000000000000000000000000020010
:107E700000000300000003C0000003F80000023E01
:107E80000020020FC0200001FFE000007FE000039F
:107E90008020021C0020027000000380000002000D
:107EA00000000200000000000000000000000000D0
:107EB00000000000000000000000000000000000C2
:107EC00000000000000000000000000000000000B2
:107ED00000000000000000000000000000000000A2
:107EE0000000000000000000000000000000000092
:107EF0000020006000E0038003E003000FA0020008
:107F00003E200200F8200203E020020F8020023E03
:107F100000200278002003E00060038000E00200FF
:107F2000030000000000000000000000000000004E
:107F30000000000000000000000000000000000041
:107F40000000000000000000000000000000000031
:107F50000000000000000000000000000000000021
:107F60000000000000000000000000000000000011
:107F70000000000000000000000000000000000001
:107F800000001FFFFFFC10000004100000041000A0
:107F90000004100000041000000410000004100091
:107FA00000040000000000000000000000000000CD
:107FB00000000000000000000000000000000000C1
:107FC00000000000000000000000000000000000B1
:107FD00000000000000000000000000000000000A1
:107FE0000000000000000000000000000000000091
:107FF0000000000000000700000003C0000000783F
:108000000000001E00000003C0000000F00000009F
:108010001E0000000780000000F00000003C00008F
:10802000000600000000000000000000000000004A
:108030000000000000000000000000000000000040
:108040000000000000000000000000000000000030
:108050000000000000000000000000000000000020
:108060000000000000000000000000000000000010
:1080700000001000000410000004100000041000B4
:1080800000041000000410000004100000041FFF92
:10809000FFFC0000000000000000000000000000E5
:1080A00000000000000000000000000000000000D0
:1080B00000000000000000000000000000000000C0
:1080C00000000000000000000000000000000000B0
:1080D00000000000000000000000000000000000A0
:1080E0000000000000000000000000000000000090
:1080F000000000000000000000000200000004007A
:108100000000080000001800000010000000180027
:108110000000180000000400000002000000000041
:10812000000000000000000000000000000000004F
:10813000000000000000000000000000000000003F
:10814000000000000000000000000000000000002F
:10815000000000000000000000000000000000001F
:10816000000000000000000000000000000100000E
:1081700000010000000100000001000000010000FB
:1081800000010000000100000001000000010000EB
:1081900000010000000100000001000000010000DB
:1081A00000010000000100000001000000000000CC
:1081B00000000000000000000000000000000000BF
:1081C00000000000000000000000000000000000AF
:1081D000000000000000000000000000000000009F
:1081E000000000000000000000000000000000008F
:1081F000000000000000100000001000000010004F
:10820000000018000000080000000400000000004A
:10821000000000000000000000000000000000005E
:10822000000000000000000000000000000000004E
:10823000000000000000000000000000000000003E
:10824000000000000000000000000000000000002E
:10825000000000000000000000000000000000001E
:10826000000000000000000000000000000000000E
:10827000038000018FC000038C60000618200004FA
:1082800010200004102000042020000420400006DC
:1082900020400003FFC00001FFE0000000200000BC
:1082A0000020000000C000000000000000000000EE
:1082B00000000000000000000000000000000000BE
:1082C00000000000000000000000000000000000AE
:1082D000000000000000000000000000000000009E
:1082E000000000000000000000000000000002008C
:1082F00000000200000003FFFFE007FFFFC00001D5
:1083000080C0000200600002002000040020000481
:1083100000200004002000060040000300C000010F
:10832000FF800000FE0000000000000000000000D0
:10833000000000000000000000000000000000003D
:10834000000000000000000000000000000000002D
:10835000000000000000000000000000000000001D
:10836000000000000000000000000000000000000D
:10837000000000007E000001FF80000381C00002B9
:10838000004000060020000400200004002000043B
:108390000020000600200003C0400001C080000053
:1083A00003000000000000000000000000000000CA
:1083B00000000000000000000000000000000000BD
:1083C00000000000000000000000000000000000AD
:1083D000000000000000000000000000000000009D
:1083E000000000000000000000000000000000008D
:1083F000000000007E000001FF80000380C0000636
:10840000006000040020000400200004002002049A
:1084100000400202008003FFFFE007FFFFC00000F2
:1084200000400000004000000000000000000000CC
:10843000000000000000000000000000000000003C
:10844000000000000000000000000000000000002C
:10845000000000000000000000000000000000001C
:10846000000000000000000000000000000000000C
:10847000000000007E000001FF80000311C0000228
:1084800010400004106000041020000410200004BC
:10849000102000061020000310400001F0C0000072
:1084A000710000000000000000000000000000005B
:1084B00000000000000000000000000000000000BC
:1084C00000000000000000000000000000000000AC
:1084D000000000000000000000000000000000009C
:1084E000000000000000000000000000000000008C
:1084F000000000040000000400200004002000042C
:108500000020007FFFE001FFFFE0010400200304E2
:1085100000200204002002040020020400000200E7
:10852000000001C0000001C00000000000000000C9
:10853000000000000000000000000000000000003B
:10854000000000000000000000000000000000002B
:10855000000000000000000000000000000000001B
:10856000000000000000000000000000000000000B
:1085700000000000001C0000E33E0003FFC20002F8
:108580000CC3000404C1000404C1000404C10004BD
:1085900004C100060CC10003F8C30005F062000628
:1085A000007E0006003C000000000000000000000B
:1085B00000000000000000000000000000000000BB
:1085C00000000000000000000000000000000000AB
:1085D000000000000000000000000000000000009B
:1085E0000000000000000000000000000000020089
:1085F00000200200002003FFFFE007FFFFE0000172
:10860000002000020020000600000004000000041A
:10861000000000040020000600200003FFE000012D
:10862000FFE000000020000000200000000000002B
:10863000000000000000000000000000000000003A
:10864000000000000000000000000000000000002A
:10865000000000000000000000000000000000001A
:10866000000000000000000000000000000000000A
:1086700000000000000000040020000400200004AE
:108680000020000400200387FFE0038FFFE0038049
:10869000002000000020000000200000002000005A
:1086A00000000000000000000000000000000000CA
:1086B00000000000000000000000000000000000BA
:1086C00000000000000000000000000000000000AA
:1086D000000000000000000000000000000000009A
:1086E000000000000000000000000000000000008A
:1086F000000000000000000000060000000700006D
:108700000001000000010004000100040001000459
:108710000003000400060387FFFC038FFFF80380BB
:108720000000000000000000000000000000000049
:108730000000000000000000000000000000000039
:108740000000000000000000000000000000000029
:108750000000000000000000000000000000000019
:108760000000000000000000000000000000020007
:1087700000200200002003FFFFE007FFFFE00000F1
:10878000082000001020000030000000FC00000560
:108790008E00000707A0000601E0000400E00004CE
:1087A0000020000000200000000000000000000089
:1087B00000000000000000000000000000000000B9
:1087C00000000000000000000000000000000000A9
:1087D0000000000000000000000000000000000099
:1087E0000000000000000000000000000000000089
:1087F0000000000000000200002002000020020033
:1088000000200200002003FFFFE007FFFFE0000060
:1088100000200000002000000020000000200000D8
:108820000000000000000000000000000000000048
:108830000000000000000000000000000000000038
:108840000000000000000000000000000000000028
:108850000000000000000000000000000000000018
:108860000000000000000000000000000000000404
:1088700000200007FFE0000FFFE0000200200004DE
:108880000000000400200007FFE00003FFE00002FA
:10889000002000040000000400200007FFE00003A7
:1088A000FFE00000002000000000000000000000C9
:1088B00000000000000000000000000000000000B8
:1088C00000000000000000000000000000000000A8
:1088D0000000000000000000000000000000000098
:1088E0000000000000000000000000000000000484
:1088F0000020000400200007FFE0000FFFE000015F
:10890000002000020020000200000004000000041B
:10891000000000040020000600200003FFE000012A
:10892000FFE0000000200000002000000000000028
:108930000000000000000000000000000000000037
:108940000000000000000000000000000000000027
:108950000000000000000000000000000000000017
:108960000000000000000000000000000000000007
:10897000000000007E000000FF80000381C00002B4
:108980000040000600200004002000040020000435
:1089900000200006002000020040000381C000010A
:1089A000FF8000007E0000000000000000000000CA
:1089B00000000000000000000000000000000000B7
:1089C00000000000000000000000000000000000A7
:1089D0000000000000000000000000000000000097
:1089E0000000000000000000000000000000000483
:1089F0000001000400010007FFFF000FFFFF00015E
:108A000000C1000200410004002000040020000416
:108A100000200004002000060040000301C0000107
:108A2000FF8000007E000000000000000000000049
:108A30000000000000000000000000000000000036
:108A40000000000000000000000000000000000026
:108A50000000000000000000000000000000000016
:108A60000000000000000000000000000000000006
:108A7000000000007E000001FF80000380C00002B3
:108A80000060000400200004002000040020000416
:108A9000002000020041000300C10003FFFF0007A7
:108AA000FFFF0000000100000001000000000000C6
:108AB00000000000000000000000000000000000B6
:108AC00000000000000000000000000000000000A6
:108AD0000000000000000000000000000000000096
:108AE0000000000000000000000000000000000482
:108AF0000020000400200004002000040020000FDB
:108B0000FFE0000FFFE00000C02000010020000295
:108B10000020000600200004000000040000000700
:108B20000000000300000000000000000000000042
:108B30000000000000000000000000000000000035
:108B40000000000000000000000000000000000025
:108B50000000000000000000000000000000000015
:108B60000000000000000000000000000000000005
:108B70000000000003E00001C0E00003E040000648
:108B800030200004302000041820000418200004C5
:108B9000182000040C2000020C60000307C000072E
:108BA00083800000000000000000000000000000C2
:108BB00000000000000000000000000000000000B5
:108BC00000000000000000000000000000000000A5
:108BD0000000000000000000000000000000000095
:108BE0000000000000000000000000000000000085
:108BF0000000000400000004000000040000000C5D
:108C00000000001FFF8000FFFFC0000400600004A0
:108C100000200004002000040020000400400000A8
:108C200001800000000000000000000000000000C3
:108C30000000000000000000000000000000000034
:108C40000000000000000000000000000000000024
:108C50000000000000000000000000000000000014
:108C60000000000000000000000000000000000400
:108C70000000000400000007FF80000FFFC000009C
:108C80000060000000200000002000000020000024
:108C9000002000040040000400800007FFE0000FF7
:108CA000FFC0000000400000004000000000000085
:108CB00000000000000000000000000000000000B4
:108CC00000000000000000000000000000000000A4
:108CD0000000000000000000000000000000000094
:108CE0000000000000000000000000000000000480
:108CF000000000040000000780000007F0000004EE
:108D0000FE0000041FC0000003E00000038000001C
:108D10001C00000460000007800000060000000442
:108D20000000000000000000000000000000000043
:108D30000000000000000000000000000000000033
:108D40000000000000000000000000000000000023
:108D50000000000000000000000000000000000013
:108D600000000000000000000000000400000006F9
:108D700000000007C0000007FC0000043F80000066
:108D800003E000040F800006F0000007F000000779
:108D9000FF8000040FE00000038000043C00000797
:108DA000C0000006000000040000000000000000F9
:108DB00000000000000000000000000000000000B3
:108DC00000000000000000000000000000000000A3
:108DD0000000000000000000000000000000000093
:108DE0000000000000000000000000000000000083
:108DF00000200004002000040060000700E00007DD
:108E000083200007E6000004F80000003C00000496
:108E10005E20000587A0000601E000040060000459
:108E20000020000000200000000000000000000002
:108E30000000000000000000000000000000000032
:108E40000000000000000000000000000000000022
:108E50000000000000000000000000000000000012
:108E600000000000000000000000000000000004FE
:108E7000000000040003000700030007E0010004F5
:108E8000F80100041F02000007FC000000E00000E1
:108E90000700000438000007C000000600000004BE
:108EA00000000004000000000000000000000000BE
:108EB00000000000000000000000000000000000B2
:108EC00000000000000000000000000000000000A2
:108ED0000000000000000000000000000000000092
:108EE0000000000000000000000000000000000082
:108EF000000000078060000600E0000403E00004BA
:108F000007A000040E2000043C200004702000058F
:108F1000E0200007802000070060000400E000005F
:108F200003800000000000000000000000000000BE
:108F30000000000000000000000000000000000031
:108F40000000000000000000000000000000000021
:108F50000000000000000000000000000000000011
:108F60000000000000000000000000000000000001
:108F700000000000000000000000000000000000F1
:108F800000000000000000008000000080000001E0
:108F9000400007FE3FF80800000410000002100027
:108FA00000020000000000000000000000000000BF
:108FB00000000000000000000000000000000000B1
:108FC00000000000000000000000000000000000A1
:108FD0000000000000000000000000000000000091
:108FE0000000000000000000000000000000000081
:108FF0000000000000000000000000000000000071
:1090000000000000000000000000FFFFFFFF000064
:109010000000000000000000000000000000000050
:109020000000000000000000000000000000000040
:109030000000000000000000000000000000000030
:109040000000000000000000000000000000000020
:109050000000000000000000000000000000000010
:109060000000000000000000000000000000000000
:10907000000010000002100000020800000407FEBB
:109080003FF8000140000000800000008000000068
:1090900000000000000000000000000000000000D0
:1090A00000000000000000000000000000000000C0
:1090B00000000000000000000000000000000000B0
:1090C00000000000000000000000000000000000A0
:1090D0000000000000000000000000000000000090
:1090E0000000000000000000000000000000180068
:1090F0000000300000004000000040000000400080
:109100000000200000003000000008000000040003
:1091100000000200000002000000020000000C003D
:109120000000180000000000000000000000000027
:10913000000000000000000000000000000000002F
:10914000000000000000000000000000000000001F
:10915000000000000000000000000000000000000F
:109160000000000000000000000000008C910008DA
:109170000000002024000000C4010008B091000895
:1091800024000020F4070000E00100080024F4009F
:1091900001000000100000000000000000000000BE
:1091A00000000000000000FFFFFFFFFF01000000C3
:040000050800018965
:00000001FF
