:020000040800F2
:1000000090B3012005030008CF1F0008C71F000898
:10001000CB1F0008D5090008DD25000800000000FE
:100020000000000000000000000000004502000881
:10003000F109000800000000A1020008AF2000083C
:1000400029030008290300082903000829030008E0
:1000500029030008290300082903000829030008D0
:1000600029030008290300082903000829030008C0
:1000700029030008290300082903000829030008B0
:1000800029030008290300082903000829030008A0
:100090002903000829030008290300082903000890
:1000A0002903000829030008290300082903000880
:1000B00029030008D92000082903000829030008A3
:1000C0002903000829030008290300082903000860
:1000D00029030008CD25000829030008290300088A
:1000E0002903000829030008290300082903000840
:1000F0002903000829030008290300082903000830
:10010000290300082903000829030008290300081F
:10011000290300082903000829030008E920000832
:1001200029030008290300082903000829030008FF
:1001300029030008290300082903000829030008EF
:1001400029030008290300082903000829030008DF
:1001500029030008290300082903000829030008CF
:1001600029030008290300082903000829030008BF
:1001700029030008290300082903000800000000E3
:10018000290300082903000800F002F800F04AF8EB
:100190000AA090E8000C82448344AAF10107DA45E2
:1001A00001D100F03FF8AFF2090EBAE80F0013F0EA
:1001B000010F18BFFB1A43F001031847E0BD000010
:1001C00000BE0000103A24BF78C878C1FAD85207A0
:1001D00024BF30C830C144BF04680C6070470000C1
:1001E0000023002400250026103A28BF78C1FBD840
:1001F000520728BF30C148BF0B607047642900F028
:100200009D81752900F09A81782900F0D3817329A6
:1002100000F03F83002070471FB508F0C7FE1FBDE8
:1002200010B510BD00F0A4FB1146FFF7F5FF05F077
:1002300045FF00F0C2FB03B4FFF7F2FF03BC02F07E
:1002400003FA00002C4B19680868B0E8F04F80F3FF
:100250000988BFF36F8F4FF0000080F3118870475B
:100260000000000008480068006880F308884FF02C
:10027000000080F3148862B661B6BFF34F8FBFF3FE
:100280006F8F00DF00BF00BF08ED00E0DFF80C005B
:10029000016841F470010160704700BF88ED00E023
:1002A000EFF30980BFF36F8F134B1A681EF0100F26
:1002B00008BF20ED108A20E9F04F106009B44FF01C
:1002C000500080F31188BFF34F8FBFF36F8F07F09B
:1002D00057FE4FF0000080F3118809BC19680868C8
:1002E000B0E8F04F1EF0100F08BFB0EC108A80F39A
:1002F0000988BFF36F8F704774000020EFF305800B
:10030000704700000C48016841F4700101600B481F
:1003100080470B480047FEE7FEE7FEE7FEE7FEE703
:10032000FEE7FEE7FEE7FEE7FEE7000005480649B8
:10033000044A064B7047000088ED00E0C520000825
:100340008901000890AF012090B3012090AF0120F7
:10035000704753EA020C00F069802DE9F04B4FF032
:100360000006002B1FBFB3FA83F503FA05F424FA45
:1003700005F65E4012BF1643B2FA82F502FA05F4A2
:10038000C5F120051EBF22FA05FC44EA0C04203505
:1003900056EA044C4FEA144418BF641C4FF000089E
:1003A0004FF00009904271EB030C39D3002919BFBB
:1003B000B1FA81F701FA07F6B0FA80F700FA07F60A
:1003C000C7F120071EBF20FA07FC46EA0C062037BB
:1003D000B6FBF4FCA7EB0507103F07F01F0BCBF1B2
:1003E00020060CFA0BFB2CFA06F644BFB346002697
:1003F000202FA4BF5E464FF0000B5BEA060C08BF3F
:100400004FF0010B19EB0B09ABFB027C48EB060824
:10041000C01B06FB02CC0BFB03CC71EB0C01C1E74C
:100420000B46024641464846BDE8F08B13B54FF0F7
:1004300000004FF00001AFF30080BDE81C407047A2
:100440000FB4044910B503AA029800F027FA10BCB3
:100450005DF814FB2C0000200FB41CB5074B06AA56
:100460007B4469460090059800F0E9F90020694650
:1004700000F0F8F91CBC5DF814FB0000010400005A
:100480002DE9F0410E460446002020622046E16836
:10049000884730B3252805D0D4E901219047206A48
:1004A000401CF2E7E168204600278847050018D085
:1004B000A5F14100192802D820354FF400673246D3
:1004C000294620462760FFF799FE40B1012804D055
:1004D000F61D26F007060836D8E7361DD6E728466B
:1004E000DAE7206ABDE8F08170B50C460546012ABE
:1004F00005D02878800600D5EA69002302E00123B0
:1005000005E05B1C934202D2E05C0028F9D1A869A7
:10051000E618C01AA861286A184428622846AFF372
:10052000008004E0D5E9012114F8010B9047B442A2
:10053000F8D32846AFF3008070BD00002DE9F041EC
:100540000646002410687529314616A510D0AFF371
:100550000080002802DA404213A507E031688A07CC
:1005600001D512A502E0490704D511A5012401E037
:10057000AFF3008000210A2206F1240709E0B0FB56
:10058000F2FCB0FBF2F302FB1C003030785418464A
:10059000491C0028F3D123462A463046BDE8F041E5
:1005A00000F0EFB8000000002D0000002B0000005C
:1005B0002000000070B504460D4621461068AFF3D8
:1005C00000802188090502D50F4A7A4402E00E4ACC
:1005D0007A440E32002104F1240305E000F00F06F6
:1005E0000009965D5E54491C0028F7D1207800234D
:1005F000000704D5702D02D009B102231132204624
:10060000BDE8704000F0BDB8A6B9000040EA0103A3
:10061000024630B59B0710D14FF0013400E008C20C
:1006200008C91D1B9D4315EAC41FF8D013F0FF0134
:1006300002F8011B0DD01B0AF8E711F8013B002B53
:1006400002F8013B05D011F8013B002B02F8013BF9
:10065000F3D130BD10B5431C02E010F8011B71B19D
:100660008107FAD14FF0013202C88C1A8C4314EA88
:10067000C211F9D0C01A0A0603D0C01E10BDC01A9C
:1006800010BD0A0401D0801E10BD0902FCD0401E1E
:1006900010BD032A40F2308010F0030C00F01580EA
:1006A00011F8013BBCF1020F624498BF11F801CB75
:1006B00000F8013B38BF11F8013BA2F1040298BFDA
:1006C00000F801CB38BF00F8013B11F0030300F044
:1006D000F780083AC0F0088051F8043B083A51F816
:1006E00004CBA0E80810F5E7121D5CBF51F8043BED
:1006F00040F8043BAFF30080D20724BF11F8013B60
:1007000011F801CB48BF11F8012B24BF00F8013BC1
:1007100000F801CB48BF00F8012B704702F0FF033F
:1007200043EA032242EA024200F0FEB84FF0000220
:1007300000B5134694469646203922BFA0E80C50D7
:10074000A0E80C50B1F12001BFF4F7AF090728BFB2
:10075000A0E80C5048BF0CC05DF804EB890028BF2E
:1007600040F8042B08BF704748BF20F8022B11F057
:10077000804F18BF00F8012B7047704770477047D3
:1007800070472DE9F0470D4699469246044600F120
:1007900024080168880604D5E06921F01001216071
:1007A00000E00120A84201DD471B00E00027A1690D
:1007B0007A1902EB0900081AA0612078C00602D459
:1007C0002046AFF30080002608E0D4E901211AF8A2
:1007D00006009047206A401C761C20624E45F4DBE0
:1007E0002078C0060AD52046AFF3008006E0D4E9A1
:1007F000012130209047206A401C2062381EA7F15A
:100800000107F4DC07E0D4E9012118F8050090475E
:10081000206A401C2062281EA5F10105F3DC204659
:10082000AFF300802078000602D50220BDE8F087F3
:100830000120FBE701694A1C02610878704700B596
:100840008FB0CDE901310021059105497944CDE909
:10085000031011466846FFF713FE0FB000BD0000FD
:10086000E5FFFFFF0A6802F8010B0A60704710B548
:10087000436913B1AFF3008001E0FFF735FE0120BB
:1008800010BD127800F124010A7000224A70012282
:10089000EDE711684FF0FF32E9E70000074B70B554
:1008A0000D467B44FFF7CBFF0446284600F05CF87A
:1008B00010B14FF0FF3070BD204670BD0720000022
:1008C00010B5203AC0F00B80B1E81850203AA0E8EB
:1008D0001850B1E81850A0E81850BFF4F5AF5FEA1F
:1008E000027C24BFB1E81850A0E8185044BF18C9D2
:1008F00018C0BDE810405FEA827C24BF51F8043B79
:1009000040F8043B08BF7047D20728BF31F8023BCC
:1009100048BF11F8012B28BF20F8023B48BF00F860
:10092000012B70474FF000020429C0F0128010F034
:10093000030C3FF4FDAECCF1040CBCF1020F18BF68
:1009400000F8012BA8BF20F8022BA1EB0C01FFF748
:10095000EFBE5FEAC17C24BF00F8012B00F8012B39
:1009600048BF00F8012B7047007B00F08000704703
:10097000754600F02BF8AE4605006946534620F058
:100980000700854618B020B5FFF7D0FCBDE8204031
:100990004FF000064FF000074FF000084FF0000B3B
:1009A00021F00701AC46ACE8C009ACE8C009ACE8EE
:1009B000C009ACE8C0098D46704710B50446AFF3D6
:1009C00000802046BDE81040FFF735BC0048704766
:1009D0002CAF012000BFFEE710B55321092001F024
:1009E00071FE00200149086010BD00004C0000208D
:1009F0007047000070B504461D460023B5F5804FD2
:100A000013D154F822300C480340D1E9000640EAE3
:100A100006108E6840EA06208E8940EA06408E69FC
:100A20003043034344F8223003E06FF0704044F851
:100A30002200002070BD00000000F0CF10B503467A
:100A40000022086853F8202012480240D1E901042E
:100A50002043CC6820430C6920434C6920438C69B7
:100A60002043CC6920430C6A20434C6A20438C6AA3
:100A70002043CC6A2043CC6B20430C6B20430243C1
:100A80008868082801D142F04002086843F8202015
:100A9000002010BD8000F0FF30B503460024501C3C
:100AA00053F8204004F04044D1E9000540EA051025
:100AB0008D6840EA05208D8940EA0545088A401E78
:100AC00045EA0055087D801E45EA00608D6928438F
:100AD0000443501C43F82040002030BD70B504464C
:100AE000A56D00F085F9064694F83500022808D077
:100AF0008020606500BF002084F8340000BF012022
:100B000070BD2068006820F0160021680860206829
:100B1000406920F0800021684861206C08B9A06C11
:100B200028B12068006820F008002168086020686B
:100B3000006820F00100216808600FE000F058F91B
:100B4000801B05280AD92020606500BF002084F89A
:100B5000340000BF032084F83500D1E72068006826
:100B600000F001000028E9D194F85C103F20884093
:100B7000A86000BF002084F8340000BF012084F882
:100B800035000020BCE7014691F83500022803D06B
:100B90008020486501207047052081F835000868ED
:100BA000006820F001000A6810600020F3E70000F0
:100BB000F8B502460B460025002400200021DEE0A7
:100BC000012606FA01F51E6806EA0504AC4275D155
:100BD0001E7906F00306012E04D01E7906F00306E6
:100BE000022E13D190684F000326BE40B0434F0041
:100BF000DE68BE4030439060506801268E40B043AE
:100C00001E79C6F300168E40304350601E7906F000
:100C10000306032E09D0D0684F000326BE40B04320
:100C20004F009E68BE403043D0601E7906F0030638
:100C3000022E13D1CF0802F1200656F827004E07E6
:100C4000F70E0F26BE40B0434F07FF0E1E69BE4091
:100C50003043CF0802F1200646F8270010684F0005
:100C60000326BE40B0431E7906F003064F00BE4087
:100C7000304310605E6806F08056B6F1805F7DD12B
:100C800000BF00260096404E366846F480463E4F30
:100C90003E603E46366806F48046009600BF00BFC0
:100CA0003A4E8F0856F827008E07370F0F26BE40A2
:100CB000B043374EB24202D1002624E05EE0354E0A
:100CC000B24201D101261EE0334EB24201D10226CA
:100CD00019E0324EB24201D1032614E0304EB24246
:100CE00001D104260FE02F4EB24201D105260AE0C1
:100CF0002D4EB24201D1062605E02C4EB24201D162
:100D0000072600E008268F073F0FBE4030431F4EE6
:100D10008F0846F82700264E3068A0435E6806F428
:100D20008036B6F5803F00D12043214E3060361D1D
:100D30003068A0435E6806F40036B6F5003F00D187
:100D400020431B4E361D3060361D3068A0435E6860
:100D500006F48016B6F5801F00D12043144E0836E5
:100D60003060361D3068A0435E6806F40016B6F5A4
:100D7000001F00D120430E4E0C363060491C102954
:100D8000FFF41EAFF8BD00004438024008380140AF
:100D9000000002400004024000080240000C024033
:100DA000001002400014024000180240001C0240E3
:100DB000003C0140024613690B400BB1012000E0EA
:100DC0000020704710B5426921EA020302EA0104DB
:100DD00043EA0443836110BD0AB1816101E00B0461
:100DE0008361704701480068000C7047002004E0F0
:100DF0000148006870470000340000200348006884
:100E0000034909780844014908607047340000200C
:100E10003C00002010B50A48006840F40070084902
:100E200008600846006840F480600860032000F015
:100E30007FF80F2000F006F800F02AF8002010BD1F
:100E4000003C024070B504460E4800784FF47A71B9
:100E5000B1FBF0F00C490968B1FBF0F5284600F051
:100E60009BFC08B1012070BD102C07D20022214646
:100E7000501E00F01EF80548046001E00120F2E772
:100E80000020F0E73C000020000000203800002097
:100E9000704701460846002809DB00F01F030122C5
:100EA0009A4043099B0003F1E023C3F8002100BFEF
:100EB00070472DE9F05F80460D461646002701F089
:100EC000A7FB074639462A46334601F00700C0F122
:100ED000070ABAF1040F02D94FF0040A01E0C0F189
:100EE000070AD14600F1040ABAF1070F02D24FF007
:100EF000000A01E0A0F1030AD4464FF0010A0AFA01
:100F000009FAAAF1010A0AEA020A0AFA0CFA4FF0EF
:100F1000010B0BFA0CFBABF1010B0BEA030B4AEADA
:100F20000B042146404601F07BFBBDE8F09F00002A
:100F300000BF00F00702064B19684FF6FF03194087
:100F4000044B0B4343EA0221014B196000BF704779
:100F50000CED00E00000FA0570B504460D460CB932
:100F6000012070BD5848006800F00700A84209D26F
:100F700055490D700846006800F00700A84201D0EE
:100F80000120EEE7207800F0020002281DD1207831
:100F900000F00400042805D14C48006840F4E050FB
:100FA0004A490860207800F00800082805D1474821
:100FB000006840F46040454908604448006820F0FB
:100FC000F000A168084341490860207800F0010062
:100FD000A8B36068012807D13C4808380068C0F30E
:100FE0004040B8B90120BCE76068022802D06068C0
:100FF000032807D1354808380068C0F3406048B975
:101000000120AEE7314808380068C0F3400008B955
:101010000120A6E72D48006820F00300616808431E
:101020002A490860FFF7E4FE064609E0FFF7E0FE04
:10103000801B41F28831884202D9032091E707E002
:101040002248006800F00C006168B0EB810FEDD120
:101050001D48006800F00700A84209D91A490D7020
:101060000846006800F00700A84201D0012078E798
:10107000207800F00400042807D11448006820F408
:10108000E050E168084311490860207800F008004A
:10109000082808D10D48006820F46040216940EA22
:1010A000C1000A49086000F03FF808490968C1F327
:1010B0000311074A515CC8400649086006480068A9
:1010C000FFF7C0FE00204CE7003C02400838024019
:1010D000B68F00080000002038000020014800689A
:1010E000704700000000002000B5FFF7F7FF04493B
:1010F0000968C1F38221034A515CC84000BD000069
:1011000008380240C68F000800B5FFF7E7FF044922
:101110000968C1F34231034A515CC84000BD000078
:1011200008380240C68F00082DE9F047002400254A
:101130000026A1462548006800F00C0020B10428D4
:1011400005D008283AD105E0DFF8849039E0DFF8CF
:10115000849036E01D48001F006800F03F041B48E3
:10116000001F006800F4800078B11A481749091F71
:101170000968C1F38811A0FB0170014622460023D3
:101180003846FFF7E6F805460EE011480F49091FFB
:101190000968C1F38811A0FB0170014622460023B3
:1011A0003846FFF7D6F805460848001F0068C0F328
:1011B0000140401C4600B5FBF6F902E0DFF8109054
:1011C00000BF00BF4846BDE8F08700000838024075
:1011D0000024F40000127A00F8B504460CB901208E
:1011E000F8BD207800F00100002874D0F9480068AC
:1011F00000F00C0004280DD0F648006800F00C0048
:10120000082813D1F348001F006800F48000B0F5EF
:10121000800F0BD1EF4808380068C0F34040002829
:1012200059D06068002856D10120D9E700BF606816
:10123000B0F5803F08D1E7480838006840F48030B6
:10124000E449083908601EE06068B0F5A02F0DD1B0
:10125000E0480838006840F48020DE49083908601A
:101260000846006840F4803008600CE0D94808382F
:10127000006820F48030D7490839086008460068C3
:1012800020F48020086000BF606890B1FFF7B0FDD7
:10129000054606E0FFF7ACFD401B642801D903209A
:1012A0009EE7CC4808380068C0F340400028F1D0E1
:1012B00011E0FFF79DFD054606E0FFF799FD401B95
:1012C000642801D903208BE7C24808380068C0F3BE
:1012D00040400028F1D1207800F0020002285FD1C0
:1012E000BC48006800F00C0058B1BA48006800F033
:1012F0000C0008281CD1B748001F006800F48000CB
:10130000B0B9B44808380068C0F3400020B1E068C4
:10131000012801D0012063E7AE480838006820F0BA
:10132000F800216940EAC100AA490839086037E09D
:10133000E06800B30120A8490860FFF759FD0546A1
:1013400006E0FFF755FD401B022801D9032047E7BF
:10135000A04808380068C0F340000028F1D09D483C
:101360000838006820F0F800216940EAC100994976
:101370000839086014E0002097490860FFF738FD3D
:10138000054606E0FFF734FD401B022801D9032083
:1013900026E7904808380068C0F340000028F1D1E3
:1013A000207800F0080008282CD16069A8B101203D
:1013B0008A490860FFF71CFD054606E0FFF718FDA7
:1013C000401B022801D903200AE782486C300068DC
:1013D000C0F340000028F1D014E000207F490860ED
:1013E000FFF706FD054606E0FFF702FD401B022859
:1013F00001D90320F4E677486C300068C0F3400060
:101400000028F1D1207800F00400042870D10027D2
:1014100070483830006800F0805090B900BF00205C
:1014200000906C483830006840F08050694938318D
:1014300008600846006800F08050009000BF00BFC0
:1014400001276748006800F48070B0B964480068FC
:1014500040F4807062490860FFF7CAFC054606E068
:10146000FFF7C6FC401B022801D90320B8E65C4800
:10147000006800F480700028F2D000BFA068012846
:1014800008D154486830006840F001005149683183
:1014900008601DE0A06805280DD14E48683000683E
:1014A00040F004004B49683108600846006840F08D
:1014B000010008600CE047486830006820F0010037
:1014C0004449683108600846006820F0040008605C
:1014D00000BFA068A8B1FFF78BFC054609E0FFF745
:1014E00087FC401B41F28831884202D9032077E60D
:1014F00026E0384868300068C0F340000028EED08D
:1015000013E0FFF775FC054608E0FFF771FC401B90
:1015100041F28831884201D9032061E62D486830C4
:101520000068C0F340000028EFD1012F07D12948FF
:101530003830006820F0805026493831086000BFFC
:10154000A069002845D02348006800F00C00082856
:101550005DD0A069022845D100201F490866FFF729
:1015600047FC054606E0FFF743FC401B022801D973
:10157000032035E6174808380068C0F340600028AB
:10158000F1D1D4E907010843616A40EA81110122DF
:10159000A06AC2EB500041EA00412C20005D41EA04
:1015A00000600C49091F086001200B490866FFF71D
:1015B0001FFC054606E0FFF71BFC401B022801D973
:1015C00003200DE6034808380068C0F34060002897
:1015D000F1D049E00838024000004742800E4742FF
:1015E00000700040002021490866FFF701FC054615
:1015F00006E0FFF7FDFB401B022801D90320EFE5C1
:101600001B480068C0F340600028F2D12CE0A069BC
:10161000012800D1E4E51648001D0668A0690128EC
:1016200020D006F48001E06981421BD106F03F0121
:10163000206A814216D147F6C0703040616AB0EB33
:10164000811F0FD106F440310122A06AC2EB500085
:10165000B1EB004F06D106F070612C20005DB1EBBC
:10166000006F01D00120BBE50020B9E50000474232
:101670000038024070B504460E4615460CB90120EC
:1016800070BD94F8490028B9002084F8480020462D
:1016900000F01CF804F108012068FFF7CFF931468B
:1016A000A2682068FFF7F8F92946236BD4E9010204
:1016B000FFF7A0F9A168206850F8210040F0010070
:1016C000A268216841F822000020D9E710B586B051
:1016D000044600BF002000902248006840F001004E
:1016E000204908600846006800F00100009000BF33
:1016F00000BF00BF002000901A480838006840F082
:1017000008001849083908600846006800F0080019
:10171000009000BF00BF00BF002000900846006896
:1017200040F0100008600846006800F010000090CB
:1017300000BF00BF4CF20370019002200290012014
:101740000390022004900C20059001A90648FFF7A1
:101750002FFA4FF68070019001A90448FFF728FA8C
:1017600006B010BD38380240000C024000100240A4
:10177000042808D14FF0E021096941F004014FF03D
:10178000E022116107E04FF0E021096921F0040136
:101790004FF0E0221161704770B504462546681E7F
:1017A000B0F1807F01D301200FE0681E4FF0E021EF
:1017B00048610F214FF0FF3000F032FF00204FF062
:1017C000E021886107200861002070BD70477047E4
:1017D00010B504460CB9012010BD94F83D0028B99D
:1017E000002084F83C00204600F026F8022084F80F
:1017F0003D00211D206800F07FFC012084F8460098
:1018000000BF84F83E0001213F20015540200155D2
:101810004120015500BF00BF012084F84200432051
:101820000155442001554520015500BF012084F891
:101830003D000020D0E7000038B504461E4920686E
:1018400088421AD100BF00BF002000901B480068EA
:1018500040F00200194908600846006800F00200E4
:10186000009000BF00BF00BF002203211D20FFF732
:1018700020FB1D20FFF70DFB1DE011492068884269
:1018800019D100BF00BF002000900C48006840F054
:1018900020000A4908600846006800F02000009017
:1018A00000BF00BF00BF002207213720FFF701FB68
:1018B0003720FFF7EEFA38BD000400404038024000
:1018C00000140040014691F83D00012801D001209C
:1018D0007047022081F83D000868C06840F00100B0
:1018E0000B68D8601A4B086898421BD00868B0F1A2
:1018F000804F17D0174B0868984213D0164B0868D2
:1019000098420FD0154B086898420BD0144B0868CA
:10191000984207D0134B0868984203D0124B0868CE
:1019200098420CD10868806800F00702062A0CD0A3
:101930000868006840F001000B68186005E008685E
:10194000006840F001000B6818600020C0E700004C
:10195000000001400004004000080040000C00406E
:10196000000401400040014000180040704710B5DD
:10197000044620680069C0F34000D8B12068C06800
:10198000C0F34000B0B16FF002002168086101208F
:1019900020772068806900F0030018B12046FFF727
:1019A000E5FF05E0204600F0ADF8204600F0ABF87A
:1019B0000020207720680069C0F38000D8B120683B
:1019C000C068C0F38000B0B16FF004002168086106
:1019D000022020772068806900F4407018B120460A
:1019E000FFF7C4FF05E0204600F08CF8204600F029
:1019F0008AF80020207720680069C0F3C000D8B1C1
:101A00002068C068C0F3C000B0B16FF00800216862
:101A10000861042020772068C06900F0030018B135
:101A20002046FFF7A3FF05E0204600F06BF82046B4
:101A300000F069F80020207720680069C0F30010EA
:101A4000D8B12068C068C0F30010B0B16FF01000CA
:101A500021680861082020772068C06900F4407080
:101A600018B12046FFF782FF05E0204600F04AF853
:101A7000204600F048F8002020772068006900F038
:101A8000010058B12068C06800F0010030B16FF06B
:101A9000010021680861204600F036F820680069DE
:101AA000C0F3C01058B12068C068C0F3C01030B196
:101AB0006FF08000216808612046FFF787FE2068EC
:101AC0000069C0F3801058B12068C068C0F380106E
:101AD00030B16FF0400021680861204600F036F810
:101AE00020680069C0F3401058B12068C068C0F396
:101AF000401030B16FF02000216808612046FFF7E8
:101B000066FE10BD7047704710B504460748844212
:101B100005D107480068401C0549086005E00548F4
:101B2000844202D104A0FEF78BFC10BDB804002053
:101B30004C0000200005002054494D37CAE4B3F69C
:101B40002E2E2E2E2E2E2E0D0A00000070477047CE
:101B5000704700002DE9F84F0446206805682068AA
:101B6000C668206847694FF00009CA4605F00F09AA
:101B7000B9F1000F0AD105F0200038B106F02000BD
:101B800020B1204600F059FBBDE8F88FB9F1000FF5
:101B900072D007F0010018B906F4907000286BD0DD
:101BA00005F0010030B106F4807018B1206C40F0EF
:101BB0000100206405F0040030B107F0010018B105
:101BC000206C40F00200206405F0020030B107F004
:101BD000010018B1206C40F00400206405F00800FA
:101BE00048B106F0200010B907F0010018B1206CD0
:101BF00040F008002064206C70B305F0200028B18C
:101C000006F0200010B1204600F017FB2068406964
:101C1000C0F3801A206C00F0080010B9BAF1000F70
:101C200023D0204600F0DEFA2068406900F0400032
:101C3000402816D12068406920F0400021684861A2
:101C4000A06B50B15648A16B0865A06BFEF79BFFD7
:101C500010B1A06B016D88470CE02046FFF778FFBC
:101C600008E02046FFF774FF04E02046FFF770FF0E
:101C70000020206488E7FFE7206B012879D105F078
:101C80001000002875D006F01000002871D000BFA9
:101C90000020009020680068009020684068009054
:101CA00000BF00BF2068406900F04000402839D1E3
:101CB000A06B006840681FFA80F8B8F1000F30D0C0
:101CC000A08D40452DDDA4F82E80A06BC069B0F535
:101CD000807F1FD02068C06820F480702168C860B1
:101CE0002068406920F0010021684861206840694F
:101CF00020F0400021684861202084F83E00002048
:101D000020632068C06820F010002168C860A06BC4
:101D1000FEF7E4FEA08DE28D801A81B22046FFF727
:101D200016FF31E7A08DE18D401A1FFA80F8E08D93
:101D3000E8B1B8F1000F1AD02068C06820F49070A4
:101D40002168C8602068406920F00100216848616E
:101D5000202084F83E00002020632068C06820F026
:101D600010002168C86041462046FFF7F0FE0BE7EF
:101D7000FFE705F0800030B106F0800018B1204682
:101D800000F0F3FB00E705F0400030B106F0400042
:101D900018B1204600F041FAF6E600BFF4E6000074
:101DA000D121000810B504460CB9012010BDA0696E
:101DB00000B100E000BF94F83D0028B9002084F88D
:101DC0003C00204600F028F8242084F83D002068DC
:101DD000C06820F400502168C860204600F08CFAEA
:101DE0002068006920F490402168086120684069FB
:101DF00020F02A00216848612068C06840F4005043
:101E00002168C86000202064202084F83D0084F808
:101E10003E000020CAE7000010B586B004462E49F7
:101E20002068884255D100BF00BF002000902B4899
:101E3000006840F01000294908600846006800F07A
:101E40001000009000BF00BF00BF00BF00BF002017
:101E5000009022481438006840F001001F491439EE
:101E600008600846006800F00100009000BF00BF55
:101E700000BF00BF00BF002000900846006840F08F
:101E8000010008600846006800F00100009000BFF3
:101E900000BF00BF4815019002200290012003906E
:101EA000022004900720059001A90D48FEF780FE4E
:101EB0004FF4806001900720059001A90848FEF7C3
:101EC00077FE2520FEF7E5FF032211462520FEF7C9
:101ED000F0FF06B010BD0000001001404438024081
:101EE0000000024070B504460D46164694F83E00C8
:101EF000202816D105B10EB9012070BD00BF94F89D
:101F00003C00012801D10220F7E7012084F83C00C1
:101F100000BF0020206332462946204600F002FB25
:101F2000EBE70220E9E7000010B5044620492068ED
:101F300088423BD11F48008800F4004088BB1D4800
:101F4000008800F4804070B11B4800780A2803D054
:101F500000201849088024E01648008840F400401A
:101F6000144908801DE0144800780D2806D1114856
:101F7000008840F480400F49088012E00E48007845
:101F80000C490988C1F30D010C4A505409480088D6
:101F9000401C0849088008460088C72801DD002049
:101FA0000880012204490648FFF79CFF10BD00008D
:101FB000001001403000002032000020FC02002010
:101FC000C4030020704700BFFEE700BFFEE7704774
:101FD0002DE9F0470C46DDE90867002100258C4615
:101FE00000BF60E04FF0010808FA01F504EA050CB3
:101FF000AC4557D1D0F800804FEA410A4FF00309B1
:1020000009FA0AF928EA0908C0F80080D0F8008027
:102010004FEA410902FA09F948EA0908C0F80080C4
:10202000012A01D0022A27D1D0F808804FEA410ABC
:102030004FF0030909FA0AF928EA0908C0F80880EC
:10204000D0F808804FEA410906FA09F948EA090878
:10205000C0F80880D0F804904FF0010808FA01F8A1
:1020600029EA0809C0F80490D0F8048003FA01F9BD
:1020700048EA0908C0F80480D0F80C804FEA410A09
:102080004FF0030909FA0AF928EA0908C0F80C8098
:10209000D0F80C804FEA410907FA09F948EA090823
:1020A000C0F80C80491C10299CD3BDE8F08710B5FE
:1020B000FEF7A4FE06F0ECFA012801D006F0B2F813
:1020C00010BD00000348006840F47000014908603A
:1020D0007047000088ED00E010B50248FFF747FCAC
:1020E00010BD0000B804002010B50248FFF73FFC07
:1020F00010BD00000005002010B50268294B984271
:102100000ED0B0F1804F0BD0274B984208D0274B10
:10211000984205D0264B984202D0264B984203D1D4
:1021200022F070024B681A431E4B984220D0B0F147
:10213000804F1DD01C4B98421AD01C4B984217D090
:102140001B4B984214D01B4B984211D01A4B98420B
:102150000ED01A4B98420BD0194B984208D0194B0D
:10216000984205D0184B984202D0184B984203D1A0
:1021700022F44072CB681A4322F080034C6943EA90
:10218000040202608B68C3620B688362054B98424D
:1021900002D0084B984201D10B69036301234361CC
:1021A00010BD000000000140000400400008004095
:1021B000000C004000040140004001400044014088
:1021C0000048014000180040001C00400020004072
:1021D00070B50546AC6B0020E085E0842046FFF733
:1021E000B7FC70BD0168C96821F490710268D160C4
:1021F0000168496921F0010102685161016B0129FF
:1022000005D10168C96821F010010268D160202160
:1022100080F83E1000210163704710B50446206825
:10222000C06820F040002168C860202084F83D008C
:102230002046FFF7C7FE002010BD70B5044694F895
:102240003E00222856D1A068B0F5805F0CD12069ED
:1022500050B90025A66A20684068C0F308003080A5
:10226000A06A801CA06215E0A56A0026A068B0F5EF
:10227000805F03D0A06828B9206918B92068406839
:10228000287004E02068406800F07F002870A06A91
:10229000401CA062E08D401E80B2E08540BB2068FB
:1022A000C06820F020002168C8602068C06820F461
:1022B00080702168C8602068406920F001002168B2
:1022C0004861202084F83E00206B01280AD1206854
:1022D000C06820F010002168C860A18D2046FFF77B
:1022E00036FC02E02046FFF71FFE0020206370BD91
:1022F0000020FCE70220FAE72DE9F84F04462068A9
:10230000006920F44050E1680843216808612169B0
:10231000A068084361690843E169084300902068A8
:10232000C06849F20C618843009908432168C8607D
:102330002068406920F44070A16908432168486121
:1023400076492068884203D075492068884203D1C5
:10235000FEF7DAFE814602E0FEF7C6FE8146E0693E
:10236000B0F5004F6CD102206168A0FB015003461C
:102370001920A9FB007001462A463846FDF7E9FFFF
:102380006421B0FBF1F04FEA001A02206168A0FB63
:1023900001510B461920A9FB00712A463846FDF76A
:1023A000D8FF834602206168A0FB01500346192034
:1023B000A9FB00712A463846FDF7CBFF6421B0FB2C
:1023C000F1F000EBC00101EB0010ABEB800032211B
:1023D00001EBC0006421B0FBF1F000F0F8000AEB63
:1023E000400A02206168A0FB015003461920A9FBA6
:1023F000007001462A463846FDF7ABFF83460220AF
:102400006168A0FB015003461920A9FB00712A4610
:102410003846FDF79EFF6421B0FBF1F000EBC001F0
:1024200001EB0010ABEB8000322101EBC000642116
:10243000B0FBF1F000F007005044216888606AE0CA
:1024400004206168A0FB015003461920A9FB00701D
:1024500001462A463846FDF77CFF82460420616823
:10246000A0FB015003461920A9FB007001462A4633
:102470003846FDF76EFF6421B0FBF1F000EBC001C0
:1024800001EB0010AAEB8000322101EB0010642167
:10249000B0FBF1F000F0F00A04206168A0FB0170CD
:1024A00003461920A9FB00513A462846FDF751FF83
:1024B0006421B0FBF1F00AEB001A04206168A0FB74
:1024C00001510B461920A9FB00712A463846FDF739
:1024D00040FF834604206168A0FB01500346192099
:1024E000A9FB007001462A463846FDF732FF6421F9
:1024F000B0FBF1F000EBC00101EB0010ABEB800092
:10250000322101EB00106421B0FBF1F000F00F006C
:10251000504421688860BDE8F88F00000010014039
:102520000014014010B5034699629A85DA850020AF
:102530001864222083F83E0000BF002083F83C008E
:1025400000BF1868C06840F480701C68E0601868BC
:10255000406940F001001C6860611868C06840F084
:1025600020001C68E060002010BD014691F83D008D
:10257000212828D18868B0F5805F0BD1086948B957
:102580000A6A1088C0F308000B685860086A801C4B
:10259000086205E00B6A581C086218780B685860DE
:1025A000C88C401E80B2C88458B90868C06820F042
:1025B00080000B68D8600868C06840F040000B6875
:1025C000D860002070470220FCE7000010B50248E8
:1025D000FFF7C0FA10BD0000C403002000BFFEE7F3
:1025E00070B50621302004F0EFFE302004F0FCFD31
:1025F0000546062D03D00621302004F0E5FE002418
:1026000003E006F08DFB601C84B2C82CF9DB70BDC2
:1026100002480068C0F30220704700000CED00E0A3
:1026200010B5002804DB0A07130E054A135406E010
:102630000A07140E034A00F00F031B1FD45410BDE9
:1026400000E400E018ED00E000BF704700F0010179
:10265000194A1160C0F34001184AC2F88412C0F34D
:102660008001154A08321160C0F30011121F116079
:10267000C0F34011104A3C321160C0F38011104A7F
:102680001160C0F3C0110C4A38321160C0F3002150
:102690000B4A121D1160C0F34021074A3432116009
:1026A000C0F38021044A14321160C0F3C021024AF1
:1026B0000C321160704700008082424200004342A9
:1026C0009002434270B505460C460748074908602A
:1026D0000846446000218160C5600161FFF778F819
:1026E0000248FFF7EFF870BD00040040B804002076
:1026F00000F00101104A1160C0F340010F4AC2F816
:10270000BC12C0F380010C4A383A1160C0F3C0011A
:10271000121D1160C0F30011094A1160C0F340118D
:10272000121D1160C0F38011121D1160C109054A0C
:10273000C2F8A81270470000B882414200804142AE
:102740009C0242420000424270B504460420FFF75A
:102750000FF80A48046025464FF47A7045434FF05D
:10276000E020006940F002004FF0E02108610846D7
:102770004561006940F00100086170BD280000203B
:1027800030B50446002504E04FF47A7000F004F8F8
:102790006D1CA542F8D330BD70B5034600224FF042
:1027A000E02675690D4E366803FB06F44FF0E0260F
:1027B000B16910E04FF0E026B06988420BD0884242
:1027C00002D20E1A324402E02E1A0E44324401465E
:1027D000A24200D300E0EDE700BF70BD280000205A
:1027E0002DE9F04707463E462EB940F275521DA12D
:1027F00025A0FDF725FE28480068864201D1002467
:102800002DE004F0D7FF75692448D0F800802448F3
:10281000D0F8009005F01AF8454501D04D4501D19A
:1028200002241CE01F48854212D1B06A70B903240B
:10283000002007E006F15C01095C012901D10224B6
:1028400002E0401C0128F5DB00BF08E0022406E09E
:102850001548854200D00DB9042400E0012420462B
:10286000BDE8F0872E2E5C2E2E5C4D6964646C658D
:1028700077617265735C4672656552544F535C7440
:1028800061736B732E6300004572726F723A20257C
:10289000732C2025640D0A007400002078000020AD
:1028A0007C000020F0860120DC86012000BF054A64
:1028B000126802F04002002AF9D0C2B2014B5A60FD
:1028C00070470000001001400EB54FF4784019A188
:1028D00020221346CDE900210290DC220A2108467D
:1028E00003F00EFB4FF4784014A118221346CDE9F3
:1028F00000210290DC222F210A2003F001FB4FF47B
:10290000784013A110221346CDE900210290DC2269
:102910004C210A2003F0F4FA1148012100238022FF
:10292000CDE900100FA1124805F082FE05F0BCFAB7
:102930000EBD000053544D333200000046726565F1
:1029400052544F5320506F7274696E67000000003C
:1029500041544F4D40414C49454E54454B000000B9
:102960000400002073746172745F7461736B000003
:10297000AD74000800B587B000BF00BF0020019013
:102980003848006840F01000364908600846006882
:1029900000F01000019000BF00BF00BF00BF00BFEB
:1029A000002001900846006840F0100008600846CA
:1029B000006800F01000019000BF00BF00BF00BF22
:1029C00000BF002001900846006840F01000086039
:1029D0000846006800F01000019000BF00BF00BF73
:1029E00000BF00BF002001900846006840F00100D1
:1029F00008600846006800F00100019000BF00BFB9
:102A000000BF1020029000200390012004900220BB
:102A1000059002A91448FEF7CBF808200290002088
:102A20000390012004900220059002A90E48FEF7B1
:102A3000BFF804200290002003900120049002209F
:102A4000059002A90848FEF7B3F801200290002083
:102A5000039002200490059002A90448FEF7A8F80C
:102A600007B000BD303802400010024000000240B4
:102A700070B50446002514B101202B4908702A487E
:102A80000078002834D010212848FEF793F978B157
:102A900008212648FEF78EF950B104212348FEF79D
:102AA00089F928B101212248FEF784F901281FD1B4
:102AB0000A20FFF765FE00201B49087010211B4803
:102AC000FEF778F900B9012508211848FEF772F9D8
:102AD00000B9022504211548FEF76CF900B9032559
:102AE00001211348FEF766F901281BD1042519E0DE
:102AF00010210E48FEF75EF9012813D108210B487A
:102B0000FEF758F901280DD104210848FEF752F9C3
:102B1000012807D101210648FEF74CF910B9012020
:102B200001490870284670BD48000020001002408E
:102B30000000024070B50446002609480588408818
:102B400045430021084603F0ABF803F057FA00BFF5
:102B500002E004480480761CAE42FAD370BD000047
:102B6000580400208000006C10B504465848847159
:102B7000002C58D1F020564908804FF4A0704880AE
:102B80000846808845F21051884210D14FF43050E9
:102B90004F4908814FF4285048814FF42C508881C8
:102BA0004FF4F07008804FF4487048801AE04848AD
:102BB000808841F6631188420DD12C204449088158
:102BC0002B2048812A2088814FF4F07008804FF430
:102BD0004870488006E02C203D4908812A20488121
:102BE0002B2088813A48808845F21031884205D0F0
:102BF0003748808847F29671884206D14FF4A0701A
:102C0000334908804FF4F07048803148808849F695
:102C10000601884258D14FF4F0702D4908804FF4D6
:102C20004870488050E04FF4A07029490880F02097
:102C300048800846808845F21051884210D14FF4F0
:102C40003050234908814FF4285048814FF42C50CC
:102C500088814FF4487008804FF4F070488020E07D
:102C60001B48808841F66311884205D01848808847
:102C700049F6060188420DD12C20154908812A20E9
:102C800048812B2088814FF4487008804FF4F07001
:102C9000488006E02C200E4908812A2048812B20FC
:102CA00088810B48808845F21031884205D0084859
:102CB000808847F29671884206D14FF4F07004493B
:102CC00008804FF4A0704880002002F0CBFE10BDB9
:102CD0005804002070B505460E4614463146284675
:102CE00002F0DEFF03F08AF901490C8070BD00009C
:102CF0008000006C10B5CF2003F074F9002003F0C1
:102D000065F9C12003F062F9302003F05FF9ED208E
:102D100003F068F9642003F059F9032003F056F931
:102D2000122003F053F9812003F050F9E82003F05A
:102D300059F9852003F04AF9102003F047F97A2069
:102D400003F044F9CB2003F04DF9392003F03EF9AC
:102D50002C2003F03BF9002003F038F9342003F075
:102D600035F9022003F032F9F72003F03BF9202077
:102D700003F02CF9EA2003F035F9002003F026F9DE
:102D8000002003F023F9C02003F02CF91B2003F0EE
:102D90001DF9C12003F026F9012003F017F9C52021
:102DA00003F020F9302003F011F9302003F00EF980
:102DB000C72003F017F9B72003F008F9362003F015
:102DC00011F9482003F002F93A2003F00BF95520DD
:102DD00003F0FCF8B12003F005F9002003F0F6F849
:102DE0001A2003F0F3F8B62003F0FCF80A2003F0F1
:102DF000EDF8A22003F0EAF8F22003F0F3F8002047
:102E000003F0E4F8262003F0EDF8012003F0DEF8EB
:102E1000E02003F0E7F80F2003F0D8F82A2003F0B1
:102E2000D5F8282003F0D2F8082003F0CFF80E20C0
:102E300003F0CCF8082003F0C9F8542003F0C6F8DA
:102E4000A92003F0C3F8432003F0C0F80A2003F0E0
:102E5000BDF80F2003F0BAF8002003F0B7F8002007
:102E600003F0B4F8002003F0B1F8002003F0AEF84E
:102E7000E12003F0B7F8002003F0A8F8152003F0D4
:102E8000A5F8172003F0A2F8072003F09FF81120FF
:102E900003F09CF8062003F099F82B2003F096F835
:102EA000562003F093F83C2003F090F8052003F03F
:102EB0008DF8102003F08AF80F2003F087F83F20E8
:102EC00003F084F83F2003F081F80F2003F07EF830
:102ED0002B2003F087F8002003F078F8002003F09F
:102EE00075F8012003F072F83F2003F06FF82A20F4
:102EF00003F078F8002003F069F8002003F066F88A
:102F0000002003F063F8EF2003F060F8112003F0D5
:102F100069F87820FFF734FC292003F063F810BD2E
:102F200010B5FF2003F05EF8FF2003F04FF8982063
:102F300003F04CF8062003F049F8BC2003F052F8E7
:102F4000012003F043F80F2003F040F8612003F064
:102F50003DF8FF2003F03AF8012003F037F8012094
:102F600003F034F80B2003F031F8102003F02EF8B2
:102F7000372003F02BF8632003F028F8FF2003F03C
:102F800025F8FF2003F022F8012003F01FF80120AC
:102F900003F01CF8002003F019F8002003F016F8E5
:102FA000FF2003F013F8522003F010F8012003F083
:102FB0000DF8002003F00AF8402003F007F8BD20C8
:102FC00003F010F8012003F001F8232002F0FEFFC7
:102FD000452002F0FBFF672002F0F8FF012002F01D
:102FE000F5FF232002F0F2FF452002F0EFFF6720FB
:102FF00002F0ECFFBE2002F0F5FF002002F0E6FF39
:10300000012002F0E3FFAB2002F0E0FF602002F0BD
:10301000DDFF222002F0DAFF222002F0D7FF22207B
:1030200002F0D4FF222002F0D1FF222002F0CEFFD6
:10303000C72002F0D7FF362002F0C8FFED2002F0D3
:10304000D1FF7F2002F0C2FF0F2002F0BFFFC0209F
:1030500002F0C8FF0F2002F0B9FF0B2002F0B6FF0C
:103060000A2002F0B3FFFC2002F0BCFF082002F0AF
:10307000ADFFDF2002F0B6FF002002F0A7FF002026
:1030800002F0A4FF002002F0A1FF002002F09EFF4A
:10309000002002F09BFF202002F098FFF32002F0B6
:1030A000A1FF742002F092FFB42002F09BFF0020E9
:1030B00002F08CFF002002F089FF002002F086FF62
:1030C000F72002F08FFF822002F080FFB12002F093
:1030D00089FF002002F07AFF132002F077FF13200F
:1030E00002F074FFF22002F07DFF802002F06EFFFC
:1030F000042002F06BFF402002F068FF282002F05D
:1031000065FFC12002F06EFF172002F05FFF8820EC
:1031100002F05CFF882002F059FF202002F056FFE9
:10312000E02002F05FFF002002F050FF0A2002F0D2
:103130004DFF122002F04AFF102002F047FF0E2040
:1031400002F044FF202002F041FFCC2002F03EFFBD
:10315000072002F03BFF062002F038FF0B2002F0B0
:1031600035FF0E2002F032FF0F2002F02FFF0D205E
:1031700002F02CFF152002F029FF102002F026FF9C
:10318000002002F023FFE12002F02CFF002002F0DB
:103190001DFF0B2002F01AFF132002F017FF0D2075
:1031A00002F014FF0E2002F011FF1B2002F00EFFB0
:1031B000712002F00BFF062002F008FF062002F04B
:1031C00005FF0A2002F002FF0F2002F0FFFE0E2092
:1031D00002F0FCFE0F2002F0F9FE152002F0F6FED0
:1031E0000C2002F0F3FE002002F0F0FE2A2002F094
:1031F000F9FE002002F0EAFE002002F0E7FE0120C6
:1032000002F0E4FEDF2002F0E1FE2B2002F0EAFEF5
:10321000002002F0DBFE002002F0D8FE032002F0C6
:10322000D5FE1F2002F0D2FE3A2002F0DBFE552030
:1032300002F0CCFE362002F0D5FE002002F0C6FEE1
:10324000112002F0CFFE7820FFF79AFA292002F031
:10325000C9FE1420FFF794FA2C2002F0C3FE10BD23
:1032600010B5ED2002F0BEFE012002F0AFFEFE2000
:1032700002F0ACFEEE2002F0B5FEDE2002F0A6FE6B
:10328000212002F0A3FEF12002F0ACFE012002F0AA
:103290009DFEDF2002F0A6FE102002F097FEC42063
:1032A00002F0A0FE8F2002F091FEC62002F09AFEEE
:1032B000002002F08BFEE22002F088FEE22002F005
:1032C00085FEE22002F082FEBF2002F08BFEAA20E3
:1032D00002F07CFEB02002F085FE0D2002F076FEAA
:1032E000002002F073FE0D2002F070FE002002F0BC
:1032F0006DFE112002F06AFE002002F067FE192028
:1033000002F064FE002002F061FE212002F05EFE69
:10331000002002F05BFE2D2002F058FE002002F09B
:1033200055FE3D2002F052FE002002F04FFE5D20CF
:1033300002F04CFE002002F049FE5D2002F046FE45
:10334000002002F043FEB12002F04CFE802002F08B
:103350003DFE002002F03AFE8B2002F037FE0020F6
:1033600002F034FE962002F031FE002002F02EFE24
:10337000B22002F037FE002002F028FE002002F00A
:1033800025FE022002F022FE002002F01FFE032094
:1033900002F01CFE002002F019FEB32002F022FE13
:1033A000002002F013FE002002F010FE002002F0C8
:1033B0000DFE002002F00AFE002002F007FE0020B1
:1033C00002F004FE002002F001FE002002F0FEFDEB
:1033D000002002F0FBFD002002F0F8FD002002F0CA
:1033E000F5FD002002F0F2FD002002F0EFFD0020CC
:1033F00002F0ECFD002002F0E9FD002002F0E6FD05
:10340000002002F0E3FD002002F0E0FD002002F0C9
:10341000DDFD002002F0DAFD002002F0D7FD0020E3
:1034200002F0D4FD002002F0D1FD002002F0CEFD1C
:10343000B42002F0D7FD8B2002F0C8FD002002F07E
:10344000C5FD962002F0C2FD002002F0BFFDA120C4
:1034500002F0BCFD002002F0B9FDB52002F0C2FD73
:10346000022002F0B3FD002002F0B0FD032002F0C4
:10347000ADFD002002F0AAFD042002F0A7FD00200F
:1034800002F0A4FDB62002F0ADFD002002F09EFD8A
:10349000002002F09BFDB72002F0A4FD002002F006
:1034A00095FD002002F092FD3F2002F08FFD0020EC
:1034B00002F08CFD5E2002F089FD002002F086FD06
:1034C000642002F083FD002002F080FD8C2002F0D9
:1034D0007DFD002002F07AFDAC2002F077FD002097
:1034E00002F074FDDC2002F071FD002002F06EFDA0
:1034F000702002F06BFD002002F068FD902002F0C9
:1035000065FD002002F062FDEB2002F05FFD00206F
:1035100002F05CFDDC2002F059FD002002F056FDB7
:10352000B82002F05FFD002002F050FD002002F004
:103530004DFD002002F04AFD002002F047FD002072
:1035400002F044FD002002F041FD002002F03EFDAB
:10355000002002F03BFDBA2002F044FD242002F0DE
:1035600035FD002002F032FD002002F02FFD00208A
:1035700002F02CFDC12002F035FD202002F026FDD6
:10358000002002F023FD542002F020FD002002F074
:103590001DFDFF2002F01AFD002002F017FDC220E1
:1035A00002F020FD0A2002F011FD002002F00EFDC5
:1035B000042002F00BFD002002F008FDC32002F001
:1035C00011FD3C2002F002FD002002F0FFFC3A2039
:1035D00002F0FCFC002002F0F9FC392002F0F6FCBD
:1035E000002002F0F3FC372002F0F0FC002002F093
:1035F000EDFC3C2002F0EAFC002002F0E7FC362063
:1036000002F0E4FC002002F0E1FC322002F0DEFCDB
:10361000002002F0DBFC2F2002F0D8FC002002F09A
:10362000D5FC2C2002F0D2FC002002F0CFFC292097
:1036300002F0CCFC002002F0C9FC262002F0C6FCFF
:10364000002002F0C3FC242002F0C0FC002002F0A5
:10365000BDFC242002F0BAFC002002F0B7FC2320BD
:1036600002F0B4FC002002F0B1FC3C2002F0AEFC01
:10367000002002F0ABFC362002F0A8FC002002F093
:10368000A5FC322002F0A2FC002002F09FFC2F20BB
:1036900002F09CFC002002F099FC2C2002F096FC29
:1036A000002002F093FC292002F090FC002002F0A0
:1036B0008DFC262002F08AFC002002F087FC2420EA
:1036C00002F084FC002002F081FC242002F07EFC49
:1036D000002002F07BFC232002F078FC002002F0A6
:1036E00075FCC42002F07EFC622002F06FFC00201A
:1036F00002F06CFC052002F069FC002002F066FC80
:10370000842002F063FC002002F060FCF02002F054
:103710005DFC002002F05AFC182002F057FC00204B
:1037200002F054FCA42002F051FC002002F04EFCF8
:10373000182002F04BFC002002F048FC502002F060
:1037400045FC002002F042FC0C2002F03FFC00206F
:1037500002F03CFC172002F039FC002002F036FC9D
:10376000952002F033FC002002F030FCF32002F040
:103770002DFC002002F02AFCE62002F027FC0020AD
:1037800002F024FCC52002F02DFC322002F01EFCC9
:10379000002002F01BFC442002F018FC002002F084
:1037A00015FC652002F012FC002002F00FFC7620D0
:1037B00002F00CFC002002F009FC882002F006FC5C
:1037C000002002F003FCC62002F00CFC202002F0D6
:1037D000FDFB002002F0FAFB172002F0F7FB0020AF
:1037E00002F0F4FB012002F0F1FB002002F0EEFBFE
:1037F000C72002F0F7FB002002F0E8FB002002F0F7
:10380000E5FB002002F0E2FB002002F0DFFBC82015
:1038100002F0E8FB002002F0D9FB002002F0D6FB0A
:10382000002002F0D3FB002002F0D0FBC92002F000
:10383000D9FB002002F0CAFB002002F0C7FB0020E9
:1038400002F0C4FB002002F0C1FB002002F0BEFB2E
:10385000002002F0BBFB002002F0B8FB002002F0C9
:10386000B5FB002002F0B2FB002002F0AFFB00200D
:1038700002F0ACFB002002F0A9FB002002F0A6FB46
:10388000002002F0A3FB002002F0A0FB002002F0C9
:103890009DFBE02002F0A6FB162002F097FB002023
:1038A00002F094FB1C2002F091FB002002F08EFB42
:1038B000212002F08BFB002002F088FB362002F072
:1038C00085FB002002F082FB462002F07FFB0020F7
:1038D00002F07CFB522002F079FB002002F076FB24
:1038E000642002F073FB002002F070FB7A2002F0EB
:1038F0006DFB002002F06AFB8B2002F067FB0020CA
:1039000002F064FB992002F061FB002002F05EFBF4
:10391000A82002F05BFB002002F058FBB92002F067
:1039200055FB002002F052FBC42002F04FFB0020A8
:1039300002F04CFBCA2002F049FB002002F046FBDB
:10394000D22002F043FB002002F040FBD92002F01D
:103950003DFB002002F03AFBE02002F037FB0020A4
:1039600002F034FBF32002F031FB002002F02EFBCA
:10397000E12002F037FB162002F028FB002002F0C5
:1039800025FB1C2002F022FB002002F01FFB22205E
:1039900002F01CFB002002F019FB362002F016FB9F
:1039A000002002F013FB452002F010FB002002F083
:1039B0000DFB522002F00AFB002002F007FB6420FE
:1039C00002F004FB002002F001FB7A2002F0FEFA74
:1039D000002002F0FBFA8B2002F0F8FA002002F03F
:1039E000F5FA992002F0F2FA002002F0EFFAA8208E
:1039F00002F0ECFA002002F0E9FAB92002F0E6FA4F
:103A0000002002F0E3FAC42002F0E0FA002002F005
:103A1000DDFACA2002F0DAFA002002F0D7FAD2204A
:103A200002F0D4FA002002F0D1FAD82002F0CEFA47
:103A3000002002F0CBFAE02002F0C8FA002002F0E9
:103A4000C5FAF32002F0C2FA002002F0BFFAE22029
:103A500002F0C8FA052002F0B9FA002002F0B6FA26
:103A60000B2002F0B3FA002002F0B0FA1B2002F0A3
:103A7000ADFA002002F0AAFA342002F0A7FA0020E2
:103A800002F0A4FA442002F0A1FA002002F09EFA0B
:103A90004F2002F09BFA002002F098FA612002F019
:103AA00095FA002002F092FA792002F08FFA0020B5
:103AB00002F08CFA882002F089FA002002F086FADF
:103AC000972002F083FA002002F080FAA62002F08C
:103AD0007DFA002002F07AFAB72002F077FA00208F
:103AE00002F074FAC22002F071FA002002F06EFABD
:103AF000C72002F06BFA002002F068FAD12002F031
:103B000065FA002002F062FAD62002F05FFA002087
:103B100002F05CFADD2002F059FA002002F056FAB9
:103B2000F32002F053FA002002F050FAE32002F0F2
:103B300059FA052002F04AFA002002F047FA0A205A
:103B400002F044FA002002F041FA1C2002F03EFA92
:103B5000002002F03BFA332002F038FA002002F095
:103B600035FA442002F032FA002002F02FFA5020F9
:103B700002F02CFA002002F029FA622002F026FA64
:103B8000002002F023FA782002F020FA002002F050
:103B90001DFA882002F01AFA002002F017FA972086
:103BA00002F014FA002002F011FAA62002F00EFA38
:103BB000002002F00BFAB72002F008FA002002F011
:103BC00005FAC22002F002FA002002F0FFF9C72035
:103BD00002F0FCF9002002F0F9F9D12002F0F6F928
:103BE000002002F0F3F9D52002F0F0F9002002F0F5
:103BF000EDF9DD2002F0EAF9002002F0E7F9F32008
:103C000002F0E4F9002002F0E1F9E42002F0EAF920
:103C1000012002F0DBF9002002F0D8F9012002F0C7
:103C2000D5F9002002F0D2F9022002F0CFF90020ED
:103C300002F0CCF92A2002F0C9F9002002F0C6F9FE
:103C40003C2002F0C3F9002002F0C0F94B2002F042
:103C5000BDF9002002F0BAF95D2002F0B7F90020AA
:103C600002F0B4F9742002F0B1F9002002F0AEF9CC
:103C7000842002F0ABF9002002F0A8F9932002F0B2
:103C8000A5F9002002F0A2F9A22002F09FF900207D
:103C900002F09CF9B32002F099F9002002F096F9A5
:103CA000BE2002F093F9002002F090F9C42002F047
:103CB0008DF9002002F08AF9CD2002F087F900206A
:103CC00002F084F9D32002F081F9002002F07EF99D
:103CD000DD2002F07BF9002002F078F9F32002F0F9
:103CE00075F9002002F072F9E52002F07BF900205E
:103CF00002F06CF9002002F069F9002002F066F988
:103D0000002002F063F9022002F060F9002002F0C6
:103D10005DF9292002F05AF9002002F057F93C2001
:103D200002F054F9002002F051F94B2002F04EF954
:103D3000002002F04BF95D2002F048F9002002F06B
:103D400045F9742002F042F9002002F03FF9842086
:103D500002F03CF9002002F039F9932002F036F924
:103D6000002002F033F9A22002F030F9002002F026
:103D70002DF9B32002F02AF9002002F027F9BE2025
:103D800002F024F9002002F021F9C42002F01EF90B
:103D9000002002F01BF9CD2002F018F9002002F0FB
:103DA00015F9D32002F012F9002002F00FF9DC20FF
:103DB00002F00CF9002002F009F9F32002F006F9F4
:103DC000002002F003F9E62002F00CF9112002F0C5
:103DD000FDF8002002F0FAF8342002F0F7F8002095
:103DE00002F0F4F8562002F0F1F8002002F0EEF8AC
:103DF000762002F0EBF8002002F0E8F8772002F0DD
:103E0000E5F8002002F0E2F8662002F0DFF800207A
:103E100002F0DCF8882002F0D9F8002002F0D6F891
:103E2000992002F0D3F8002002F0D0F8BB2002F075
:103E3000CDF8002002F0CAF8992002F0C7F800205F
:103E400002F0C4F8662002F0C1F8002002F0BEF8CB
:103E5000552002F0BBF8002002F0B8F8552002F01F
:103E6000B5F8002002F0B2F8452002F0AFF80020CB
:103E700002F0ACF8432002F0A9F8002002F0A6F806
:103E8000442002F0A3F8002002F0A0F8E72002F09E
:103E9000A9F8322002F09AF8002002F097F8552095
:103EA00002F094F8002002F091F8762002F08EF8EB
:103EB000002002F08BF8662002F088F8002002F063
:103EC00085F8672002F082F8002002F07FF8672072
:103ED00002F07CF8002002F079F8872002F076F8F2
:103EE000002002F073F8992002F070F8002002F030
:103EF0006DF8BB2002F06AF8002002F067F8992004
:103F000002F064F8002002F061F8772002F05EF819
:103F1000002002F05BF8442002F058F8002002F084
:103F200055F8562002F052F8002002F04FF82320F6
:103F300002F04CF8002002F049F8332002F046F875
:103F4000002002F043F8452002F040F8002002F083
:103F50003DF8E82002F046F8002002F037F8002093
:103F600002F034F8992002F031F8002002F02EF827
:103F7000872002F02BF8002002F028F8882002F0B9
:103F800025F8002002F022F8772002F01FF8002028
:103F900002F01CF8662002F019F8002002F016F872
:103FA000882002F013F8002002F010F8AA2002F096
:103FB0000DF8002002F00AF8BB2002F007F80020FC
:103FC00002F004F8992002F001F8002001F0FEFF51
:103FD000662001F0FBFF002001F0F8FF552001F002
:103FE000F5FF002001F0F2FF552001F0EFFF002067
:103FF00001F0ECFF442001F0E9FF002001F0E6FFB2
:10400000442001F0E3FF002001F0E0FF552001F023
:10401000DDFF002001F0DAFFE92001F0E3FFAA2034
:1040200001F0D4FF002001F0D1FF002001F0CEFF0D
:10403000002001F0CBFF002001F0D4FFAA2001F006
:10404000C5FFCF2001F0CEFF002001F0BFFF002010
:1040500001F0BCFF002001F0B9FF002001F0B6FF25
:10406000002001F0B3FF002001F0B0FF002001F0BC
:10407000ADFF002001F0AAFF002001F0A7FF002003
:1040800001F0A4FF002001F0A1FF002001F09EFF3D
:10409000002001F09BFF002001F098FF002001F0BC
:1040A00095FF002001F092FF002001F08FFFF0202B
:1040B00001F098FF002001F089FF502001F086FFF9
:1040C000002001F083FF002001F080FF002001F0BC
:1040D0007DFFF32001F086FF002001F077FFF9203B
:1040E00001F080FF062001F071FF102001F06EFF4B
:1040F000292001F06BFF002001F068FF3A2001F059
:1041000071FF552001F062FF112001F06BFF642068
:10411000FEF736FB292001F065FF352001F062FF34
:10412000002001F053FF512001F05CFFFF2001F05F
:104130004DFF532001F056FF2C2001F047FF552082
:1041400001F050FF822001F041FF2C2001F04AFFD6
:1041500010BD10B555214FF4704001F059FFAA2150
:104160004FF2010001F054FF52214FF2020001F022
:104170004FFF08214FF2030001F04AFF01214FF2E7
:10418000040001F045FF0D214FF4304001F040FFE5
:104190000D214BF2010001F03BFF0D214BF202001B
:1041A00001F036FF34214FF4364001F031FF342165
:1041B0004BF2016001F02CFF34214BF2026001F060
:1041C00027FF0D214FF4314001F022FF0D214BF26A
:1041D000011001F01DFF0D214BF2021001F018FF3C
:1041E00034214FF4374001F013FF34214BF20170BA
:1041F00001F00EFF34214BF2027001F009FF0021A3
:104200004FF4324001F004FF00214BF2012001F095
:10421000FFFE00214BF2022001F0FAFE24214FF4B0
:10422000384001F0F5FE24214BF6010001F0F0FECC
:1042300024214BF6020001F0EBFE01214FF43F4038
:1042400001F0E6FE0F214FF4334001F0E1FE0F21B3
:104250004BF2013001F0DCFE0F214BF2023001F095
:10426000D7FE34214FF4394001F0D2FE34214BF611
:10427000011001F0CDFE34214BF6021001F0C8FE12
:1042800008214FF4354001F0C3FE08214BF20150E4
:1042900001F0BEFE08214BF2025001F0B9FE0321ED
:1042A0004FF4424001F0B4FE24214FF43A4001F0B3
:1042B000AFFE24214BF6012001F0AAFE24214BF68B
:1042C000022001F0A5FE00214FF43C4001F0A0FEC9
:1042D00078214BF6014001F09BFE00214BF6024095
:1042E00001F096FE00214FF43D4001F091FE78214F
:1042F0004BF6015001F08CFE00214BF6025001F00C
:1043000087FE00214FF43E4001F082FE64214BF60F
:10431000016001F07DFE00214FF4514001F078FE74
:1043200033214DF2011001F073FE00214DF2021015
:1043300001F06EFE34214DF2031001F069FE002100
:104340004DF2041001F064FE3A214DF2051001F027
:104350005FFE00214DF2061001F05AFE4A214DF297
:10436000071001F055FE00214DF2081001F050FE3B
:104370005C214DF2091001F04BFE00214DF20A10B4
:1043800001F046FE81214DF20B1001F041FE0021AB
:104390004DF20C1001F03CFEA6214DF20D1001F083
:1043A00037FE00214DF20E1001F032FEE5214DF2F4
:1043B0000F1001F02DFE01214DF2101001F028FE2A
:1043C00013214DF2111001F023FE01214DF21210C4
:1043D00001F01EFE54214DF2131001F019FE0121CF
:1043E0004DF2141001F014FE82214DF2151001F06F
:1043F0000FFE01214DF2161001F00AFECA214DF206
:10440000171001F005FE02214DF2181001F000FE18
:1044100000214DF2191001F0FBFD02214DF21A109E
:1044200001F0F6FD01214DF21B1001F0F1FD02211A
:104430004DF21C1001F0ECFD34214DF21D1001F085
:10444000E7FD02214DF21E1001F0E2FD67214DF261
:104450001F1001F0DDFD02214DF2201001F0D8FD0A
:1044600084214DF2211001F0D3FD02214DF22210E2
:1044700001F0CEFDA4214DF2231001F0C9FD02216F
:104480004DF2241001F0C4FDB7214DF2251001F0CA
:10449000BFFD02214DF2261001F0BAFDCF214DF2F1
:1044A000271001F0B5FD02214DF2281001F0B0FDFA
:1044B000DE214DF2291001F0ABFD02214DF22A1050
:1044C00001F0A6FDF2214DF22B1001F0A1FD022119
:1044D0004DF22C1001F09CFDFE214DF22D1001F04B
:1044E00097FD03214DF22E1001F092FD10214DF2A7
:1044F0002F1001F08DFD03214DF2301001F088FDE9
:1045000033214DF2311001F083FD03214DF23210C1
:1045100001F07EFD6D214DF2331001F079FD002197
:104520004FF4524001F074FD33214DF2012001F0AF
:104530006FFD00214DF2022001F06AFD34214DF2A1
:10454000032001F065FD00214DF2042001F060FD23
:104550003A214DF2052001F05BFD00214DF20620CD
:1045600001F056FD4A214DF2072001F051FD0021D6
:104570004DF2082001F04CFD5C214DF2092001F0C4
:1045800047FD00214DF20A2001F042FD81214DF24C
:104590000B2001F03DFD00214DF20C2001F038FD13
:1045A000A6214DF20D2001F033FD00214DF20E2029
:1045B00001F02EFDE5214DF20F2001F029FD012132
:1045C0004DF2102001F024FD13214DF2112001F0D5
:1045D0001FFD01214DF2122001F01AFD54214DF270
:1045E000132001F015FD01214DF2142001F010FD02
:1045F00082214DF2152001F00BFD01214DF2162014
:1046000001F006FDCA214DF2172001F001FD022143
:104610004DF2182001F0FCFC00214DF2192001F0B0
:10462000F7FC02214DF21A2001F0F2FC01214DF2BB
:104630001B2001F0EDFC02214DF21C2001F0E8FCF2
:1046400034214DF21D2001F0E3FC02214DF21E2029
:1046500001F0DEFC67214DF21F2001F0D9FC0221A0
:104660004DF2202001F0D4FC84214DF2212001F0F4
:10467000CFFC02214DF2222001F0CAFCA4214DF210
:10468000232001F0C5FC02214DF2242001F0C0FCE2
:10469000B7214DF2252001F0BBFC02214DF226206E
:1046A00001F0B6FCCF214DF2272001F0B1FC022130
:1046B0004DF2282001F0ACFCDE214DF2292001F062
:1046C000A7FC02214DF22A2001F0A2FCF2214DF2BA
:1046D0002B2001F09DFC02214DF22C2001F098FCD2
:1046E000FE214DF22D2001F093FC03214DF22E20EE
:1046F00001F08EFC10214DF22F2001F089FC0321E6
:104700004DF2302001F084FC33214DF2312001F0D4
:104710007FFC03214DF2322001F07AFC6D214DF235
:10472000332001F075FC00214FF4534001F070FC80
:1047300033214DF2013001F06BFC00214DF20230CB
:1047400001F066FC34214DF2033001F061FC0021E0
:104750004DF2043001F05CFC3A214DF2053001F0DD
:1047600057FC00214DF2063001F052FC4A214DF277
:10477000073001F04DFC00214DF2083001F048FCFB
:104780005C214DF2093001F043FC00214DF20A306A
:1047900001F03EFC81214DF20B3001F039FC00218B
:1047A0004DF20C3001F034FCA6214DF20D3001F039
:1047B0002FFC00214DF20E3001F02AFCE5214DF2D4
:1047C0000F3001F025FC01214DF2103001F020FCEA
:1047D00013214DF2113001F01BFC01214DF212307A
:1047E00001F016FC54214DF2133001F011FC0121AF
:1047F0004DF2143001F00CFC82214DF2153001F025
:1048000007FC01214DF2163001F002FCCA214DF2E5
:10481000173001F0FDFB02214DF2183001F0F8FBDA
:1048200000214DF2193001F0F3FB02214DF21A3054
:1048300001F0EEFB01214DF21B3001F0E9FB0221FA
:104840004DF21C3001F0E4FB34214DF21D3001F03B
:10485000DFFB02214DF21E3001F0DAFB67214DF241
:104860001F3001F0D5FB02214DF2203001F0D0FBCA
:1048700084214DF2213001F0CBFB02214DF2223098
:1048800001F0C6FBA4214DF2233001F0C1FB02214F
:104890004DF2243001F0BCFBB7214DF2253001F080
:1048A000B7FB02214DF2263001F0B2FBCF214DF2D1
:1048B000273001F0ADFB02214DF2283001F0A8FBBA
:1048C000DE214DF2293001F0A3FB02214DF22A3006
:1048D00001F09EFBF2214DF22B3001F099FB0221F9
:1048E0004DF22C3001F094FBFE214DF22D3001F001
:1048F0008FFB03214DF22E3001F08AFB10214DF287
:104900002F3001F085FB03214DF2303001F080FBA8
:1049100033214DF2313001F07BFB03214DF2323077
:1049200001F076FB6D214DF2333001F071FB002177
:104930004FF4544001F06CFB33214DF2014001F083
:1049400067FB00214DF2024001F062FB34214DF281
:10495000034001F05DFB00214DF2044001F058FBE3
:104960003A214DF2054001F053FB00214DF2064083
:1049700001F04EFB4A214DF2074001F049FB0021B6
:104980004DF2084001F044FB5C214DF2094001F07A
:104990003FFB00214DF20A4001F03AFB81214DF22C
:1049A0000B4001F035FB00214DF20C4001F030FBD3
:1049B000A6214DF20D4001F02BFB00214DF20E40DF
:1049C00001F026FBE5214DF20F4001F021FB012112
:1049D0004DF2104001F01CFB13214DF2114001F08B
:1049E00017FB01214DF2124001F012FB54214DF250
:1049F000134001F00DFB01214DF2144001F008FBC2
:104A000082214DF2154001F003FB01214DF21640C9
:104A100001F0FEFACA214DF2174001F0F9FA022125
:104A20004DF2184001F0F4FA00214DF2194001F066
:104A3000EFFA02214DF21A4001F0EAFA01214DF29B
:104A40001B4001F0E5FA02214DF21C4001F0E0FAB2
:104A500034214DF21D4001F0DBFA02214DF21E40DF
:104A600001F0D6FA67214DF21F4001F0D1FA022180
:104A70004DF2204001F0CCFA84214DF2214001F0AA
:104A8000C7FA02214DF2224001F0C2FAA4214DF2F0
:104A9000234001F0BDFA02214DF2244001F0B8FAA2
:104AA000B7214DF2254001F0B3FA02214DF2264024
:104AB00001F0AEFACF214DF2274001F0A9FA022110
:104AC0004DF2284001F0A4FADE214DF2294001F018
:104AD0009FFA02214DF22A4001F09AFAF2214DF29A
:104AE0002B4001F095FA02214DF22C4001F090FA92
:104AF000FE214DF22D4001F08BFA03214DF22E40A4
:104B000001F086FA10214DF22F4001F081FA0321C5
:104B10004DF2304001F07CFA33214DF2314001F08A
:104B200077FA03214DF2324001F072FA6D214DF215
:104B3000334001F06DFA00214FF4554001F068FA5E
:104B400033214DF2015001F063FA00214DF2025081
:104B500001F05EFA34214DF2035001F059FA0021C0
:104B60004DF2045001F054FA3A214DF2055001F093
:104B70004FFA00214DF2065001F04AFA4A214DF257
:104B8000075001F045FA00214DF2085001F040FABB
:104B90005C214DF2095001F03BFA00214DF20A5020
:104BA00001F036FA81214DF20B5001F031FA00216B
:104BB0004DF20C5001F02CFAA6214DF20D5001F0EF
:104BC00027FA00214DF20E5001F022FAE5214DF2B4
:104BD0000F5001F01DFA01214DF2105001F018FAAA
:104BE00013214DF2115001F013FA01214DF2125030
:104BF00001F00EFA54214DF2135001F009FA01218F
:104C00004DF2145001F004FA82214DF2155001F0DA
:104C1000FFF901214DF2165001F0FAF9CA214DF2C7
:104C2000175001F0F5F902214DF2185001F0F0F99A
:104C300000214DF2195001F0EBF902214DF21A500A
:104C400001F0E6F901214DF21B5001F0E1F90221DA
:104C50004DF21C5001F0DCF934214DF21D5001F0F1
:104C6000D7F902214DF21E5001F0D2F967214DF221
:104C70001F5001F0CDF902214DF2205001F0C8F98A
:104C800084214DF2215001F0C3F902214DF222504E
:104C900001F0BEF9A4214DF2235001F0B9F902212F
:104CA0004DF2245001F0B4F9B7214DF2255001F036
:104CB000AFF902214DF2265001F0AAF9CF214DF2B1
:104CC000275001F0A5F902214DF2285001F0A0F97A
:104CD000DE214DF2295001F09BF902214DF22A50BC
:104CE00001F096F9F2214DF22B5001F091F90221D9
:104CF0004DF22C5001F08CF9FE214DF22D5001F0B7
:104D000087F903214DF22E5001F082F910214DF266
:104D10002F5001F07DF903214DF2305001F078F968
:104D200033214DF2315001F073F903214DF232502D
:104D300001F06EF96D214DF2335001F069F9002157
:104D40004FF4564001F064F933214DF2016001F057
:104D50005FF900214DF2026001F05AF934214DF261
:104D6000036001F055F900214DF2046001F050F9A3
:104D70003A214DF2056001F04BF900214DF2066039
:104D800001F046F94A214DF2076001F041F9002196
:104D90004DF2086001F03CF95C214DF2096001F030
:104DA00037F900214DF20A6001F032F981214DF20C
:104DB0000B6001F02DF900214DF20C6001F028F993
:104DC000A6214DF20D6001F023F900214DF20E6095
:104DD00001F01EF9E5214DF20F6001F019F90121F2
:104DE0004DF2106001F014F913214DF2116001F041
:104DF0000FF901214DF2126001F00AF954214DF230
:104E0000136001F005F901214DF2146001F000F981
:104E100082214DF2156001F0FBF801214DF2166080
:104E200001F0F6F8CA214DF2176001F0F1F8022105
:104E30004DF2186001F0ECF800214DF2196001F01C
:104E4000E7F802214DF21A6001F0E2F801214DF27B
:104E50001B6001F0DDF802214DF21C6001F0D8F872
:104E600034214DF21D6001F0D3F802214DF21E6095
:104E700001F0CEF867214DF21F6001F0C9F8022160
:104E80004DF2206001F0C4F884214DF2216001F060
:104E9000BFF802214DF2226001F0BAF8A4214DF2D0
:104EA000236001F0B5F802214DF2246001F0B0F862
:104EB000B7214DF2256001F0ABF802214DF22660DA
:104EC00001F0A6F8CF214DF2276001F0A1F80221F0
:104ED0004DF2286001F09CF8DE214DF2296001F0CE
:104EE00097F802214DF22A6001F092F8F2214DF27A
:104EF0002B6001F08DF802214DF22C6001F088F852
:104F0000FE214DF22D6001F083F803214DF22E6059
:104F100001F07EF810214DF22F6001F079F80321A5
:104F20004DF2306001F074F833214DF2316001F040
:104F30006FF803214DF2326001F06AF86D214DF2F5
:104F4000336001F065F855214FF4704001F060F8CE
:104F5000AA214FF2010001F05BF852214FF202004A
:104F600001F056F808214FF2030001F051F800213A
:104F70004FF2040001F04CF8CC214FF4314001F025
:104F800047F800214BF2011001F042F805214FF4DF
:104F9000364001F03DF870214FF4374001F038F809
:104FA00070214BF2017001F033F801214FF43840C9
:104FB00001F02EF803214BF6010001F029F803213E
:104FC0004BF6020001F024F803214BF6030001F038
:104FD0001FF802214FF43C4001F01AF800214BF673
:104FE000014001F015F800214BF6024001F010F8E5
:104FF000D0214FF4494001F00BF802214CF601108A
:1050000001F006F850214CF6021001F001F8502191
:105010004CF6031000F0FCFF50214CF6041000F099
:10502000F7FF00214FF4545000F0F2FF55214FF4E8
:10503000685000F0EDFF4FF4885000F0D3FF782067
:10504000FDF7AAFB4FF4245000F0CCFF10BD10B5C3
:10505000E22000F0C7FF1D2000F0B8FF022000F0A2
:10506000B5FF042000F0B2FF6420FDF795FBE020BF
:1050700000F0B8FF012000F0A9FF0A20FDF780FB37
:10508000E02000F0AFFF032000F0A0FF0C20FDF7B0
:1050900077FB012000F0A6FF0A20FDF771FBE62058
:1050A00000F0A0FF2F2000F091FFFF2000F08EFF06
:1050B000FF2000F08BFFB02000F094FF202000F0D4
:1050C00085FF002000F082FF032000F07FFF40F208
:1050D0001F3000F07BFF012000F078FF40F2DF106E
:1050E00000F074FF002000F071FFB42000F07AFFA0
:1050F000042000F06BFF40F21F4000F067FF00202B
:1051000000F064FF2E2000F061FF002000F05EFF41
:10511000002000F05BFF002000F058FF002000F0AE
:1051200055FFB62000F05EFF022000F04FFF4FF465
:10513000037000F04BFF002000F048FF172000F044
:1051400045FF152000F042FF002000F03FFF002047
:1051500000F03CFFF02000F045FF032000F036FF98
:10516000292000F03FFFD02000F03CFF002000F09D
:105170002DFFBE2000F036FF052000F027FFFE20A7
:1051800000F024FF012000F021FF002000F01EFFAE
:10519000002000F01BFF002000F018FFB82000F0F6
:1051A00021FF032000F012FF012000F00FFFBA20C2
:1051B00000F018FF012000F009FF10BD10B511200C
:1051C00000F010FF7820FDF7DBFA362000F00AFF30
:1051D000002000F0FBFE3A2000F004FF052000F064
:1051E000F5FEB22000F0FEFE0C2000F0EFFE0C20D9
:1051F00000F0ECFE002000F0E9FE332000F0E6FEB7
:10520000332000F0E3FEB72000F0ECFE352000F084
:10521000DDFEBB2000F0E6FE322000F0D7FEC0200D
:1052200000F0E0FE0C2000F0D1FEC22000F0DAFE1B
:10523000012000F0CBFEC32000F0D4FE102000F0CF
:10524000C5FEC42000F0CEFE202000F0BFFEC62028
:1052500000F0C8FE0F2000F0B9FED02000F0C2FE22
:10526000A42000F0B3FEA12000F0B0FEE02000F08A
:10527000B9FED02000F0AAFE002000F0A7FE022018
:1052800000F0A4FE072000F0A1FE0A2000F09EFE20
:10529000282000F09BFE322000F098FE442000F011
:1052A00095FE422000F092FE062000F08FFE0E20B8
:1052B00000F08CFE122000F089FE142000F086FE23
:1052C000172000F083FEE12000F08CFED02000F0DB
:1052D0007DFE002000F07AFE022000F077FE07201D
:1052E00000F074FE0A2000F071FE282000F06EFE2F
:1052F000312000F06BFE542000F068FE472000F0E3
:1053000065FE0E2000F062FE1C2000F05FFE1720FC
:1053100000F05CFE1B2000F059FE1E2000F056FE3F
:105320002A2000F05FFE002000F050FE002000F078
:105330004DFE002000F04AFEEF2000F047FE2B203B
:1053400000F050FE002000F041FE002000F03EFE84
:10535000012000F03BFE3F2000F038FE292000F045
:1053600041FE10BD10B5112000F03CFE7820FDF785
:1053700007FA362000F036FE482000F027FE3A20DB
:1053800000F030FE552000F021FEF02000F02AFE53
:10539000C32000F01BFEF02000F024FE962000F059
:1053A00015FEB42000F01EFE012000F00FFEB62016
:1053B00000F018FE0A2000F009FEA22000F006FE10
:1053C000B72000F00FFEC62000F000FEB92000F06C
:1053D00009FE022000F0FAFDE02000F0F7FDC020F9
:1053E00000F000FE802000F0F1FD162000F0EEFD40
:1053F000C12000F0F7FD192000F0E8FDC22000F008
:10540000F1FDA72000F0E2FDC52000F0EBFD162025
:1054100000F0DCFDE82000F0E5FD402000F0D6FDC6
:105420008A2000F0D3FD002000F0D0FD002000F025
:10543000CDFD292000F0CAFD192000F0C7FDA520F0
:1054400000F0C4FD332000F0C1FDE02000F0CAFDF3
:10545000F02000F0BBFD072000F0B8FD0D2000F0AB
:10546000B5FD042000F0B2FD052000F0AFFD1420D2
:1054700000F0ACFD362000F0A9FD542000F0A6FDA0
:105480004C2000F0A3FD382000F0A0FD132000F018
:105490009DFD142000F09AFD2E2000F097FD342091
:1054A00000F094FDE12000F09DFDF02000F08EFD65
:1054B000102000F08BFD142000F088FD0E2000F07D
:1054C00085FD0C2000F082FD082000F07FFD3520D6
:1054D00000F07CFD442000F079FD4C2000F076FDCA
:1054E000262000F073FD102000F070FD122000F067
:1054F0006DFD2C2000F06AFD322000F067FDF020E9
:1055000000F070FD3C2000F061FDF02000F06AFD2D
:10551000692000F05BFD7820FDF732F9212000F0D2
:1055200061FD292000F05EFD10BD000000B595B0C2
:1055300000BF00BF00200190F848006840F0400024
:10554000F64908600846006800F04000019000BF7E
:1055500000BF00BF00BF00BF0020019008460068E8
:1055600040F0080008600846006800F0080001905C
:1055700000BF00BF00BF00BF00BF00200190084671
:10558000006840F0080008600846006800F0080065
:10559000019000BF00BF00BF00BF00BF002001900E
:1055A0000846006840F0400008600846006800F0C7
:1055B0004000019000BF00BF00BF00BF00BF00203F
:1055C00001900846006840F0020008600846006844
:1055D00000F00200019000BF00BF00BF88141090CF
:1055E0000220119001201290022013900C201490A0
:1055F00010A9CB48FBF7DCFA2020109010A9C9486D
:10560000FBF7D6FA1020109010A9C648FBF7D0FA85
:105610004FF48050109010A9C348FBF7C9FA4FF41B
:10562000004010900120119010A9C048FBF7C0FA6B
:105630004FF02040BE490860BE48486006208860A0
:105640000021BB48C1601021416100218161C1611D
:1056500041624FF4805181620021C1624FF4804168
:1056600001630021416381630F20099000200A90AB
:105670003C200B9000200F90092002900020039006
:10568000092004900020089002AA09A9A848FBF765
:10569000F1FF3220FDF774F8D32000F0A3FC00F0F6
:1056A000D5F9A549888000F0D1F9A349888000F098
:1056B000CDF9A1498880084680884FF6FF7101EA3C
:1056C00000209D49888000F0C1F99B4989880843E2
:1056D000994988800846808849F2413188427CD0C7
:1056E000042000F07FFC00F0B1F99349888000F0BD
:1056F000ADF99149888000F0A9F98F498880084662
:1057000080884FF6FF7101EA00208B49888000F005
:105710009DF9894989880843874988800846808897
:1057200048F25251884203D147F2897082498880F9
:105730008148808847F289718842D0D0D42000F017
:1057400051FC00F083F97C49888000F07FF97A49A8
:10575000888000F07BF978498880084680884FF679
:10576000FF7101EA00207449888000F06FF97249E6
:1057700089880843704988800846808845F210313E
:105780008842ACD0D32000F02DFC00F05FF96A49CC
:10579000888000F05BF96849888000F057F9664915
:1057A0008880084680884FF6FF7101EA0020624930
:1057B000888000F04BF96049898808435E498880F9
:1057C0000846808847F29671884288D055214FF468
:1057D000704000F01DFCAA2100E07EE04FF20100C5
:1057E00000F016FC52214FF2020000F011FC0821DB
:1057F0004FF2030000F00CFC01214FF2040000F016
:1058000007FC4FF4454000F0EDFB00F01FF94A495A
:105810008880084680884FF6FF7101EA00204649DB
:1058200088804CF2015000F0DDFB00F00FF9424996
:1058300089880843404988800520FCF7A1FF3E483D
:10584000808845F21051884247D0D32000F0CAFB2F
:1058500000F0FCF83849888000F0F8F83649888074
:1058600000F0F4F834498880084680884FF6FF71CC
:1058700001EA00203049888000F0E8F82E49898844
:1058800008432D4988800846808849F606018842E9
:1058900023D0A12000F0A6FB00F0D8F8264988808C
:1058A00000F0D4F824498880084680884FF6FF71BC
:1058B00001EA00202049888000F0C8F81E49898844
:1058C00008431D4988800846808845F261718842F6
:1058D00003D141F66310184988801748818817A0C2
:1058E000FAF7AEFD1448808847F28971884202D1E8
:1058F000FFF764FC4EE01048808849F2413188424D
:1059000002D1FDF7F7F945E00B48808845F21031E8
:10591000884219D1FDF7A4FC3CE000003038024079
:1059200000180240000C0240001402400004024033
:1059300008040020040100A0580400204C43442027
:1059400049443A25780D0A003A48808847F2967112
:10595000884202D1FFF706FD1CE03648808845F2F8
:105960001051884202D1FEF7F4FB13E031488088E1
:1059700049F60601884202D1FDF7D2FA0AE02D4825
:10598000808841F66311884204D1FFF760FB6420F0
:1059900000F0ECFA2748808847F2897188420BD0E2
:1059A0002448808849F24131884205D021488088C6
:1059B00041F6631188420AD10320029004901E49E7
:1059C0000B6B8A68486802A9FBF714F821E01948B4
:1059D000808845F21031884211D01648808847F2FD
:1059E000967188420BD01348808845F21051884246
:1059F00005D01048808849F60601884209D1022066
:105A0000029004900C490B6B8A68486802A9FAF767
:105A1000F1FF0020FDF7A8F800BF0122D1030748DD
:105A2000FBF7DAF900BF4FF6FF70FDF783F815B00A
:105A300000BD0000580400200804002000040240BB
:105A400000BF011EA0F10100FBD1704708B5022084
:105A5000FFF7F6FF024800880090BDF8000008BD7F
:105A60008000006CF0B50546002400278B48807943
:105A7000012805D18948808841F66311884208D100
:105A800086488079F0B98548808841F6631188425C
:105A900018D1082D15D2DFE805F00406080A0C0E0F
:105AA000101206250DE007250BE0042509E0052569
:105AB00007E0012505E0002503E0032501E00225BC
:105AC00000BF00BF082D1CD2DFE805F00406090C5A
:105AD0000F12151800BF14E044F0800411E044F0E8
:105AE00040040EE044F0C0040BE044F0200408E061
:105AF00044F0600405E044F0A00402E044F0E00457
:105B000000BF00BF36276548808845F210518842A3
:105B100000D13F026148808849F2413188420BD070
:105B20005E48808847F28971884205D05B4880884A
:105B300047F29671884201D144F008042146384664
:105B400000F066FA5548808841F6631188421DD0FE
:105B500004F0200068B151480088504949888842C3
:105B600014DA4E48068840884C490880084646802A
:105B70000CE04A48008849494988884206DD474880
:105B80000688408845490880084646804348808802
:105B900045F21051884252D14049488900F022FA1A
:105BA000002000F013FA3D494989491C88B200F0F1
:105BB00019FA002000F00AFA38494989891C88B28C
:105BC00000F010FA35490988491EC1F30F2000F092
:105BD000FDF932494989C91C88B200F003FA2F49FE
:105BE0000978491EC8B200F0F1F92C49888900F003
:105BF000F9F9002000F0EAF928498989491C88B29E
:105C000000F0F0F9002000F0E1F924498989891CAD
:105C100088B200F0E7F921494988491EC1F30F20F5
:105C200000F0D4F91D498989C91C88B200F0DAF95D
:105C30001A498978491EC8B200F0C8F92DE0174901
:105C4000488900F0CFF9002000F0C0F9002000F0F2
:105C5000BDF912490988491EC1F30F2000F0B6F9B9
:105C60000E490978491EC8B200F0B0F90B4988897D
:105C700000F0B8F9002000F0A9F9002000F0A6F922
:105C800006494988491EC1F30F2000F09FF90349D6
:105C90008978491EC8B200F099F9F0BD5804002077
:105CA00010B502460C464548808841F6631188428B
:105CB00047D142488079A8B940480088401E801AE0
:105CC00082B23E49488900F08DF9002000F07EF94B
:105CD000002000F07BF9101200F078F9D0B200F04B
:105CE00075F916E03549488900F07CF9101200F08A
:105CF0006DF9D0B200F06AF930490988491EC1F344
:105D00000F2000F063F92D490978491EC8B200F050
:105D10005DF92A49888900F065F9201200F056F9EA
:105D2000E0B200F053F925494988491EC1F30F201C
:105D300000F04CF921498978491EC8B200F046F9B3
:105D40003AE01E48808845F21051884220D11B4914
:105D5000488900F047F9101200F038F917494989CD
:105D6000491C88B200F03EF9D0B200F02FF9134977
:105D7000888900F037F9201200F028F90F49898945
:105D8000491C88B200F02EF9E0B200F01FF913E0D0
:105D90000A49488900F026F9101200F017F9D0B22C
:105DA00000F014F90549888900F01CF9201200F070
:105DB0000DF9E0B200F00AF910BD0000580400200F
:105DC0002DE9FC4F80460E4615461C46B346002082
:105DD000019000902046E31704EB5373DB1021463B
:105DE0004FEAE47C04EB5C7C4FEAEC0CA4EBCC0CBB
:105DF000BCF1000F02D04FF0010C01E04FF0000C9D
:105E00006344224604EBD27C4FEA6C0C03FB0CF398
:105E1000DBB20193A5F12000C5B20C2C06D0102CEA
:105E20000BD0182C0ED0202C18D112E005EB450019
:105E30002D4901EB8000009012E02C4800EB05108A
:105E400000900DE005EBC500294901EB80000090B2
:105E500006E0284800EB8510009001E0BDE8FC8FCB
:105E600000BF00273AE0009810F807904FF0000AB2
:105E70002EE009F0800028B1314640460C9AFCF72C
:105E800029FF07E00B9828B91B48314602684046B5
:105E9000FCF720FF4FEA49604FEA1069701C86B298
:105EA00016484088B04200DCD8E7A6EB0B00A042C1
:105EB0000AD15E4608F101001FFA80F80F480088F9
:105EC000404500DCCAE706E00AF1010000F0FF0AE5
:105ED000BAF1080FCDDB00BF781CC7B2019887422A
:105EE000C1DB00BFBAE70000CE8F00084294000873
:105EF000329A00088EA700084400002058040020B1
:105F00002DE9FC4F04460D4690469946DDE90C7A92
:105F10000B9E04F0FF0B08EB04001FFA80F809EB5E
:105F200005001FFA80F917E0444502DB5C46A8191A
:105F300085B24D4500DB15E00020CDE9000A3A7836
:105F4000334629462046FFF73BFF304606EBD0712B
:105F500004EB61018CB27F1C38787E2802DC387833
:105F60002028E1DA00BFBDE8FC8F000070B52DED00
:105F7000048B0446BE2000F035F8052000F026F81A
:105F8000204602F002FF41EC190B9FED0E0B53EC83
:105F9000102B02F00DFF41EC180B02F0C9FE85B288
:105FA000284600F013F8012000F010F8FF2000F060
:105FB0000DF8002000F00AF8002000F007F8BDEC12
:105FC000048B70BD666666666666044001B5BDF802
:105FD00000000090BDF800000149088008BD0000E5
:105FE0008000006C01B5BDF800000090BDF8000015
:105FF0000149088008BD00007E00006C024800894D
:106000000249088070470000580400207E00006CA0
:10601000034A10804FF0D842A2F880107047000069
:106020007E00006C00B587B000BF00BF002001906B
:106030002048006840F020001E49086008460068BB
:1060400000F02000019000BF00BF00BF00BF00BFF4
:10605000002001900846006840F0200008600846D3
:10606000006800F02000019000BF00BF00BF48158D
:1060700002900120039004900220059002A90E488E
:10608000FAF796FD4FF48060029002A90A48FAF7E9
:106090008FFD00BF012251020748FAF79DFE00BFA5
:1060A00000BF012291020448FAF796FE00BF07B034
:1060B00000BD0000303802400014024010B503203B
:1060C000FAF736FFFAF7A6FE0723022208214FF45B
:1060D000A87001F01DFAA820FCF736FB4FF4E13060
:1060E00001F0A6FAFFF79EFFFFF720FAFCF742FC4B
:1060F00000F030FF002000F00BF8022000F008F85C
:10610000012000F005F8FCF7DFFB002010BD0000C7
:1061100010B504460C4951F824104A000B4951F8B7
:106120002400002100F036F8094951F824200749DD
:106130000C3951F82400002100F02CF8012103480B
:106140000C30015510BD000050BF00086400002055
:1061500068BF000810B501460023002207E00B4885
:1061600050F8210030F8120000B15B1C521C0848A6
:1061700050F821009042F2D84FF47A705843044C02
:1061800054F82140B0FBF4F080B210BD6400002050
:1061900050BF000830B5034601E003F8011B141E90
:1061A000A2F10102F9D130BD2DE9F04105460E46BC
:1061B0002948076800202949096881F85D002748B7
:1061C0000068001D01F050FA50B92448006890F8AA
:1061D0002C10012088402249096881432048016031
:1061E000681CD8B9D6B11F4948681C49096888603D
:1061F0001A4982680968CA6018490968091D8268D5
:10620000516016490968091D8160164A13490968D9
:106210004A6111460968491C11601AE07C190F484F
:1062200000684460BC4207D20C480168091D0E4852
:10623000006801F099FA0CE008480168091D0B4854
:10624000006801F091FA0A480068844201D20848C7
:106250000460BDE8F0810000880000207400002088
:106260008C000020F08601207C00002078000020B7
:10627000A400002010B5044601F09CFA31480068E3
:10628000401C304908603048006840B92E4804601E
:106290000846006801280DD100F018FA0AE02B48E2
:1062A000006838B928480068C06AE16A884201D8A5
:1062B0002548046026480068401C254908600846B7
:1062C0000068606494F82C10012088402149096816
:1062D000084320490860E16A01EB81011E4A02EB94
:1062E00081014868A0608268E260211D8268516077
:1062F0008160E16A01EB8101174A02EB8102626170
:10630000E16A01EB8101144A52F82110491CE26A4A
:1063100002EB8202104B43F8221001F097FA0B486F
:10632000006868B108480068C06AE16A884207D21C
:106330004FF0805009490860BFF34F8FBFF36F8F54
:1063400010BD000084000020740000209000002098
:10635000A00000208C0000202084012004ED00E03B
:1063600010B501F027FA10480068D0B90F4801F0C5
:10637000EBF90F4801F0E8F90C480E4908600C48A9
:106380000D49086000221021052001F065FF064933
:1063900008600846006820B108A10348006801F0C1
:1063A00015FB01F053FA10BDC40000200487012042
:1063B00018870120BC000020C0000020546D7251DD
:1063C0000000000010B516E001F0F4F90C48C068B8
:1063D000C468201D01F048F90A480068401E0949B8
:1063E000086009480068401E0749086001F02EFA5D
:1063F000204600F05FF8044800680028E4D110BD92
:10640000DC860120840000208000002070B5044656
:106410000D46206C70B1216CE0680144E160D4E964
:106420000210884201D32168E1602846226CE168AD
:10643000FAF72FF970BD2DE9F04104460F461546D5
:106440004FF00008A66B206C48B9206800282CD1BA
:10645000A06802F027FA80460020A06025E07DB900
:106460003946226C6068FAF714F9216C60680844B8
:106470006060D4E90101884217D32068606014E0AD
:106480003946226CE068FAF704F9216CE068411A99
:10649000E1602168E068884203D2216CA068411A5B
:1064A000E160022D01D106B1761E701CA06340464A
:1064B000BDE8F08110B50446206B01F007FA2046D4
:1064C00001F004FA10BD00000146084A1268126883
:1064D0000AB9012200E000220A600A6822B9034AD0
:1064E0001268D268106800E000207047BC000020ED
:1064F00030B54FF42053174800F007042CB1C01DED
:1065000020F00700134C041B1B1B0246124C226098
:106510000024114D6C60D018083820F007000F4C93
:10652000206000240D4D2D686C600C4D2D682C6092
:106530001146441A4C60094C24680C60084D4C68A4
:106540002C60084D4C682C604FF00044064D2C60C8
:1065500030BD00002C870120D0000020D800002092
:10656000E0000020DC000020EC00002000BFFFF76E
:1065700029FF064800680128F9D94FF080500449E6
:106580000860BFF34F8FBFF36F8FF0E720840120C7
:1065900004ED00E02DE9F04106460D461746984609
:1065A000069C0DB9246000E02760E66325640121A4
:1065B000204601F099FE84F850800020A064BDE8D8
:1065C000F08100002DE9F05F82460F4690469B4621
:1065D0000A9E0C9C4FEA8801A522206BFAF79EF8D0
:1065E000A8F10100216B01EB800929F0070909F0EE
:1065F000070008B9012000E0002028B94FF45872C4
:1066000025A12EA0F9F71CFF87B1002507E0795DD1
:1066100004F134004155785D00B902E06D1C102D85
:10662000F5D300BF00214320015502E0002084F88B
:106630003400202E01D2012000E0002028B940F2D1
:10664000973215A11DA0F9F7FBFE202E00D31F26BF
:10665000E662E66400202065201D01F082F804F166
:10666000180001F07EF82461C6F12000A061646288
:1066700000206065A06584F85C0084F85D005A46DF
:106680005146484600F050FC20600B9808B10B982A
:106690000460BDE8F09F00002E2E5C2E2E5C4D693C
:1066A00064646C6577617265735C467265655254AB
:1066B0004F535C7461736B732E6300004572726F8D
:1066C000723A2025732C2025640D0A0010B5002491
:1066D00007E004EB84010F4A02EB810001F034F87B
:1066E000641C202CF5D30C4801F02EF80B4801F067
:1066F0002BF80B4801F028F80A4801F025F80A4861
:1067000001F022F804480949086004480849086073
:1067100010BD000020840120A0860120B486012045
:10672000C8860120DC860120F08601207800002048
:106730007C00002010B50146164800E000680368A0
:106740008B42FBD30246436813448B4204D1436817
:106750004C682344436001460A464B68134404686E
:10676000A34211D10C4C03682468A34208D04B68A3
:106770000468646823444B6003681B680B6005E091
:10678000054B1B680B6001E003680B60884200D07A
:10679000016010BDD0000020D80000202DE9F0419C
:1067A00004460D4616461F464FF0000865602461FA
:1067B000B5420CD8F01BA169884202D34FF0010802
:1067C00011E0211D0948006800F0CEFF0BE0BE4239
:1067D00004D2BD4202D34FF0010804E0211D044859
:1067E000006800F0C1FF4046BDE8F081C000002015
:1067F000BC00002070B5054600F0DCFFA86B08B9AE
:10680000012400E0002401F021F8204670BD2DE9AC
:10681000F04707460C4690460026206848B32046BD
:1068200041684968416000F1080142688A4202D12A
:106830004168496841604168D1F80C9000BF20462A
:1068400041684968416000F1080142688A4202D10A
:106850004168496841604168CD6806EBC60007EBB6
:10686000800143460122284601F0F0F9761C4D458F
:10687000E5D13046BDE8F087F1B50098846C00267C
:106880002CB940F6D53220A128A0F9F7D9FDA06B8C
:10689000E16B884201D2012000E0002028B940F6D7
:1068A000D63219A121A0F9F7CBFDA06BE16B88428C
:1068B00027D294F94550002269462046FFF7BBFDD8
:1068C0000646681C60B9606A08B9012000E0002033
:1068D000B0B904F1240002F06DF888B101260FE090
:1068E0007F2D01D0012000E0002028B940F6F632CB
:1068F00005A10EA0F9F7A4FD681C40B284F845007C
:1069000000BF3046F8BD00002E2E5C2E2E5C4D6977
:1069100064646C6577617265735C46726565525438
:106920004F535C71756575652E6300004572726F1B
:10693000723A2025732C2025640D0A0070B5054697
:106940000E460E480068C068C468201D00F08CFE2A
:1069500094F8280000F0040028B132462946204669
:1069600000F0FEF805E094F8280000F0FE0084F83E
:1069700028002046216A884770BD0000BC00002026
:1069800070B586B08AE0029800280CDA03AE2EB902
:1069900040F2063247A150A0F9F752FDD6E9002097
:1069A000B168904700BF0298002877DB049C6069BB
:1069B00008B9012000E0002010B9201D00F054FEAD
:1069C00001A800F0F9F8054602980A2864D2DFE829
:1069D00000F06305072E365306082F3700BF00BFAF
:1069E00000BF94F8280040F0010084F828000398C4
:1069F000A269811803462A462046FFF7CFFEA8B1B8
:106A000094F8280000F0040038B10398A2698118B6
:106A10002A46204600F0A4F805E094F8280000F08B
:106A2000FE0084F828002046216A884735E000BF30
:106A300094F8280000F0FE0084F828002DE000BF44
:106A400094F8280040F0010084F828000398A06121
:106A5000A06908B1012000E0002028B940F25932B5
:106A600014A11DA0F9F7ECFCA06941192B462A4698
:106A70002046FFF793FE10E094F8280000F0020093
:106A800018B9204600F022FF05E094F8280000F035
:106A9000FE0084F8280000E000BF00BF002202A929
:106AA0001148006801F09EFC00287FF46CAF06B02E
:106AB00070BD00002E2E5C2E2E5C4D6964646C65EA
:106AC00077617265735C4672656552544F535C74AE
:106AD000696D6572732E63004572726F723A20257C
:106AE000732C2025640D0A00C4000020F8B505466B
:106AF0000C4601F03DFA684600F05EF80646009844
:106B000020BB44B9B54206D801F0FAFF3146284609
:106B1000FFF714FF1CE03CB10E480068006808B99C
:106B2000012000E000200446A91B22460A48006814
:106B300000F092FF01F0E4FF50B94FF08050074998
:106B40000860BFF34F8FBFF36F8F01E001F0D8FFF4
:106B5000F8BD0000C0000020C400002004ED00E0EB
:106B600070B504460D46164604E0A069054420466B
:106B7000216A8847A06941192B4632462046FFF713
:106B80000DFE0028F1D170BD09480068006808B901
:106B9000012000E0002020B14FF0FF3005490860DF
:106BA00005E003480068C068006802490860704753
:106BB00078000020A400002070B5044601F078FDA4
:106BC000054607480068854204D200F00BF8012012
:106BD000206001E00020206001480560284670BD6B
:106BE000CC00002070B508E00D480068C06804685B
:106BF0004FF0FF312046FFF7A1FE0948006800680A
:106C000008B9012000E000200028EDD00448056804
:106C100004480068024908600248056070BD000031
:106C2000BC000020C00000200246002101E0521CF0
:106C3000491C1078A528FAD0890888B2704700004E
:106C40000B480068401C08B9012000E0002020B972
:106C5000E92208A116A0F9F7F3FB00BF502080F34A
:106C60001188BFF34F8FBFF36F8F00BF00BFFEE7E8
:106C7000F00000202E2E5C2E2E5C4D6964646C6545
:106C800077617265735C4672656552544F535C70F0
:106C90006F727461626C655C525644535C41524D34
:106CA0005F434D34465C706F72742E6300000000C9
:106CB0004572726F723A2025732C2025640D0A00EC
:106CC00008B500BF6846FFF7FFFB04462046009961
:106CD000FFF70CFFFFF754FEF4E770B5044600F031
:106CE00069FD94F9455019E0A06C30B12046FFF7DA
:106CF000C3FD88B101F05AF80EE0606A08B90120BE
:106D000000E0002038B904F1240001F053FE18B16E
:106D100001F04CF800E003E0681E45B2002DE3DC12
:106D200000BFFF2084F8450000F090FD00F042FD18
:106D300094F9445010E0206908B9012000E00020D7
:106D400048B904F1100001F035FE08B101F02EF849
:106D5000681E45B200E001E0002DECDC00BFFF2022
:106D600084F8440000F072FD70BD70B505460E4613
:106D700031462846F9F74AFC2846F9F76BFC0446E9
:106D800002E020202855641C0F2CFAD3002028553F
:106D9000281970BD2DE9F04104464FF0000801F0BC
:106DA000E7F84948006808B9FFF7A2FB47480068C0
:106DB0002040002875D1002C23D004F10800A04207
:106DC0001FD9083404F0070000281BD004F0070086
:106DD000C0F108002044A04211D904F00700C0F11E
:106DE0000800044404F0070008B9012000E0002076
:106DF00040B99C2236A144A0F9F722FB02E000240E
:106E000000E00024002C4CD043480068844248D85D
:106E1000424E3046056801E02E462D686868A04263
:106E200002D228680028F7D127480068854238D068
:106E3000306800F10808286830606868001B102876
:106E400013D92F1907F0070008B9012000E000202E
:106E500020B9CF221EA12CA0F9F7F2FA6868001B16
:106E600078606C603846FFF765FC2B4968680968F4
:106E7000081A2949086008460068294909688842B3
:106E800003D22548006826490860104968680968E7
:106E9000084368600020286022480068401C21499F
:106EA000086001F02DFE08F0070008B9012000E09D
:106EB000002028B94FF4887205A113A0F9F7C0FA91
:106EC0004046BDE8F0810000D8000020EC00002022
:106ED0002E2E5C2E2E5C4D6964646C657761726544
:106EE000735C4672656552544F535C706F72746187
:106EF000626C655C4D656D4D616E675C6865617067
:106F00005F342E63000000004572726F723A2025D4
:106F1000732C2025640D0A00DC000020D000002026
:106F2000E0000020E4000020001F4FF080730360A9
:106F3000001F21F001030360001F054B036014389C
:106F40000260001F6FF002030360203870470000EA
:106F5000416C000800B58DB0FBF742FB00BF00BFDD
:106F6000002000907148006840F040006F490860C0
:106F70000846006800F04000009000BF00BF00BF5E
:106F800000BF00BF002000900846006840F00800E5
:106F900008600846006800F00800009000BF00BFCD
:106FA00000BF00BF00BF002000900846006840F00E
:106FB000080008600846006800F00800009000BF64
:106FC00000BF00BF00BF0020009058480830006894
:106FD00040F001005549083108600846006800F09B
:106FE0000100009000BF00BF00BF002000904F488C
:106FF000006840F008004D4908600846006800F04D
:107000000800009000BF00BF00BF002000900846AD
:10701000006840F0100008600846006800F01000AA
:10702000009000BF00BF00BF00200090084600682D
:1070300040F0200008600846006800F02000009042
:1070400000BF00BF00BF002000900846006840F06D
:10705000400008600846006800F04000009000BF53
:1070600000BF081508900220099001200A90022014
:107070000B900C200C9008A92D48F9F799FD2020C1
:10708000089008A92B48F9F793FD1020089008A94B
:107090002848F9F78DFD4FF60370089002200990FB
:1070A00001200A9002200B9008A92248F9F780FDE0
:1070B0004FF68370089008A91F48F9F779FD4FF241
:1070C0003F00089008A91D48F9F772FD3F2008907D
:1070D00008A91748F9F76CFD4FF0204018490860DF
:1070E000184848600420886000211548C16001618B
:1070F0001021416100218161C16141624FF48051E1
:1071000081620021C16201634163816300200190BB
:1071100002900620039000200490079001AA01A984
:107120000748FAF7A7FA0DB000BD0000303802405A
:1071300000180240000C02400010024000140240FF
:1071400068040020040100A01CB52048006840F03D
:1071500078001E4908600120032100230246CDE982
:1071600000104EF233011A48FAF732FF01200321D2
:1071700000230246CDE900104EF22F011548FAF720
:1071800027FF0120032100230246CDE9001040F231
:1071900033411148FAF71CFF012003210023024666
:1071A000CDE900104FF4F0610C48FAF711FF01200F
:1071B0000B4908600B49C1F8A8020949091F08607A
:1071C00000200849C1F880021CBD00003038024090
:1071D000000C02400014024000180240001002405F
:1071E00094824142000043422DE9FC4104460025BF
:1071F00000260027FFF7A8FF00206B49086001F078
:107200008FFD00BF10E0002067490860674931F832
:107210001500FBF71BFA01F083FD01206449C1F85A
:10722000940201F07DFD6D1C052DECDB0120614910
:10723000086000205E49C1F89402200AFBF758FA62
:1072400001F06EFD01205849086001F069FD002041
:107250005749C1F89402E0B2FBF74AFA01F060FD29
:1072600001205149086001F05BFD00205049C1F840
:1072700094025148006840F078004F4908600120AE
:10728000032103460022CDE900104FF4F0614B4882
:10729000FAF79EFE0120032103460022CDE90010EB
:1072A0004CF203014648FAF793FE00203E49091FBD
:1072B0000860091D086001F033FD01203C49C1F858
:1072C000940201F02DFD38485C3800683849D1F847
:1072D0003C1240EA41003649D1F8001240EA8100F0
:1072E0003349D1F8041240EAC1003649D1F81C12E2
:1072F00040EA01103349D1F8201240EA41103149E7
:10730000D1F8241240EA81102E49D1F8281240EA1F
:10731000C110C6B201F004FD00202349086001F04D
:10732000FFFC01202249C1F8940201F0F9FC1E483B
:107330005C3800681E49D1F83C1240EA41001C4903
:10734000D1F8001240EA81001949D1F8041240EA4C
:10735000C1001C49D1F81C1240EA01101949D1F8AA
:10736000201240EA41101749D1F8241240EA811056
:107370001449D1F8281240EAC110C7B201F0D0FC7C
:1073800000200C4928310860012007490860091FC6
:10739000086001F0C5FC012006492831086047EA71
:1073A0000620BDE8FC81000094824142FC000020E0
:1073B00000804142800243423038024000100240C7
:1073C000000C02400000424270B504460D46002603
:1073D000FFF7BAFE01F0A4FC00BF10E000202F4927
:1073E00008602F4931F81600FBF730F901F098FCDE
:1073F00001202C49C1F8940201F092FC761C052E64
:10740000ECDB01202849086000202649C1F89402DD
:10741000802141EA1420FBF76BF901F081FC012087
:107420001E49086001F07CFC00201E49C1F894024E
:10743000E0B2FBF75DF901F073FC01201749086029
:1074400001F06EFC00201749C1F89402280AFBF7EE
:107450004FF901F065FC01201049086001F060FC63
:1074600000201049C1F89402E8B2FBF741F901F09D
:1074700057FC01200949086001F052FC00200A492C
:1074800028310860012005490860091F086001F0E3
:1074900047FC012004492831086070BD94824142B4
:1074A000FC00002000804142800243421CB504469B
:1074B00000F080F90D48022100238022CDE9001060
:1074C0000BA10D4801F0B4F80C48032100238222DF
:1074D000CDE900100AA10C4801F0AAF80B48006899
:1074E00000F022FB00F0B2F91CBD000008000020F3
:1074F0007461736B31000000DD7500080C00002022
:107500007461736B32000000FD75000804000020F8
:107510002DE9F04192B080460C4615461E460027E4
:1075200000BF002000902A48006840F080502849A1
:1075300008600846006800F08050009000BF00BF5F
:1075400000BF002000902348006840F4804021499B
:1075500008600846006800F48040009000BF00BF4B
:10756000012001900004029002200790410508913B
:10757000CDF8288009940B950C9601A8F9F72CFEFC
:1075800007461FB1012012B0BDE8F0810F200D9019
:1075900002200E9000200F904FF4A05010904FF456
:1075A0008050119004210DA8F9F7D6FC07460FB1C1
:1075B0000120E8E7F9F716FC41F20101884205D104
:1075C0000548006840F48070034908600020DAE74D
:1075D0004038024000700040003C02400AE000BF1A
:1075E0004FF400710448F9F7EDFB00BF4FF4FA7057
:1075F00000F058FAF3E700000014024000240FE006
:107600000020FBF735FA0446012C06D1054800F0AE
:107610005FFB044904A0F8F713FF0A2000F042FAC8
:10762000EEE700000801002025730D0A00000000AD
:1076300010B5044609480A4908600846446000211C
:107640008160C160016181610C214161FAF7AAFB8F
:10765000012204490248FAF745FC10BD0010014020
:10766000C40300203200002001460A69D1E901303C
:107670009860D1E9010358605068884201D1886858
:107680005060002008611068401E1060106870474C
:107690002DE9F0410546884616460024202700F0D3
:1076A00067FC2248006880453AD300BF7F1E07EB85
:1076B00087021F4B03EB820104EBC40205EB82003F
:1076C0000122FFF7A4F80444002FEFD104EBC4011A
:1076D00005EB8100022217490968FFF798F8044476
:1076E00004EBC40105EB8100022213490968FFF78E
:1076F0008EF8044404EBC40105EB810004220F4919
:10770000FFF785F8044404EBC40105EB8100032274
:107710000B49FFF77CF8044416B10A480068306052
:1077200001F0EEF92046BDE8F08100008400002061
:1077300020840120780000207C000020DC860120CD
:10774000F08601204C00002000F1080141604FF05C
:10775000FF31816000F10801C16001610021016019
:10776000704700210161704710B502460B685C1C30
:107770000CB9106907E002F1080000E040684468B5
:1077800024689C42FAD944684C604C68A1608860C7
:1077900041600A611468641C146010BD42684A604C
:1077A00093688B60936859609160086103685B1C03
:1077B0000360704710B500BF502080F31188BFF3FD
:1077C0004F8FBFF36F8F00BF0B480068401C0A4902
:1077D00008600846006801280DD108480068C0B25A
:1077E00008B9012000E0002028B94FF4DB7204A1A1
:1077F00012A0F8F725FE10BDF000002004ED00E017
:107800002E2E5C2E2E5C4D6964646C65776172650A
:10781000735C4672656552544F535C706F7274614D
:10782000626C655C525644535C41524D5F434D342B
:10783000465C706F72742E63000000004572726FB8
:10784000723A2025732C2025640D0A0010B50B48D0
:10785000006828B940F2BD1209A118A0F8F7F0FDA0
:1078600006480068401E054908600846006820B9BF
:10787000002080F3118800BF00BF10BDF000002081
:107880002E2E5C2E2E5C4D6964646C65776172658A
:10789000735C4672656552544F535C706F727461CD
:1078A000626C655C525644535C41524D5F434D34AB
:1078B000465C706F72742E63000000004572726F38
:1078C000723A2025732C2025640D0A0070B50646F7
:1078D0003546002E3AD0083D2C461D49606809689F
:1078E000084008B1012000E0002028B94FF492724E
:1078F00018A126A0F8F7A4FD206808B9012000E02F
:10790000002028B940F2251212A120A0F8F798FD16
:107910000F49606809680840C0B12068B0B90C49D7
:10792000606809688843606000F022FB1B4960685A
:1079300009680844194908602046FEF7FBFE18480C
:107940000068401C1649086001F0DAF870BD0000BC
:10795000EC0000202E2E5C2E2E5C4D6964646C655C
:1079600077617265735C4672656552544F535C7003
:107970006F727461626C655C4D656D4D616E675CC4
:10798000686561705F342E63000000004572726F9D
:10799000723A2025732C2025640D0A00DC0000209B
:1079A000E800002000204FF0E021086188610648CF
:1079B00000684FF47A71B0FBF1F0401E4FF0E02107
:1079C0004861072008617047000000202DE9F04160
:1079D00006460F462EB940F6C82211A119A0F8F7A5
:1079E0002FFD0025BFB1002412E01A4800EBC400AF
:1079F0004068B04203D1174800EBC4050AE035B92E
:107A0000144850F8340010B9124800EBC405641C47
:107A1000082CEAD300BF0DB12F606E60BDE8F08185
:107A20002E2E5C2E2E5C4D6964646C6577617265E8
:107A3000735C4672656552544F535C71756575652C
:107A40002E6300004572726F723A2025732C202538
:107A5000640D0A00E08301202DE9F04105460E4641
:107A600017462C46FFF7A6FE94F94400401C10B9B7
:107A7000002084F8440094F94500401C10B900200F
:107A800084F84500FFF7E2FEA06B28B93A4631467C
:107A900004F1240000F0C2F92046FFF71EF9BDE80A
:107AA000F081000070B504460025ACB10F480068B5
:107AB00008B9012000E0002028B940F249520CA189
:107AC00014A0F8F7BDFC00F053FA00212046FEF7A1
:107AD0006BFB01F015F805463DB94FF08050114998
:107AE0000860BFF34F8FBFF36F8F70BDB0000020F1
:107AF0002E2E5C2E2E5C4D6964646C657761726518
:107B0000735C4672656552544F535C7461736B735A
:107B10002E6300004572726F723A2025732C202567
:107B2000640D0A0004ED00E070B50546FFF742FE63
:107B300015B92F48006800E028460446201DFFF7CD
:107B400093FD78B9E06A00EB80002A4951F82000E3
:107B500040B994F82C1001208840274909688143D6
:107B600025480160A06A18B104F11800FFF77CFDF8
:107B700022480068401C214908601D480068844272
:107B800009D1211D1E48FFF709FE1E480068401C50
:107B90001C49086006E01C480068401E1A4908603D
:107BA000FEF7F2FFFFF752FE11480068844202D050
:107BB0002046FEF77FFC15480068C0B10C480068FD
:107BC000844214D11248006808B9012000E0002066
:107BD00028B940F2DC420FA117A0F8F731FC4FF0B2
:107BE000805019490860BFF34F8FBFF36F8F70BD8E
:107BF00074000020208401208C000020A0000020C0
:107C0000DC860120800000208400002090000020FD
:107C1000B00000202E2E5C2E2E5C4D6964646C65D5
:107C200077617265735C4672656552544F535C743C
:107C300061736B732E6300004572726F723A202578
:107C4000732C2025640D0A0004ED00E02DE9F041BD
:107C500007460C4690461E4617B91C48006800E0CF
:107C600038460546256005F134006060E86A206109
:107C7000286BE061686CA060E86C6061686DA06171
:107C8000052E12D011480068854202D100202073D1
:107C90000FE02673032E0CD100F06AF9A86A08B130
:107CA0000220207300F02CFF03E02846FAF798FD2D
:107CB0002073B8F1000F04D0286BFEF7B5FF2084C5
:107CC00001E000202084BDE8F08100007400002065
:107CD0002DE9F8430646002030702748D0F8008090
:107CE0000146096801EBC1018800FFF753F805461A
:107CF000002D3FD06A4641462846FFF7C9FC804622
:107D000064210098B0FBF1F00090009800282ED07C
:107D100000242AE004EBC40005EB80008069009990
:107D2000B0FBF1F704EBC40005EB8000416830467E
:107D3000FFF71BF8064657B104EBC40005EB8000C3
:107D40003B460EA182693046F8F786FB08E004EB5B
:107D5000C40005EB80000CA182693046F8F77CFB7B
:107D60003046F8F777FC0644641C4445D2D32846D5
:107D7000FFF7ACFDBDE8F8838400002009257509F4
:107D800009257525250D0A0009257509093C3125A8
:107D9000250D0A000349096801600349096841602B
:107DA000704700009C00002088000020012001494D
:107DB000086070479800002070B504460D462CB945
:107DC00040F61C4207A110A0F8F73AFB12480168E0
:107DD00018312046FFF7C8FC01212846FEF7E4F9D8
:107DE00070BD00002E2E5C2E2E5C4D6964646C65A7
:107DF00077617265735C4672656552544F535C746B
:107E000061736B732E6300004572726F723A2025A6
:107E1000732C2025640D0A007400002070B5044600
:107E20000E4615462CB940F6524211A119A0F8F79A
:107E300007FB60681B490968C8611A4982680968BC
:107E40000A62184909681831826851601549096841
:107E500018318160134909688C622168491C2160CE
:107E60000DB14FF0FF3629463046FEF79DF970BD43
:107E70002E2E5C2E2E5C4D6964646C657761726594
:107E8000735C4672656552544F535C7461736B73D7
:107E90002E6300004572726F723A2025732C2025E4
:107EA000640D0A00740000201CB51C4800210B461C
:107EB0008022CDE900101AA11B4800F0B9FB04464E
:107EC000012C02D100F0ECFE0446012C17D100BFBA
:107ED000502080F31188BFF34F8FBFF36F8F00BF27
:107EE0004FF0FF301149086001201149086000205F
:107EF00010490860F8F770FD00F0BEF80BE0601C58
:107F000008B1012000E0002028B94FF404620AA162
:107F100012A0F8F795FA154800681CBDA8000020CB
:107F200049444C45000000006D650008A400002095
:107F300090000020880000202E2E5C2E2E5C4D69C3
:107F400064646C6577617265735C467265655254F2
:107F50004F535C7461736B732E6300004572726FD4
:107F6000723A2025732C2025640D0A00AC000020F5
:107F700002480068401C014908607047B0000020BA
:107F800010B52848006818B101202749086047E06B
:107F900000202549086025480068254908600846F2
:107FA00000682449096888420BD92349096801F10E
:107FB0005400496D1E4A12681E4B1B68D21A1144A8
:107FC00001601B4800681B4908601C480068B0FA43
:107FD00080F0C0F11F0404EB8400194951F820001F
:107FE00008B1012000E0002028B940F6024215A1A6
:107FF0001DA0F8F725FA04EB8401114A02EB810079
:1080000041684968416000F1080142688A4202D132
:108010004168496841604168C968074A116000BF0A
:1080200010BD0000B0000020980000204C0000208F
:10803000B8000020B4000020740000208C00002054
:10804000208401202E2E5C2E2E5C4D6964646C65AC
:1080500077617265735C4672656552544F535C7408
:1080600061736B732E6300004572726F723A202544
:10807000732C2025640D0A001CB550480068504937
:10808000884201D0012000E0002028B940F24312CC
:108090004CA15BA0F8F7D4F9484800684849491E4C
:1080A000884201D0012000E0002028B94FF4A272DC
:1080B00044A153A0F8F7C4F9554C2046007801902C
:1080C000FF20214608700846007800909DF80000C7
:1080D00000F0F0009DF80010884201D1012000E07E
:1080E000002028B940F25D1236A145A0F8F7A8F9A2
:1080F0009DF8000000F050004649087007204649EE
:10810000086009E044480068401E434908609DF843
:1081100000004006000E00909DF8000000F0800076
:108120008028EFD03C480068C0F10700042801D146
:10813000012000E0002028B940F2711221A130A0F6
:10814000F8F77EF934480068C0F10700042801D12F
:10815000012000E0002028B94FF4BD7219A128A029
:10816000F8F76EF92C48006800022B4908600846B1
:10817000008800F4E06008602549019808700F4805
:108180002030006840F470000C4920310860084637
:10819000006840F070400860FFF704FC00201F49B1
:1081A0000860F8F773F81E48006840F040401C492A
:1081B0000860F8F757F800201CBD000000ED00E053
:1081C00071C20F412E2E5C2E2E5C4D6964646C656D
:1081D00077617265735C4672656552544F535C708B
:1081E0006F727461626C655C525644535C41524DCF
:1081F0005F434D34465C706F72742E630000000064
:108200004572726F723A2025732C2025640D0A0086
:1082100000E400E0F4000020F8000020F00000205E
:1082200034EF00E010B500BF502080F31188BFF399
:108230004F8FBFF36F8F00BF00F040FA18B14FF0BF
:1082400080500449086000BF002080F3118800BFFF
:1082500010BD000004ED00E02DE9F84305460E4690
:1082600017460024E5B1601EB0FBF5F0B04217D30D
:1082700005FB06F010F1550F12D805FB06F909F1C0
:108280005400FEF787FD04468CB1A04608F154085F
:108290003B464246314628460094FEF77BF906E00D
:1082A0002CB94FF4E37203A10BA0F8F7C9F82046EC
:1082B000BDE8F8832E2E5C2E2E5C4D6964646C65DF
:1082C00077617265735C4672656552544F535C7199
:1082D000756575652E6300004572726F723A2025D0
:1082E000732C2025640D0A002DE9F04105460E4649
:1082F00001272C462CB94FF488722CA134A0F8F732
:108300009FF8002C42D0E06B00283FD04FF0FF31A7
:10831000E06BB1FBF0F0216C884237D3FFF74AFAEB
:10832000D4E90F12206801FB0200A0600020A063C6
:1083300020686060E06B401E226C216800FB021127
:10834000E160FF2084F8440084F845009EB920696C
:1083500008B9012000E00020A8B904F1100000F0E5
:1083600029FB80B14FF080501D490860BFF34F8F4B
:10837000BFF36F8F07E004F11000FFF7E5F904F198
:108380002400FFF7E1F9FFF761FA00E000270FB1E1
:10839000012000E0002028B940F2451203A10CA002
:1083A000F8F74EF83846BDE8F08100002E2E5C2E1E
:1083B0002E5C4D6964646C6577617265735C4672AE
:1083C000656552544F535C71756575652E63000089
:1083D0004572726F723A2025732C2025640D0A00B5
:1083E00004ED00E02DE9F74183B005460E464FF05D
:1083F00000082C462CB940F251524CA154A0F8F779
:108400001FF80EB9206C08B9012000E0002028B93F
:1084100040F2555245A14EA0F8F712F800F038F995
:1084200008B9059808B9012000E0002028B940F2F9
:108430005A523EA146A0F8F703F800BFFFF7BAF979
:10844000A76BF7B131462046FDF7E0FF781EA06329
:10845000206908B9012000E0002060B904F1100093
:1084600000F0A8FA38B14FF080503D490860BFF3E2
:108470004F8FBFF36F8FFFF7E9F9012006B0BDE81A
:10848000F081059818B9FFF7E1F90020F6E7B8F197
:10849000000F04D101A8FFF77DFC4FF00108FFF7A2
:1084A000D5F9FFF765FDFFF785F994F94400401C05
:1084B00010B9002084F8440094F94500401C10B91C
:1084C000002084F84500FFF7C1F905A901A800F0D4
:1084D00049F8F0B92046FEF78DF9A0B104F1240067
:1084E0000599FFF769FC2046FEF7F7FB00F008FB53
:1084F0000028A3D14FF0805019490860BFF34F8F77
:10850000BFF36F8F9AE72046FEF7E7FB00F0F8FA1B
:1085100094E72046FEF7E1FB00F0F2FA2046FEF772
:1085200069F900288AD00020A8E700002E2E5C2ED2
:108530002E5C4D6964646C6577617265735C46722C
:10854000656552544F535C71756575652E63000007
:108550004572726F723A2025732C2025640D0A0033
:1085600004ED00E070B506460C462EB940F6FD421B
:108570001FA128A0F7F764FF2CB940F6FE421CA10A
:1085800024A0F7F75DFFFFF715F926480268706829
:10859000131A2548006890F85D0030B10020224988
:1085A000096881F85D0001251EE02068401C08B9BB
:1085B000002519E01D4930680968884206D07068B6
:1085C000904203D80125002020600DE020689842E9
:1085D00007D92068C01A20603046FFF7DBFB002572
:1085E00002E0002020600125FFF730F9284670BD29
:1085F0002E2E5C2E2E5C4D6964646C65776172650D
:10860000735C4672656552544F535C7461736B734F
:108610002E6300004572726F723A2025732C20255C
:10862000640D0A0088000020740000209C000020D7
:108630002DE9FF4F85B0804689461746DDE912AB2C
:10864000B800FEF7A7FB064656B16020FEF7A2FB76
:1086500004460CB1266304E03046FFF737F900E02A
:1086600000247CB10020CDE900ABCDE902403A46C0
:1086700049464046089BFDF7A5FF2046FDF7FAFD59
:10868000012501E04FF0FF35284609B0BDE8F08F25
:108690000549096809B9012005E00449096809B9D3
:1086A000022000E00020704790000020B000002071
:1086B0000149086870470000880000202DE9F0415A
:1086C0004FF000085F48006800287DD15E480068D0
:1086D000451C5D480560002D1DD15C4800680068A0
:1086E00008B9012000E0002028B940F6C72258A1AF
:1086F00060A0F7F7A5FE554807686248006853492F
:1087000008606048076060480068401C5E49086077
:10871000FEF73AFA00BF5D480068854277D300BF94
:108720004A480068006808B9012000E0002020B134
:108730004FF0FF305549086068E044480068C06861
:10874000C4686668B54202D2504806605EE060695F
:10875000D4E902128A60D4E902214A60211D4268EC
:108760008A4201D1E1684160002262610168491ECC
:108770000160A06A98B1A06AD4E907128A60D4E9BE
:1087800007214A6004F1180142688A4201D1216A36
:1087900041600022A2620168491E016000BF94F896
:1087A0002C10012088403A4909680843384908607C
:1087B000E16A01EB8101374A02EB81014868A06060
:1087C0008268E260211D00E033E0826851608160D0
:1087D000E16A01EB81012F4A02EB81026261E16AE9
:1087E00001EB81012B4A52F82110491CE26A02EB8D
:1087F0008202284B43F822102749E06A0968C96AB7
:1088000088428DD34FF001088AE700E000BF22487C
:108810000068C06A00EB80001E4951F82000012862
:1088200001D94FF001081D48006808B14FF0010858
:1088300004E01B480068401C194908604046BDE838
:10884000F0810000B00000208800002078000020A7
:108850002E2E5C2E2E5C4D6964646C6577617265AA
:10886000735C4672656552544F535C7461736B73ED
:108870002E6300004572726F723A2025732C2025FA
:10888000640D0A007C0000209C000020A400002051
:108890008C0000202084012074000020980000201B
:1088A0009400002070B505462C460026002D5ED0B1
:1088B00030480068844201D1012000E0002028B93E
:1088C00041F24F022CA135A0F7F7BAFD206D28B96F
:1088D00041F2500228A131A0F7F7B2FD206D401EF1
:1088E0002065E16CE06A884241D0206D00283ED1CD
:1088F000201DFEF7B9FE40B994F82C1001208840E5
:108900002A490968814329480160E06CE062E06A15
:10891000C0F12000A06194F82C1001208840234968
:108920000968084321490860E16A01EB8101204A96
:1089300002EB81014868A0608268E260211D8268C4
:1089400051608160E16A01EB8101194A02EB810209
:108950006261E16A01EB8101154A52F82110491C5C
:10896000E26A02EB8202124B43F8221001263046E3
:1089700070BD0000740000202E2E5C2E2E5C4D6910
:1089800064646C6577617265735C467265655254A8
:108990004F535C7461736B732E6300004572726F8A
:1089A000723A2025732C2025640D0A008C000020CB
:1089B0002084012070B50646F068C4682CB940F6E2
:1089C00082423CA144A0F7F73BFDA06AD4E907121C
:1089D0008A60D4E907214A6004F1180142688A429A
:1089E00001D1216A41600022A2620168491E016032
:1089F0003D48006800283DD16069D4E902128A60D0
:108A0000D4E902214A60211D42688A4201D1E1680D
:108A10004160002262610168491E016094F82C10D7
:108A20000120884031490968084330490860E16AFB
:108A300001EB81012E4A02EB81014868A060826847
:108A4000E260211D826851608160E16A01EB810171
:108A5000274A02EB81026261E16A01EB8101244A4B
:108A600052F82110491CE26A02EB8202204B43F8C3
:108A7000221010E01F494868E0618268226204F118
:108A800018018268516081601A4AA2621146096821
:108A9000491C116000BF1849E06A0968C96A884228
:108AA00004D9012501201549086000E00025284669
:108AB00070BD00002E2E5C2E2E5C4D6964646C65CA
:108AC00077617265735C4672656552544F535C748E
:108AD00061736B732E6300004572726F723A2025CA
:108AE000732C2025640D0A00B00000208C000020AB
:108AF00020840120C88601207400002098000020F6
:108B000070B5002400265048006828B940F6B3022A
:108B10004EA157A0F7F794FCFEF74CFE4A480068B8
:108B2000401E494908600846006800287ED1544824
:108B3000006800287AD05BE05248C068C468A06A28
:108B4000D4E907128A60D4E907214A6004F11801C8
:108B500042688A4201D1216A41600022A262016812
:108B6000491E01606069D4E902128A60D4E90221D9
:108B70004A60211D42688A4201D1E16841600022B9
:108B800062610168491E016094F82C100120884040
:108B90003D49096808433C490860E16A01EB8101ED
:108BA0003A4A02EB81014868A0608268E260211DB8
:108BB000826851608160E16A01EB8101334A02EB16
:108BC00081026261E16A01EB8101304A52F82110B1
:108BD000491CE26A02EB82022C4B43F822102C491A
:108BE000E06A0968C96A884202D3012029490860FD
:108BF0002448006808B9012000E0002000289BD02C
:108C00000CB1FDF7C1FF2448056865B100BFFFF74F
:108C100055FD10B101201F4908606D1E002DF6D1D1
:108C200000201D4908601B48006800E008E038B1DA
:108C30000126300719490860BFF34F8FBFF36F8FCC
:108C4000FEF704FE304670BDB00000202E2E5C2ED4
:108C50002E5C4D6964646C6577617265735C467205
:108C6000656552544F535C7461736B732E630000DF
:108C70004572726F723A2025732C2025640D0A000C
:108C800084000020C88601208C0000202084012060
:108C900074000020980000209400002004ED00E003
:108CA0001CB50024FDF75CFB0B48006858B10B486D
:108CB0001F2100234FF48072CDE9001008A10A485B
:108CC000FFF7B6FC04462CB940F2191207A110A018
:108CD000F7F7B6FB20461CBDC4000020C8000020EA
:108CE000546D722053766300C16C00082E2E5C2EEA
:108CF0002E5C4D6964646C6577617265735C467265
:108D0000656552544F535C74696D6572732E6300D0
:108D10004572726F723A2025732C2025640D0A006B
:108D200044F2A01001E000BF401E0028FBD17047B4
:108D30004FEA1153A3F58063D3F11E03A8BFD3F10B
:108D4000200C08DB4FF0004242EAC12252EA5052A6
:108D500032FA03F0704709420BD4102BC4BF002035
:108D6000704703F5787CBCF1FF3F05D04FF0FF3032
:108D700070474FF00000704770B500F0C3F800BFB7
:108D80004992248000207047F0E7B0FA80F310FA8F
:108D900003F10AD0C3F11D0303F580634FEA41508C
:108DA0004FEA035202EBD12170474FF000007047A9
:108DB000DFF848C170B51CEA111E1EBF1CEA13156E
:108DC0009EEA0C0F95EA0C0F00F06F8081EA030415
:108DD00023EA4C134EEAD47E21EA4C1141F480116F
:108DE00043F48013AE44A1FB024CA0FB0365AEF13B
:108DF0007F7E361955EB0C05A1FB034C4CF10003AB
:108E0000A0FB021C16EB0C06654153F1000309425E
:108E100018BF46F0010613F4007F0BD14FEA03316F
:108E20004FEA0530340341EA155140EA16506FF01D
:108E300003020AE04FEAC3214FEAC520F40241EAE7
:108E4000555140EA56506FF0020202EB2E4201EB00
:108E5000025585EACE710AD05FEA440C18BF24F0AF
:108E6000004450F1000041F1000120EAD47040F2CA
:108E7000FE7C624500D270BDA84214BF4FF0804412
:108E80004FF04044002E08BF0024BEF1806FA8BF01
:108E9000A1F1C041BDE8704080F282804FF0000037
:108EA00001F1C04101F0004170479EEA0C0F0CEA4D
:108EB000131518BF95EA0C0F06D04FF0000081EA99
:108EC000030E0EF0004170BD00F01CF88900013E59
:108ED00000F007B800F009B84FEA430C5FEA5C5CA9
:108EE00008D081EA030100F05BB84FEA410C5FEA69
:108EF0005C5CF6D14FF00000014970470000FF07AD
:108F00000000F87F0EF1020E2EF0030E5EF8046BE7
:108F1000364205D4012A43EB030515F5001F12D88C
:108F2000012841EB010C1CF5001F0CD80ED14FEAB3
:108F3000D17C15F5001F0CEB4C0C0CF1020C08BF9A
:108F40004CEBD37C04E04FF0080C01E04FEAD37CFB
:108F50000CEB4C0526FA05F606F00706B6F1040CF4
:108F600006D20EEB860CBDE870404CF0010C604759
:108F7000DFE80CF0090B02024FF000414FF0000057
:108F8000A1F5002170BD19461046012851EB0104DE
:108F900018BFD4F5001484BF002001F0004170BD5B
:108FA0000808A0F500114FEA310170474FF04070FA
:108FB000E1EE100A7047000000000000000001020E
:108FC0000304060708090000000001020304000072
:108FD00000000000000000000000000000003F4012
:108FE00000000000000000003000400030004000A1
:108FF000000009000BC03D000BC03D00090018C077
:1090000024407FE0224031800000180024C01B0073
:109010000D803240018003801C4027401C800740A7
:109020000040100060000000000000000000000090
:10903000000000001F802040402000004020204011
:109040001F8000000000090006001F8006000900C4
:109050000000040004003F80040004000000001031
:109060000060000000000000000004000400040094
:1090700004000400000000000040000000000000A8
:109080000000002001C006003800400000001F80E2
:109090002040204020401F800000000010403FC0C2
:1090A00000400000000018C0214022402440184029
:1090B000000010802040244024401B80000002005B
:1090C0000D0011003FC0014000003C8024402440BE
:1090D0002440238000001F8024402440344003802B
:1090E00000003000200027C03800200000001B8056
:1090F0002440244024401B8000001C0022C0224049
:1091000022401F8000000000000008400000000016
:1091100000000000000004600000000000000000EB
:1091200004000A00110020804040090009000900E5
:1091300009000900000000004040208011000A00E2
:1091400004001800200023402400180000001F80A5
:109150002040274029401F400000004007C0390040
:109160000F0001C0004020403FC0244024401B802D
:1091700000001F8020402040204030800000204020
:109180003FC0204020401F80000020403FC02440BE
:109190002E4030C0000020403FC024402E00300050
:1091A00000000F0010802040224033800200204049
:1091B0003FC0040004003FC02040204020403FC08A
:1091C0002040204000000060202020203FC02000E0
:1091D000200020403FC024400B0030C020402040F1
:1091E0003FC020400040004000C03FC03C0003C0E2
:1091F0003C003FC0000020403FC00C4023003FC067
:1092000020001F802040204020401F800000204080
:109210003FC024402400180000001F80214021404E
:1092200020E01FA0000020403FC02440260019C0BD
:10923000004018C02440244022403180000030000B
:1092400020403FC020403000000020003F80004010
:1092500000403F80200020003E0001C00700380091
:109260002000380007C03C0007C038000000204044
:1092700039C0060039C0204000002000384007C037
:10928000384020000000304021C02640384020C037
:109290000000000000007FE04020402000000000AF
:1092A00070000C00038000400000000040204020BF
:1092B0007FE00000000000002000400020000000CF
:1092C000000000100010001000100010001000003E
:1092D0000000400000000000000000000280054087
:1092E000054003C0004020003FC00440044003800C
:1092F000000000000380044004400640000000001D
:109300000380044024403FC000400000038005402B
:10931000054003400000000004401FC024402440DA
:109320002000000002E005500550065004202040B7
:109330003FC00440040003C000400000044027C0B8
:1093400000400000000000100010041027E00000A2
:10935000000020403FC00140070004C004402040FE
:1093600020403FC000400040000007C0040007C08C
:10937000040003C00000044007C00440040003C010
:1093800000400000038004400440038000000410FB
:1093900007F00450044003800000000003800440F4
:1093A000045007F00010044007C00240040004000D
:1093B0000000000006400540054004C00000000019
:1093C00004001F80044000400000040007800040AB
:1093D000044007C000400400070004C001800600EC
:1093E0000400060001C0070001C0060000000440A0
:1093F00006C0010006C0044000000410071004E08D
:109400000180060004000000044005C0064004403E
:1094100000000000000004007BE04020000000008D
:1094200000000000FFF000000000000040207BE092
:1094300004000000000040008000400020002000E8
:1094400040000000000000000000000000000000DC
:1094500000000000000000001FCC000C0000000015
:1094600000000000080030006000080030006000CC
:109470000000022003FC1E20022003FC1E2002200C
:10948000000000000E1811043FFF10840C7800004B
:1094900000000F0010840F3800C00778188400788F
:1094A000000000780F8410C411240E9800E400849A
:1094B00000080800680070000000000000000000C4
:1094C000000000000000000007E01818200440021F
:1094D0000000000040022004181807E0000000000F
:1094E00000000240024001800FF001800240024073
:1094F00000000080008000800FF800800080008065
:1095000000000001000D000E00000000000000003F
:10951000000000000080008000800080008000804B
:1095200000800000000C000C0000000000000000A3
:10953000000000000006001800600180060018000E
:109540002000000007F0080810041004080807F0C5
:1095500000000000080408041FFC000400040000D0
:10956000000000000E0C10141024104411840E0C86
:10957000000000000C1810041104110412880C7073
:109580000000000000E00320042408241FFC002445
:10959000000000001F98108411041104108810703E
:1095A0000000000007F008881104110418880070FA
:1095B000000000001C00100010FC13001C00100034
:1095C000000000000E3811441084108411440E383D
:1095D000000000000700088C10441044088807F0C1
:1095E0000000000000000000030C030C000000005D
:1095F0000000000000000001010600000000000063
:10960000000000000080014002200410080810043F
:10961000000002200220022002200220022002205C
:10962000000000001004080804100220014000801F
:10963000000000000E001200100C106C10800F00D3
:10964000000003E00C1813E4142417C4082807D002
:1096500000000004003C03C41C40074000E4001C60
:10966000000410041FFC1104110411040E88007082
:10967000000003E00C1810041004100410081C1063
:10968000000010041FFC100410041004080807F068
:10969000000010041FFC1104110417C41004081862
:1096A000000010041FFC1104110017C01000080076
:1096B000000003E00C181004100410441C78004053
:1096C000000010041FFC10840080008010841FFC28
:1096D00010040000100410041FFC1004100400000B
:1096E000000000030001100110011FFE1000100017
:1096F000000010041FFC110403801464181C1004E3
:10970000000010041FFC1004000400040004000CFE
:10971000000010041FFC1F0000FC1F001FFC1004B1
:10972000000010041FFC0C04030000E010181FFCD4
:10973000100007F00808100410041004080807F0CF
:10974000000010041FFC10841080108010800F0097
:10975000000007F0081810241024101C080A07F253
:10976000000010041FFC1104110011C011300E0C78
:10977000000400000E1C11041084108410441C38D6
:1097800000001800100010041FFC10041000180046
:10979000000010001FF810040004000410041FF85B
:1097A000100010001E0011E0001C007013801C004F
:1097B00010001FC0103C00E01F0000E0103C1FC064
:1097C00000001004180C163401C001C01634180C27
:1097D000100410001C00130400FC13041C001000F3
:1097E00000000804101C1064108413041C041018DA
:1097F00000000000000000007FFE40024002400226
:109800000000000030000C0003800060001C00031A
:10981000000000004002400240027FFE0000000005
:109820000000000000002000400040004000200038
:109830000000000100010001000100010001000121
:109840000001000040004000200000000000000077
:10985000000000000098012401440144014400FC80
:10986000000410001FFC008801040104008800703F
:109870000000000000700088010401040104008859
:1098800000000000007000880104010411081FFCA2
:109890000004000000F8014401440144014400C8F0
:1098A00000000000010401040FFC11041104110068
:1098B0001800000000D601290129012901C901066B
:1098C000000010041FFC008401000100010400FCE2
:1098D000000400000104190419FC00040004000045
:1098E00000000000000300010101190119FE000041
:1098F000000010041FFC0024004001B4010C01040E
:1099000000000000100410041FFC0004000400000C
:109910000000010401FC0104010001FC010401003C
:1099200000FC010401FC008401000100010400FCB2
:109930000004000000F8010401040104010400F81F
:109940000000010101FF008501040104008800708E
:10995000000000000070008801040104010501FFFF
:1099600000010104010401FC0084010401000180E4
:109970000000000000CC01240124012401240198EE
:10998000000000000100010007F8010401040000CC
:109990000000010001F8000400040004010801FCBB
:1099A0000004010001800170000C001001600180C2
:1099B000010001F0010C003001C00030010C01F089
:1099C000010000000104018C00740170018C01048D
:1099D0000000010101810171000E00180160018089
:1099E000010000000184010C013401440184010CD8
:1099F0000000000000000000000001003EFC4002EA
:109A000040020000000000000000FFFF0000000016
:109A100000000000400240023EFC01000000000087
:109A20000000000060008000800040004000200036
:109A30002000000000000000000000000000000006
:109A40000000000000000000000000000000000016
:109A50000000000000000000000000000000000006
:109A600000000000000F80380FFE380F8038000023
:109A700000000000000000000000000000000000E6
:109A80000100000600000C00003800003100000654
:109A900000000C0000380000300000000000000052
:109AA000000061800067F807F98000618000618034
:109AB0000061800061800067F807F9800061800024
:109AC000000000000000000001C0E003E0F00630EC
:109AD000080418081FFFFE040E080787F00381E042
:109AE00000000000000001F000060C00040408065D
:109AF0000C7001F9C0000E00003BE000EC180708F4
:109B000008040C180003E00000000001E00007F06A
:109B100003F818041C0804170807E1D003C0E0008C
:109B200023B0003C080020080000100000000000E6
:109B3000000100003100003200001C0000000000A5
:109B40000000000000000000000000000000000015
:109B50000000000000000000000000000000000005
:109B600000007F0001FFC00780F00C001810000407
:109B70002000020000000000002000021000040C81
:109B800000180780F001FFC0007F00000000000007
:109B90000000000000000000000000000000420083
:109BA000006600006600003C0000180003FFC000D3
:109BB0001800003C00006600006600004200000043
:109BC000000008000008000008000008000008006D
:109BD00001FFC000080000080000080000080000A5
:109BE0000800000000000001000031000032000009
:109BF0001C00000000000000000000000000000049
:109C00000000000000000000000008000008000044
:109C10000800000800000800000800000800000814
:109C20000000080000080000000000000000000024
:109C3000000038000038000038000000000000007C
:109C40000000000000000000000000000000000014
:109C50000000000600001C000070000180000E00E3
:109C600000380000C0000700001C000030000000A9
:109C70000000000000007F8001FFE003807006000C
:109C80001804000804000806001803807001FFE0B3
:109C9000007F8000000000000000000001000801BB
:109CA000000801000803FFF807FFF80000080000A3
:109CB0000800000800000000000000000001C0389B
:109CC00002C058040098040118040218040418067D
:109CD0001C1803F81801E0F8000000000000000064
:109CE0000001C0E003C0F0040008040808040808EC
:109CF00006180803F41801E7F00001E00000000076
:109D00000000000000000300000D000011000061D1
:109D10000000810803010807FFF80FFFF8000108A1
:109D20000001080000000000000000E007FCD00671
:109D30000808061008061008061008061838060F4E
:109D4000F00607C0000000000000000000003F8097
:109D500001FFE0038430020818041008041008040E
:109D60001008071810030FF00007C00000000000E3
:109D70000000000003C0000700000600000600F815
:109D80000607F806180006E00007000006000000BD
:109D9000000000000001E1E003F7F00634100418B1
:109DA00008041808040C08040C0806161803F3F03D
:109DB00001C1E000000000000000F80003FC3003D7
:109DC0000638040208040208040208040410030808
:109DD000F001FFC0007F0000000000000000000054
:109DE0000000000000000000000070380070380023
:109DF00070380000000000000000000000000000BB
:109E00000000000000000000000000000000301A08
:109E100000301C00000000000000000000000000F6
:109E200000000000000000000008000014000022F4
:109E3000000041000080800100400200200400106A
:109E400008000800000000000000210000210000C0
:109E5000210000210000210000210000210000213C
:109E600000002100002100000000000000000000B0
:109E7000080008040010020020010040008080005B
:109E80004100002200001400000800000000000053
:109E90000003C00004C000040000080038080F38A8
:109EA0000808380810000C300007E00003C000006C
:109EB0000000000000003F8000FFE0038070020F00
:109EC0001006708804C088048308047F8802C0904C
:109ED00003012000FE400000080000180001F80007
:109EE0003E0801C20007020007E20000FE00001F5A
:109EF000C80001F800003800000804000807FFF857
:109F000007FFF804080804080804080804080806FD
:109F1000180803F41801E7F00001E0000000000059
:109F200000003F8001FFE003807002001804000879
:109F30000400080400080400100600200780C00088
:109F4000000004000807FFF807FFF80400080400F9
:109F50000804000804001802001003807001FFE0EC
:109F6000007F8000000004000807FFF807FFF804E6
:109F70000808040808040808040808043E08040047
:109F80000806001801006000000004000807FFF840
:109F900007FFF80408080408000408000408000487
:109FA0003E000600000600000180000000000000E6
:109FB00000003F8001FFE0038070060018040008E5
:109FC0000402080402080203F00783F00002000004
:109FD000020004000807FFF807FFF804080800085B
:109FE0000000080000080000080004080807FFF847
:109FF00007FFF80400080000000000000400080447
:10A00000000804000807FFF807FFF8040008040030
:10A010000804000800000000000000000000000626
:10A020000000070000010400010400010400030710
:10A03000FFFE07FFFC040000040000040000040011
:10A040000807FFF807FFF8040C08001800003E009E
:10A0500004C7800503C80600F8040038040018008F
:10A06000000804000807FFF807FFF80400080000D4
:10A0700008000008000008000008000008000018A0
:10A0800000006000000004000807FFF807800807D0
:10A09000FC00007FC00003F80007C00078000780C4
:10A0A0000807FFF807FFF804000804000807FFF896
:10A0B00007000803C00000E000003800001E000098
:10A0C00007000001C00400F007FFF80400000000D2
:10A0D00000007F8001FFE003807006001804000884
:10A0E00004000806001803003001FFE0007F800034
:10A0F000000004000807FFF807FFF8040408040440
:10A1000000040400040400040400060C0003F8002A
:10A1100001F000000000000000007F8001FFE0036C
:10A1200080700600880400880400C806003C030014
:10A130003E01FFE6007F8400000004000807FFF8EE
:10A1400007FFF8040808040800040C00040F0004CA
:10A150000BC00610F003F03801E008000008000012
:10A160000001E0F803F03006301004180804180865
:10A17000040C08040C080206180207F00781E0002E
:10A18000000001800006000004000004000004003C
:10A190000807FFF807FFF8040008040000040000A7
:10A1A00006000001800004000007FFE007FFF00444
:10A1B0000018000008000008000008000008000067
:10A1C0000804001007FFE00400000400000600007F
:10A1D00007E00007FE00041FE00001F8000038005F
:10A1E00001E0043E0007C000060000040000040077
:10A1F0000007E00007FFC0041FF80007C007F800D1
:10A2000007FF80043FF80007C004F80007000004BF
:10A21000000000000004000806001807C07805F1DF
:10A22000C8003E00001F800463E80780F80600189D
:10A23000040008000000040000060000078000077A
:10A24000E008047C08001FF80007F800180804E084
:10A2500008070000060000040000000000010008DC
:10A260000600380400F80403E8040F08047C08051D
:10A27000F00807C008070018040060000000000094
:10A28000000000000000000000000000003FFFFE92
:10A290002000022000022000022000022000020014
:10A2A000000000000000000008000007000000C0DF
:10A2B000000038000006000001C000003000000E61
:10A2C000000001000000000000000000200002204B
:10A2D00000022000022000022000023FFFFE0000DA
:10A2E000000000000000000000000000000000006E
:10A2F00000000008000010000030000020000030C6
:10A300000000100000080000000000000000000035
:10A310000100000100000100000100000100000137
:10A320000000010000010000010000010000010028
:10A3300000010000000000000000002000002000DC
:10A3400000100000100000000000000000000000ED
:10A350000000000000000000000000F00019F800FC
:10A360001B18002208002608002408002410003FC3
:10A37000F8001FF8000008000018000000040000AA
:10A3800007FFF80FFFF00018180010080020080061
:10A390002008003018001FF0000FC000000000006F
:10A3A000000007C0001FF00018300020080020083F
:10A3B000002008003C08001C1000006000000000A5
:10A3C00000000000000007C0001FF0003818002047
:10A3D0000800200800200804101007FFF80FFFF005
:10A3E0000000100000000000000000000007C00096
:10A3F0001FF000123000221800220800220800324C
:10A4000008001E10000E20000000000000002000C8
:10A4100000200800200801FFF803FFF806200804C8
:10A4200020080420080720000300000000000000AE
:10A430000000000E000E6E001FF30031B10020B1CD
:10A440000020B1003191001F13002E1E00200E00CD
:10A45000300000000004000807FFF80FFFF80010AC
:10A4600008002000002000002008003FF8001FF82E
:10A4700000000800000000000000000000200800AC
:10A480002008002008063FF8063FF80000080000FA
:10A4900008000008000000000000000000000000AC
:10A4A000000003000003002001002001002003063B
:10A4B0003FFE063FFC00000000000000000000001E
:10A4C0000004000807FFF80FFFF8000188000300F0
:10A4D000002FC00038F800203800200800000800D5
:10A4E0000000000000000000040008040008040050
:10A4F0000807FFF80FFFF800000800000800000838
:10A50000000000000000002008003FF8003FF800B5
:10A510001008002000003FF8003FF800100800205D
:10A5200000003FF8003FF80000080000000020088D
:10A53000003FF8003FF80010080010000020000065
:10A540002008003FF8001FF800000800000000008D
:10A55000000007C0000FF00018300030080020088D
:10A56000002008003008001830000FF00007C0007D
:10A570000000000000002001003FFF003FFF00102E
:10A5800011002009002008002008003038001FF0CA
:10A59000000FC00000000000000007C0001FF00016
:10A5A0003818002008002008002009001011001FA2
:10A5B000FF003FFF0000010000000020080020080D
:10A5C000002008003FF8003FF800080800100800CD
:10A5D00020080020000030000030000000000000D3
:10A5E00000000000000C78001E180033080023084B
:10A5F0000021080021880021980030F00038600018
:10A60000000000000000200000200000200000FFEB
:10A61000F003FFF8002008002008002008000030A8
:10A62000000000000000000000002000003FF000DB
:10A630007FF8000018000008000008002010003F0C
:10A64000F8007FF000001000000000000000200073
:10A65000003000003C00003F800023F00000780044
:10A660000070002380003C0000300000200000202B
:10A6700000003C00003FE00023F80000E00027005D
:10A68000003E00003FE00021F80001E0003E000035
:10A690002000000000002008002008003838003E9C
:10A6A000680027800003C8002CF800383800201804
:10A6B000002008000000000000002000003003001F
:10A6C0003C01003F830023EC000070002380003C2D
:10A6D000000020000020000000000000000000003A
:10A6E0000038080020380020F80023E8002F8800F8
:10A6F0003E0800380800201800007000000000002C
:10A700000000000000000000000000000000080041
:10A710000014001FF7FC30000620000200000000BB
:10A720000000000000000000000000000000000029
:10A7300000000000FFFFFF0000000000000000001C
:10A7400000000000000000000000000020000230B7
:10A7500000061FF7FC0014000008000000000000C5
:10A7600000000000000000000000000000180000D1
:10A7700060000040000040000020000010000008C1
:10A7800000000400000400000C00001000000000A5
:10A7900000000000000000000000000000000000B9
:10A7A00000000000000000000000000000000000A9
:10A7B0000000000000000000000000000000000099
:10A7C0000000000000000000000000000000000089
:10A7D0000000000000000000000000000000000079
:10A7E00000000000000007F000C007FFE1E007F0F4
:10A7F00001E0000000C000000000000000000000B8
:10A800000000000000000000000000000000000048
:10A810000000000000000020000001C000000780D0
:10A8200000001F0000001E0000001C20000001C0EE
:10A830000000078000001F0000001E0000001C0038
:10A840000000000000000000000000000000000008
:10A85000000000180C0000180C0000180FE0001F8A
:10A86000FC0003F80C0000180C0000180C00001885
:10A870000C0000180C0000180FE0001FFC0003F88B
:10A880000C0000180C0000180C0000000000000074
:10A8900000000000000000000780007807C000FCF6
:10A8A0000640010E002003070020020380200FFF56
:10A8B000FFFC0201C0200200E0600130704001F0A6
:10A8C0003F8000F01F00000000000000000000FEBC
:10A8D000000001FF0000030180000200806003010E
:10A8E00081C001FF070000FE18000000E000000327
:10A8F000BF00000CFFC00071806001C10020030197
:10A9000080600000FFC000003F0000000000000069
:10A910001F0000007FC000FCC0C001FF8060030377
:10A92000E0200202782002061E2003FC074001F00E
:10A930000380000103C000011C600001E020000151
:10A940000020000100400000018000000000000025
:10A950000000002000001C6000001C4000001F8060
:10A9600000000F00000000000000000000000000D8
:10A9700000000000000000000000000000000000D7
:10A9800000000000000000000000000000000000C7
:10A9900000000000000000000000000000000000B7
:10A9A000000000000000000000000007F800003F69
:10A9B000FF00007807C001C000E003000030040081
:10A9C0000008080000041000000200000000000061
:10A9D000000010000002080000040400000803004A
:10A9E000003001C000E0007807C0003FFF00000712
:10A9F000F80000000000000000000000000000005F
:10AA00000000000000000000000000000000000046
:10AA1000000000000000000C1800000E3800000EBE
:10AA2000380000063000000360000061438000FF32
:10AA3000FF80006143000003600000063000000E4C
:10AA40003800000E3800000C180000000000000064
:10AA500000000000000000008000000080000000F6
:10AA60008000000080000000800000008000007F67
:10AA7000FF00000080000000800000008000000057
:10AA80008000000080000000800000000000000046
:10AA9000000000000001000000E3000000E20000F0
:10AAA00000FC000000780000000000000000000032
:10AAB0000000000000000000000000000000000096
:10AAC0000000000000000000000000000000000086
:10AAD00000000000800000008000000080000000F6
:10AAE0008000000080000000800000008000000066
:10AAF0008000000080000000800000008000000056
:10AB000080000000800000008000000000000000C5
:10AB1000000000000000000000C0000001E0000094
:10AB200001E0000000C00000000000000000000084
:10AB30000000000000000000000000000000000015
:10AB40000000000000000000000000000000000005
:10AB500000000000000C00000038000000E00000D1
:10AB6000038000000E00000038000000E000000339
:10AB70008000000E00000038000000E000000380AC
:10AB800000000E000000180000000000000000009F
:10AB9000000000000000000FF800007FFF0000F040
:10ABA0000780018000C00300006002000020020056
:10ABB00000200200002003000060018000C000E0CF
:10ABC0000380007FFF00000FF8000000000000007D
:10ABD0000000000000000000000000800020008055
:10ABE0000020008000200080006001FFFFE003FFE4
:10ABF000FFE00000006000000020000000200000D6
:10AC00000020000000000000000000000000000024
:10AC1000000000000000007800E0009801600100E2
:10AC2000026002000460020008600200106002007E
:10AC3000206002004060030080600183006001FE2C
:10AC400000E0007C07800000000000000000000021
:10AC500000000000000000F0078001F007C00100C4
:10AC60000040020000200201002002010020020139
:10AC70000020030380200186804001FCC0C00078D2
:10AC80007F8000001E0000000000000000000000A7
:10AC9000000000000800000038000000480000012B
:10ACA000880000060800000C081000300810004062
:10ACB000081001FFFFF003FFFFF003FFFFF00000AB
:10ACC000081000000810000008100000000000003C
:10ACD00000000000000000000780001F864003E124
:10ACE00000200302002003040020030400200304CA
:10ACF00000200304002003060040030301C00301F9
:10AD0000FF8003007E000000000000000000000043
:10AD10000000000000000007FC00003FFF00007082
:10AD2000C380008180C00101006003020020020294
:10AD3000002002020020020200200203004001C1A4
:10AD400080C000C0FF8000007E0000000000000006
:10AD500000000000000000F0000003C000000380BD
:10AD6000000003000000030007E003003FE00301D0
:10AD7000C000030600000318000003600000038009
:10AD800000000300000000000000000000000000C0
:10AD9000000000001F0000783F8000FC60C0018EB2
:10ADA000C04003078020020300200201802002012E
:10ADB00080200201C0200301E040018670C000FC39
:10ADC0003F8000781F00000000000000000000002D
:10ADD0000000003F000000FF81C001C0C1C00100B1
:10ADE000602002002020020020200200202002001B
:10ADF0002060020040C00100C18000C18F00007FC0
:10AE0000FE00001FF0000000000000000000000035
:10AE10000000000000000000000000000000000032
:10AE2000000000000000000300C0000781E00007F0
:10AE300081E0000300C000000000000000000000EE
:10AE40000000000000000000000000000000000002
:10AE500000000000000000000000000000000000F2
:10AE600000000000000000060066000600780000F8
:10AE700000000000000000000000000000000000D2
:10AE800000000000000000000000000000000000C2
:10AE9000000000000000000080000001C00000036E
:10AEA000600000063000000C180000180C00003094
:10AEB00006000060030000C00180010000400200A5
:10AEC000002004000010000000000000000000004E
:10AED0000000000410000004100000041000000432
:10AEE0001000000410000004100000041000000412
:10AEF0001000000410000004100000041000000402
:10AF00001000000410000004100000000000000009
:10AF100000000000000004000010020000200100FA
:10AF2000004000C0018000600300003006000018EF
:10AF30000C00000C18000006300000036000000147
:10AF4000C0000000800000000000000000000000C1
:10AF50000000000000000078000001F80000023846
:10AF6000000002000000040000C0040079E00400BA
:10AF700081E0040100C00403000002020000030697
:10AF8000000001FC000000F80000000000000000CC
:10AF90000000000FF800003FFE000070078000C0B6
:10AFA00000C00101F8400307FC20021E042002300B
:10AFB000082002203020023FFC20013F0440018095
:10AFC0000CC000E03180001FC20000000000000043
:10AFD000002000000060000003E000003E200003AD
:10AFE000E020003E200003E020000380200007FC5A
:10AFF0002000003FE0000003FE2000003FE00000D2
:10B0000001E000000020000000200000000000001F
:10B010000000020000200200002003FFFFE003FF09
:10B02000FFE00201002002010020020100200201D5
:10B03000002002010020030300200186806001FC43
:10B04000C0C000F87F8000001F000000000000006A
:10B0500000000007F800003FFF000070078000C0FC
:10B0600000C0010000400300002002000020020098
:10B0700000200200002002000020010000400180AA
:10B0800000C003C001800030060000000000000086
:10B090000000020000200200002003FFFFE003FF89
:10B0A000FFE0020000200200002002000020020059
:10B0B00000200300006001000040018000C000F09B
:10B0C0000780007FFE00000FF80000000000000075
:10B0D0000000020000200200002003FFFFE003FF49
:10B0E000FFE0020100200201002002010020020115
:10B0F00000200201002002038020020FE020030054
:10B10000006003C000E000600300000000000000D9
:10B110000000020000200200002003FFFFE003FF08
:10B12000FFE00201002002010020020100000201F4
:10B130000000020100000201000002038000030F72
:10B14000E0000300000003C00000006000000000F9
:10B1500000000007F800003FFE000070078001C0FB
:10B1600001C0010000400300002002000020020096
:10B17000002002000020010020200100204003C028
:10B180003F8000303F8000002000000020000200CF
:10B1900000200200002003FFFFE003FFFFE00200A9
:10B1A000802002008020000080000000800000005D
:10B1B0008000020080200200802003FFFFE003FFE8
:10B1C000FFE002000020020000200000000000005C
:10B1D000000000000000000000000200002002004B
:10B1E0000020020000200200002003FFFFE003FF18
:10B1F000FFE0020000200200002002000020020008
:10B20000002000000000000000000000000000001E
:10B2100000000000000E0000000F0000000F000002
:10B220000001020000010200000102000003020010
:10B23000000603FFFFFC03FFFFF80200000002000E
:10B2400000000200000002000000000000000000FA
:10B250000000020000200200002003FFFFE003FFC7
:10B26000FFE00200C0200201002000078000000F64
:10B27000E0000030F80002603E2003800F20030051
:10B2800003E0020000E002000020000000200000B7
:10B290000000020000200200002003FFFFE003FF87
:10B2A000FFE002000020020000200000002000005B
:10B2B000002000000020000000200000002000000E
:10B2C0000060000000E00000030000000000020039
:10B2D00000200200002003FFFFE003E0002003FF46
:10B2E0000020001FF0000001FF8000000FE00000C0
:10B2F0001E000003E000003E002003E0002003FFEA
:10B30000FFE003FFFFE00200002002000020020037
:10B3100000200200002003FFFFE00380002003F074
:10B32000002000FC0000001F00000007C00000011A
:10B33000F00000007C0002001F80020007E003FF15
:10B34000FFE002000000020000000000000000001A
:10B350000000000FF800003FFE0000F007800180B1
:10B3600000C0010000400200002002000020020096
:10B3700000200200002001000040018000C000F019
:10B380000380003FFE00000FF800000000000000F6
:10B390000000020000200200002003FFFFE003FF86
:10B3A000FFE00200802002008020020080000200F6
:10B3B0008000020080000200800003018000018301
:10B3C000000000FE0000007C000000000000000003
:10B3D0000000000FF800007FFF0000F003800180F4
:10B3E00001C0010006400200042002000420020007
:10B3F0000620020003E0010000F80180005C00E08C
:10B40000038C003FFF0C000FFC1800000000000040
:10B410000000020000200200002003FFFFE003FF05
:10B42000FFE0020100200201002002018000020171
:10B43000E0000201FC0003033F80018607E001FCFD
:10B4400000E000F8002000000020000000000000E4
:10B450000000000000000078060000FE01E0018608
:10B4600000C003030040020300200201802002010B
:10B4700080200201C0200200C0200100E0600180A5
:10B4800070C003E03F8000001F00000000000000CB
:10B4900000000060000003800000030000000200C4
:10B4A0000000020000200200002003FFFFE003FF75
:10B4B000FFE0020000200200002002000000020065
:10B4C00000000380000000E0000000000000020017
:10B4D00000000200000003FFFF0003FFFFC00200A6
:10B4E000004002000060000000200000002000007A
:10B4F000002000000020020000400200008003FF46
:10B50000FF00020000000200000000000000000038
:10B510000000020000000200000003C0000003FC65
:10B520000000023FC0000003F80000007F80000020
:10B5300007E000000780000078000203C000023C22
:10B54000000003C000000200000002000000020032
:10B55000000003C0000003FF8000023FFE00020065
:10B560007FE000000F000200F00003EF000003FF87
:10B570008000020FFE0000003FE000001F000207F5
:10B58000E00003F8000003000000020000000000DB
:10B5900000000200002002000020038000E003F011
:10B5A000032002FC0C20021F30000007C00000072F
:10B5B000F00002187C0002601F20038003E00200FC
:10B5C00000E0020000200000002000000000000059
:10B5D0000000020000000300000003C0000003F8A8
:10B5E0000000023E0020020FC0200001FFE000002A
:10B5F0007FE000038020021C002002700000038016
:10B600000000020000000200000000000000000036
:10B61000000000000020006000E0038003E0030061
:10B620000FA002003E200200F8200203E020020FDB
:10B630008020023E00200278002003E000600380AA
:10B6400000E0020003000000000000000000000015
:10B6500000000000000000000000000000000000EA
:10B660000000000000001FFFFFFC1000000410009D
:10B67000000410000004100000041000000410007A
:10B6800000041000000400000000000000000000A2
:10B69000000000000000000000000700000003C0E0
:10B6A000000000780000001E00000003C000000041
:10B6B000F00000001E0000000780000000F0000005
:10B6C000003C000000060000000000000000000038
:10B6D0000000000000001000000410000004100032
:10B6E000000410000004100000041000000410000A
:10B6F00000041FFFFFFC000000000000000000002D
:10B700000000000000000000000000000000000039
:10B710000000000000000000000000000000020027
:10B7200000000400000008000000180000001000E5
:10B7300000001800000018000000040000000200D3
:10B7400000000000000000000000000000000000F9
:10B7500000010000000100000001000000010000E5
:10B7600000010000000100000001000000010000D5
:10B7700000010000000100000001000000010000C5
:10B7800000010000000100000001000000010000B5
:10B790000000000000000000000010000000100089
:10B7A0000000100000001800000008000000040065
:10B7B0000000000000000000000000000000000089
:10B7C0000000000000000000000000000000000079
:10B7D00000000000038000018FC000038C600006A1
:10B7E0001820000410200004102000042020000471
:10B7F0002040000620400003FFC00001FFE00000E1
:10B80000002000000020000000C000000000000038
:10B810000000020000000200000003FFFFE007FF3D
:10B82000FFC0000180C00002006000020020000490
:10B830000020000400200004002000060040000357
:10B8400000C00001FF800000FE00000000000000BA
:10B8500000000000000000007E000001FF800003E7
:10B8600081C0000200400006002000040020000407
:10B87000002000040020000600200003C04000015A
:10B88000C080000003000000000000000000000075
:10B8900000000000000000007E000001FF800003A7
:10B8A00080C00006006000040020000400200004A6
:10B8B0000020020400400202008003FFFFE007FFB7
:10B8C000FFC0000000400000004000000000000039
:10B8D00000000000000000007E000001FF80000367
:10B8E00011C0000210400004106000041020000489
:10B8F000102000041020000610200003104000015A
:10B90000F0C0000071000000000000000000000016
:10B9100000000000000000040000000400200004FB
:10B92000002000040020007FFFE001FFFFE0010491
:10B93000002003040020020400200204002002046E
:10B9400000000200000001C0000001C00000000073
:10B950000000000000000000001C0000E33E0003A7
:10B96000FFC200020CC3000404C1000404C10004AF
:10B9700004C1000404C100060CC10003F8C30005A3
:10B98000F0620006007E0006003C0000000000009F
:10B990000000020000200200002003FFFFE007FF7C
:10B9A000FFE000010020000200200006000000046B
:10B9B0000000000400000004002000060020000336
:10B9C000FFE00001FFE00000002000000020000078
:10B9D000000000000000000000000004002000043F
:10B9E000002000040020000400200387FFE0038FF4
:10B9F000FFE0038000200000002000000020000085
:10BA00000020000000000000000000000000000016
:10BA10000000000000000000000000000006000020
:10BA20000007000000010000000100040001000404
:10BA3000000100040003000400060387FFFC038FDD
:10BA4000FFF803800000000000000000000000007C
:10BA50000000020000200200002003FFFFE007FFBB
:10BA6000FFE000000820000010200000300000006F
:10BA7000FC0000058E00000707A0000601E000049E
:10BA800000E0000400200000002000000000000092
:10BA90000000000000000000000002000020020082
:10BAA0000020020000200200002003FFFFE007FF4B
:10BAB000FFE0000000200000002000000020000047
:10BAC0000020000000000000000000000000000056
:10BAD0000000000400200007FFE0000FFFE000026C
:10BAE000002000040000000400200007FFE0000325
:10BAF000FFE0000200200004000000040020000716
:10BB0000FFE00003FFE00000002000000000000054
:10BB1000000000040020000400200007FFE0000FE8
:10BB2000FFE00001002000020020000200000004ED
:10BB300000000004000000040020000600200003B4
:10BB4000FFE00001FFE000000020000000200000F6
:10BB500000000000000000007E000000FF800003E5
:10BB600081C0000200400006002000040020000404
:10BB70000020000400200006002000020040000316
:10BB800081C00001FF8000007E0000000000000076
:10BB9000000000040001000400010007FFFF000F87
:10BBA000FFFF000100C1000200410004002000046A
:10BBB00000200004002000040020000600400003D4
:10BBC00001C00001FF8000007E00000000000000B6
:10BBD00000000000000000007E000001FF80000364
:10BBE00080C0000200600004002000040020000467
:10BBF00000200004002000020041000300C10003F7
:10BC0000FFFF0007FFFF000000010000000100002F
:10BC100000000004002000040020000400200004B4
:10BC20000020000FFFE0000FFFE00000C020000137
:10BC30000020000200200006002000040000000494
:10BC400000000007000000030000000000000000EA
:10BC5000000000000000000003E00001C0E000035D
:10BC6000E0400006302000043020000418200004CA
:10BC700018200004182000040C2000020C600003AF
:10BC800007C00007838000000000000000000000E3
:10BC90000000000000000004000000040000000498
:10BCA0000000000C0000001FFF8000FFFFC0000428
:10BCB00000600004002000040020000400200004B4
:10BCC00000400000018000000000000000000000B3
:10BCD000000000040000000400000007FF80000FC7
:10BCE000FFC00000006000000020000000200000F5
:10BCF0000020000000200004004000040080000735
:10BD0000FFE0000FFFC00000004000000040000006
:10BD1000000000040000000400000007800000078D
:10BD2000F0000004FE0000041FC0000003E000005B
:10BD3000038000001C000004600000078000000673
:10BD400000000004000000000000000000000004EB
:10BD50000000000600000007C0000007FC0000040F
:10BD60003F80000003E000040F800006F0000007A1
:10BD7000F0000007FF8000040FE0000003800004D3
:10BD80003C000007C00000060000000400000000A6
:10BD900000000000002000040020000400600007F4
:10BDA00000E0000783200007E6000004F800000020
:10BDB0003C0000045E20000587A0000601E00004AE
:10BDC00000600004002000000020000000000000CF
:10BDD0000000000400000004000300070003000747
:10BDE000E0010004F80100041F02000007FC00004D
:10BDF00000E000000700000438000007C000000653
:10BE0000000000040000000400000000000000002A
:10BE100000000000000000078060000600E0000451
:10BE200003E0000407A000040E2000043C200004EE
:10BE300070200005E020000780200007006000045B
:10BE400000E000000380000000000000000000008F
:10BE500000000000000000000000000000000000E2
:10BE60000000000000000000000000008000000052
:10BE700080000001400007FE3FF8080000041000A9
:10BE8000000210000002000000000000000000009E
:10BE900000000000000000000000000000000000A2
:10BEA0000000000000000000000000000000FFFF94
:10BEB000FFFF000000000000000000000000000084
:10BEC0000000000000000000000000000000000072
:10BED0000000000000001000000210000002080036
:10BEE000000407FE3FF80001400000008000000051
:10BEF00080000000000000000000000000000000C2
:10BF00000000000000000000000000000000000031
:10BF10000000180000003000000040000000400059
:10BF20000000400000002000000030000000080079
:10BF300000000400000002000000020000000200F7
:10BF400000000C00000018000000000000000000CD
:10BF5000400B000080070000607800002000000017
:10BF600020000000200000000068010000F0000038
:10BF7000000C0F0030313233343536373839414216
:10BF8000434445464030580030313233343536373B
:10BF9000383961626364656640307800BCBF000870
:10BFA0000000002008010000C4010008C4C000080F
:10BFB0000801002088B20100E00100080024F4001C
:10BFC000000000000000000000000000FFFF000073
:10BFD0001F0000F81FF8E007FF07E0FF40BC07FC68
:10BFE000308400000000000000000000000000009D
:10BFF00000000000100000000100000000F8000038
:10C00000FFFF0000010000000000000011610008B7
:10C010005561000860050020000000100000006865
:10C02000606D012000F00010000C0F68000000009F
:10C030000000000000000000000000000000000000
:10C0400000000000000000000000000000000000F0
:10C0500000000000000000000000000000000000E0
:10C0600000000000000000001F00000000000000B1
:10C0700000000000000000000000000000000000C0
:10C0800000000000000000000000000000000000B0
:10C0900000000000000000000000000000000000A0
:10C0A000000000000000000000000000AAAAAAAAE8
:10C0B000000000000000000030059007D008400A92
:04C0C000C0060000B6
:040000050800018965
:00000001FF
