:020000040800F2
:10000000B0B10120FD020008FB1E0008F31E00082D
:10001000F71E00081509000835260008000000003A
:100020000000000000000000000000003D02000889
:1000300031090008000000009902000807210008AB
:100040002103000821030008210300082103000800
:1000500021030008210300082103000821030008F0
:1000600021030008210300082103000821030008E0
:1000700021030008210300082103000821030008D0
:1000800021030008210300082103000821030008C0
:1000900021030008210300082103000821030008B0
:1000A00021030008210300082103000821030008A0
:1000B0002103000831210008210300082103000862
:1000C0002103000821030008210300082103000880
:1000D0002103000825260008210300082103000849
:1000E0002103000821030008210300082103000860
:1000F0002103000821030008210300082103000850
:10010000210300082103000821030008210300083F
:1001100021030008210300082103000841210008F1
:10012000210300082103000821030008210300081F
:10013000210300082103000821030008210300080F
:1001400021030008210300082103000821030008FF
:1001500021030008210300082103000821030008EF
:1001600021030008210300082103000821030008DF
:1001700021030008210300082103000800000000FB
:10018000210300082103000800F002F800F047F8FE
:100190000AA090E8000C82448344AAF10107DA45E2
:1001A00001D100F03CF8AFF2090EBAE80F0013F0ED
:1001B000010F18BFFB1A43F001031847C4C4000025
:1001C000E4C40000103A24BF78C878C1FAD85207B6
:1001D00024BF30C830C144BF04680C6070470000C1
:1001E0000023002400250026103A28BF78C1FBD840
:1001F000520728BF30C148BF0B607047642900F028
:100200008581782900F0BE81732900F0E382002007
:1002100070471FB509F03CFA1FBD10B510BD00F0C6
:1002200047FB1146FFF7F5FF05F060FF00F065FBA7
:1002300003B4FFF7F2FF03BC02F032FA2C4B19684B
:100240000868B0E8F04F80F30988BFF36F8F4FF074
:10025000000080F311887047000000000848006823
:10026000006880F308884FF0000080F3148862B6BD
:1002700061B6BFF34F8FBFF36F8F00DF00BF00BFCA
:1002800008ED00E0DFF80C00016841F47001016046
:10029000704700BF88ED00E0EFF30980BFF36F8F78
:1002A000134B1A681EF0100F08BF20ED108A20E9CA
:1002B000F04F106009B44FF0500080F31188BFF385
:1002C0004F8FBFF36F8F07F081FF4FF0000080F377
:1002D000118809BC19680868B0E8F04F1EF0100FCB
:1002E00008BFB0EC108A80F30988BFF36F8F7047A6
:1002F00078000020EFF30580704700000C4801688B
:1003000041F4700101600B4880470B480047FEE74D
:10031000FEE7FEE7FEE7FEE7FEE7FEE7FEE7FEE7B5
:10032000FEE7000005480649044A064B70470000F6
:1003300088ED00E01D21000889010008B0AD012012
:10034000B0B10120B0AD0120704753EA020C00F0BB
:1003500069802DE9F04B4FF00006002B1FBFB3FA68
:1003600083F503FA05F424FA05F65E4012BF16433E
:10037000B2FA82F502FA05F4C5F120051EBF22FA91
:1003800005FC44EA0C04203556EA044C4FEA1444B8
:1003900018BF641C4FF000084FF00009904271EB49
:1003A000030C39D3002919BFB1FA81F701FA07F616
:1003B000B0FA80F700FA07F6C7F120071EBF20FA4F
:1003C00007FC46EA0C062037B6FBF4FCA7EB050752
:1003D000103F07F01F0BCBF120060CFA0BFB2CFA99
:1003E00006F644BFB3460026202FA4BF5E464FF05A
:1003F000000B5BEA060C08BF4FF0010B19EB0B0971
:10040000ABFB027C48EB0608C01B06FB02CC0BFBD7
:1004100003CC71EB0C01C1E70B460246414648464E
:10042000BDE8F08B13B54FF000004FF00001AFF3C3
:100430000080BDE81C4070470FB4044910B503AA02
:10044000029800F0CBF910BC5DF814FB30000020DE
:100450002DE9F0410E460446002020622046E16866
:10046000884730B3252805D0D4E901219047206A78
:10047000401CF2E7E168204600278847050018D0B5
:10048000A5F14100192802D820354FF40067324603
:10049000294620462760FFF7B1FE40B1012804D06D
:1004A000F61D26F007060836D8E7361DD6E728469B
:1004B000DAE7206ABDE8F08170B50C460546012AEE
:1004C00005D02878800600D5EA69002302E00123E0
:1004D00005E05B1C934202D2E05C0028F9D1A869D8
:1004E000E618C01AA861286A184428622846AFF3A3
:1004F000008004E0D5E9012114F8010B9047B442D3
:10050000F8D32846AFF3008070BD00002DE9F0411C
:100510000646002410687529314616A510D0AFF3A1
:100520000080002802DA404213A507E031688A07FC
:1005300001D512A502E0490704D511A5012401E067
:10054000AFF3008000210A2206F1240709E0B0FB86
:10055000F2FCB0FBF2F302FB1C003030785418467A
:10056000491C0028F3D123462A463046BDE8F04115
:1005700000F0ACB8000000002D0000002B000000CF
:100580002000000070B504460D4621461068AFF308
:1005900000802188090502D50F4A7A4402E00E4AFC
:1005A0007A440E32002104F1240305E000F00F0626
:1005B0000009965D5E54491C0028F7D1207800237D
:1005C000000704D5702D02D009B102231132204654
:1005D000BDE8704000F07AB8BAC00000032A40F2CB
:1005E000308010F0030C00F0158011F8013BBCF1D5
:1005F000020F624498BF11F801CB00F8013B38BFED
:1006000011F8013BA2F1040298BF00F801CB38BFFA
:1006100000F8013B11F0030300F0F280083AC0F04B
:10062000088051F8043B083A51F804CBA0E80810C0
:10063000F5E7121D5CBF51F8043B40F8043BAFF3F3
:100640000080D20724BF11F8013B11F801CB48BF4D
:1006500011F8012B24BF00F8013B00F801CB48BF83
:1006600000F8012B704702F0FF0343EA032242EA3D
:10067000024200F0F9B84FF0000200B5134694466C
:100680009646203922BFA0E80C50A0E80C50B1F1EA
:100690002001BFF4F7AF090728BFA0E80C5048BFFE
:1006A0000CC05DF804EB890028BF40F8042B08BF9C
:1006B000704748BF20F8022B11F0804F18BF00F898
:1006C000012B704770477047704770472DE9F0471E
:1006D0000D4699469246044600F1240801688806B2
:1006E00004D5E06921F01001216000E00120A8425A
:1006F00001DD471B00E00027A1697A1902EB090020
:10070000081AA0612078C00602D42046AFF300800A
:10071000002608E0D4E901211AF806009047206A73
:10072000401C761C20624E45F4DB2078C0060AD5BA
:100730002046AFF3008006E0D4E901213020904745
:10074000206A401C2062381EA7F10107F4DC07E094
:10075000D4E9012118F805009047206A401C206266
:10076000281EA5F10105F3DC2046AFF300802078B8
:10077000000602D50220BDE8F0870120FBE700005B
:1007800001694A1C02610878704700B58FB0CDE955
:1007900001310021059105497944CDE90310114645
:1007A0006846FFF755FE0FB000BD0000E5FFFFFFF4
:1007B00010B5436913B1AFF3008001E0FFF77CFE91
:1007C000012010BD127800F124010A7000224A7045
:1007D0000122EDE711684FF0FF32E9E7074B70B5F2
:1007E0000D467B44FFF7D1FF0446284600F05CF835
:1007F00010B14FF0FF3070BD204670BD9B2000004F
:1008000010B5203AC0F00B80B1E81850203AA0E8AB
:100810001850B1E81850A0E81850BFF4F5AF5FEADF
:10082000027C24BFB1E81850A0E8185044BF18C992
:1008300018C0BDE810405FEA827C24BF51F8043B39
:1008400040F8043B08BF7047D20728BF31F8023B8D
:1008500048BF11F8012B28BF20F8023B48BF00F821
:10086000012B70474FF000020429C0F0128010F0F5
:10087000030C3FF402AFCCF1040CBCF1020F18BF23
:1008800000F8012BA8BF20F8022BA1EB0C01FFF709
:10089000F4BE5FEAC17C24BF00F8012B00F8012BF5
:1008A00048BF00F8012B7047007B00F080007047C4
:1008B000754600F02BF8AE4605006946534620F019
:1008C0000700854618B020B5FFF72CFDBDE8204095
:1008D0004FF000064FF000074FF000084FF0000BFC
:1008E00021F00701AC46ACE8C009ACE8C009ACE8AF
:1008F000C009ACE8C0098D46704710B50446AFF397
:1009000000802046BDE81040FFF792BC00487047C9
:100910004CAD012000BFFEE710B55321092001F0C6
:10092000FDFE00200149086010BD000050000020BD
:100930007047000070B504461D460023B5F5804F92
:1009400013D154F822300C480340D1E9000640EAA4
:1009500006108E6840EA06208E8940EA06408E69BD
:100960003043034344F8223003E06FF0704044F812
:100970002200002070BD00000000F0CF10B503463B
:100980000022086853F8202012480240D1E90104EF
:100990002043CC6820430C6920434C6920438C6978
:1009A0002043CC6920430C6A20434C6A20438C6A64
:1009B0002043CC6A2043CC6B20430C6B2043024382
:1009C0008868082801D142F04002086843F82020D6
:1009D000002010BD8000F0FF30B503460024501CFD
:1009E00053F8204004F04044D1E9000540EA0510E6
:1009F0008D6840EA05208D8940EA0545088A401E39
:100A000045EA0055087D801E45EA00608D6928434F
:100A10000443501C43F82040002030BD70B504460C
:100A2000A56D00F07BF9064694F83500022808D041
:100A30008020606500BF002084F8340000BF0120E2
:100A400070BD2068006820F01600216808602068EA
:100A5000406920F0800021684861206C08B9A06CD2
:100A600028B12068006820F008002168086020682C
:100A7000006820F00100216808600FE000F04EF9E6
:100A8000801B05280AD92020606500BF002084F85B
:100A9000340000BF032084F83500D1E720680068E7
:100AA00000F001000028E9D194F85C103F20884054
:100AB000A86000BF002084F8340000BF012084F843
:100AC00035000020BCE7014691F83500022803D02C
:100AD0008020486501207047052081F835000868AE
:100AE000006820F001000A6810600020F3E70000B1
:100AF000F8B502460B460025002400200021DEE068
:100B0000012606FA01F51E6806EA0504AC4275D115
:100B10001E7906F00306012E04D01E7906F00306A6
:100B2000022E13D190684F000326BE40B0434F0001
:100B3000DE68BE4030439060506801268E40B0436E
:100B40001E79C6F300168E40304350601E7906F0C1
:100B50000306032E09D0D0684F000326BE40B043E1
:100B60004F009E68BE403043D0601E7906F00306F9
:100B7000022E13D1CF0802F1200656F827004E07A7
:100B8000F70E0F26BE40B0434F07FF0E1E69BE4052
:100B90003043CF0802F1200646F8270010684F00C6
:100BA0000326BE40B0431E7906F003064F00BE4048
:100BB000304310605E6806F08056B6F1805F7DD1EC
:100BC00000BF00260096404E366846F480463E4FF1
:100BD0003E603E46366806F48046009600BF00BF81
:100BE0003A4E8F0856F827008E07370F0F26BE4063
:100BF000B043374EB24202D1002624E05EE0354ECB
:100C0000B24201D101261EE0334EB24201D102268A
:100C100019E0324EB24201D1032614E0304EB24206
:100C200001D104260FE02F4EB24201D105260AE081
:100C30002D4EB24201D1062605E02C4EB24201D122
:100C4000072600E008268F073F0FBE4030431F4EA7
:100C50008F0846F82700264E3068A0435E6806F4E9
:100C60008036B6F5803F00D12043214E3060361DDE
:100C70003068A0435E6806F40036B6F5003F00D148
:100C800020431B4E361D3060361D3068A0435E6821
:100C900006F48016B6F5801F00D12043144E0836A6
:100CA0003060361D3068A0435E6806F40016B6F565
:100CB000001F00D120430E4E0C363060491C102915
:100CC000FFF41EAFF8BD0000443802400838014070
:100CD000000002400004024000080240000C0240F4
:100CE000001002400014024000180240001C0240A4
:100CF000003C0140024613690B400BB1012000E0AB
:100D0000002070470AB1816101E00B0483617047E4
:100D100001480068000C7047002004E001480068AA
:100D20007047000038000020034800680349097834
:100D30000844014908607047380000204000002046
:100D400010B50A48006840F4007008490860084679
:100D5000006840F480600860032000F07FF80F20F6
:100D600000F006F800F02AF8002010BD003C024018
:100D700070B504460E4800784FF47A71B1FBF0F07C
:100D80000C490968B1FBF0F5284600F09BFC08B15E
:100D9000012070BD102C07D200222146501E00F009
:100DA0001EF80548046001E00120F2E70020F0E7AA
:100DB00040000020000000203C0000207047014659
:100DC0000846002809DB00F01F0301229A4043096E
:100DD0009B0003F1E023C3F8002100BF70472DE919
:100DE000F05F80460D461646002701F03DFC0746A1
:100DF00039462A46334601F00700C0F1070ABAF126
:100E0000040F02D94FF0040A01E0C0F1070AD146ED
:100E100000F1040ABAF1070F02D24FF0000A01E014
:100E2000A0F1030AD4464FF0010A0AFA09FAAAF11E
:100E3000010A0AEA020A0AFA0CFA4FF0010B0BFA4D
:100E40000CFBABF1010B0BEA030B4AEA0B04214646
:100E5000404601F011FCBDE8F09F000000BF00F02B
:100E60000702064B19684FF6FF031940044B0B436A
:100E700043EA0221014B196000BF70470CED00E00E
:100E80000000FA0570B504460D460CB9012070BD8E
:100E90005848006800F00700A84209D255490D7073
:100EA0000846006800F00700A84201D00120EEE7E4
:100EB000207800F0020002281DD1207800F0040004
:100EC000042805D14C48006840F4E0504A490860C5
:100ED000207800F00800082805D14748006840F451
:100EE0006040454908604448006820F0F000A1686F
:100EF000084341490860207800F00100A8B3606809
:100F0000012807D13C4808380068C0F34040B8B910
:100F10000120BCE76068022802D06068032807D17E
:100F2000354808380068C0F3406048B90120AEE792
:100F3000314808380068C0F3400008B90120A6E72E
:100F40002D48006820F00300616808432A490860C2
:100F5000FFF7E4FE064609E0FFF7E0FE801B41F2E2
:100F60008831884202D9032091E707E022480068CF
:100F700000F00C006168B0EB810FEDD11D480068F6
:100F800000F00700A84209D91A490D700846006808
:100F900000F00700A84201D0012078E7207800F097
:100FA0000400042807D11448006820F4E050E168E8
:100FB000084311490860207800F00800082808D18B
:100FC0000D48006820F46040216940EAC1000A49E8
:100FD000086000F03FF808490968C1F30311074AA7
:100FE000515CC8400649086006480068FFF7C0FE2B
:100FF00000204CE7003C0240083802409A96000866
:10100000000000203C0000200148006870470000FC
:101010000000002000B5FFF7F7FF04490968C1F39D
:101020008221034A515CC84000BD000008380240DC
:10103000AA96000800B5FFF7E7FF04490968C1F365
:101040004231034A515CC84000BD000008380240EC
:10105000AA9600082DE9F047002400250026A146A5
:101060002548006800F00C0020B1042805D00828AD
:101070003AD105E0DFF8849039E0DFF8849036E07B
:101080001D48001F006800F03F041B48001F006857
:1010900000F4800078B11A481749091F0968C1F3A4
:1010A0008811A0FB01700146224600233846FFF755
:1010B0004CF905460EE011480F49091F0968C1F3B4
:1010C0008811A0FB01700146224600233846FFF735
:1010D0003CF905460848001F0068C0F30140401C69
:1010E0004600B5FBF6F902E0DFF8109000BF00BF44
:1010F0004846BDE8F0870000083802400024F400AC
:1011000000127A00F8B504460CB90120F8BD207829
:1011100000F00100002874D0F948006800F00C00CD
:1011200004280DD0F648006800F00C00082813D100
:10113000F348001F006800F48000B0F5800F0BD169
:10114000EF4808380068C0F34040002859D0606874
:10115000002856D10120D9E700BF6068B0F5803F74
:1011600008D1E7480838006840F48030E44908397D
:1011700008601EE06068B0F5A02F0DD1E048083887
:10118000006840F48020DE4908390860084600689D
:1011900040F4803008600CE0D9480838006820F43A
:1011A0008030D749083908600846006820F480205C
:1011B000086000BF606890B1FFF7B0FD054606E02B
:1011C000FFF7ACFD401B642801D903209EE7CC4803
:1011D00008380068C0F340400028F1D011E0FFF764
:1011E0009DFD054606E0FFF799FD401B642801D9E7
:1011F00003208BE7C24808380068C0F3404000284D
:10120000F1D1207800F0020002285FD1BC480068CC
:1012100000F00C0058B1BA48006800F00C00082833
:101220001CD1B748001F006800F48000B0B9B44872
:1012300008380068C0F3400020B1E068012801D000
:10124000012063E7AE480838006820F0F800216903
:1012500040EAC100AA490839086037E0E06800B3F5
:101260000120A8490860FFF759FD054606E0FFF791
:1012700055FD401B022801D9032047E7A048083844
:101280000068C0F340000028F1D09D48083800688D
:1012900020F0F800216940EAC10099490839086046
:1012A00014E0002097490860FFF738FD054606E086
:1012B000FFF734FD401B022801D9032026E79048A0
:1012C00008380068C0F340000028F1D1207800F011
:1012D000080008282CD16069A8B101208A4908605B
:1012E000FFF71CFD054606E0FFF718FD401B02282E
:1012F00001D903200AE782486C300068C0F340003F
:101300000028F1D014E000207F490860FFF706FDB7
:10131000054606E0FFF702FD401B022801D9032025
:10132000F4E677486C300068C0F340000028F1D143
:10133000207800F00400042870D10027704838306D
:10134000006800F0805090B900BF002000906C4809
:101350003830006840F080506949383108600846EC
:10136000006800F08050009000BF00BF0127674870
:10137000006800F48070B0B96448006840F4807080
:1013800062490860FFF7CAFC054606E0FFF7C6FCA5
:10139000401B022801D90320B8E65C48006800F42D
:1013A00080700028F2D000BFA068012808D15448FE
:1013B0006830006840F001005149683108601DE064
:1013C000A06805280DD14E486830006840F0040040
:1013D0004B49683108600846006840F00100086029
:1013E0000CE047486830006820F00100444968314B
:1013F00008600846006820F00400086000BFA0688C
:10140000A8B1FFF78BFC054609E0FFF787FC401BFE
:1014100041F28831884202D9032077E626E0384835
:1014200068300068C0F340000028EED013E0FFF7FA
:1014300075FC054608E0FFF771FC401B41F288315E
:10144000884201D9032061E62D4868300068C0F366
:1014500040000028EFD1012F07D12948383000681B
:1014600020F0805026493831086000BFA06900286C
:1014700045D02348006800F00C0008285DD0A06922
:10148000022845D100201F490866FFF747FC0546A2
:1014900006E0FFF743FC401B022801D9032035E694
:1014A000174808380068C0F340600028F1D1D4E93B
:1014B00007010843616A40EA81110122A06AC2EB78
:1014C000500041EA00412C20005D41EA00600C49D7
:1014D000091F086001200B490866FFF71FFC05463D
:1014E00006E0FFF71BFC401B022801D903200DE694
:1014F000034808380068C0F340600028F1D049E094
:101500000838024000004742800E47420070004009
:10151000002021490866FFF701FC054606E0FFF7B9
:10152000FDFB401B022801D90320EFE51B480068A2
:10153000C0F340600028F2D12CE0A069012800D15E
:10154000E4E51648001D0668A069012820D006F4CD
:101550008001E06981421BD106F03F01206A81428F
:1015600016D147F6C0703040616AB0EB811F0FD1D1
:1015700006F440310122A06AC2EB5000B1EB004FEB
:1015800006D106F070612C20005DB1EB006F01D038
:101590000120BBE50020B9E50000474200380240C9
:1015A00070B504460E4615460CB9012070BD94F87E
:1015B000490028B9002084F84800204600F01CF8B3
:1015C00004F108012068FFF7D9F93146A2682068C4
:1015D000FFF702FA2946236BD4E90102FFF7AAF9C3
:1015E000A168206850F8210040F00100A26821683D
:1015F00041F822000020D9E710B586B0044600BFAC
:10160000002000902248006840F001002049086056
:101610000846006800F00100009000BF00BF00BF56
:10162000002000901A480838006840F00800184967
:10163000083908600846006800F00800009000BF04
:1016400000BF00BF002000900846006840F0100076
:1016500008600846006800F01000009000BF00BF5E
:101660004CF20370019002200290012003900220AE
:1016700004900C20059001A90648FFF739FA4FF6AF
:101680008070019001A90448FFF732FA06B010BD3E
:1016900038380240000C024000100240042808D1F3
:1016A0004FF0E021096941F004014FF0E02211619F
:1016B00007E04FF0E021096921F004014FF0E0223A
:1016C0001161704770B504462546681EB0F1807FF1
:1016D00001D301200FE0681E4FF0E02148610F2187
:1016E0004FF0FF3000F0C8FF00204FF0E02188618C
:1016F00007200861002070BD7047704710B5044690
:101700000CB9012010BD94F83D0028B9002084F8E0
:101710003C00204600F026F8022084F83D00211D00
:10172000206800F015FD012084F8460000BF84F811
:101730003E0001213F200155402001554120015527
:1017400000BF00BF012084F842004320015544201F
:1017500001554520015500BF012084F83D000020BF
:10176000D0E7000038B504461E49206888421AD1E7
:1017700000BF00BF002000901B48006840F002003E
:10178000194908600846006800F00200009000BF98
:1017900000BF00BF002203211D20FFF720FB1D20FA
:1017A000FFF70DFB1DE011492068884219D100BFE9
:1017B00000BF002000900C48006840F020000A495B
:1017C00008600846006800F02000009000BF00BFDD
:1017D00000BF002207213720FFF701FB3720FFF76A
:1017E000EEFA38BD000400404038024000140040CA
:1017F000014691F83D00012801D0012070470220E8
:1018000081F83D000868C06840F001000B68D860AE
:101810001A4B086898421BD00868B0F1804F17D067
:10182000174B0868984213D0164B086898420FD09F
:10183000154B086898420BD0144B0868984207D0A3
:10184000134B0868984203D0124B086898420CD199
:101850000868806800F00702062A0CD00868006853
:1018600040F001000B68186005E00868006840F06F
:1018700001000B6818600020C0E700000000014074
:101880000004004000080040000C0040000401403B
:101890000040014000180040704710B50446206821
:1018A0000069C0F34000D8B12068C068C0F34000B0
:1018B000B0B16FF002002168086101202077206834
:1018C000806900F0030018B12046FFF7E5FF05E04E
:1018D000204600F0ADF8204600F0ABF8002020775D
:1018E00020680069C0F38000D8B12068C068C0F3E8
:1018F0008000B0B16FF004002168086102202077F9
:101900002068806900F4407018B12046FFF7C4FFDA
:1019100005E0204600F08CF8204600F08AF8002010
:10192000207720680069C0F3C000D8B12068C06883
:10193000C0F3C000B0B16FF0080021680861042056
:1019400020772068C06900F0030018B12046FFF737
:10195000A3FF05E0204600F06BF8204600F069F890
:101960000020207720680069C0F30010D8B12068FB
:10197000C068C0F30010B0B16FF0100021680861BA
:10198000082020772068C06900F4407018B1204614
:10199000FFF782FF05E0204600F04AF8204600F0FD
:1019A00048F8002020772068006900F0010058B155
:1019B0002068C06800F0010030B16FF001002168BC
:1019C0000861204600F036F820680069C0F3C010B6
:1019D00058B12068C068C0F3C01030B16FF080000B
:1019E000216808612046FFF787FE20680069C0F380
:1019F000801058B12068C068C0F3801030B16FF01B
:101A0000400021680861204600F036F8206800692F
:101A1000C0F3401058B12068C068C0F3401030B126
:101A20006FF02000216808612046FFF766FE10BDB8
:101A30007047704710B504460748844205D10748EF
:101A40000068401C0549086005E00548844202D151
:101A500004A0FEF7F1FC10BDD402002050000020CD
:101A60001C03002054494D37CAE4B3F62E2E2E2E07
:101A70002E2E2E0D0A0000007047704770470000A0
:101A80002DE9F84F0446206805682068C66820687C
:101A900047694FF00009CA4605F00F09B9F1000F78
:101AA0000AD105F0200038B106F0200020B1204610
:101AB00000F0EFFBBDE8F88FB9F1000F72D007F02E
:101AC000010018B906F4907000286BD005F00100F1
:101AD00030B106F4807018B1206C40F00100206431
:101AE00005F0040030B107F0010018B1206C40F09F
:101AF0000200206405F0020030B107F0010018B1C7
:101B0000206C40F00400206405F0080048B106F0A5
:101B1000200010B907F0010018B1206C40F0080057
:101B20002064206C70B305F0200028B106F020007E
:101B300010B1204600F0ADFB20684069C0F3801A68
:101B4000206C00F0080010B9BAF1000F23D0204635
:101B500000F074FB2068406900F04000402816D176
:101B60002068406920F0400021684861A06B50B1B6
:101B70005648A16B0865A06BFEF7A5FF10B1A06BDE
:101B8000016D88470CE02046FFF778FF08E020460B
:101B9000FFF774FF04E02046FFF770FF0020206489
:101BA00088E7FFE7206B012879D105F010000028B5
:101BB00075D006F01000002871D000BF0020009002
:101BC00020680068009020684068009000BF00BF57
:101BD0002068406900F04000402839D1A06B0068BF
:101BE00040681FFA80F8B8F1000F30D0A08D404552
:101BF0002DDDA4F82E80A06BC069B0F5807F1FD0CA
:101C00002068C06820F480702168C860206840693E
:101C100020F00100216848612068406920F0400000
:101C200021684861202084F83E000020206320685D
:101C3000C06820F010002168C860A06BFEF7EEFEBF
:101C4000A08DE28D801A81B22046FFF716FF31E7A2
:101C5000A08DE18D401A1FFA80F8E08DE8B1B8F14F
:101C6000000F1AD02068C06820F490702168C86006
:101C70002068406920F0010021684861202084F834
:101C80003E00002020632068C06820F0100021681A
:101C9000C86041462046FFF7F0FE0BE7FFE705F07E
:101CA000800030B106F0800018B1204600F089FCB9
:101CB00000E705F0400030B106F0400018B12046C2
:101CC00000F0D7FAF6E600BFF4E60000292200088B
:101CD00010B504460CB9012010BDA06900B100E0A8
:101CE00000BF94F83D0028B9002084F83C0020464D
:101CF00000F028F8242084F83D002068C06820F413
:101D000000502168C860204600F022FB206800696E
:101D100020F49040216808612068406920F02A0082
:101D2000216848612068C06840F400502168C8609C
:101D300000202064202084F83D0084F83E0000202C
:101D4000CAE7000010B586B004462E4920688842D4
:101D500055D100BF00BF002000902B48006840F024
:101D60001000294908600846006800F01000009043
:101D700000BF00BF00BF00BF00BF0020009022488E
:101D80001438006840F001001F4914390860084603
:101D9000006800F00100009000BF00BF00BF00BF5E
:101DA00000BF002000900846006840F00100086075
:101DB0000846006800F00100009000BF00BF00BFAF
:101DC0004815019002200290012003900220049007
:101DD0000720059001A90D48FEF78AFE4FF48060A8
:101DE00001900720059001A90848FEF781FE2520F3
:101DF000FEF7E5FF032211462520FEF7F0FF06B0AF
:101E000010BD0000001001404438024000000240B4
:101E100070B504460D46164694F83E00202816D1AB
:101E200005B10EB9012070BD00BF94F83C00012837
:101E300001D10220F7E7012084F83C0000BF002018
:101E4000206332462946204600F098FBEBE702204B
:101E5000E9E7000010B504462049206888423BD1DC
:101E60001F48008800F4004088BB1D48008800F42B
:101E7000804070B11B4800780A2803D00020184920
:101E8000088024E01648008840F400401449088087
:101E90001DE0144800780D2806D11148008840F450
:101EA00080400F49088012E00E4800780C490988EC
:101EB000C1F30D010C4A505409480088401C0849E0
:101EC000088008460088C72801DD0020088001221C
:101ED00004490648FFF79CFF10BD000000100140B8
:101EE000340000203600002018010020E00100200E
:101EF000704700BFFEE700BFFEE77047124800686A
:101F000020F00100104908600846006820F0020037
:101F100008600846006820F0040008600846006871
:101F200020F0080008600846006820F010000860F3
:101F30000846006820F0200008600846006820F08D
:101F400040000860704700003038024008B500BF0C
:101F5000002000903348006840F0010031490860DB
:101F60000846006800F00100009000BF00BF00BFFD
:101F7000002000900846006840F002000860084613
:101F8000006800F00200009000BF00BF00BF00200A
:101F900000900846006840F00400086008460068A9
:101FA00000F00400009000BF00BF00BF00200090C0
:101FB0000846006840F0080008600846006800F025
:101FC0000800009000BF00BF00BF0020009008463E
:101FD000006840F0100008600846006800F010003B
:101FE000009000BF00BF00BF0020009008460068BE
:101FF00040F0200008600846006800F020000090D3
:1020000000BF00BF00BF002000900846006840F0FD
:10201000400008600846006800F04000009000BFE3
:1020200000BF08BD303802402DE9F0470C46DDE91D
:102030000867002100258C4600BF60E04FF00108D2
:1020400008FA01F504EA050CAC4557D1D0F8008038
:102050004FEA410A4FF0030909FA0AF928EA090888
:10206000C0F80080D0F800804FEA410902FA09F96F
:1020700048EA0908C0F80080012A01D0022A27D1C5
:10208000D0F808804FEA410A4FF0030909FA0AF92B
:1020900028EA0908C0F80880D0F808804FEA41090A
:1020A00006FA09F948EA0908C0F80880D0F804904F
:1020B0004FF0010808FA01F829EA0809C0F804906D
:1020C000D0F8048003FA01F948EA0908C0F804804E
:1020D000D0F80C804FEA410A4FF0030909FA0AF9D7
:1020E00028EA0908C0F80C80D0F80C804FEA4109B2
:1020F00007FA09F948EA0908C0F80C80491C1029B8
:102100009CD3BDE8F08710B5FEF70EFE06F0BAFDD1
:10211000012801D006F0ACF910BD000003480068AA
:1021200040F47000014908607047000088ED00E04D
:1021300010B50248FFF7B1FB10BD0000D40200202B
:1021400010B50248FFF7A9FB10BD00001C030020DA
:1021500010B50268294B98420ED0B0F1804F0BD0D9
:10216000274B984208D0274B984205D0264B9842DF
:1021700002D0264B984203D122F070024B681A43DA
:102180001E4B984220D0B0F1804F1DD01C4B98427E
:102190001AD01C4B984217D01B4B984214D01B4BA3
:1021A000984211D01A4B98420ED01A4B98420BD03D
:1021B000194B984208D0194B984205D0184B9842B9
:1021C00002D0184B984203D122F44072CB681A43D4
:1021D00022F080034C6943EA040202608B68C36208
:1021E0000B688362054B984202D0084B984201D19C
:1021F0000B6903630123436110BD0000000001402F
:102200000004004000080040000C004000040140B1
:1022100000400140004401400048014000180040D7
:10222000001C00400020004070B50546AC6B00204B
:10223000E085E0842046FFF721FC70BD0168C96895
:1022400021F490710268D1600168496921F00101AF
:1022500002685161016B012905D10168C96821F04B
:1022600010010268D160202180F83E100021016336
:10227000704710B504462068C06820F0400021680F
:10228000C860202084F83D002046FFF731FE002082
:1022900010BD70B5044694F83E00222856D1A068BF
:1022A000B0F5805F0CD1206950B90025A66A20687E
:1022B0004068C0F308003080A06A801CA06215E06E
:1022C000A56A0026A068B0F5805F03D0A06828B991
:1022D000206918B920684068287004E020684068C8
:1022E00000F07F002870A06A401CA062E08D401EB4
:1022F00080B2E08540BB2068C06820F020002168E3
:10230000C8602068C06820F480702168C8602068B8
:10231000406920F0010021684861202084F83E00D7
:10232000206B01280AD12068C06820F010002168C5
:10233000C860A18D2046FFF7A0FB02E02046FFF712
:1023400089FD0020206370BD0020FCE70220FAE731
:102350002DE9F84F04462068006920F44050E168F8
:102360000843216808612169A0680843616908433E
:10237000E169084300902068C06849F20C61884315
:10238000009908432168C8602068406920F44070C3
:10239000A16908432168486176492068884203D0D2
:1023A00075492068884203D1FEF744FE814602E069
:1023B000FEF730FE8146E069B0F5004F6CD1022097
:1023C0006168A0FB015003461920A9FB007001467B
:1023D0002A463846FDF7B9FF6421B0FBF1F04FEA19
:1023E000001A02206168A0FB01510B461920A9FBCD
:1023F00000712A463846FDF7A8FF8346022061682F
:10240000A0FB015003461920A9FB00712A4638465B
:10241000FDF79BFF6421B0FBF1F000EBC00101EB85
:102420000010ABEB8000322101EBC0006421B0FB57
:10243000F1F000F0F8000AEB400A02206168A0FB0E
:10244000015003461920A9FB007001462A46384670
:10245000FDF77BFF834602206168A0FB0150034625
:102460001920A9FB00712A463846FDF76EFF64214A
:10247000B0FBF1F000EBC00101EB0010ABEB800012
:10248000322101EBC0006421B0FBF1F000F0070045
:102490005044216888606AE004206168A0FB015014
:1024A00003461920A9FB007001462A463846FDF76D
:1024B0004CFF824604206168A0FB015003461920AE
:1024C000A9FB007001462A463846FDF73EFF64210D
:1024D000B0FBF1F000EBC00101EB0010AAEB8000B3
:1024E000322101EB00106421B0FBF1F000F0F00AA2
:1024F00004206168A0FB017003461920A9FB00516C
:102500003A462846FDF721FF6421B0FBF1F00AEBC3
:10251000001A04206168A0FB01510B461920A9FB99
:1025200000712A463846FDF710FF83460420616893
:10253000A0FB015003461920A9FB007001462A4662
:102540003846FDF702FF6421B0FBF1F000EBC0015B
:1025500001EB0010ABEB8000322101EB0010642195
:10256000B0FBF1F000F00F00504421688860BDE836
:10257000F88F0000001001400014014010B5034620
:1025800099629A85DA8500201864222083F83E003B
:1025900000BF002083F83C0000BF1868C06840F40A
:1025A00080701C68E0601868406940F001001C6899
:1025B00060611868C06840F020001C68E06000207E
:1025C00010BD014691F83D00212828D18868B0F55A
:1025D000805F0BD1086948B90A6A1088C0F3080007
:1025E0000B685860086A801C086205E00B6A581C7A
:1025F000086218780B685860C88C401E80B2C88486
:1026000058B90868C06820F080000B68D860086876
:10261000C06840F040000B68D8600020704702207E
:10262000FCE7000010B50248FFF72AFA10BD0000D1
:10263000E001002000BFFEE770B50621302004F065
:1026400015FF302004F022FE0546062D03D006219A
:10265000302004F00BFF002403E006F0D3FE601CE2
:1026600084B2C82CF9DB70BD02480068C0F30220B8
:10267000704700000CED00E010B5002804DB0A07ED
:10268000130E054A135406E00A07140E034A00F01D
:102690000F031B1FD45410BD00E400E018ED00E050
:1026A00000BF704700F00101194A1160C0F34001FA
:1026B000184AC2F88412C0F38001154A083211602A
:1026C000C0F30011121F1160C0F34011104A3C32D8
:1026D0001160C0F38011104A1160C0F3C0110C4AA0
:1026E00038321160C0F300210B4A121D1160C0F393
:1026F0004021074A34321160C0F38021044A143269
:102700001160C0F3C021024A0C3211607047000012
:1027100080824242000043429002434270B5054627
:102720000C4607480749086008464460002181605C
:10273000C5600161FEF7E2FF0248FFF759F870BD7E
:1027400000040040D402002000F00101104A116092
:10275000C0F340010F4AC2F8BC12C0F380010C4A1A
:10276000383A1160C0F3C001121D1160C0F30011AE
:10277000094A1160C0F34011121D1160C0F38011AD
:10278000121D1160C109054AC2F8A8127047000065
:10279000B8824142008041429C02424200004242D3
:1027A00070B504460420FEF779FF0A480460254608
:1027B0004FF47A7045434FF0E020006940F002008A
:1027C0004FF0E021086108464561006940F00100D2
:1027D000086170BD2C00002030B50446002504E0DF
:1027E0004FF47A7000F004F86D1CA542F8D330BDA8
:1027F00070B5034600224FF0E02675690D4E36682D
:1028000003FB06F44FF0E026B16910E04FF0E0263C
:10281000B06988420BD0884202D20E1A324402E0DC
:102820002E1A0E4432440146A24200D300E0EDE7E6
:1028300000BF70BD2C000020012101200B4A12684E
:102840000AB1002011E00A4A12680AB100200CE027
:10285000084A12680AB1002007E0074A1368074ACD
:102860001268521E934200D102207047E884012072
:102870009C00002098000020108501208800002086
:1028800000BF054A126802F04002002AF9D0C2B225
:10289000014B5A6070470000001001400EB54FF424
:1028A000784021A120221346CDE900210290DC22AC
:1028B0000A21084603F03CFB4FF478401CA1182283
:1028C0001346CDE900210290DC222F210A2003F0DB
:1028D0002FFB4FF478401BA110221346CDE90021B5
:1028E0000290DC224C210A2003F022FB032200216B
:1028F000012005F0D7FD174908600846006818B1A7
:1029000015A0FDF799FD02E01AA0FDF795FD2048FE
:10291000012100238022CDE900101EA1204806F0ED
:1029200081F905F0AFFB0EBD53544D33320000006A
:102930004672656552544F5320506F7274696E67CA
:102940000000000041544F4D40414C49454E544514
:102950004B00000010000020B6FED6B5D0C5BAC5A9
:10296000C1BFB4B4BDA8B3C9B9A6A3A1A3A10D0AA0
:1029700000000000B6FED6B5D0C5BAC5C1BFB4B41C
:10298000BDA8CAA7B0DCA3A1A3A10D0A0000000046
:102990000400002073746172745F7461736B0000D3
:1029A0005175000800B587B000BF00BF002001903E
:1029B0003848006840F01000364908600846006852
:1029C00000F01000019000BF00BF00BF00BF00BFBB
:1029D000002001900846006840F01000086008469A
:1029E000006800F01000019000BF00BF00BF00BFF2
:1029F00000BF002001900846006840F01000086009
:102A00000846006800F01000019000BF00BF00BF42
:102A100000BF00BF002001900846006840F00100A0
:102A200008600846006800F00100019000BF00BF88
:102A300000BF10200290002003900120049002208B
:102A4000059002A91448FEF753F8082002900020D0
:102A50000390012004900220059002A90E48FEF781
:102A600047F80420029000200390012004900220E7
:102A7000059002A90848FEF73BF8012002900020CB
:102A8000039002200490059002A90448FEF730F854
:102A900007B000BD30380240001002400000024084
:102AA00070B50446002514B101202B4908702A484E
:102AB0000078002834D010212848FEF71BF978B19F
:102AC00008212648FEF716F950B104212348FEF7E5
:102AD00011F928B101212248FEF70CF901281FD174
:102AE0000A20FFF779FE00201B49087010211B48BF
:102AF000FEF700F900B9012508211848FEF7FAF899
:102B000000B9022504211548FEF7F4F800B90325A1
:102B100001211348FEF7EEF801281BD1042519E026
:102B200010210E48FEF7E6F8012813D108210B48C2
:102B3000FEF7E0F801280DD104210848FEF7DAF885
:102B4000012807D101210648FEF7D4F810B9012069
:102B500001490870284670BD4C000020001002405A
:102B60000000024070B504460026094805884088E8
:102B700045430021084603F0ABF803F057FA00BFC5
:102B800002E004480480761CAE42FAD370BD000017
:102B9000740200208000006C10B50446584884710F
:102BA000002C58D1F020564908804FF4A07048807E
:102BB0000846808845F21051884210D14FF43050B9
:102BC0004F4908814FF4285048814FF42C50888198
:102BD0004FF4F07008804FF4487048801AE048487D
:102BE000808841F6631188420DD12C204449088128
:102BF0002B2048812A2088814FF4F07008804FF400
:102C00004870488006E02C203D4908812A204881F0
:102C10002B2088813A48808845F21031884205D0BF
:102C20003748808847F29671884206D14FF4A070E9
:102C3000334908804FF4F07048803148808849F665
:102C40000601884258D14FF4F0702D4908804FF4A6
:102C50004870488050E04FF4A07029490880F02067
:102C600048800846808845F21051884210D14FF4C0
:102C70003050234908814FF4285048814FF42C509C
:102C800088814FF4487008804FF4F070488020E04D
:102C90001B48808841F66311884205D01848808817
:102CA00049F6060188420DD12C20154908812A20B9
:102CB00048812B2088814FF4487008804FF4F070D1
:102CC000488006E02C200E4908812A2048812B20CC
:102CD00088810B48808845F21031884205D0084829
:102CE000808847F29671884206D14FF4F07004490B
:102CF00008804FF4A0704880002002F0CBFE10BD89
:102D00007402002070B505460E461446314628462A
:102D100002F0DEFF03F08AF901490C8070BD00006B
:102D20008000006C10B5CF2003F074F9002003F090
:102D300065F9C12003F062F9302003F05FF9ED205E
:102D400003F068F9642003F059F9032003F056F901
:102D5000122003F053F9812003F050F9E82003F02A
:102D600059F9852003F04AF9102003F047F97A2039
:102D700003F044F9CB2003F04DF9392003F03EF97C
:102D80002C2003F03BF9002003F038F9342003F045
:102D900035F9022003F032F9F72003F03BF9202047
:102DA00003F02CF9EA2003F035F9002003F026F9AE
:102DB000002003F023F9C02003F02CF91B2003F0BE
:102DC0001DF9C12003F026F9012003F017F9C520F1
:102DD00003F020F9302003F011F9302003F00EF950
:102DE000C72003F017F9B72003F008F9362003F0E5
:102DF00011F9482003F002F93A2003F00BF95520AD
:102E000003F0FCF8B12003F005F9002003F0F6F818
:102E10001A2003F0F3F8B62003F0FCF80A2003F0C0
:102E2000EDF8A22003F0EAF8F22003F0F3F8002016
:102E300003F0E4F8262003F0EDF8012003F0DEF8BB
:102E4000E02003F0E7F80F2003F0D8F82A2003F081
:102E5000D5F8282003F0D2F8082003F0CFF80E2090
:102E600003F0CCF8082003F0C9F8542003F0C6F8AA
:102E7000A92003F0C3F8432003F0C0F80A2003F0B0
:102E8000BDF80F2003F0BAF8002003F0B7F80020D7
:102E900003F0B4F8002003F0B1F8002003F0AEF81E
:102EA000E12003F0B7F8002003F0A8F8152003F0A4
:102EB000A5F8172003F0A2F8072003F09FF81120CF
:102EC00003F09CF8062003F099F82B2003F096F805
:102ED000562003F093F83C2003F090F8052003F00F
:102EE0008DF8102003F08AF80F2003F087F83F20B8
:102EF00003F084F83F2003F081F80F2003F07EF800
:102F00002B2003F087F8002003F078F8002003F06E
:102F100075F8012003F072F83F2003F06FF82A20C3
:102F200003F078F8002003F069F8002003F066F859
:102F3000002003F063F8EF2003F060F8112003F0A5
:102F400069F87820FFF748FC292003F063F810BDEA
:102F500010B5FF2003F05EF8FF2003F04FF8982033
:102F600003F04CF8062003F049F8BC2003F052F8B7
:102F7000012003F043F80F2003F040F8612003F034
:102F80003DF8FF2003F03AF8012003F037F8012064
:102F900003F034F80B2003F031F8102003F02EF882
:102FA000372003F02BF8632003F028F8FF2003F00C
:102FB00025F8FF2003F022F8012003F01FF801207C
:102FC00003F01CF8002003F019F8002003F016F8B5
:102FD000FF2003F013F8522003F010F8012003F053
:102FE0000DF8002003F00AF8402003F007F8BD2098
:102FF00003F010F8012003F001F8232002F0FEFF97
:10300000452002F0FBFF672002F0F8FF012002F0EC
:10301000F5FF232002F0F2FF452002F0EFFF6720CA
:1030200002F0ECFFBE2002F0F5FF002002F0E6FF08
:10303000012002F0E3FFAB2002F0E0FF602002F08D
:10304000DDFF222002F0DAFF222002F0D7FF22204B
:1030500002F0D4FF222002F0D1FF222002F0CEFFA6
:10306000C72002F0D7FF362002F0C8FFED2002F0A3
:10307000D1FF7F2002F0C2FF0F2002F0BFFFC0206F
:1030800002F0C8FF0F2002F0B9FF0B2002F0B6FFDC
:103090000A2002F0B3FFFC2002F0BCFF082002F07F
:1030A000ADFFDF2002F0B6FF002002F0A7FF0020F6
:1030B00002F0A4FF002002F0A1FF002002F09EFF1A
:1030C000002002F09BFF202002F098FFF32002F086
:1030D000A1FF742002F092FFB42002F09BFF0020B9
:1030E00002F08CFF002002F089FF002002F086FF32
:1030F000F72002F08FFF822002F080FFB12002F063
:1031000089FF002002F07AFF132002F077FF1320DE
:1031100002F074FFF22002F07DFF802002F06EFFCB
:10312000042002F06BFF402002F068FF282002F02C
:1031300065FFC12002F06EFF172002F05FFF8820BC
:1031400002F05CFF882002F059FF202002F056FFB9
:10315000E02002F05FFF002002F050FF0A2002F0A2
:103160004DFF122002F04AFF102002F047FF0E2010
:1031700002F044FF202002F041FFCC2002F03EFF8D
:10318000072002F03BFF062002F038FF0B2002F080
:1031900035FF0E2002F032FF0F2002F02FFF0D202E
:1031A00002F02CFF152002F029FF102002F026FF6C
:1031B000002002F023FFE12002F02CFF002002F0AB
:1031C0001DFF0B2002F01AFF132002F017FF0D2045
:1031D00002F014FF0E2002F011FF1B2002F00EFF80
:1031E000712002F00BFF062002F008FF062002F01B
:1031F00005FF0A2002F002FF0F2002F0FFFE0E2062
:1032000002F0FCFE0F2002F0F9FE152002F0F6FE9F
:103210000C2002F0F3FE002002F0F0FE2A2002F063
:10322000F9FE002002F0EAFE002002F0E7FE012095
:1032300002F0E4FEDF2002F0E1FE2B2002F0EAFEC5
:10324000002002F0DBFE002002F0D8FE032002F096
:10325000D5FE1F2002F0D2FE3A2002F0DBFE552000
:1032600002F0CCFE362002F0D5FE002002F0C6FEB1
:10327000112002F0CFFE7820FFF7AEFA292002F0ED
:10328000C9FE1420FFF7A8FA2C2002F0C3FE10BDDF
:1032900010B5ED2002F0BEFE012002F0AFFEFE20D0
:1032A00002F0ACFEEE2002F0B5FEDE2002F0A6FE3B
:1032B000212002F0A3FEF12002F0ACFE012002F07A
:1032C0009DFEDF2002F0A6FE102002F097FEC42033
:1032D00002F0A0FE8F2002F091FEC62002F09AFEBE
:1032E000002002F08BFEE22002F088FEE22002F0D5
:1032F00085FEE22002F082FEBF2002F08BFEAA20B3
:1033000002F07CFEB02002F085FE0D2002F076FE79
:10331000002002F073FE0D2002F070FE002002F08B
:103320006DFE112002F06AFE002002F067FE1920F7
:1033300002F064FE002002F061FE212002F05EFE39
:10334000002002F05BFE2D2002F058FE002002F06B
:1033500055FE3D2002F052FE002002F04FFE5D209F
:1033600002F04CFE002002F049FE5D2002F046FE15
:10337000002002F043FEB12002F04CFE802002F05B
:103380003DFE002002F03AFE8B2002F037FE0020C6
:1033900002F034FE962002F031FE002002F02EFEF4
:1033A000B22002F037FE002002F028FE002002F0DA
:1033B00025FE022002F022FE002002F01FFE032064
:1033C00002F01CFE002002F019FEB32002F022FEE3
:1033D000002002F013FE002002F010FE002002F098
:1033E0000DFE002002F00AFE002002F007FE002081
:1033F00002F004FE002002F001FE002002F0FEFDBB
:10340000002002F0FBFD002002F0F8FD002002F099
:10341000F5FD002002F0F2FD002002F0EFFD00209B
:1034200002F0ECFD002002F0E9FD002002F0E6FDD4
:10343000002002F0E3FD002002F0E0FD002002F099
:10344000DDFD002002F0DAFD002002F0D7FD0020B3
:1034500002F0D4FD002002F0D1FD002002F0CEFDEC
:10346000B42002F0D7FD8B2002F0C8FD002002F04E
:10347000C5FD962002F0C2FD002002F0BFFDA12094
:1034800002F0BCFD002002F0B9FDB52002F0C2FD43
:10349000022002F0B3FD002002F0B0FD032002F094
:1034A000ADFD002002F0AAFD042002F0A7FD0020DF
:1034B00002F0A4FDB62002F0ADFD002002F09EFD5A
:1034C000002002F09BFDB72002F0A4FD002002F0D6
:1034D00095FD002002F092FD3F2002F08FFD0020BC
:1034E00002F08CFD5E2002F089FD002002F086FDD6
:1034F000642002F083FD002002F080FD8C2002F0A9
:103500007DFD002002F07AFDAC2002F077FD002066
:1035100002F074FDDC2002F071FD002002F06EFD6F
:10352000702002F06BFD002002F068FD902002F098
:1035300065FD002002F062FDEB2002F05FFD00203F
:1035400002F05CFDDC2002F059FD002002F056FD87
:10355000B82002F05FFD002002F050FD002002F0D4
:103560004DFD002002F04AFD002002F047FD002042
:1035700002F044FD002002F041FD002002F03EFD7B
:10358000002002F03BFDBA2002F044FD242002F0AE
:1035900035FD002002F032FD002002F02FFD00205A
:1035A00002F02CFDC12002F035FD202002F026FDA6
:1035B000002002F023FD542002F020FD002002F044
:1035C0001DFDFF2002F01AFD002002F017FDC220B1
:1035D00002F020FD0A2002F011FD002002F00EFD95
:1035E000042002F00BFD002002F008FDC32002F0D1
:1035F00011FD3C2002F002FD002002F0FFFC3A2009
:1036000002F0FCFC002002F0F9FC392002F0F6FC8C
:10361000002002F0F3FC372002F0F0FC002002F062
:10362000EDFC3C2002F0EAFC002002F0E7FC362032
:1036300002F0E4FC002002F0E1FC322002F0DEFCAB
:10364000002002F0DBFC2F2002F0D8FC002002F06A
:10365000D5FC2C2002F0D2FC002002F0CFFC292067
:1036600002F0CCFC002002F0C9FC262002F0C6FCCF
:10367000002002F0C3FC242002F0C0FC002002F075
:10368000BDFC242002F0BAFC002002F0B7FC23208D
:1036900002F0B4FC002002F0B1FC3C2002F0AEFCD1
:1036A000002002F0ABFC362002F0A8FC002002F063
:1036B000A5FC322002F0A2FC002002F09FFC2F208B
:1036C00002F09CFC002002F099FC2C2002F096FCF9
:1036D000002002F093FC292002F090FC002002F070
:1036E0008DFC262002F08AFC002002F087FC2420BA
:1036F00002F084FC002002F081FC242002F07EFC19
:10370000002002F07BFC232002F078FC002002F075
:1037100075FCC42002F07EFC622002F06FFC0020E9
:1037200002F06CFC052002F069FC002002F066FC4F
:10373000842002F063FC002002F060FCF02002F024
:103740005DFC002002F05AFC182002F057FC00201B
:1037500002F054FCA42002F051FC002002F04EFCC8
:10376000182002F04BFC002002F048FC502002F030
:1037700045FC002002F042FC0C2002F03FFC00203F
:1037800002F03CFC172002F039FC002002F036FC6D
:10379000952002F033FC002002F030FCF32002F010
:1037A0002DFC002002F02AFCE62002F027FC00207D
:1037B00002F024FCC52002F02DFC322002F01EFC99
:1037C000002002F01BFC442002F018FC002002F054
:1037D00015FC652002F012FC002002F00FFC7620A0
:1037E00002F00CFC002002F009FC882002F006FC2C
:1037F000002002F003FCC62002F00CFC202002F0A6
:10380000FDFB002002F0FAFB172002F0F7FB00207E
:1038100002F0F4FB012002F0F1FB002002F0EEFBCD
:10382000C72002F0F7FB002002F0E8FB002002F0C6
:10383000E5FB002002F0E2FB002002F0DFFBC820E5
:1038400002F0E8FB002002F0D9FB002002F0D6FBDA
:10385000002002F0D3FB002002F0D0FBC92002F0D0
:10386000D9FB002002F0CAFB002002F0C7FB0020B9
:1038700002F0C4FB002002F0C1FB002002F0BEFBFE
:10388000002002F0BBFB002002F0B8FB002002F099
:10389000B5FB002002F0B2FB002002F0AFFB0020DD
:1038A00002F0ACFB002002F0A9FB002002F0A6FB16
:1038B000002002F0A3FB002002F0A0FB002002F099
:1038C0009DFBE02002F0A6FB162002F097FB0020F3
:1038D00002F094FB1C2002F091FB002002F08EFB12
:1038E000212002F08BFB002002F088FB362002F042
:1038F00085FB002002F082FB462002F07FFB0020C7
:1039000002F07CFB522002F079FB002002F076FBF3
:10391000642002F073FB002002F070FB7A2002F0BA
:103920006DFB002002F06AFB8B2002F067FB002099
:1039300002F064FB992002F061FB002002F05EFBC4
:10394000A82002F05BFB002002F058FBB92002F037
:1039500055FB002002F052FBC42002F04FFB002078
:1039600002F04CFBCA2002F049FB002002F046FBAB
:10397000D22002F043FB002002F040FBD92002F0ED
:103980003DFB002002F03AFBE02002F037FB002074
:1039900002F034FBF32002F031FB002002F02EFB9A
:1039A000E12002F037FB162002F028FB002002F095
:1039B00025FB1C2002F022FB002002F01FFB22202E
:1039C00002F01CFB002002F019FB362002F016FB6F
:1039D000002002F013FB452002F010FB002002F053
:1039E0000DFB522002F00AFB002002F007FB6420CE
:1039F00002F004FB002002F001FB7A2002F0FEFA44
:103A0000002002F0FBFA8B2002F0F8FA002002F00E
:103A1000F5FA992002F0F2FA002002F0EFFAA8205D
:103A200002F0ECFA002002F0E9FAB92002F0E6FA1E
:103A3000002002F0E3FAC42002F0E0FA002002F0D5
:103A4000DDFACA2002F0DAFA002002F0D7FAD2201A
:103A500002F0D4FA002002F0D1FAD82002F0CEFA17
:103A6000002002F0CBFAE02002F0C8FA002002F0B9
:103A7000C5FAF32002F0C2FA002002F0BFFAE220F9
:103A800002F0C8FA052002F0B9FA002002F0B6FAF6
:103A90000B2002F0B3FA002002F0B0FA1B2002F073
:103AA000ADFA002002F0AAFA342002F0A7FA0020B2
:103AB00002F0A4FA442002F0A1FA002002F09EFADB
:103AC0004F2002F09BFA002002F098FA612002F0E9
:103AD00095FA002002F092FA792002F08FFA002085
:103AE00002F08CFA882002F089FA002002F086FAAF
:103AF000972002F083FA002002F080FAA62002F05C
:103B00007DFA002002F07AFAB72002F077FA00205E
:103B100002F074FAC22002F071FA002002F06EFA8C
:103B2000C72002F06BFA002002F068FAD12002F000
:103B300065FA002002F062FAD62002F05FFA002057
:103B400002F05CFADD2002F059FA002002F056FA89
:103B5000F32002F053FA002002F050FAE32002F0C2
:103B600059FA052002F04AFA002002F047FA0A202A
:103B700002F044FA002002F041FA1C2002F03EFA62
:103B8000002002F03BFA332002F038FA002002F065
:103B900035FA442002F032FA002002F02FFA5020C9
:103BA00002F02CFA002002F029FA622002F026FA34
:103BB000002002F023FA782002F020FA002002F020
:103BC0001DFA882002F01AFA002002F017FA972056
:103BD00002F014FA002002F011FAA62002F00EFA08
:103BE000002002F00BFAB72002F008FA002002F0E1
:103BF00005FAC22002F002FA002002F0FFF9C72005
:103C000002F0FCF9002002F0F9F9D12002F0F6F9F7
:103C1000002002F0F3F9D52002F0F0F9002002F0C4
:103C2000EDF9DD2002F0EAF9002002F0E7F9F320D7
:103C300002F0E4F9002002F0E1F9E42002F0EAF9F0
:103C4000012002F0DBF9002002F0D8F9012002F097
:103C5000D5F9002002F0D2F9022002F0CFF90020BD
:103C600002F0CCF92A2002F0C9F9002002F0C6F9CE
:103C70003C2002F0C3F9002002F0C0F94B2002F012
:103C8000BDF9002002F0BAF95D2002F0B7F900207A
:103C900002F0B4F9742002F0B1F9002002F0AEF99C
:103CA000842002F0ABF9002002F0A8F9932002F082
:103CB000A5F9002002F0A2F9A22002F09FF900204D
:103CC00002F09CF9B32002F099F9002002F096F975
:103CD000BE2002F093F9002002F090F9C42002F017
:103CE0008DF9002002F08AF9CD2002F087F900203A
:103CF00002F084F9D32002F081F9002002F07EF96D
:103D0000DD2002F07BF9002002F078F9F32002F0C8
:103D100075F9002002F072F9E52002F07BF900202D
:103D200002F06CF9002002F069F9002002F066F957
:103D3000002002F063F9022002F060F9002002F096
:103D40005DF9292002F05AF9002002F057F93C20D1
:103D500002F054F9002002F051F94B2002F04EF924
:103D6000002002F04BF95D2002F048F9002002F03B
:103D700045F9742002F042F9002002F03FF9842056
:103D800002F03CF9002002F039F9932002F036F9F4
:103D9000002002F033F9A22002F030F9002002F0F6
:103DA0002DF9B32002F02AF9002002F027F9BE20F5
:103DB00002F024F9002002F021F9C42002F01EF9DB
:103DC000002002F01BF9CD2002F018F9002002F0CB
:103DD00015F9D32002F012F9002002F00FF9DC20CF
:103DE00002F00CF9002002F009F9F32002F006F9C4
:103DF000002002F003F9E62002F00CF9112002F095
:103E0000FDF8002002F0FAF8342002F0F7F8002064
:103E100002F0F4F8562002F0F1F8002002F0EEF87B
:103E2000762002F0EBF8002002F0E8F8772002F0AC
:103E3000E5F8002002F0E2F8662002F0DFF800204A
:103E400002F0DCF8882002F0D9F8002002F0D6F861
:103E5000992002F0D3F8002002F0D0F8BB2002F045
:103E6000CDF8002002F0CAF8992002F0C7F800202F
:103E700002F0C4F8662002F0C1F8002002F0BEF89B
:103E8000552002F0BBF8002002F0B8F8552002F0EF
:103E9000B5F8002002F0B2F8452002F0AFF800209B
:103EA00002F0ACF8432002F0A9F8002002F0A6F8D6
:103EB000442002F0A3F8002002F0A0F8E72002F06E
:103EC000A9F8322002F09AF8002002F097F8552065
:103ED00002F094F8002002F091F8762002F08EF8BB
:103EE000002002F08BF8662002F088F8002002F033
:103EF00085F8672002F082F8002002F07FF8672042
:103F000002F07CF8002002F079F8872002F076F8C1
:103F1000002002F073F8992002F070F8002002F0FF
:103F20006DF8BB2002F06AF8002002F067F89920D3
:103F300002F064F8002002F061F8772002F05EF8E9
:103F4000002002F05BF8442002F058F8002002F054
:103F500055F8562002F052F8002002F04FF82320C6
:103F600002F04CF8002002F049F8332002F046F845
:103F7000002002F043F8452002F040F8002002F053
:103F80003DF8E82002F046F8002002F037F8002063
:103F900002F034F8992002F031F8002002F02EF8F7
:103FA000872002F02BF8002002F028F8882002F089
:103FB00025F8002002F022F8772002F01FF80020F8
:103FC00002F01CF8662002F019F8002002F016F842
:103FD000882002F013F8002002F010F8AA2002F066
:103FE0000DF8002002F00AF8BB2002F007F80020CC
:103FF00002F004F8992002F001F8002001F0FEFF21
:10400000662001F0FBFF002001F0F8FF552001F0D1
:10401000F5FF002001F0F2FF552001F0EFFF002036
:1040200001F0ECFF442001F0E9FF002001F0E6FF81
:10403000442001F0E3FF002001F0E0FF552001F0F3
:10404000DDFF002001F0DAFFE92001F0E3FFAA2004
:1040500001F0D4FF002001F0D1FF002001F0CEFFDD
:10406000002001F0CBFF002001F0D4FFAA2001F0D6
:10407000C5FFCF2001F0CEFF002001F0BFFF0020E0
:1040800001F0BCFF002001F0B9FF002001F0B6FFF5
:10409000002001F0B3FF002001F0B0FF002001F08C
:1040A000ADFF002001F0AAFF002001F0A7FF0020D3
:1040B00001F0A4FF002001F0A1FF002001F09EFF0D
:1040C000002001F09BFF002001F098FF002001F08C
:1040D00095FF002001F092FF002001F08FFFF020FB
:1040E00001F098FF002001F089FF502001F086FFC9
:1040F000002001F083FF002001F080FF002001F08C
:104100007DFFF32001F086FF002001F077FFF9200A
:1041100001F080FF062001F071FF102001F06EFF1A
:10412000292001F06BFF002001F068FF3A2001F028
:1041300071FF552001F062FF112001F06BFF642038
:10414000FEF74AFB292001F065FF352001F062FFF0
:10415000002001F053FF512001F05CFFFF2001F02F
:104160004DFF532001F056FF2C2001F047FF552052
:1041700001F050FF822001F041FF2C2001F04AFFA6
:1041800010BD10B555214FF4704001F059FFAA2120
:104190004FF2010001F054FF52214FF2020001F0F2
:1041A0004FFF08214FF2030001F04AFF01214FF2B7
:1041B000040001F045FF0D214FF4304001F040FFB5
:1041C0000D214BF2010001F03BFF0D214BF20200EB
:1041D00001F036FF34214FF4364001F031FF342135
:1041E0004BF2016001F02CFF34214BF2026001F030
:1041F00027FF0D214FF4314001F022FF0D214BF23A
:10420000011001F01DFF0D214BF2021001F018FF0B
:1042100034214FF4374001F013FF34214BF2017089
:1042200001F00EFF34214BF2027001F009FF002172
:104230004FF4324001F004FF00214BF2012001F065
:10424000FFFE00214BF2022001F0FAFE24214FF480
:10425000384001F0F5FE24214BF6010001F0F0FE9C
:1042600024214BF6020001F0EBFE01214FF43F4008
:1042700001F0E6FE0F214FF4334001F0E1FE0F2183
:104280004BF2013001F0DCFE0F214BF2023001F065
:10429000D7FE34214FF4394001F0D2FE34214BF6E1
:1042A000011001F0CDFE34214BF6021001F0C8FEE2
:1042B00008214FF4354001F0C3FE08214BF20150B4
:1042C00001F0BEFE08214BF2025001F0B9FE0321BD
:1042D0004FF4424001F0B4FE24214FF43A4001F083
:1042E000AFFE24214BF6012001F0AAFE24214BF65B
:1042F000022001F0A5FE00214FF43C4001F0A0FE99
:1043000078214BF6014001F09BFE00214BF6024064
:1043100001F096FE00214FF43D4001F091FE78211E
:104320004BF6015001F08CFE00214BF6025001F0DB
:1043300087FE00214FF43E4001F082FE64214BF6DF
:10434000016001F07DFE00214FF4514001F078FE44
:1043500033214DF2011001F073FE00214DF20210E5
:1043600001F06EFE34214DF2031001F069FE0021D0
:104370004DF2041001F064FE3A214DF2051001F0F7
:104380005FFE00214DF2061001F05AFE4A214DF267
:10439000071001F055FE00214DF2081001F050FE0B
:1043A0005C214DF2091001F04BFE00214DF20A1084
:1043B00001F046FE81214DF20B1001F041FE00217B
:1043C0004DF20C1001F03CFEA6214DF20D1001F053
:1043D00037FE00214DF20E1001F032FEE5214DF2C4
:1043E0000F1001F02DFE01214DF2101001F028FEFA
:1043F00013214DF2111001F023FE01214DF2121094
:1044000001F01EFE54214DF2131001F019FE01219E
:104410004DF2141001F014FE82214DF2151001F03E
:104420000FFE01214DF2161001F00AFECA214DF2D5
:10443000171001F005FE02214DF2181001F000FEE8
:1044400000214DF2191001F0FBFD02214DF21A106E
:1044500001F0F6FD01214DF21B1001F0F1FD0221EA
:104460004DF21C1001F0ECFD34214DF21D1001F055
:10447000E7FD02214DF21E1001F0E2FD67214DF231
:104480001F1001F0DDFD02214DF2201001F0D8FDDA
:1044900084214DF2211001F0D3FD02214DF22210B2
:1044A00001F0CEFDA4214DF2231001F0C9FD02213F
:1044B0004DF2241001F0C4FDB7214DF2251001F09A
:1044C000BFFD02214DF2261001F0BAFDCF214DF2C1
:1044D000271001F0B5FD02214DF2281001F0B0FDCA
:1044E000DE214DF2291001F0ABFD02214DF22A1020
:1044F00001F0A6FDF2214DF22B1001F0A1FD0221E9
:104500004DF22C1001F09CFDFE214DF22D1001F01A
:1045100097FD03214DF22E1001F092FD10214DF276
:104520002F1001F08DFD03214DF2301001F088FDB8
:1045300033214DF2311001F083FD03214DF2321091
:1045400001F07EFD6D214DF2331001F079FD002167
:104550004FF4524001F074FD33214DF2012001F07F
:104560006FFD00214DF2022001F06AFD34214DF271
:10457000032001F065FD00214DF2042001F060FDF3
:104580003A214DF2052001F05BFD00214DF206209D
:1045900001F056FD4A214DF2072001F051FD0021A6
:1045A0004DF2082001F04CFD5C214DF2092001F094
:1045B00047FD00214DF20A2001F042FD81214DF21C
:1045C0000B2001F03DFD00214DF20C2001F038FDE3
:1045D000A6214DF20D2001F033FD00214DF20E20F9
:1045E00001F02EFDE5214DF20F2001F029FD012102
:1045F0004DF2102001F024FD13214DF2112001F0A5
:104600001FFD01214DF2122001F01AFD54214DF23F
:10461000132001F015FD01214DF2142001F010FDD1
:1046200082214DF2152001F00BFD01214DF21620E3
:1046300001F006FDCA214DF2172001F001FD022113
:104640004DF2182001F0FCFC00214DF2192001F080
:10465000F7FC02214DF21A2001F0F2FC01214DF28B
:104660001B2001F0EDFC02214DF21C2001F0E8FCC2
:1046700034214DF21D2001F0E3FC02214DF21E20F9
:1046800001F0DEFC67214DF21F2001F0D9FC022170
:104690004DF2202001F0D4FC84214DF2212001F0C4
:1046A000CFFC02214DF2222001F0CAFCA4214DF2E0
:1046B000232001F0C5FC02214DF2242001F0C0FCB2
:1046C000B7214DF2252001F0BBFC02214DF226203E
:1046D00001F0B6FCCF214DF2272001F0B1FC022100
:1046E0004DF2282001F0ACFCDE214DF2292001F032
:1046F000A7FC02214DF22A2001F0A2FCF2214DF28A
:104700002B2001F09DFC02214DF22C2001F098FCA1
:10471000FE214DF22D2001F093FC03214DF22E20BD
:1047200001F08EFC10214DF22F2001F089FC0321B5
:104730004DF2302001F084FC33214DF2312001F0A4
:104740007FFC03214DF2322001F07AFC6D214DF205
:10475000332001F075FC00214FF4534001F070FC50
:1047600033214DF2013001F06BFC00214DF202309B
:1047700001F066FC34214DF2033001F061FC0021B0
:104780004DF2043001F05CFC3A214DF2053001F0AD
:1047900057FC00214DF2063001F052FC4A214DF247
:1047A000073001F04DFC00214DF2083001F048FCCB
:1047B0005C214DF2093001F043FC00214DF20A303A
:1047C00001F03EFC81214DF20B3001F039FC00215B
:1047D0004DF20C3001F034FCA6214DF20D3001F009
:1047E0002FFC00214DF20E3001F02AFCE5214DF2A4
:1047F0000F3001F025FC01214DF2103001F020FCBA
:1048000013214DF2113001F01BFC01214DF2123049
:1048100001F016FC54214DF2133001F011FC01217E
:104820004DF2143001F00CFC82214DF2153001F0F4
:1048300007FC01214DF2163001F002FCCA214DF2B5
:10484000173001F0FDFB02214DF2183001F0F8FBAA
:1048500000214DF2193001F0F3FB02214DF21A3024
:1048600001F0EEFB01214DF21B3001F0E9FB0221CA
:104870004DF21C3001F0E4FB34214DF21D3001F00B
:10488000DFFB02214DF21E3001F0DAFB67214DF211
:104890001F3001F0D5FB02214DF2203001F0D0FB9A
:1048A00084214DF2213001F0CBFB02214DF2223068
:1048B00001F0C6FBA4214DF2233001F0C1FB02211F
:1048C0004DF2243001F0BCFBB7214DF2253001F050
:1048D000B7FB02214DF2263001F0B2FBCF214DF2A1
:1048E000273001F0ADFB02214DF2283001F0A8FB8A
:1048F000DE214DF2293001F0A3FB02214DF22A30D6
:1049000001F09EFBF2214DF22B3001F099FB0221C8
:104910004DF22C3001F094FBFE214DF22D3001F0D0
:104920008FFB03214DF22E3001F08AFB10214DF256
:104930002F3001F085FB03214DF2303001F080FB78
:1049400033214DF2313001F07BFB03214DF2323047
:1049500001F076FB6D214DF2333001F071FB002147
:104960004FF4544001F06CFB33214DF2014001F053
:1049700067FB00214DF2024001F062FB34214DF251
:10498000034001F05DFB00214DF2044001F058FBB3
:104990003A214DF2054001F053FB00214DF2064053
:1049A00001F04EFB4A214DF2074001F049FB002186
:1049B0004DF2084001F044FB5C214DF2094001F04A
:1049C0003FFB00214DF20A4001F03AFB81214DF2FC
:1049D0000B4001F035FB00214DF20C4001F030FBA3
:1049E000A6214DF20D4001F02BFB00214DF20E40AF
:1049F00001F026FBE5214DF20F4001F021FB0121E2
:104A00004DF2104001F01CFB13214DF2114001F05A
:104A100017FB01214DF2124001F012FB54214DF21F
:104A2000134001F00DFB01214DF2144001F008FB91
:104A300082214DF2154001F003FB01214DF2164099
:104A400001F0FEFACA214DF2174001F0F9FA0221F5
:104A50004DF2184001F0F4FA00214DF2194001F036
:104A6000EFFA02214DF21A4001F0EAFA01214DF26B
:104A70001B4001F0E5FA02214DF21C4001F0E0FA82
:104A800034214DF21D4001F0DBFA02214DF21E40AF
:104A900001F0D6FA67214DF21F4001F0D1FA022150
:104AA0004DF2204001F0CCFA84214DF2214001F07A
:104AB000C7FA02214DF2224001F0C2FAA4214DF2C0
:104AC000234001F0BDFA02214DF2244001F0B8FA72
:104AD000B7214DF2254001F0B3FA02214DF22640F4
:104AE00001F0AEFACF214DF2274001F0A9FA0221E0
:104AF0004DF2284001F0A4FADE214DF2294001F0E8
:104B00009FFA02214DF22A4001F09AFAF2214DF269
:104B10002B4001F095FA02214DF22C4001F090FA61
:104B2000FE214DF22D4001F08BFA03214DF22E4073
:104B300001F086FA10214DF22F4001F081FA032195
:104B40004DF2304001F07CFA33214DF2314001F05A
:104B500077FA03214DF2324001F072FA6D214DF2E5
:104B6000334001F06DFA00214FF4554001F068FA2E
:104B700033214DF2015001F063FA00214DF2025051
:104B800001F05EFA34214DF2035001F059FA002190
:104B90004DF2045001F054FA3A214DF2055001F063
:104BA0004FFA00214DF2065001F04AFA4A214DF227
:104BB000075001F045FA00214DF2085001F040FA8B
:104BC0005C214DF2095001F03BFA00214DF20A50F0
:104BD00001F036FA81214DF20B5001F031FA00213B
:104BE0004DF20C5001F02CFAA6214DF20D5001F0BF
:104BF00027FA00214DF20E5001F022FAE5214DF284
:104C00000F5001F01DFA01214DF2105001F018FA79
:104C100013214DF2115001F013FA01214DF21250FF
:104C200001F00EFA54214DF2135001F009FA01215E
:104C30004DF2145001F004FA82214DF2155001F0AA
:104C4000FFF901214DF2165001F0FAF9CA214DF297
:104C5000175001F0F5F902214DF2185001F0F0F96A
:104C600000214DF2195001F0EBF902214DF21A50DA
:104C700001F0E6F901214DF21B5001F0E1F90221AA
:104C80004DF21C5001F0DCF934214DF21D5001F0C1
:104C9000D7F902214DF21E5001F0D2F967214DF2F1
:104CA0001F5001F0CDF902214DF2205001F0C8F95A
:104CB00084214DF2215001F0C3F902214DF222501E
:104CC00001F0BEF9A4214DF2235001F0B9F90221FF
:104CD0004DF2245001F0B4F9B7214DF2255001F006
:104CE000AFF902214DF2265001F0AAF9CF214DF281
:104CF000275001F0A5F902214DF2285001F0A0F94A
:104D0000DE214DF2295001F09BF902214DF22A508B
:104D100001F096F9F2214DF22B5001F091F90221A8
:104D20004DF22C5001F08CF9FE214DF22D5001F086
:104D300087F903214DF22E5001F082F910214DF236
:104D40002F5001F07DF903214DF2305001F078F938
:104D500033214DF2315001F073F903214DF23250FD
:104D600001F06EF96D214DF2335001F069F9002127
:104D70004FF4564001F064F933214DF2016001F027
:104D80005FF900214DF2026001F05AF934214DF231
:104D9000036001F055F900214DF2046001F050F973
:104DA0003A214DF2056001F04BF900214DF2066009
:104DB00001F046F94A214DF2076001F041F9002166
:104DC0004DF2086001F03CF95C214DF2096001F000
:104DD00037F900214DF20A6001F032F981214DF2DC
:104DE0000B6001F02DF900214DF20C6001F028F963
:104DF000A6214DF20D6001F023F900214DF20E6065
:104E000001F01EF9E5214DF20F6001F019F90121C1
:104E10004DF2106001F014F913214DF2116001F010
:104E20000FF901214DF2126001F00AF954214DF2FF
:104E3000136001F005F901214DF2146001F000F951
:104E400082214DF2156001F0FBF801214DF2166050
:104E500001F0F6F8CA214DF2176001F0F1F80221D5
:104E60004DF2186001F0ECF800214DF2196001F0EC
:104E7000E7F802214DF21A6001F0E2F801214DF24B
:104E80001B6001F0DDF802214DF21C6001F0D8F842
:104E900034214DF21D6001F0D3F802214DF21E6065
:104EA00001F0CEF867214DF21F6001F0C9F8022130
:104EB0004DF2206001F0C4F884214DF2216001F030
:104EC000BFF802214DF2226001F0BAF8A4214DF2A0
:104ED000236001F0B5F802214DF2246001F0B0F832
:104EE000B7214DF2256001F0ABF802214DF22660AA
:104EF00001F0A6F8CF214DF2276001F0A1F80221C0
:104F00004DF2286001F09CF8DE214DF2296001F09D
:104F100097F802214DF22A6001F092F8F2214DF249
:104F20002B6001F08DF802214DF22C6001F088F821
:104F3000FE214DF22D6001F083F803214DF22E6029
:104F400001F07EF810214DF22F6001F079F8032175
:104F50004DF2306001F074F833214DF2316001F010
:104F60006FF803214DF2326001F06AF86D214DF2C5
:104F7000336001F065F855214FF4704001F060F89E
:104F8000AA214FF2010001F05BF852214FF202001A
:104F900001F056F808214FF2030001F051F800210A
:104FA0004FF2040001F04CF8CC214FF4314001F0F5
:104FB00047F800214BF2011001F042F805214FF4AF
:104FC000364001F03DF870214FF4374001F038F8D9
:104FD00070214BF2017001F033F801214FF4384099
:104FE00001F02EF803214BF6010001F029F803210E
:104FF0004BF6020001F024F803214BF6030001F008
:105000001FF802214FF43C4001F01AF800214BF642
:10501000014001F015F800214BF6024001F010F8B4
:10502000D0214FF4494001F00BF802214CF6011059
:1050300001F006F850214CF6021001F001F8502161
:105040004CF6031000F0FCFF50214CF6041000F069
:10505000F7FF00214FF4545000F0F2FF55214FF4B8
:10506000685000F0EDFF4FF4885000F0D3FF782037
:10507000FDF7BEFB4FF4245000F0CCFF10BD10B57F
:10508000E22000F0C7FF1D2000F0B8FF022000F072
:10509000B5FF042000F0B2FF6420FDF7A9FBE0207B
:1050A00000F0B8FF012000F0A9FF0A20FDF794FBF3
:1050B000E02000F0AFFF032000F0A0FF0C20FDF780
:1050C0008BFB012000F0A6FF0A20FDF785FBE62000
:1050D00000F0A0FF2F2000F091FFFF2000F08EFFD6
:1050E000FF2000F08BFFB02000F094FF202000F0A4
:1050F00085FF002000F082FF032000F07FFF40F2D8
:105100001F3000F07BFF012000F078FF40F2DF103D
:1051100000F074FF002000F071FFB42000F07AFF6F
:10512000042000F06BFF40F21F4000F067FF0020FA
:1051300000F064FF2E2000F061FF002000F05EFF11
:10514000002000F05BFF002000F058FF002000F07E
:1051500055FFB62000F05EFF022000F04FFF4FF435
:10516000037000F04BFF002000F048FF172000F014
:1051700045FF152000F042FF002000F03FFF002017
:1051800000F03CFFF02000F045FF032000F036FF68
:10519000292000F03FFFD02000F03CFF002000F06D
:1051A0002DFFBE2000F036FF052000F027FFFE2077
:1051B00000F024FF012000F021FF002000F01EFF7E
:1051C000002000F01BFF002000F018FFB82000F0C6
:1051D00021FF032000F012FF012000F00FFFBA2092
:1051E00000F018FF012000F009FF10BD10B51120DC
:1051F00000F010FF7820FDF7EFFA362000F00AFFEC
:10520000002000F0FBFE3A2000F004FF052000F033
:10521000F5FEB22000F0FEFE0C2000F0EFFE0C20A8
:1052200000F0ECFE002000F0E9FE332000F0E6FE86
:10523000332000F0E3FEB72000F0ECFE352000F054
:10524000DDFEBB2000F0E6FE322000F0D7FEC020DD
:1052500000F0E0FE0C2000F0D1FEC22000F0DAFEEB
:10526000012000F0CBFEC32000F0D4FE102000F09F
:10527000C5FEC42000F0CEFE202000F0BFFEC620F8
:1052800000F0C8FE0F2000F0B9FED02000F0C2FEF2
:10529000A42000F0B3FEA12000F0B0FEE02000F05A
:1052A000B9FED02000F0AAFE002000F0A7FE0220E8
:1052B00000F0A4FE072000F0A1FE0A2000F09EFEF0
:1052C000282000F09BFE322000F098FE442000F0E1
:1052D00095FE422000F092FE062000F08FFE0E2088
:1052E00000F08CFE122000F089FE142000F086FEF3
:1052F000172000F083FEE12000F08CFED02000F0AB
:105300007DFE002000F07AFE022000F077FE0720EC
:1053100000F074FE0A2000F071FE282000F06EFEFE
:10532000312000F06BFE542000F068FE472000F0B2
:1053300065FE0E2000F062FE1C2000F05FFE1720CC
:1053400000F05CFE1B2000F059FE1E2000F056FE0F
:105350002A2000F05FFE002000F050FE002000F048
:105360004DFE002000F04AFEEF2000F047FE2B200B
:1053700000F050FE002000F041FE002000F03EFE54
:10538000012000F03BFE3F2000F038FE292000F015
:1053900041FE10BD10B5112000F03CFE7820FDF755
:1053A0001BFA362000F036FE482000F027FE3A2097
:1053B00000F030FE552000F021FEF02000F02AFE23
:1053C000C32000F01BFEF02000F024FE962000F029
:1053D00015FEB42000F01EFE012000F00FFEB620E6
:1053E00000F018FE0A2000F009FEA22000F006FEE0
:1053F000B72000F00FFEC62000F000FEB92000F03C
:1054000009FE022000F0FAFDE02000F0F7FDC020C8
:1054100000F000FE802000F0F1FD162000F0EEFD0F
:10542000C12000F0F7FD192000F0E8FDC22000F0D7
:10543000F1FDA72000F0E2FDC52000F0EBFD1620F5
:1054400000F0DCFDE82000F0E5FD402000F0D6FD96
:105450008A2000F0D3FD002000F0D0FD002000F0F5
:10546000CDFD292000F0CAFD192000F0C7FDA520C0
:1054700000F0C4FD332000F0C1FDE02000F0CAFDC3
:10548000F02000F0BBFD072000F0B8FD0D2000F07B
:10549000B5FD042000F0B2FD052000F0AFFD1420A2
:1054A00000F0ACFD362000F0A9FD542000F0A6FD70
:1054B0004C2000F0A3FD382000F0A0FD132000F0E8
:1054C0009DFD142000F09AFD2E2000F097FD342061
:1054D00000F094FDE12000F09DFDF02000F08EFD35
:1054E000102000F08BFD142000F088FD0E2000F04D
:1054F00085FD0C2000F082FD082000F07FFD3520A6
:1055000000F07CFD442000F079FD4C2000F076FD99
:10551000262000F073FD102000F070FD122000F036
:105520006DFD2C2000F06AFD322000F067FDF020B8
:1055300000F070FD3C2000F061FDF02000F06AFDFD
:10554000692000F05BFD7820FDF746F9212000F08E
:1055500061FD292000F05EFD10BD000000B595B092
:1055600000BF00BF00200190F848006840F04000F4
:10557000F64908600846006800F04000019000BF4E
:1055800000BF00BF00BF00BF0020019008460068B8
:1055900040F0080008600846006800F0080001902C
:1055A00000BF00BF00BF00BF00BF00200190084641
:1055B000006840F0080008600846006800F0080035
:1055C000019000BF00BF00BF00BF00BF00200190DE
:1055D0000846006840F0400008600846006800F097
:1055E0004000019000BF00BF00BF00BF00BF00200F
:1055F00001900846006840F0020008600846006814
:1056000000F00200019000BF00BF00BF881410909E
:105610000220119001201290022013900C2014906F
:1056200010A9CB48FBF764FA2020109010A9C948B4
:10563000FBF75EFA1020109010A9C648FBF758FA45
:105640004FF48050109010A9C348FBF751FA4FF463
:10565000004010900120119010A9C048FBF748FAB3
:105660004FF02040BE490860BE4848600620886070
:105670000021BB48C1601021416100218161C161ED
:1056800041624FF4805181620021C1624FF4804138
:1056900001630021416381630F20099000200A907B
:1056A0003C200B9000200F900920029000200390D6
:1056B000092004900020089002AA09A9A848FBF735
:1056C0006FFF3220FDF788F8D32000F0A3FC00F034
:1056D000D5F9A549888000F0D1F9A349888000F068
:1056E000CDF9A1498880084680884FF6FF7101EA0C
:1056F00000209D49888000F0C1F99B4989880843B2
:10570000994988800846808849F2413188427CD096
:10571000042000F07FFC00F0B1F99349888000F08C
:10572000ADF99149888000F0A9F98F498880084631
:1057300080884FF6FF7101EA00208B49888000F0D5
:105740009DF9894989880843874988800846808867
:1057500048F25251884203D147F2897082498880C9
:105760008148808847F289718842D0D0D42000F0E7
:1057700051FC00F083F97C49888000F07FF97A4978
:10578000888000F07BF978498880084680884FF649
:10579000FF7101EA00207449888000F06FF97249B6
:1057A00089880843704988800846808845F210310E
:1057B0008842ACD0D32000F02DFC00F05FF96A499C
:1057C000888000F05BF96849888000F057F96649E5
:1057D0008880084680884FF6FF7101EA0020624900
:1057E000888000F04BF96049898808435E498880C9
:1057F0000846808847F29671884288D055214FF438
:10580000704000F01DFCAA2100E07EE04FF2010094
:1058100000F016FC52214FF2020000F011FC0821AA
:105820004FF2030000F00CFC01214FF2040000F0E5
:1058300007FC4FF4454000F0EDFB00F01FF94A492A
:105840008880084680884FF6FF7101EA00204649AB
:1058500088804CF2015000F0DDFB00F00FF9424966
:1058600089880843404988800520FCF7B5FF3E48F9
:10587000808845F21051884247D0D32000F0CAFBFF
:1058800000F0FCF83849888000F0F8F83649888044
:1058900000F0F4F834498880084680884FF6FF719C
:1058A00001EA00203049888000F0E8F82E49898814
:1058B00008432D4988800846808849F606018842B9
:1058C00023D0A12000F0A6FB00F0D8F8264988805C
:1058D00000F0D4F824498880084680884FF6FF718C
:1058E00001EA00202049888000F0C8F81E49898814
:1058F00008431D4988800846808845F261718842C6
:1059000003D141F66310184988801748818817A091
:10591000FAF792FD1448808847F28971884202D1D3
:10592000FFF764FC4EE01048808849F2413188421C
:1059300002D1FDF7F7F945E00B48808845F21031B8
:10594000884219D1FDF7A4FC3CE000003038024049
:1059500000180240000C0240001402400004024003
:1059600024020020040100A0740200204C434420C3
:1059700049443A25780D0A003A48808847F29671E2
:10598000884202D1FFF706FD1CE03648808845F2C8
:105990001051884202D1FEF7F4FB13E031488088B1
:1059A00049F60601884202D1FDF7D2FA0AE02D48F5
:1059B000808841F66311884204D1FFF760FB6420C0
:1059C00000F0ECFA2748808847F2897188420BD0B2
:1059D0002448808849F24131884205D02148808896
:1059E00041F6631188420AD10320029004901E49B7
:1059F0000B6B8A68486802A9FAF79CFF21E01948F6
:105A0000808845F21031884211D01648808847F2CC
:105A1000967188420BD01348808845F21051884215
:105A200005D01048808849F60601884209D1022035
:105A3000029004900C490B6B8A68486802A9FAF737
:105A400079FF0020FDF7A8F800BF0122D103074825
:105A5000FBF758F900BF4FF6FF70FDF783F815B05C
:105A600000BD000074020020240200200004024057
:105A700000BF011EA0F10100FBD1704708B5022054
:105A8000FFF7F6FF024800880090BDF8000008BD4F
:105A90008000006CF0B50546002400278B48807913
:105AA000012805D18948808841F66311884208D1D0
:105AB00086488079F0B98548808841F6631188422C
:105AC00018D1082D15D2DFE805F00406080A0C0EDF
:105AD000101206250DE007250BE0042509E0052539
:105AE00007E0012505E0002503E0032501E002258C
:105AF00000BF00BF082D1CD2DFE805F00406090C2A
:105B00000F12151800BF14E044F0800411E044F0B7
:105B100040040EE044F0C0040BE044F0200408E030
:105B200044F0600405E044F0A00402E044F0E00426
:105B300000BF00BF36276548808845F21051884273
:105B400000D13F026148808849F2413188420BD040
:105B50005E48808847F28971884205D05B4880881A
:105B600047F29671884201D144F008042146384634
:105B700000F066FA5548808841F6631188421DD0CE
:105B800004F0200068B15148008850494988884293
:105B900014DA4E48068840884C49088008464680FA
:105BA0000CE04A48008849494988884206DD474850
:105BB00006884088454908800846468043488088D2
:105BC00045F21051884252D14049488900F022FAEA
:105BD000002000F013FA3D494989491C88B200F0C1
:105BE00019FA002000F00AFA38494989891C88B25C
:105BF00000F010FA35490988491EC1F30F2000F062
:105C0000FDF932494989C91C88B200F003FA2F49CD
:105C10000978491EC8B200F0F1F92C49888900F0D2
:105C2000F9F9002000F0EAF928498989491C88B26D
:105C300000F0F0F9002000F0E1F924498989891C7D
:105C400088B200F0E7F921494988491EC1F30F20C5
:105C500000F0D4F91D498989C91C88B200F0DAF92D
:105C60001A498978491EC8B200F0C8F92DE01749D1
:105C7000488900F0CFF9002000F0C0F9002000F0C2
:105C8000BDF912490988491EC1F30F2000F0B6F989
:105C90000E490978491EC8B200F0B0F90B4988894D
:105CA00000F0B8F9002000F0A9F9002000F0A6F9F2
:105CB00006494988491EC1F30F2000F09FF90349A6
:105CC0008978491EC8B200F099F9F0BD740200202D
:105CD00010B502460C464548808841F6631188425B
:105CE00047D142488079A8B940480088401E801AB0
:105CF00082B23E49488900F08DF9002000F07EF91B
:105D0000002000F07BF9101200F078F9D0B200F01A
:105D100075F916E03549488900F07CF9101200F059
:105D20006DF9D0B200F06AF930490988491EC1F313
:105D30000F2000F063F92D490978491EC8B200F020
:105D40005DF92A49888900F065F9201200F056F9BA
:105D5000E0B200F053F925494988491EC1F30F20EC
:105D600000F04CF921498978491EC8B200F046F983
:105D70003AE01E48808845F21051884220D11B49E4
:105D8000488900F047F9101200F038F9174949899D
:105D9000491C88B200F03EF9D0B200F02FF9134947
:105DA000888900F037F9201200F028F90F49898915
:105DB000491C88B200F02EF9E0B200F01FF913E0A0
:105DC0000A49488900F026F9101200F017F9D0B2FC
:105DD00000F014F90549888900F01CF9201200F040
:105DE0000DF9E0B200F00AF910BD000074020020C5
:105DF0002DE9FC4F80460E4615461C46B346002052
:105E0000019000902046E31704EB5373DB1021460A
:105E10004FEAE47C04EB5C7C4FEAEC0CA4EBCC0C8A
:105E2000BCF1000F02D04FF0010C01E04FF0000C6C
:105E30006344224604EBD27C4FEA6C0C03FB0CF368
:105E4000DBB20193A5F12000C5B20C2C06D0102CBA
:105E50000BD0182C0ED0202C18D112E005EB4500E9
:105E60002D4901EB8000009012E02C4800EB05105A
:105E700000900DE005EBC500294901EB8000009082
:105E800006E0284800EB8510009001E0BDE8FC8F9B
:105E900000BF00273AE0009810F807904FF0000A82
:105EA0002EE009F0800028B1314640460C9AFCF7FC
:105EB00029FF07E00B9828B91B4831460268404685
:105EC000FCF720FF4FEA49604FEA1069701C86B268
:105ED00016484088B04200DCD8E7A6EB0B00A04291
:105EE0000AD15E4608F101001FFA80F80F480088C9
:105EF000404500DCCAE706E00AF1010000F0FF0AB5
:105F0000BAF1080FCDDB00BF781CC7B201988742F9
:105F1000C1DB00BFBAE70000B2960008269B00086C
:105F200016A1000872AE000848000020740200208C
:105F30002DE9FC4F04460D4690469946DDE90C7A62
:105F40000B9E04F0FF0B08EB04001FFA80F809EB2E
:105F500005001FFA80F917E0444502DB5C46A819EA
:105F600085B24D4500DB15E00020CDE9000A3A7806
:105F7000334629462046FFF73BFF304606EBD071FB
:105F800004EB61018CB27F1C38787E2802DC387803
:105F90002028E1DA00BFBDE8FC8F000070B52DEDD0
:105FA000048B0446BE2000F035F8052000F026F8EA
:105FB000204603F05CFA41EC190B9FED0E0B53ECFD
:105FC000102B03F067FA41EC180B03F023FA85B2AB
:105FD000284600F013F8012000F010F8FF2000F030
:105FE0000DF8002000F00AF8002000F007F8BDECE2
:105FF000048B70BD666666666666044001B5BDF8D2
:1060000000000090BDF800000149088008BD0000B4
:106010008000006C01B5BDF800000090BDF80000E4
:106020000149088008BD00007E00006C024800891C
:106030000249088070470000740200207E00006C56
:10604000034A10804FF0D842A2F880107047000039
:106050007E00006C00B587B000BF00BF002001903B
:106060002048006840F020001E490860084600688B
:1060700000F02000019000BF00BF00BF00BF00BFC4
:10608000002001900846006840F0200008600846A3
:10609000006800F02000019000BF00BF00BF48155D
:1060A00002900120039004900220059002A90E485E
:1060B000FAF71EFD4FF48060029002A90A48FAF731
:1060C00017FD00BF012251020748FAF71BFE00BF6F
:1060D00000BF012291020448FAF714FE00BF07B086
:1060E00000BD0000303802400014024010B503200B
:1060F000FAF7B4FEFAF724FE0723022208214FF430
:10610000A87001F057FAA820FCF74AFB4FF4E130E1
:1061100001F016FBFFF79EFFFFF720FAFCF742FCA9
:1061200000F06AFF002000F00BF8022000F008F8F1
:10613000012000F005F8FCF7B1FB002010BD0000C5
:1061400010B504460C4951F824104A000B4951F887
:106150002400002100F036F8094951F824200749AD
:106160000C3951F82400002100F02CF801210348DB
:106170000C30015510BD000034C600086800002036
:106180004CC6000810B501460023002207E00B486A
:1061900050F8210030F8120000B15B1C521C084876
:1061A00050F821009042F2D84FF47A705843044CD2
:1061B00054F82140B0FBF4F080B210BD680000201C
:1061C00034C6000830B5034601E003F8011B141E75
:1061D000A2F10102F9D130BD2DE9F04105460E468C
:1061E0002948076800202949096881F85D00274887
:1061F0000068001D01F0C0FA50B92448006890F80A
:106200002C10012088402249096881432048016000
:10621000681CD8B9D6B11F4948681C49096888600C
:106220001A4982680968CA6018490968091D8268A4
:10623000516016490968091D8160164A13490968A9
:106240004A6111460968491C11601AE07C190F481F
:1062500000684460BC4207D20C480168091D0E4822
:10626000006801F0ADFA0CE008480168091D0B4810
:10627000006801F0A5FA0A480068844201D2084883
:106280000460BDE8F08100008C0000207800002050
:106290009000002010850120800000207C0000205C
:1062A000A800002010B5044601F0B0FA314800689B
:1062B000401C304908603048006840B92E480460EE
:1062C0000846006801280DD100F088FA0AE02B4842
:1062D000006838B928480068C06AE16A884201D875
:1062E0002548046026480068401C25490860084687
:1062F0000068606494F82C100120884021490968E6
:10630000084320490860E16A01EB81011E4A02EB63
:1063100081014868A0608268E260211D8268516046
:106320008160E16A01EB8101174A02EB810262613F
:10633000E16A01EB8101144A52F82110491CE26A1A
:1063400002EB8202104B43F8221001F0ABFA0B482B
:10635000006868B108480068C06AE16A884207D2EC
:106360004FF0805009490860BFF34F8FBFF36F8F24
:1063700010BD00008800002078000020940000205C
:10638000A4000020900000204082012004ED00E0E5
:1063900010B501F03BFA10480068D0B90F4801F081
:1063A000FFF90F4801F0FCF90C480E4908600C4851
:1063B0000D49086000221021052002F073F80649FB
:1063C00008600846006820B108A10348006801F091
:1063D000F3FB01F067FA10BDC800002024850120FE
:1063E00038850120C0000020C4000020546D725187
:1063F0000000000010B516E001F008FA0C48C06873
:10640000C468201D01F0B8F90A480068401E094917
:10641000086009480068401E0749086001F042FA18
:10642000204600F05FF8044800680028E4D110BD61
:10643000FC840120880000208400002070B5044600
:106440000D46206C70B1216CE0680144E160D4E934
:106450000210884201D32168E1602846226CE1687D
:10646000FAF7BCF870BD2DE9F04104460F46154619
:106470004FF00008A66B206C48B9206800282CD18A
:10648000A06802F009FD80460020A06025E07DB9EB
:106490003946226C6068FAF7A1F8216C60680844FC
:1064A0006060D4E90101884217D32068606014E07D
:1064B0003946226CE068FAF791F8216CE068411ADD
:1064C000E1602168E068884203D2216CA068411A2B
:1064D000E160022D01D106B1761E701CA06340461A
:1064E000BDE8F08110B50446206B01F01BFA204690
:1064F00001F018FA10BD01464A6A22B10A6B12680F
:10650000C2F1200000E000207047000000210122BD
:106510000C4B1B68012B00D901210B4A1268D26A6F
:106520000AB100200DE0094A1268012A01D90020B1
:1065300007E009B1002004E0054A1268054B1B681A
:10654000D01A70479000002078000020408201207F
:10655000A80000208C0000200146084A126812683A
:106560000AB9012200E000220A600A6822B9034A3F
:106570001268D268106800E000207047C000002058
:1065800030B54FF42053174800F007042CB1C01D5C
:1065900020F00700134C041B1B1B0246124C226008
:1065A0000024114D6C60D018083820F007000F4C03
:1065B000206000240D4D2D686C600C4D2D682C6002
:1065C0001146441A4C60094C24680C60084D4C6814
:1065D0002C60084D4C682C604FF00044064D2C6038
:1065E00030BD00004C850120D4000020DC000020DC
:1065F000E4000020E0000020F000002000BFFFF7D2
:10660000F9FE17480068012807D94FF08050154956
:106610000860BFF34F8FBFF36F8FFFF777FF04461C
:10662000022C1BD301F0CAFD0F4800680F4909680E
:10663000884201D3012000E0002028B940F6C7526B
:106640000BA114A0F9F7F8FEFFF760FF0446022C37
:1066500002D3204601F006FA02F0C4FDCFE70000A5
:106660004082012004ED00E0A80000208C00002002
:106670002E2E5C2E2E5C4D6964646C6577617265AC
:10668000735C4672656552544F535C7461736B73EF
:106690002E6300004572726F723A2025732C2025FC
:1066A000640D0A002DE9F04106460D46174698464E
:1066B000069C0DB9246000E02760E6632564012193
:1066C000204601F037FF84F850800020A064BDE828
:1066D000F08100002DE9F05F82460F4690469B4610
:1066E0000A9E0C9C4FEA8801A522206BF9F7BBFF9C
:1066F000A8F10100216B01EB800929F0070909F0DD
:10670000070008B9012000E0002028B94FF45872B2
:1067100025A12EA0F9F790FE87B1002507E0795D4D
:1067200004F134004155785D00B902E06D1C102D74
:10673000F5D300BF00214320015502E0002084F87A
:106740003400202E01D2012000E0002028B940F2C0
:10675000973215A11DA0F9F76FFE202E00D31F263A
:10676000E662E66400202065201D01F026F804F1B1
:10677000180001F022F82461C6F12000A0616462D3
:1067800000206065A06584F85C0084F85D005A46CE
:106790005146484600F01AFC20600B9808B10B984F
:1067A0000460BDE8F09F00002E2E5C2E2E5C4D692B
:1067B00064646C6577617265735C4672656552549A
:1067C0004F535C7461736B732E6300004572726F7C
:1067D000723A2025732C2025640D0A0010B5002480
:1067E00007E004EB84010F4A02EB810000F0D8FFC0
:1067F000641C202CF5D30C4800F0D2FF0B4800F0AD
:10680000CFFF0B4800F0CCFF0A4800F0C9FF0A4850
:1068100000F0C6FF044809490860044808490860B8
:1068200010BD000040820120C0840120D4840120DA
:10683000E8840120FC840120108501207C000020D8
:106840008000002010B50146164800E0006803688B
:106850008B42FBD30246436813448B4204D1436806
:106860004C682344436001460A464B68134404685D
:10687000A34211D10C4C03682468A34208D04B6892
:106880000468646823444B6003681B680B6005E080
:10689000054B1B680B6001E003680B60884200D069
:1068A000016010BDD4000020DC0000202DE9F04183
:1068B00004460D4616461F464FF0000865602461E9
:1068C000B5420CD8F01BA169884202D34FF00108F1
:1068D00011E0211D0948006800F072FF0BE0BE4284
:1068E00004D2BD4202D34FF0010804E0211D044848
:1068F000006800F065FF4046BDE8F081C40000205C
:10690000C000002070B5054600F080FFA86B08B9F4
:10691000012400E0002400F0C5FF204670BD70B5E2
:10692000054600F073FFA86BE96B884201D1012492
:1069300000E0002400F0B6FF204670BDF1B50098DD
:10694000846C00262CB940F6D53220A128A0F9F796
:1069500073FDA06BE16B884201D2012000E00020B2
:1069600028B940F6D63219A121A0F9F765FDA06B30
:10697000E16B884227D294F94550002269462046AF
:10698000FFF771FD0646681C60B9606A08B901200E
:1069900000E00020B0B904F1240002F07BFB88B1D4
:1069A00001260FE07F2D01D0012000E0002028B952
:1069B00040F6F63205A10EA0F9F73EFD681C40B284
:1069C00084F8450000BF3046F8BD00002E2E5C2E36
:1069D0002E5C4D6964646C6577617265735C4672A8
:1069E000656552544F535C71756575652E63000083
:1069F0004572726F723A2025732C2025640D0A00AF
:106A000070B505460E460E480068C068C468201D73
:106A100000F0B2FE94F8280000F0040028B13246DD
:106A20002946204600F0FEF805E094F8280000F022
:106A3000FE0084F828002046216A884770BD0000C7
:106A4000C000002070B586B08AE0029800280CDAF9
:106A500003AE2EB940F2063247A150A0F9F7ECFC84
:106A6000D6E90020B168904700BF0298002877DB84
:106A7000049C606908B9012000E0002010B9201DC5
:106A800000F07AFE01A800F0F9F8054602980A28FD
:106A900064D2DFE800F06305072E365306082F376F
:106AA00000BF00BF00BF94F8280040F0010084F848
:106AB00028000398A269811803462A462046FFF75A
:106AC000F5FEA8B194F8280000F0040038B103984E
:106AD000A26981182A46204600F0A4F805E094F83F
:106AE000280000F0FE0084F828002046216A88472C
:106AF00035E000BF94F8280000F0FE0084F828007C
:106B00002DE000BF94F8280040F0010084F8280030
:106B10000398A061A06908B1012000E0002028B915
:106B200040F2593214A11DA0F9F786FCA069411961
:106B30002B462A462046FFF7B9FE10E094F82800BD
:106B400000F0020018B9204600F0ECFE05E094F8D1
:106B5000280000F0FE0084F8280000E000BF00BF1D
:106B6000002202A91148006801F054FE00287FF4B9
:106B70006CAF06B070BD00002E2E5C2E2E5C4D69F1
:106B800064646C6577617265735C467265655254C6
:106B90004F535C74696D6572732E63004572726F3A
:106BA000723A2025732C2025640D0A00C8000020AD
:106BB000F8B505460C4601F001FB684600F05EF8AA
:106BC0000646009820BB44B9B54206D802F00AFB3D
:106BD00031462846FFF714FF1CE03CB10E48006820
:106BE000006808B9012000E000200446A91B2246E5
:106BF0000A48006801F026F802F0F4FA50B94FF0A4
:106C0000805007490860BFF34F8FBFF36F8F01E0DB
:106C100002F0E8FAF8BD0000C4000020C80000201F
:106C200004ED00E070B504460D46164604E0A06988
:106C300005442046216A8847A06941192B463246FF
:106C40002046FFF733FE0028F1D170BD09480068E7
:106C5000006808B9012000E0002020B14FF0FF30AB
:106C60000549086005E003480068C06800680249FB
:106C7000086070477C000020A800002070B5044622
:106C800002F010F8054607480068854204D200F07B
:106C90000BF80120206001E0002020600148056021
:106CA000284670BDD000002070B508E00D4800688F
:106CB000C06804684FF0FF312046FFF7A1FE094885
:106CC0000068006808B9012000E000200028EDD02D
:106CD00004480568044800680249086002480560E5
:106CE00070BD0000C0000020C40000200B480068F8
:106CF000401C08B9012000E0002020B9E92208A1C9
:106D000016A0F9F799FB00BF502080F31188BFF35C
:106D10004F8FBFF36F8F00BF00BFFEE7F40000206E
:106D20002E2E5C2E2E5C4D6964646C6577617265F5
:106D3000735C4672656552544F535C706F72746138
:106D4000626C655C525644535C41524D5F434D3416
:106D5000465C706F72742E63000000004572726FA3
:106D6000723A2025732C2025640D0A0008B500BF57
:106D70006846FFF7F1FB044620460099FFF718FF2D
:106D8000FFF760FEF4E770B5044600F03FFD94F9AC
:106D9000455019E0A06C30B12046FFF7CFFD88B117
:106DA00001F056F80EE0606A08B9012000E000200A
:106DB00038B904F1240002F06DF918B101F048F877
:106DC00000E003E0681E45B2002DE3DC00BFFF20B9
:106DD00084F8450000F066FD00F018FD94F9445079
:106DE00010E0206908B9012000E0002048B904F152
:106DF000100002F04FF908B101F02AF8681E45B200
:106E000000E001E0002DECDC00BFFF2084F844002E
:106E100000F048FD70BD00002DE9F04104464FF040
:106E2000000801F0CBF94948006808B9FFF7A8FB52
:106E3000474800682040002875D1002C23D004F179
:106E40000800A0421FD9083404F0070000281BD016
:106E500004F00700C0F108002044A04211D904F05A
:106E60000700C0F10800044404F0070008B901203D
:106E700000E0002040B99C2236A144A0F9F7DCFADA
:106E800002E0002400E00024002C4CD043480068BD
:106E9000844248D8424E3046056801E02E462D68AF
:106EA0006868A04202D228680028F7D12748006805
:106EB000854238D0306800F108082868306068687A
:106EC000001B102813D92F1907F0070008B901205B
:106ED00000E0002020B9CF221EA12CA0F9F7ACFAC7
:106EE0006868001B78606C603846FFF7ABFC2B4984
:106EF00068680968081A294908600846006829492D
:106F00000968884203D2254800682649086010496C
:106F100068680968084368600020286022480068A3
:106F2000401C2149086002F05DF908F0070008B92B
:106F3000012000E0002028B94FF4887205A113A0B9
:106F4000F9F77AFA4046BDE8F0810000DC00002045
:106F5000F00000202E2E5C2E2E5C4D6964646C6562
:106F600077617265735C4672656552544F535C700D
:106F70006F727461626C655C4D656D4D616E675CCE
:106F8000686561705F342E63000000004572726FA7
:106F9000723A2025732C2025640D0A00E0000020A1
:106FA000D4000020E4000020E8000020064800682B
:106FB00030B10549096801F15000096D491C0160B3
:106FC000014800687047000078000020001F4FF063
:106FD00080730360001F21F001030360001F054B55
:106FE000036014380260001F6FF002030360203852
:106FF00070470000ED6C000800B58DB0FBF71CFB7E
:1070000000BF00BF002000907148006840F04000C1
:107010006F4908600846006800F04000009000BF1B
:1070200000BF00BF00BF00BF0020009008460068FE
:1070300040F0080008600846006800F00800009072
:1070400000BF00BF00BF00BF00BF00200090084687
:10705000006840F0080008600846006800F008007A
:10706000009000BF00BF00BF00BF00200090584844
:107070000830006840F001005549083108600846B2
:10708000006800F00100009000BF00BF00BF0020BA
:1070900000904F48006840F008004D4908600846DD
:1070A000006800F00800009000BF00BF00BF002093
:1070B00000900846006840F010000860084600682C
:1070C00000F01000009000BF00BF00BF0020009043
:1070D0000846006840F0200008600846006800F09C
:1070E0002000009000BF00BF00BF002000900846B5
:1070F000006840F0400008600846006800F040006A
:10710000009000BF00BF08150890022009900120E0
:107110000A9002200B900C200C9008A92D48F9F73A
:10712000E7FC2020089008A92B48F9F7E1FC102083
:10713000089008A92848F9F7DBFC4FF6037008907F
:107140000220099001200A9002200B9008A92248F1
:10715000F9F7CEFC4FF68370089008A91F48F9F79D
:10716000C7FC4FF23F00089008A91D48F9F7C0FC82
:107170003F20089008A91748F9F7BAFC4FF02040C3
:1071800018490860184848600420886000211548A4
:10719000C16001611021416100218161C1614162D1
:1071A0004FF4805181620021C162016341638163B8
:1071B0000020019002900620039000200490079088
:1071C00001AA01A90748FAF7EBF90DB000BD0000CC
:1071D0003038024000180240000C0240001002400B
:1071E0000014024084020020040100A01CB52048C5
:1071F000006840F078001E49086001200321002348
:107200000246CDE900104EF233011A48FAF70CFF9E
:107210000120032100230246CDE900104EF22F0188
:107220001548FAF701FF0120032100230246CDE9AA
:10723000001040F233411148FAF7F6FE0120032115
:1072400000230246CDE900104FF4F0610C48FAF734
:10725000EBFE01200B4908600B49C1F8A80209495F
:10726000091F086000200849C1F880021CBD000009
:1072700030380240000C0240001402400018024066
:107280000010024094824142000043422DE9FC413B
:107290000446002500260027FFF7A8FF00206B49C1
:1072A000086002F0AFF800BF10E0002067490860F6
:1072B000674931F81500FBF7F5F902F0A3F8012052
:1072C0006449C1F8940202F09DF86D1C052DECDBB9
:1072D00001206149086000205E49C1F89402200A3B
:1072E000FBF732FA02F08EF801205849086002F0EC
:1072F00089F800205749C1F89402E0B2FBF724FA5C
:1073000002F080F801205149086002F07BF800206B
:107310005049C1F894025148006840F078004F4944
:1073200008600120032103460022CDE900104FF43C
:10733000F0614B48FAF778FE012003210346002252
:10734000CDE900104CF203014648FAF76DFE00202B
:107350003E49091F0860091D086002F053F801202A
:107360003C49C1F8940202F04DF838485C38006896
:107370003849D1F83C1240EA41003649D1F80012B0
:1073800040EA81003349D1F8041240EAC10036498D
:10739000D1F81C1240EA01103349D1F8201240EA1A
:1073A00041103149D1F8241240EA81102E49D1F818
:1073B000281240EAC110C6B202F024F80020234986
:1073C000086002F01FF801202249C1F8940202F07F
:1073D00019F81E485C3800681E49D1F83C1240EA92
:1073E00041001C49D1F8001240EA81001949D1F846
:1073F000041240EAC1001C49D1F81C1240EA0110F5
:107400001949D1F8201240EA41101749D1F8241245
:1074100040EA81101449D1F8281240EAC110C7B2DD
:1074200001F0F0FF00200C492831086001200749D5
:107430000860091F086001F0E5FF012006492831B6
:10744000086047EA0620BDE8FC81000094824142C2
:107450000C0100200080414280024342303802404B
:1074600000100240000C02400000424270B5044689
:107470000D460026FFF7BAFE01F0C4FF00BF10E082
:1074800000202F4908602F4931F81600FBF70AF950
:1074900001F0B8FF01202C49C1F8940201F0B2FFBD
:1074A000761C052EECDB01202849086000202649C7
:1074B000C1F89402802141EA1420FBF745F901F05C
:1074C000A1FF01201E49086001F09CFF00201E4919
:1074D000C1F89402E0B2FBF737F901F093FF012005
:1074E0001749086001F08EFF00201749C1F8940287
:1074F000280AFBF729F901F085FF012010490860EF
:1075000001F080FF00201049C1F89402E8B2FBF7B7
:107510001BF901F077FF01200949086001F072FFB3
:1075200000200A4928310860012005490860091F28
:10753000086001F067FF012004492831086070BD30
:10754000948241420C01002000804142800243426B
:107550001CB5044600F05AF90D4802210023802290
:10756000CDE900100BA10D4801F05CFB0C48032194
:1075700000238022CDE900100AA10C4801F052FB43
:107580000B48006800F0C6FB00F08CF91CBD000041
:10759000080000207461736B3100000081760008E0
:1075A0000C0000207461736B32000000D576000877
:1075B000040000202DE9F04192B080460C461546AB
:1075C0001E46002700BF002000902A48006840F0B7
:1075D0008050284908600846006800F080500090FC
:1075E00000BF00BF00BF002000902348006840F4A7
:1075F0008040214908600846006800F480400090FF
:1076000000BF00BF012001900004029002200790FB
:1076100041050891CDF8288009940B950C9601A896
:10762000F9F770FD07461FB1012012B0BDE8F081E7
:107630000F200D9002200E9000200F904FF4A050CC
:1076400010904FF48050119004210DA8F9F71AFC06
:1076500007460FB10120E8E7F9F75AFB41F20101B3
:10766000884205D10548006840F4807003490860ED
:107670000020DAE74038024000700040003C024041
:10768000002515E00020FBF70BFA0546012D0CD173
:1076900000231A4619460748006800F0C9FF04464F
:1076A000012C02D004A0F8F7C7FE0A2000F0F0FA7F
:1076B000E8E7000010000020B6FED6B5D0C5BAC578
:1076C000C1BFCACDB7C5CAA7B0DCA3A1A3A10D0A8B
:1076D00000000000002512E04FF0FF31084800686C
:1076E00001F058F90446012C06D1681C05460146F4
:1076F00004A0F8F7A1FE02E00AA0F8F79DFEEBE770
:1077000010000020B6FED6B5D0C5BAC5C1BFBBF1CA
:10771000C8A1B3C9B9A6A3A1A3A1206E756D3A25CE
:10772000640D0A00B6FED6B5D0C5BAC5C1BFBBF15F
:10773000C8A1CAA7B0DCA3A1A3A10D0A0000000044
:1077400010B5044609480A4908600846446000210B
:107750008160C160016181610C214161FAF7B8FA71
:10776000012204490248FAF753FB10BD0010014002
:10777000E00100203600002001460A69D1E901300D
:107780009860D1E9010358605068884201D1886847
:107790005060002008611068401E1060106870473B
:1077A00000F1080141604FF0FF31816000F10801F4
:1077B000C1600161002101607047002101617047D3
:1077C00010B502460B685C1C0CB9106907E002F1A9
:1077D000080000E04068446824689C42FAD9446884
:1077E0004C604C68A160886041600A611468641C48
:1077F000146010BD42684A6093688B60936859605A
:107800009160086103685B1C0360704710B500BF9E
:10781000502080F31188BFF34F8FBFF36F8F00BFED
:107820000B480068401C0A490860084600680128A7
:107830000DD108480068C0B208B9012000E000205E
:1078400028B94FF4DB7204A112A0F8F7F5FD10BDC2
:10785000F400002004ED00E02E2E5C2E2E5C4D691D
:1078600064646C6577617265735C467265655254D9
:107870004F535C706F727461626C655C5256445316
:107880005C41524D5F434D34465C706F72742E63A1
:10789000000000004572726F723A2025732C20257B
:1078A000640D0A0010B50B48006828B940F2BD12FB
:1078B00009A118A0F8F7C0FD06480068401E054958
:1078C00008600846006820B9002080F3118800BFD6
:1078D00000BF10BDF40000202E2E5C2E2E5C4D69E2
:1078E00064646C6577617265735C46726565525459
:1078F0004F535C706F727461626C655C5256445396
:107900005C41524D5F434D34465C706F72742E6320
:10791000000000004572726F723A2025732C2025FA
:10792000640D0A0070B506463546002E3AD0083D73
:107930002C461D4960680968084008B1012000E034
:10794000002028B94FF4927218A126A0F8F774FD10
:10795000206808B9012000E0002028B940F2251273
:1079600012A120A0F8F768FD0F4960680968084077
:10797000C0B12068B0B90C4960680968884360608C
:1079800000F01CFC1B49606809680844194908603C
:107990002046FEF757FF18480068401C164908604B
:1079A00001F020FC70BD0000F00000202E2E5C2EA7
:1079B0002E5C4D6964646C6577617265735C4672B8
:1079C000656552544F535C706F727461626C655C94
:1079D0004D656D4D616E675C686561705F342E63E7
:1079E000000000004572726F723A2025732C20252A
:1079F000640D0A00E0000020EC000020154800683B
:107A00004FF47A71B0FBF1F0134908600846006842
:107A10006FF07F41B1FBF0F0104908600D4800683D
:107A2000B0FBF0F02D21B1FBF0F00D490860002013
:107A30004FF0E02108618861064800684FF47A71D0
:107A4000B0FBF1F0401E4FF0E021486107200861D3
:107A50007047000000000020F8000020FC0000201B
:107A6000000100202DE9F04104465048006884429E
:107A700001D94E4804684FF0E020006920F0010071
:107A80004FF0E021086108468169601E484A12688B
:107A900002FB001547480068854202D94548006846
:107AA0002D1A72B6BFF34F8FBFF36F8FFAF7C4FE74
:107AB00080B94FF0E02080694FF0E021486108462E
:107AC000006940F00100086139480068401E4861C3
:107AD00062B669E04FF0E020456100204FF0E02100
:107AE00088610846006940F001000861A046FAF785
:107AF00005FAB8F1000F04D0BFF34F8F30BFBFF3CA
:107B00006F8FFAF723FA62B6BFF34F8FBFF36F8F11
:107B100072B6BFF34F8FBFF36F8F06204FF0E02197
:107B200008610846006900F48030B8B1204909684E
:107B3000491E4FF0E0229269AA1A881A1D49096865
:107B4000884203D31A490968884202D9184909684A
:107B5000481E4FF0E0214861661E12E0144800689C
:107B600060434FF0E0218969471A11480068B7FB6C
:107B7000F0F6701C0E4909684843C01B4FF0E02125
:107B8000486100204FF0E02188610846006940F01C
:107B900001000861304600F0D9FA05480068401E2F
:107BA0004FF0E021486162B6BDE8F081FC000020A2
:107BB000F8000020000100202DE9F04106460F46A4
:107BC0002EB940F6C82211A119A0F8F735FC0025FE
:107BD000BFB1002412E01A4800EBC4004068B04274
:107BE00003D1174800EBC4050AE035B9144850F832
:107BF000340010B9124800EBC405641C082CEAD309
:107C000000BF0DB12F606E60BDE8F0812E2E5C2E9E
:107C10002E5C4D6964646C6577617265735C467255
:107C2000656552544F535C71756575652E63000030
:107C30004572726F723A2025732C2025640D0A005C
:107C4000008201202DE9F04105460E4617462C46DC
:107C5000FFF7DCFD94F94400401C10B9002084F8C3
:107C6000440094F94500401C10B9002084F84500F8
:107C7000FFF718FEA06B28B93A46314604F12400FC
:107C800000F01EF92046FFF77EF8BDE8F081000005
:107C900070B504460025ACB10F48006808B9012052
:107CA00000E0002028B940F249520CA114A0F8F7D6
:107CB000C3FB00F083FA00212046FEF78DFA01F0A5
:107CC00091FA05463DB94FF0805011490860BFF365
:107CD0004F8FBFF36F8F70BDB40000202E2E5C2E2F
:107CE0002E5C4D6964646C6577617265735C467285
:107CF000656552544F535C7461736B732E6300005F
:107D00004572726F723A2025732C2025640D0A008B
:107D100004ED00E070B50546FFF778FD15B92F4872
:107D2000006800E028460446201DFFF725FD78B9CD
:107D3000E06A00EB80002A4951F8200040B994F82D
:107D40002C1001208840274909688143254801609B
:107D5000A06A18B104F11800FFF70EFD2248006870
:107D6000401C214908601D480068844209D1211D3A
:107D70001E48FFF73FFD1E480068401C1C49086074
:107D800006E01C480068401E1A490860FEF75EFFC6
:107D9000FFF788FD11480068844202D02046FEF7B4
:107DA000A1FB15480068C0B10C480068844214D19A
:107DB0001248006808B9012000E0002028B940F20C
:107DC000DC420FA117A0F8F737FB4FF0805019499C
:107DD0000860BFF34F8FBFF36F8F70BD7800002036
:107DE0004082012090000020A4000020FC8401209B
:107DF000840000208800002094000020B4000020AF
:107E00002E2E5C2E2E5C4D6964646C657761726504
:107E1000735C4672656552544F535C7461736B7347
:107E20002E6300004572726F723A2025732C202554
:107E3000640D0A0004ED00E003490968016003498C
:107E40000968416070470000A00000208C000020FD
:107E500001200149086070479C00002070B504466D
:107E60000D462CB940F61C4207A110A0F8F7E4FA21
:107E70001248016818312046FFF7A2FC012128466C
:107E8000FEF7AAF970BD00002E2E5C2E2E5C4D6907
:107E900064646C6577617265735C467265655254A3
:107EA0004F535C7461736B732E6300004572726F85
:107EB000723A2025732C2025640D0A0078000020DA
:107EC00070B504460E4615462CB940F6524211A133
:107ED00019A0F8F7B1FA60681B490968C8611A4926
:107EE000826809680A621849096818318268516015
:107EF0001549096818318160134909688C62216845
:107F0000491C21600DB14FF0FF3629463046FEF77F
:107F100063F970BD2E2E5C2E2E5C4D6964646C6519
:107F200077617265735C4672656552544F535C7439
:107F300061736B732E6300004572726F723A202575
:107F4000732C2025640D0A00780000202DE9F047ED
:107F500006460F4634464FF00109002E70D0206DC2
:107F600028B941F29F0237A13FA0F8F765FAE06C0B
:107F7000B84201D23D4600E0E56CE06AA8425FD01D
:107F8000206D01285CD13C480068844201D001206A
:107F900000E0002028B941F2BA022AA132A0F8F785
:107FA0004BFAD4F82C80E562A06900F0004010B9CB
:107FB000C5F12000A06108EB8801304A02EB810185
:107FC0006069884201D1012000E00020C0B3201D7B
:107FD000FFF7D2FB40B994F82C10012088402849C3
:107FE000096881432648016094F82C1001208840DC
:107FF00023490968084322490860E16A01EB8101CD
:108000001E4A02EB81014868A0608268E260211D7F
:10801000826851608160E16A01EB8101174A02EBDD
:1080200081026261E16A01EB8101144A52F8211078
:10803000491CE26A02EB8202104B43F8221000BF97
:10804000BDE8F0872E2E5C2E2E5C4D6964646C6555
:1080500077617265735C4672656552544F535C7408
:1080600061736B732E6300004572726F723A202544
:10807000732C2025640D0A00780000204082012026
:10808000900000201CB51C4800210B468022CDE941
:1080900000101AA11B4800F0C5FD0446012C02D1B6
:1080A00001F070F90446012C17D100BF502080F375
:1080B0001188BFF34F8FBFF36F8F00BF4FF0FF30BA
:1080C000114908600120114908600020104908602A
:1080D000F8F722FC00F0F6F80BE0601C08B1012074
:1080E00000E0002028B94FF404620AA112A0F8F7BA
:1080F000A3F9154800681CBDAC00002049444C455C
:1081000000000000FD650008A80000209400002089
:108110008C0000202E2E5C2E2E5C4D6964646C65F4
:1081200077617265735C4672656552544F535C7437
:1081300061736B732E6300004572726F723A202573
:10814000732C2025640D0A00B000002010B50446F1
:108150000B48006820440B490968884201D8012077
:1081600000E0002028B940F6462207A10FA0F8F74A
:1081700063F90348006820440149086010BD00000D
:108180008C000020A80000202E2E5C2E2E5C4D6955
:1081900064646C6577617265735C467265655254A0
:1081A0004F535C7461736B732E6300004572726F82
:1081B000723A2025732C2025640D0A0002480068BD
:1081C000401C014908607047B400002010B52848E1
:1081D000006818B101202749086047E000202549C0
:1081E0000860254800682549086008460068244959
:1081F000096888420BD92349096801F15400496D87
:108200001E4A12681E4B1B68D21A114401601B489B
:1082100000681B4908601C480068B0FA80F0C0F193
:108220001F0404EB8400194951F8200008B1012013
:1082300000E0002028B940F6024215A11DA0F8F781
:10824000FBF804EB8401114A02EB810041684968A4
:10825000416000F1080142688A4202D141684968E0
:1082600041604168C968074A116000BF10BD000045
:10827000B40000209C00002050000020BC00002022
:10828000B8000020780000209000002040820120EB
:108290002E2E5C2E2E5C4D6964646C657761726570
:1082A000735C4672656552544F535C7461736B73B3
:1082B0002E6300004572726F723A2025732C2025C0
:1082C000640D0A001CB5504800685049884201D02E
:1082D000012000E0002028B940F243124CA15BA02D
:1082E000F8F7AAF8484800684849491E884201D072
:1082F000012000E0002028B94FF4A27244A153A04D
:10830000F8F79AF8554C204600780190FF20214656
:1083100008700846007800909DF8000000F0F0001A
:108320009DF80010884201D1012000E0002028B90A
:1083300040F25D1236A145A0F8F77EF89DF80000E6
:1083400000F050004649087007204649086009E0DF
:1083500044480068401E434908609DF800004006FC
:10836000000E00909DF8000000F080008028EFD003
:108370003C480068C0F10700042801D1012000E05A
:10838000002028B940F2711221A130A0F8F754F86A
:1083900034480068C0F10700042801D1012000E042
:1083A000002028B94FF4BD7219A128A0F8F744F8AD
:1083B0002C48006800022B4908600846008800F439
:1083C000E06008602549019808700F482030006877
:1083D00040F470000C49203108600846006840F005
:1083E00070400860FFF70AFB00201F490860F7F79C
:1083F00049FF1E48006840F040401C490860F7F7FC
:108400002DFF00201CBD000000ED00E071C20F41F7
:108410002E2E5C2E2E5C4D6964646C6577617265EE
:10842000735C4672656552544F535C706F72746131
:10843000626C655C525644535C41524D5F434D340F
:10844000465C706F72742E63000000004572726F9C
:10845000723A2025732C2025640D0A0000E400E008
:108460000401002008010020F400002034EF00E0A7
:1084700010B500BF502080F31188BFF34F8FBFF3BA
:108480006F8F00BF00F014FC18B14FF0805004490A
:10849000086000BF002080F3118800BF10BD0000FD
:1084A00004ED00E02DE9F84305460E46174600248A
:1084B000E5B1601EB0FBF5F0B04217D305FB06F046
:1084C00010F1550F12D805FB06F909F15400FEF71B
:1084D000A3FC04468CB1A04608F154083B46424632
:1084E000314628460094FEF7DDF806E02CB94FF43B
:1084F000E37203A10BA0F7F79FFF2046BDE8F883C6
:108500002E2E5C2E2E5C4D6964646C6577617265FD
:10851000735C4672656552544F535C717565756541
:108520002E6300004572726F723A2025732C20254D
:10853000640D0A002DE9F04105460E4601272C4640
:108540002CB94FF488722CA134A0F7F775FF002CDA
:1085500042D0E06B00283FD04FF0FF31E06BB1FB21
:10856000F0F0216C884237D3FFF750F9D4E90F12AD
:10857000206801FB0200A0600020A063206860600A
:10858000E06B401E226C216800FB0211E160FF20BD
:1085900084F8440084F845009EB9206908B9012098
:1085A00000E00020A8B904F1100000F073FD80B1D4
:1085B0004FF080501D490860BFF34F8FBFF36F8F9E
:1085C00007E004F11000FFF7EBF804F12400FFF7D7
:1085D000E7F8FFF767F900E000270FB1012000E09E
:1085E000002028B940F2451203A10CA0F7F724FFA0
:1085F0003846BDE8F08100002E2E5C2E2E5C4D69C1
:1086000064646C6577617265735C4672656552542B
:108610004F535C71756575652E6300004572726F0E
:10862000723A2025732C2025640D0A0004ED00E029
:108630002DE9FF4782B0064688461D464FF00009E7
:1086400034462CB940F22E3264A16DA0F7F7F4FE47
:10865000B8F1000F01D1206C08B9012000E0002022
:1086600028B940F22F325DA165A0F7F7E5FE022D93
:1086700002D1E06B012801D1012000E0002028B9DF
:108680004FF44C7255A15EA0F7F7D6FE00F0FAFA4F
:1086900008B9049808B9012000E0002028B940F288
:1086A00033324EA156A0F7F7C7FE00BFFFF7AEF872
:1086B000A06BE16B884201D3022D3ED1D4F838A0E3
:1086C0002A4641462046FDF7CEFE0746A06C88B1FB
:1086D000022D02D1BAF1000F29D12046FEF72EF962
:1086E00028B34FF080504A490860BFF34F8FBFF363
:1086F0006F8F1CE0606A08B9012000E0002068B9B3
:1087000004F1240000F0C6FC88B14FF080504049CD
:108710000860BFF34F8FBFF36F8F08E03FB14FF09A
:1087200080503B490860BFF34F8FBFF36F8FFFF757
:10873000B9F8012006B0BDE8F087049818B9FFF732
:10874000B1F80020F6E7B9F1000F04D16846FFF751
:1087500073FB4FF00109FFF7A5F8FFF72FFDFFF7B7
:1087600055F894F94400401C10B9002084F84400E6
:1087700094F94500401C10B9002084F84500FFF72B
:1087800091F804A9684600F0E7F9F8B92046FEF729
:10879000C6F8A8B104F110000499FFF75FFB20466A
:1087A000FEF7F1FA00F01EFD00287FF47FAF4FF0D6
:1087B000805017490860BFF34F8FBFF36F8F75E785
:1087C0002046FEF7E0FA00F00DFD6FE72046FEF7C9
:1087D000DAFA00F007FD0020ACE700002E2E5C2E38
:1087E0002E5C4D6964646C6577617265735C46727A
:1087F000656552544F535C71756575652E63000055
:108800004572726F723A2025732C2025640D0A0080
:1088100004ED00E02DE9F74183B005460E464FF028
:1088200000082C462CB940F251524CA154A0F7F745
:1088300003FE0EB9206C08B9012000E0002028B921
:1088400040F2555245A14EA0F7F7F6FD00F01AFA96
:1088500008B9059808B9012000E0002028B940F2C5
:108860005A523EA146A0F7F7E7FD00BFFEF7CEFF44
:10887000A76BF7B131462046FDF7E0FD781EA063F7
:10888000206908B9012000E0002060B904F110005F
:1088900000F000FC38B14FF080503D490860BFF354
:1088A0004F8FBFF36F8FFEF7FDFF012006B0BDE8CD
:1088B000F081059818B9FEF7F5FF0020F6E7B8F14A
:1088C000000F04D101A8FFF7B7FA4FF00108FEF737
:1088D000E9FFFFF773FCFEF799FF94F94400401C91
:1088E00010B9002084F8440094F94500401C10B9E8
:1088F000002084F84500FEF7D5FF05A901A800F087
:108900002BF9F0B92046FDF7FDFFA0B104F12400DA
:108910000599FFF7A3FA2046FEF735FA00F062FC4E
:108920000028A3D14FF0805019490860BFF34F8F42
:10893000BFF36F8F9AE72046FEF725FA00F052FC4E
:1089400094E72046FEF71FFA00F04CFC2046FDF7A6
:10895000D9FF00288AD00020A8E700002E2E5C2E28
:108960002E5C4D6964646C6577617265735C4672F8
:10897000656552544F535C71756575652E630000D3
:108980004572726F723A2025732C2025640D0A00FF
:1089900004ED00E02DE9F34182B005464FF00008F8
:1089A0002C4600262CB940F2E3525DA165A0F7F7F2
:1089B00043FD206C08B9012000E0002028B940F2F6
:1089C000E75257A15FA0F7F737FD00F05BF908B950
:1089D000039808B9012000E0002028B940F2EC52C9
:1089E0004FA158A0F7F728FD00BFFEF70FFFA76BB8
:1089F000FFB1781EA063206810B9FEF7D7FAA06017
:108A0000206908B9012000E0002060B904F11000DD
:108A100000F040FB38B14FF080504E490860BFF382
:108A20004F8FBFF36F8FFEF73DFF012004B0BDE80D
:108A3000F081039870B90EB9012000E0002028B938
:108A400040F2326236A13FA0F7F7F6FCFEF72AFFAC
:108A50000020EBE7B8F1000F04D16846FFF7ECF90E
:108A60004FF00108FEF71EFFFFF7A8FBFEF7CEFE52
:108A700094F94400401C10B9002084F8440094F993
:108A80004500401C10B9002084F84500FEF70AFF9D
:108A900003A9684600F060F840BB2046FDF732FFAE
:108AA000F0B1206838B9FEF7B1FEA06800F07CFA9A
:108AB0000646FEF7F7FE04F124000399FFF7CEF90E
:108AC0002046FEF760F900F08DFB00288DD14FF0B5
:108AD000805020490860BFF34F8FBFF36F8F84E74A
:108AE0002046FEF750F900F07DFB7EE72046FEF7BA
:108AF0004AF900F077FB2046FDF704FF0028EED08E
:108B00005EB1FEF783FE2046FDF7F5FC07463946C9
:108B1000A068FFF71BFAFEF7C5FE002086E70000FD
:108B20002E2E5C2E2E5C4D6964646C6577617265D7
:108B3000735C4672656552544F535C71756575651B
:108B40002E6300004572726F723A2025732C202527
:108B5000640D0A0004ED00E070B506460C462EB91F
:108B600040F6FD421FA128A0F7F766FC2CB940F69D
:108B7000FE421CA124A0F7F75FFCFEF747FE264843
:108B800002687068131A2548006890F85D0030B1DB
:108B900000202249096881F85D0001251EE0206857
:108BA000401C08B9002519E01D4930680968884251
:108BB00006D07068904203D80125002020600DE0A7
:108BC0002068984207D92068C01A20603046FFF715
:108BD00033F9002502E0002020600125FEF762FE47
:108BE000284670BD2E2E5C2E2E5C4D6964646C652B
:108BF00077617265735C4672656552544F535C745D
:108C000061736B732E6300004572726F723A202598
:108C1000732C2025640D0A008C00002078000020B1
:108C2000A00000202DE9FF4F85B0804689461746F9
:108C3000DDE912ABB800FEF7EFF8064656B160204A
:108C4000FEF7EAF804460CB1266304E03046FEF76E
:108C500069FE00E000247CB10020CDE900ABCDE945
:108C600002403A4649464046089BFDF733FD204600
:108C7000FDF718FB012501E04FF0FF35284609B04C
:108C8000BDE8F08F0549096809B9012005E00449EC
:108C9000096809B9022000E0002070479400002014
:108CA000B400002001490868704700008C000020D3
:108CB0002DE9F0414FF000085F48006800287DD1A1
:108CC0005E480068451C5D480560002D1DD15C486C
:108CD0000068006808B9012000E0002028B940F6CB
:108CE000C72258A160A0F7F7A7FB5548076862485C
:108CF0000068534908606048076060480068401C8D
:108D00005E490860FDF7A2FF00BF5D48006885422C
:108D100077D300BF4A480068006808B9012000E026
:108D2000002020B14FF0FF305549086068E044480A
:108D30000068C068C4686668B54202D250480660E0
:108D40005EE06069D4E902128A60D4E902214A60D7
:108D5000211D42688A4201D1E168416000226261BE
:108D60000168491E0160A06A98B1A06AD4E907129F
:108D70008A60D4E907214A6004F1180142688A42F6
:108D800001D1216A41600022A2620168491E01608E
:108D900000BF94F82C10012088403A490968084324
:108DA00038490860E16A01EB8101374A02EB810131
:108DB0004868A0608268E260211D00E033E08268BC
:108DC00051608160E16A01EB81012F4A02EB81026F
:108DD0006261E16A01EB81012B4A52F82110491CC2
:108DE000E26A02EB8202284B43F822102749E06A2C
:108DF0000968C96A88428DD34FF001088AE700E00C
:108E000000BF22480068C06A00EB80001E4951F88C
:108E10002000012801D94FF001081D48006808B161
:108E20004FF0010804E01B480068401C1949086025
:108E30004046BDE8F0810000B40000208C00002016
:108E40007C0000202E2E5C2E2E5C4D6964646C65C7
:108E500077617265735C4672656552544F535C74FA
:108E600061736B732E6300004572726F723A202536
:108E7000732C2025640D0A0080000020A000002033
:108E8000A8000020900000204082012078000020EF
:108E90009C0000209800002070B505462C46002656
:108EA000002D5ED030480068844201D1012000E0EE
:108EB000002028B941F24F022CA135A0F7F7BCFAE7
:108EC000206D28B941F2500228A131A0F7F7B4FA79
:108ED000206D401E2065E16CE06A884241D0206D23
:108EE00000283ED1201DFEF747FC40B994F82C1015
:108EF000012088402A490968814329480160E06CC3
:108F0000E062E06AC0F12000A06194F82C1001201A
:108F1000884023490968084321490860E16A01EB58
:108F20008101204A02EB81014868A0608268E2600A
:108F3000211D826851608160E16A01EB8101194A5B
:108F400002EB81026261E16A01EB8101154A52F88C
:108F50002110491CE26A02EB8202124B43F82210F4
:108F60000126304670BD0000780000202E2E5C2EB9
:108F70002E5C4D6964646C6577617265735C4672E2
:108F8000656552544F535C7461736B732E630000BC
:108F90004572726F723A2025732C2025640D0A00E9
:108FA000900000204082012070B505462C46002626
:108FB000002D67D03449E06A0968C96A88425AD2EC
:108FC000A06900F0004028B92F480068C06AC0F1CD
:108FD0002000A061E16A01EB81012C4A02EB8101D2
:108FE0006069884201D1012000E00020E0B3201D2B
:108FF000FEF7C2FB40B994F82C10012088402449A8
:1090000009688143224801601F480068C06AE06225
:1090100094F82C10012088401D49096808431C4918
:109020000860E16A01EB8101184A02EB810148689E
:10903000A0608268E260211D826851608160E16AFF
:1090400001EB8101114A02EB81026261E16A01EBED
:1090500081010E4A52F82110491CE26A02EB820299
:109060000A4B43F8221004E0FFE707480068C06A93
:10907000E062012606E00449E06C0968C96A88429A
:1090800000D20126304670BD7800002040820120C9
:109090009000002070B50646F068C4682CB940F610
:1090A00082423DA145A0F7F7C7F9A06AD4E90712AB
:1090B0008A60D4E907214A6004F1180142688A42B3
:1090C00001D1216A41600022A2620168491E01604B
:1090D0003E48006800283FD16069D4E902128A60E6
:1090E000D4E902214A60211D42688A4201D1E16827
:1090F0004160002262610168491E016094F82C10F1
:109100000120884032490968084331490860E16A12
:1091100001EB81012F4A02EB81014868A06082685F
:10912000E260211D826851608160E16A01EB81018A
:10913000284A02EB81026261E16A01EB8101254A62
:1091400052F82110491CE26A02EB8202214B43F8DB
:109150002210FDF77BFD10E01F494868E06182683E
:10916000226204F118018268516081601A4AA26289
:1091700011460968491C116000BF1849E06A096876
:10918000C96A884204D9012501201549086000E018
:109190000025284670BD00002E2E5C2E2E5C4D69E9
:1091A00064646C6577617265735C46726565525480
:1091B0004F535C7461736B732E6300004572726F62
:1091C000723A2025732C2025640D0A00B40000207B
:1091D0009000002040820120E884012078000020D7
:1091E0009C00002070B5002400265048006828B973
:1091F00040F6B3024EA157A0F7F71EF9FEF706FBA3
:109200004A480068401E494908600846006800282E
:109210007ED15448006800287AD05BE05248C0688C
:10922000C468A06AD4E907128A60D4E907214A60B9
:1092300004F1180142688A4201D1216A416000228A
:10924000A2620168491E01606069D4E902128A6065
:10925000D4E902214A60211D42688A4201D1E168B5
:109260004160002262610168491E016094F82C107F
:10927000012088403D49096808433C490860E16A8B
:1092800001EB81013A4A02EB81014868A0608268E3
:10929000E260211D826851608160E16A01EB810119
:1092A000334A02EB81026261E16A01EB8101304ADB
:1092B00052F82110491CE26A02EB82022C4B43F85F
:1092C00022102C49E06A0968C96A884202D3012049
:1092D000294908602448006808B9012000E00020FE
:1092E00000289BD00CB1FDF7B1FC2448056865B19E
:1092F00000BFFFF7DDFC10B101201F4908606D1EA3
:10930000002DF6D100201D4908601B48006800E0D0
:1093100008E038B10126300719490860BFF34F8FC4
:10932000BFF36F8FFEF7BEFA304670BDB400002069
:109330002E2E5C2E2E5C4D6964646C6577617265BF
:10934000735C4672656552544F535C7461736B7302
:109350002E6300004572726F723A2025732C20250F
:10936000640D0A0088000020E8840120900000209D
:1093700040820120780000209C00002098000020FE
:1093800004ED00E01CB50024FDF702F80B4800686E
:1093900058B10B481F2100234FF48072CDE9001013
:1093A00008A10A48FFF73EFC04462CB940F2191206
:1093B00007A110A0F7F740F820461CBDC800002008
:1093C000CC000020546D7220537663006D6D000850
:1093D0002E2E5C2E2E5C4D6964646C65776172651F
:1093E000735C4672656552544F535C74696D657267
:1093F000732E63004572726F723A2025732C2025FC
:10940000640D0A0044F2A01001E000BF401E0028D5
:10941000FBD170474FEA1153A3F58063D3F11E03CC
:10942000A8BFD3F1200C08DB4FF0004242EAC12272
:1094300052EA505232FA03F0704709420BD4102B13
:10944000C4BF0020704703F5787CBCF1FF3F05D016
:109450004FF0FF3070474FF00000704770B500F0DC
:10946000C3F800BF4992248000207047F0E7B0FAAB
:1094700080F310FA03F10AD0C3F11D0303F58063F2
:109480004FEA41504FEA035202EBD12170474FF0AF
:1094900000007047DFF848C170B51CEA111E1EBFFE
:1094A0001CEA13159EEA0C0F95EA0C0F00F06F8072
:1094B00081EA030423EA4C134EEAD47E21EA4C11DC
:1094C00041F4801143F48013AE44A1FB024CA0FB95
:1094D0000365AEF17F7E361955EB0C05A1FB034CFD
:1094E0004CF10003A0FB021C16EB0C06654153F186
:1094F0000003094218BF46F0010613F4007F0BD1A8
:109500004FEA03314FEA0530340341EA155140EA8E
:1095100016506FF003020AE04FEAC3214FEAC5205C
:10952000F40241EA555140EA56506FF0020202EB54
:109530002E4201EB025585EACE710AD05FEA440C57
:1095400018BF24F0004450F1000041F1000120EA6E
:10955000D47040F2FE7C624500D270BDA84214BFB8
:109560004FF080444FF04044002E08BF0024BEF16D
:10957000806FA8BFA1F1C041BDE8704080F2828039
:109580004FF0000001F1C04101F0004170479EEA38
:109590000C0F0CEA131518BF95EA0C0F06D04FF00C
:1095A000000081EA030E0EF0004170BD00F01CF8CF
:1095B0008900013E00F007B800F009B84FEA430CFB
:1095C0005FEA5C5C08D081EA030100F05BB84FEA17
:1095D000410C5FEA5C5CF6D14FF000000149704736
:1095E0000000FF070000F87F0EF1020E2EF0030EC0
:1095F0005EF8046B364205D4012A43EB030515F5EA
:10960000001F12D8012841EB010C1CF5001F0CD8DB
:109610000ED14FEAD17C15F5001F0CEB4C0C0CF170
:10962000020C08BF4CEBD37C04E04FF0080C01E0C7
:109630004FEAD37C0CEB4C0526FA05F606F007063C
:10964000B6F1040C06D20EEB860CBDE870404CF06F
:10965000010C6047DFE80CF0090B02024FF00041FB
:109660004FF00000A1F5002170BD194610460128F9
:1096700051EB010418BFD4F5001484BF002001F0A1
:10968000004170BD0808A0F500114FEA3101704794
:109690004FF04070E1EE100A70470000000000003B
:1096A000000001020304060708090000000001028F
:1096B00003040000000000000000000000000000A3
:1096C00000003F40000000000000000030004000AB
:1096D00030004000000009000BC03D000BC03D0001
:1096E000090018C024407FE02240318000001800AB
:1096F00024C01B000D803240018003801C402740A5
:109700001C800740004010006000000000000000C6
:1097100000000000000000001F80204040200000EA
:10972000402020401F8000000000090006001F802C
:10973000060009000000040004003F80040004004B
:1097400000000010006000000000000000000400A5
:1097500004000400040004000000000000400000B9
:10976000000000000000002001C00600380040009A
:1097700000001F802040204020401F80000000008B
:1097800010403FC000400000000018C021402240AF
:1097900024401840000010802040244024401B80BA
:1097A000000002000D0011003FC0014000003C809D
:1097B000244024402440238000001F802440244073
:1097C0003440038000003000200027C03800200013
:1097D00000001B802440244024401B8000001C000B
:1097E00022C0224022401F800000000000000840EC
:1097F0000000000000000000000004600000000005
:109800000000000004000A00110020804040090010
:109810000900090009000900000000004040208004
:1098200011000A0004001800200023402400180042
:1098300000001F802040274029401F4000000040BA
:1098400007C039000F0001C0004020403FC0244045
:1098500024401B8000001F8020402040204030809A
:10986000000020403FC0204020401F8000002040DA
:109870003FC024402E4030C0000020403FC0244064
:109880002E00300000000F00108020402240338066
:10989000020020403FC0040004003FC020402040A0
:1098A00020403FC0204020400000006020202020B9
:1098B0003FC02000200020403FC024400B0030C0AB
:1098C000204020403FC020400040004000C03FC03A
:1098D0003C0003C03C003FC0000020403FC00C40A3
:1098E00023003FC020001F802040204020401F80D8
:1098F000000020403FC024402400180000001F80CA
:109900002140214020E01FA0000020403FC0244013
:10991000260019C0004018C0244024402240318055
:109920000000300020403FC02040300000002000F8
:109930003F80004000403F80200020003E0001C0EA
:10994000070038002000380007C03C0007C038007E
:109950000000204039C0060039C02040000020002F
:10996000384007C0384020000000304021C0264069
:10997000384020C00000000000007FE04020402070
:109980000000000070000C00038000400000000098
:10999000402040207FE00000000000002000400048
:1099A0002000000000000010001000100010001047
:1099B0000010000000004000000000000000000057
:1099C00002800540054003C0004020003FC0044025
:1099D000044003800000000003800440044006406F
:1099E000000000000380044024403FC0004000000D
:1099F00003800540054003400000000004401FC0F4
:109A0000244024402000000002E00550055006508C
:109A1000042020403FC00440040003C00040000078
:109A2000044027C000400000000000100010041097
:109A300027E00000000020403FC00140070004C0B4
:109A40000440204020403FC000400040000007C0CC
:109A5000040007C0040003C00000044007C0044025
:109A6000040003C000400000038004400440038061
:109A70000000041007F004500440038000000000C0
:109A800003800440045007F00010044007C0024067
:109A9000040004000000000006400540054004C02A
:109AA0000000000004001F8004400040000004008B
:109AB00007800040044007C000400400070004C0C5
:109AC000018006000400060001C0070001C0060076
:109AD0000000044006C0010006C00440000004105D
:109AE000071004E00180060004000000044005C0E7
:109AF0000640044000000000000004007BE040201D
:109B00000000000000000000FFF000000000000066
:109B100040207BE004000000000040008000400086
:109B200020002000400000000000000000000000B5
:109B30000000000000000000000000001FCC000C2E
:109B40000000000000000000080030006000080075
:109B5000300060000000022003FC1E20022003FCF5
:109B60001E200220000000000E1811043FFF108488
:109B70000C78000000000F0010840F3800C0077838
:109B800018840078000000780F8410C411240E9807
:109B900000E4008400080800680070000000000075
:109BA00000000000000000000000000007E018189E
:109BB000200440020000000040022004181807E0C2
:109BC0000000000000000240024001800FF0018010
:109BD0000240024000000080008000800FF80080FA
:109BE0000080008000000001000D000E0000000059
:109BF0000000000000000000008000800080008065
:109C00000080008000800000000C000C00000000BC
:109C10000000000000000000000600180060018045
:109C2000060018002000000007F0080810041004C7
:109C3000080807F000000000080408041FFC0004E6
:109C400000040000000000000E0C1014102410444A
:109C500011840E0C000000000C18100411041104F3
:109C600012880C700000000000E003200424082487
:109C70001FFC0024000000001F9810841104110430
:109C8000108810700000000007F00888110411040B
:109C900018880070000000001C00100010FC130069
:109CA0001C001000000000000E38114410841084C5
:109CB00011440E38000000000700088C10441044C6
:109CC000088807F00000000000000000030C030CEF
:109CD000000000000000000000000001010600007C
:109CE000000000000000000000800140022004107D
:109CF0000808100400000220022002200220022096
:109D000002200220000000001004080804100220B5
:109D100001400080000000000E001200100C106CCA
:109D200010800F00000003E00C1813E4142417C483
:109D3000082807D000000004003C03C41C40074072
:109D400000E4001C000410041FFC110411041104A1
:109D50000E880070000003E00C18100410041004BA
:109D600010081C10000010041FFC10041004100444
:109D7000080807F0000010041FFC1104110417C4A8
:109D800010040818000010041FFC1104110017C073
:109D900010000800000003E00C1810041004104428
:109DA0001C780040000010041FFC1084008000801C
:109DB00010841FFC10040000100410041FFC100489
:109DC00010040000000000030001100110011FFE3C
:109DD00010001000000010041FFC11040380146424
:109DE000181C1004000010041FFC100400040004E0
:109DF0000004000C000010041FFC1F0000FC1F00EA
:109E00001FFC1004000010041FFC0C04030000E001
:109E100010181FFC100007F00808100410041004AC
:109E2000080807F0000010041FFC10841080108048
:109E300010800F00000007F0081810241024101CD8
:109E4000080A07F2000010041FFC1104110011C0E1
:109E500011300E0C000400000E1C1104108410843C
:109E600010441C3800001800100010041FFC1004DF
:109E700010001800000010001FF810040004000477
:109E800010041FF8100010001E0011E0001C0070EC
:109E900013801C0010001FC0103C00E01F0000E0F9
:109EA000103C1FC000001004180C163401C001C083
:109EB0001634180C100410001C00130400FC1304CA
:109EC0001C00100000000804101C1064108413040F
:109ED0001C04101800000000000000007FFE40027B
:109EE000400240020000000030000C0003800060CF
:109EF000001C0003000000004002400240027FFE00
:109F000000000000000000000000200040004000B1
:109F100040002000000000010001000100010001DC
:109F2000000100010001000040004000200000008E
:109F300000000000000000000098012401440144DA
:109F4000014400FC000410001FFC0088010401040F
:109F50000088007000000000007000880104010407
:109F60000104008800000000007000880104010462
:109F700011081FFC0004000000F8014401440144E2
:109F8000014400C800000000010401040FFC11049A
:109F9000110411001800000000D60129012901292F
:109FA00001C90106000010041FFC0084010001002B
:109FB000010400FC000400000104190419FC000461
:109FC000000400000000000000030001010119016D
:109FD00019FE0000000010041FFC0024004001B422
:109FE000010C010400000000100410041FFC000418
:109FF000000400000000010401FC0104010001FC58
:10A000000104010000FC010401FC008401000100C6
:10A01000010400FC0004000000F801040104010434
:10A02000010400F80000010101FF008501040104A2
:10A030000088007000000000007000880104010426
:10A04000010501FF00010104010401FC0084010479
:10A05000010001800000000000CC01240124012443
:10A0600001240198000000000100010007F801042C
:10A07000010400000000010001F8000400040004D5
:10A08000010801FC0004010001800170000C0010B7
:10A0900001600180010001F0010C003001C00030BE
:10A0A000010C01F0010000000104018C007401703A
:10A0B000018C01040000010101810171000E0018F2
:10A0C00001600180010000000184010C01340144A1
:10A0D0000184010C000000000000000000000100ED
:10A0E0003EFC400240020000000000000000FFFFB4
:10A0F0000000000000000000400240023EFC0100A1
:10A1000000000000000000006000800080004000AF
:10A1100040002000200000000000000000000000BF
:10A12000000000000000000000000000000000002F
:10A13000000000000000000000000000000000001F
:10A140000000000000000000000F80380FFE380FF4
:10A150008038000000000000000000000000000047
:10A16000000000000100000600000C0000380000A4
:10A170003100000600000C00003800003000000034
:10A1800000000000000061800067F807F9800061AE
:10A19000800061800061800061800067F807F980BD
:10A1A00000618000000000000000000001C0E0032A
:10A1B000E0F00630080418081FFFFE040E080787A9
:10A1C000F00381E000000000000001F000060C0038
:10A1D000040408060C7001F9C0000E00003BE0000A
:10A1E000EC18070808040C180003E0000000000148
:10A1F000E00007F003F818041C0804170807E1D072
:10A2000003C0E00023B0003C08002008000010005C
:10A2100000000000000100003100003200001C00BE
:10A22000000000000000000000000000000000002E
:10A23000000000000000000000000000000000001E
:10A240000000000000007F0001FFC00780F00C004C
:10A25000181000042000020000000000002000028E
:10A260001000040C00180780F001FFC0007F000000
:10A2700000000000000000000000000000000000DE
:10A2800000004200006600006600003C000018006C
:10A2900003FFC0001800003C0000660000660000DC
:10A2A000420000000000080000080000080000084C
:10A2B0000000080001FFC0000800000800000800BE
:10A2C000000800000800000000000001000031004C
:10A2D000003200001C000000000000000000000030
:10A2E0000000000000000000000000000000080066
:10A2F0000008000008000008000008000008000036
:10A30000080000080000080000080000000000002D
:10A310000000000000003800003800003800000095
:10A32000000000000000000000000000000000002D
:10A33000000000000000000600001C00007000018A
:10A3400080000E0000380000C0000700001C000064
:10A35000300000000000000000007F8001FFE003EB
:10A360008070060018040008040008060018038026
:10A370007001FFE0007F800000000000000000008E
:10A3800001000801000801000803FFF807FFF800BA
:10A3900000080000080000080000000000000000A5
:10A3A0000001C03802C058040098040118040218C3
:10A3B000040418061C1803F81801E0F80000000057
:10A3C000000000000001C0E003C0F0040008040821
:10A3D0000804080806180803F41801E7F00001E073
:10A3E000000000000000000000000300000D00005D
:10A3F000110000610000810803010807FFF80FFF4A
:10A40000F80001080001080000000000000000E062
:10A4100007FCD006080806100806100806100806F3
:10A420001838060FF00607C000000000000000000A
:10A4300000003F8001FFE003843002081804100888
:10A44000041008041008071810030FF00007C000DC
:10A45000000000000000000003C00007000006002C
:10A46000000600F80607F806180006E000070000DE
:10A4700006000000000000000001E1E003F7F00624
:10A480003410041808041808040C08040C080616F4
:10A490001803F3F001C1E000000000000000F80024
:10A4A00003FC30030638040208040208040208040E
:10A4B00004100308F001FFC0007F0000000000004E
:10A4C00000000000000000000000000000007038E4
:10A4D000007038007038000000000000000000002C
:10A4E000000000000000000000000000000000006C
:10A4F0000000301A00301C000000000000000000C6
:10A500000000000000000000000000000008000043
:10A510001400002200004100008080010040020081
:10A5200020040010080008000000000000002100C6
:10A530000021000021000021000021000021000076
:10A540002100002100002100002100000000000087
:10A550000000000008000804001002002001004074
:10A56000008080004100002200001400000800006C
:10A57000000000000003C00004C000040000080048
:10A5800038080F380808380810000C300007E000C1
:10A5900003C000000000000000003F8000FFE00357
:10A5A0008070020F1006708804C088048308047F3E
:10A5B0008802C09003012000FE400000080000183F
:10A5C0000001F8003E0801C20007020007E2000097
:10A5D000FE00001FC80001F8000038000008040059
:10A5E0000807FFF807FFF80408080408080408082B
:10A5F00004080806180803F41801E7F00001E00059
:10A600000000000000003F8001FFE00380700200B6
:10A6100018040008040008040008040010060020C4
:10A620000780C000000004000807FFF807FFF804D7
:10A630000008040008040008040018020010038049
:10A640007001FFE0007F8000000004000807FFF8B1
:10A6500007FFF804080804080804080804080804A8
:10A660003E08040008060018010060000000040015
:10A670000807FFF807FFF8040808040800040800AA
:10A68000040800043E0006000006000001800000EF
:10A690000000000000003F8001FFE0038070060022
:10A6A000180400080402080402080203F00783F0FB
:10A6B00000020000020004000807FFF807FFF8048A
:10A6C000080800080000080000080000080004084E
:10A6D0000807FFF807FFF80400080000000000006A
:10A6E00004000804000804000807FFF807FFF80446
:10A6F000000804000804000800000000000000003A
:10A700000000000600000700000104000104000131
:10A7100004000307FFFE07FFFC0400000400000420
:10A72000000004000807FFF807FFF8040C080018F1
:10A7300000003E0004C7800503C80600F804003886
:10A7400004001800000804000807FFF807FFF804D9
:10A7500000080000080000080000080000080000D1
:10A760000800001800006000000004000807FFF85F
:10A7700007800807FC00007FC00003F80007C00046
:10A78000780007800807FFF807FFF80400080400B6
:10A790000807FFF807000803C00000E000003800C9
:10A7A000001E000007000001C00400F007FFF804CD
:10A7B0000000000000007F8001FFE00380700600C1
:10A7C0001804000804000806001803003001FFE028
:10A7D000007F8000000004000807FFF807FFF8046E
:10A7E0000408040400040400040400040400060C2B
:10A7F0000003F80001F000000000000000007F806E
:10A8000001FFE00380700600880400880400C80689
:10A81000003C03003E01FFE6007F840000000400CE
:10A820000807FFF807FFF8040808040800040C00F4
:10A83000040F00040BC00610F003F03801E008001C
:10A84000000800000001E0F803F0300630100418A2
:10A8500008041808040C08040C080206180207F083
:10A860000781E000000001800006000004000004F1
:10A87000000004000807FFF807FFF80400080400C0
:10A880000004000006000001800004000007FFE053
:10A8900007FFF0040018000008000008000008008E
:10A8A000000800000804001007FFE0040000040096
:10A8B0000006000007E00007FE00041FE00001F8AA
:10A8C0000000380001E0043E0007C000060000045C
:10A8D000000004000007E00007FFC0041FF80007A5
:10A8E000C007F80007FF80043FF80007C004F80025
:10A8F000070000040000000000040008060018071C
:10A90000C07805F1C8003E00001F800463E807809E
:10A91000F80600180400080000000400000600000B
:10A9200007800007E008047C08001FF80007F80013
:10A93000180804E0080700000600000400000000FA
:10A94000000100080600380400F80403E8040F08BA
:10A95000047C0805F00807C0080700180400600020
:10A9600000000000000000000000000000000000E7
:10A97000003FFFFE20000220000220000220000213
:10A980002000020000000000000000000800000796
:10A99000000000C0000038000006000001C00000F8
:10A9A0003000000E00000100000000000000000068
:10A9B0002000022000022000022000022000023FAE
:10A9C000FFFE00000000000000000000000000008A
:10A9D000000000000000000800001000003000002F
:10A9E00020000030000010000008000000000000FF
:10A9F0000000000001000001000001000001000053
:10AA00000100000100000100000100000100000140
:10AA10000000010000010000000000000000002014
:10AA200000002000001000001000000000000000E6
:10AA3000000000000000000000000000000000F026
:10AA40000019F8001B18002208002608002408003E
:10AA50002410003FF8001FF8000008000018000054
:10AA60000004000007FFF80FFFF00018180010089E
:10AA7000002008002008003018001FF0000FC00060
:10AA800000000000000007C0001FF0001830002088
:10AA900008002008002008003C08001C100000608E
:10AAA0000000000000000000000007C0001FF000D0
:10AAB000381800200800200800200804101007FFA4
:10AAC000F80FFFF000001000000000000000000080
:10AAD0000007C0001FF000123000221800220800FA
:10AAE0002208003208001E10000E200000000000A6
:10AAF0000000200000200800200801FFF803FFF8F4
:10AB00000620080420080420080720000300000095
:10AB1000000000000000000E000E6E001FF3003168
:10AB2000B10020B10020B1003191001F13002E1E92
:10AB300000200E00300000000004000807FFF80F9E
:10AB4000FFF8001008002000002000002008003F4F
:10AB5000F8001FF8000008000000000000000000DE
:10AB6000002008002008002008063FF8063FF800F3
:10AB700000080000080000080000000000000000BD
:10AB8000000000000000030000030020010020017D
:10AB9000002003063FFE063FFC000000000000000E
:10ABA000000000000004000807FFF80FFFF8000194
:10ABB00088000300002FC00038F80020380020086B
:10ABC000000008000000000000000000040008046D
:10ABD000000804000807FFF80FFFF8000008000055
:10ABE00008000008000000000000002008003FF8F6
:10ABF000003FF8001008002000003FF8003FF80078
:10AC00001008002000003FF8003FF8000008000096
:10AC100000002008003FF8003FF800100800100076
:10AC2000002000002008003FF8001FF80000080086
:10AC300000000000000007C0000FF00018300030D6
:10AC400008002008002008003008001830000FF02D
:10AC50000007C0000000000000002001003FFF00CE
:10AC60003FFF0010110020090020080020080030DC
:10AC700038001FF0000FC00000000000000007C0F7
:10AC8000001FF000381800200800200800200900EC
:10AC90001011001FFF003FFF000001000000002016
:10ACA00008002008002008003FF8003FF8000808CE
:10ACB00000100800200800200000300000300000D4
:10ACC0000000000000000000000C78001E18003397
:10ACD000080023080021080021880021980030F096
:10ACE000003860000000000000002000002000008C
:10ACF000200000FFF003FFF80020080020080020DB
:10AD000008000030000000000000000000002000EB
:10AD1000003FF0007FF80000180000080000080065
:10AD20002010003FF8007FF000001000000000003D
:10AD300000002000003000003C00003F800023F0B5
:10AD4000000078000070002380003C00003000000C
:10AD50002000002000003C00003FE00023F800003D
:10AD6000E0002700003E00003FE00021F80001E085
:10AD7000003E000020000000000020080020080025
:10AD80003838003E680027800003C8002CF80038DF
:10AD900038002018002008000000000000002000FB
:10ADA000003003003C01003F830023EC00007000F2
:10ADB0002380003C00002000002000000000000074
:10ADC000000000000038080020380020F80023E8C8
:10ADD000002F88003E08003808002018000070008E
:10ADE0000000000000000000000000000000000063
:10ADF000000008000014001FF7FC300006200002CD
:10AE00000000000000000000000000000000000042
:10AE10000000000000000000FFFFFF000000000035
:10AE20000000000000000000000000000000000022
:10AE30002000023000061FF7FC001400000800008C
:10AE40000000000000000000000000000000000002
:10AE500000180000600000400000400000200000DA
:10AE60001000000800000400000400000C000010A6
:10AE700000000000000000000000000000000000D2
:10AE800000000000000000000000000000000000C2
:10AE900000000000000000000000000000000000B2
:10AEA00000000000000000000000000000000000A2
:10AEB0000000000000000000000000000000000092
:10AEC0000000000000000000000007F000C007FFC5
:10AED000E1E007F001E0000000C000000000000019
:10AEE0000000000000000000000000000000000062
:10AEF000000000000000000000000020000001C071
:10AF00000000078000001F0000001E0000001C2041
:10AF1000000001C00000078000001F0000001E00AC
:10AF200000001C0000000000000000000000000005
:10AF300000000000000000180C0000180C000018B1
:10AF40000FE0001FFC0003F80C0000180C000018B4
:10AF50000C0000180C0000180C0000180FE0001F77
:10AF6000FC0003F80C0000180C0000180C00000096
:10AF700000000000000000000000000007800078D2
:10AF800007C000FC0640010E00200307002002035A
:10AF900080200FFFFFFC0201C0200200E0600130B2
:10AFA000704001F03F8000F01F0000000000000032
:10AFB000000000FE000001FF00000301800002000D
:10AFC0008060030181C001FF070000FE180000003F
:10AFD000E0000003BF00000CFFC00071806001C1F1
:10AFE0000020030180600000FFC000003F0000005F
:10AFF000000000001F0000007FC000FCC0C001FF77
:10B0000080600303E0200202782002061E2003FC79
:10B01000074001F00380000103C000011C60000133
:10B02000E02000010020000100400000018000003D
:10B03000000000000000002000001C6000001C4018
:10B0400000001F8000000F00000000000000000052
:10B0500000000000000000000000000000000000F0
:10B0600000000000000000000000000000000000E0
:10B0700000000000000000000000000000000000D0
:10B0800000000000000000000000000000000007B9
:10B09000F800003FFF00007807C001C000E0030097
:10B0A0000030040000080800000410000002000046
:10B0B000000000000000100000020800000404006E
:10B0C00000080300003001C000E0007807C0003F26
:10B0D000FF000007F8000000000000000000000072
:10B0E0000000000000000000000000000000000060
:10B0F00000000000000000000000000C1800000E1E
:10B100003800000E380000063000000360000061C7
:10B11000438000FFFF8000614300000360000006E1
:10B120003000000E3800000E3800000C180000003F
:10B13000000000000000000000000000800000008F
:10B1400080000000800000008000000080000000FF
:10B150008000007FFF0000008000000080000000F1
:10B1600080000000800000008000000080000000DF
:10B1700000000000000000000001000000E30000EB
:10B1800000E2000000FC0000007800000000000069
:10B1900000000000000000000000000000000000AF
:10B1A000000000000000000000000000000000009F
:10B1B000000000000000000080000000800000008F
:10B1C000800000008000000080000000800000007F
:10B1D000800000008000000080000000800000006F
:10B1E000800000008000000080000000800000005F
:10B1F00000000000000000000000000000C000008F
:10B2000001E0000001E0000000C0000000000000BC
:10B21000000000000000000000000000000000002E
:10B22000000000000000000000000000000000001E
:10B230000000000000000000000C000000380000CA
:10B2400000E00000038000000E0000003800000055
:10B25000E00000038000000E00000038000000E065
:10B260000000038000000E00000018000000000035
:10B2700000000000000000000000000FF800007F48
:10B28000FF0000F00780018000C0030000600200A2
:10B290000020020000200200002003000060018066
:10B2A00000C000E00380007FFF00000FF8000000F6
:10B2B000000000000000000000000000000000800E
:10B2C000002000800020008000200080006001FF3E
:10B2D000FFE003FFFFE0000000600000002000002E
:10B2E000002000000020000000000000000000001E
:10B2F00000000000000000000000007800E000985E
:10B3000001600100026002000460020008600200A7
:10B310001060020020600200406003008060018332
:10B32000006001FE00E0007C0780000000000000DB
:10B330000000000000000000000000F0078001F0A5
:10B3400007C00100004002000020020100200201AD
:10B35000002002010020030380200186804001FCC0
:10B36000C0C000787F8000001E00000000000000C8
:10B37000000000000000000008000000380000008D
:10B3800048000001880000060800000C081000308A
:10B3900008100040081001FFFFF003FFFFF003FF5B
:10B3A000FFF0000008100000081000000810000066
:10B3B0000000000000000000000000000780001FE7
:10B3C000864003E100200302002003040020030460
:10B3D00000200304002003040020030600400303B0
:10B3E00001C00301FF8003007E0000000000000098
:10B3F000000000000000000000000007FC00003F0B
:10B40000FF000070C380008180C001010060030262
:10B41000002002020020020200200202002002039B
:10B42000004001C180C000C0FF8000007E0000001D
:10B430000000000000000000000000F0000003C059
:10B4400000000380000003000000030007E0030089
:10B450003FE00301C0000306000003180000036082
:10B460000000038000000300000000000000000056
:10B4700000000000000000001F0000783F8000FC7A
:10B4800060C0018EC040030780200203002002013B
:10B490008020020180200201C0200301E0400186DB
:10B4A00070C000FC3F8000781F000000000000001A
:10B4B000000000000000003F000000FF81C001C04C
:10B4C000C1C00100602002002020020020200200F4
:10B4D000202002002060020040C00100C18000C1A5
:10B4E0008F00007FFE00001FF00000000000000041
:10B4F000000000000000000000000000000000004C
:10B5000000000000000000000000000300C0000771
:10B5100081E0000781E0000300C00000000000009F
:10B52000000000000000000000000000000000001B
:10B53000000000000000000000000000000000000B
:10B540000000000000000000000000060066000689
:10B550000078000000000000000000000000000073
:10B5600000000000000000000000000000000000DB
:10B57000000000000000000000000000800000014A
:10B58000C0000003600000063000000C1800001826
:10B590000C00003006000060030000C001800100C4
:10B5A0000040020000200400001000000000000025
:10B5B000000000000000000410000004100000045F
:10B5C000100000041000000410000004100000042B
:10B5D000100000041000000410000004100000041B
:10B5E000100000041000000410000004100000000F
:10B5F0000000000000000000000004000010020035
:10B6000000200100004000C0018000600300003005
:10B61000060000180C00000C1800000630000003A3
:10B6200060000001C0000000800000000000000079
:10B63000000000000000000000000078000001F899
:10B6400000000238000002000000040000C00400F6
:10B6500079E0040081E0040100C00403000002025C
:10B6600000000306000001FC000000F800000000DC
:10B67000000000000000000FF800003FFE00007016
:10B68000078000C000C00101F8400307FC20021E33
:10B6900004200230082002203020023FFC20013F1D
:10B6A000044001800CC000E03180001FC200000097
:10B6B00000000000002000000060000003E0000027
:10B6C0003E200003E020003E200003E02000038035
:10B6D000200007FC2000003FE0000003FE200000E7
:10B6E0003FE0000001E0000000200000002000001A
:10B6F000000000000000020000200200002003FF04
:10B70000FFE003FFFFE00201002002010020020130
:10B710000020020100200201002003030020018616
:10B72000806001FCC0C000F87F8000001F000000A6
:10B730000000000000000007F800003FFF0000705C
:10B74000078000C000C0010000400300002002008C
:10B750000020020000200200002002000020010062
:10B760000040018000C003C00180003006000000DE
:10B77000000000000000020000200200002003FF83
:10B78000FFE003FFFFE002000020020000200200B3
:10B790000020020000200300006001000040018042
:10B7A00000C000F00780007FFE00000FF8000000DE
:10B7B000000000000000020000200200002003FF43
:10B7C000FFE003FFFFE00201002002010020020170
:10B7D0000020020100200201002002038020020F4D
:10B7E000E0200300006003C000E0006003000000F0
:10B7F000000000000000020000200200002003FF03
:10B80000FFE003FFFFE0020100200201002002012F
:10B81000000002010000020100000201000002031A
:10B820008000030FE0000300000003C00000006080
:10B830000000000000000007F800003FFE0000705C
:10B84000078001C001C00100004003000020020089
:10B850000020020000200200002001002020010042
:10B86000204003C03F8000303F80000020000000E7
:10B870002000020000200200002003FFFFE003FF81
:10B88000FFE0020080200200802000008000000015
:10B89000800000008000020080200200802003FF62
:10B8A000FFE003FFFFE00200002002000020000094
:10B8B0000000000000000000000000000000020086
:10B8C000002002000020020000200200002003FFF0
:10B8D000FFE003FFFFE00200002002000020020062
:10B8E0000020020000200000000000000000000016
:10B8F0000000000000000000000E0000000F00002B
:10B90000000F00000001020000010200000102001F
:10B9100000030200000603FFFFFC03FFFFF8020024
:10B920000000020000000200000002000000000011
:10B93000000000000000020000200200002003FFC1
:10B94000FFE003FFFFE00200C0200201002000072B
:10B950008000000FE0000030F80002603E2003800D
:10B960000F20030003E0020000E0020000200000BE
:10B97000002000000000020000200200002003FF61
:10B98000FFE003FFFFE002000020020000200000B3
:10B990000020000000200000002000000020000027
:10B9A000002000000060000000E000000300000034
:10B9B0000000020000200200002003FFFFE003E07F
:10B9C000002003FF0020001FF0000001FF800000A6
:10B9D0000FE000001E000003E000003E002003E036
:10B9E000002003FFFFE003FFFFE002000020020051
:10B9F0000020020000200200002003FFFFE003807F
:10BA0000002003F0002000FC0000001F00000007E1
:10BA1000C0000001F00000007C0002001F80020056
:10BA200007E003FFFFE0020000000200000000004A
:10BA3000000000000000000FF800003FFE0000F0D2
:10BA40000780018000C001000040020000200200C9
:10BA500000200200002002000020010000400180C0
:10BA600000C000F00380003FFE00000FF80000005F
:10BA7000000000000000020000200200002003FF80
:10BA8000FFE003FFFFE002008020020080200200B0
:10BA9000800002008000020080000200800003019C
:10BAA00080000183000000FE0000007C0000000018
:10BAB000000000000000000FF800007FFF0000F011
:10BAC0000380018001C00100064002000420020042
:10BAD000042002000620020003E0010000F80180BB
:10BAE000005C00E0038C003FFF0C000FFC1800001E
:10BAF000000000000000020000200200002003FF00
:10BB0000FFE003FFFFE0020100200201002002012C
:10BB100080000201E0000201FC0003033F80018677
:10BB200007E001FC00E000F8002000000020000019
:10BB3000000000000000000000000078060000FE89
:10BB400001E0018600C0030300400203002002015F
:10BB50008020020180200201C0200200C0200100DC
:10BB6000E060018070C003E03F8000001F00000023
:10BB700000000000000000600000038000000300DF
:10BB8000000002000000020000200200002003FF6D
:10BB9000FFE003FFFFE0020000200200002002009F
:10BBA0000000020000000380000000E00000000030
:10BBB0000000020000000200000003FFFF0003FF7E
:10BBC000FFC00200004002000060000000200000F2
:10BBD00000200000002000000020020000400200C1
:10BBE000008003FFFF0002000000020000000000D0
:10BBF000000000000000020000000200000003C07E
:10BC0000000003FC0000023FC0000003F800000039
:10BC10007F80000007E0000007800000780002033A
:10BC2000C000023C000003C000000200000002004F
:10BC300000000200000003C0000003FF8000023F7C
:10BC4000FE0002007FE000000F000200F00003EFA2
:10BC5000000003FF8000020FFE0000003FE0000034
:10BC60001F000207E00003F80000030000000200CC
:10BC700000000000000002000020020000200380FD
:10BC800000E003F0032002FC0C20021F300000073C
:10BC9000C0000007F00002187C0002601F20038033
:10BCA00003E0020000E0020000200000002000008D
:10BCB000000000000000020000000300000003C0BC
:10BCC000000003F80000023E0020020FC020000127
:10BCD000FFE000007FE000038020021C00200270D3
:10BCE00000000380000002000000020000000000CD
:10BCF00000000000000000000020006000E0038061
:10BD000003E003000FA002003E200200F82002031F
:10BD1000E020020F8020023E00200278002003E095
:10BD20000060038000E0020003000000000000004B
:10BD30000000000000000000000000000000000003
:10BD4000000000000000000000001FFFFFFC1000CA
:10BD50000004100000041000000410000004100093
:10BD600000041000000410000004000000000000A7
:10BD700000000000000000000000000000000700BC
:10BD8000000003C0000000780000001E0000000357
:10BD9000C0000000F00000001E000000078000004E
:10BDA00000F00000003C0000000600000000000061
:10BDB000000000000000000000001000000410005F
:10BDC0000004100000041000000410000004100023
:10BDD0000004100000041FFFFFFC00000000000032
:10BDE0000000000000000000000000000000000053
:10BDF0000000000000000000000000000000000043
:10BE0000000002000000040000000800000018000C
:10BE100000001000000018000000180000000400DE
:10BE20000000020000000000000000000000000010
:10BE300000000000000100000001000000010000FF
:10BE400000010000000100000001000000010000EE
:10BE500000010000000100000001000000010000DE
:10BE600000010000000100000001000000010000CE
:10BE700000010000000000000000000000001000B1
:10BE80000000100000001000000018000000080072
:10BE9000000004000000000000000000000000009E
:10BEA0000000000000000000000000000000000092
:10BEB0000000000000000000038000018FC00003AC
:10BEC0008C600006182000041020000410200004DC
:10BED000202000042040000620400003FFC0000195
:10BEE000FFE00000002000000020000000C0000073
:10BEF000000000000000020000000200000003FF3C
:10BF0000FFE007FFFFC0000180C0000200600002E8
:10BF1000002000040020000400200004002000068F
:10BF20000040000300C00001FF800000FE00000090
:10BF30000000000000000000000000007E00000182
:10BF4000FF80000381C000020040000600200004C2
:10BF50000020000400200004002000060020000350
:10BF6000C0400001C080000003000000000000008D
:10BF70000000000000000000000000007E00000142
:10BF8000FF80000380C00006006000040020000461
:10BF9000002000040020020400400202008003FF91
:10BFA000FFE007FFFFC0000000400000004000006D
:10BFB0000000000000000000000000007E00000102
:10BFC000FF80000311C00002104000041060000454
:10BFD0001020000410200004102000061020000390
:10BFE00010400001F0C000007100000000000000DF
:10BFF0000000000000000000000000040000000439
:10C0000000200004002000040020007FFFE001FF6A
:10C01000FFE00104002003040020020400200204C9
:10C020000020020400000200000001C0000001C066
:10C03000000000000000000000000000001C0000E4
:10C04000E33E0003FFC200020CC3000404C100046D
:10C0500004C1000404C1000404C100060CC10003B3
:10C06000F8C30005F0620006007E0006003C0000F8
:10C07000000000000000020000200200002003FF7A
:10C08000FFE007FFFFE000010020000200200006A3
:10C09000000000040000000400000004002000066E
:10C0A00000200003FFE00001FFE00000002000008E
:10C0B000002000000000000000000000000000045C
:10C0C000002000040020000400200004002003875A
:10C0D000FFE0038FFFE0038000200000002000004D
:10C0E0000020000000200000000000000000000010
:10C0F0000000000000000000000000000000000040
:10C10000000600000007000000010000000100041C
:10C11000000100040001000400030004000603877E
:10C12000FFFC038FFFF80380000000000000000008
:10C13000000000000000020000200200002003FFB9
:10C14000FFE007FFFFE000000820000010200000D3
:10C1500030000000FC0000058E00000707A000066C
:10C1600001E0000400E000040020000000200000C6
:10C1700000000000000000000000000000000200BD
:10C18000002002000020020000200200002003FF27
:10C19000FFE007FFFFE0000000200000002000009B
:10C1A000002000000020000000000000000000004F
:10C1B000000000000000000400200007FFE0000F66
:10C1C000FFE000020020000400000004002000073F
:10C1D000FFE00003FFE00002002000040000000474
:10C1E00000200007FFE00003FFE000000020000047
:10C1F00000000000000000040020000400200007F0
:10C20000FFE0000FFFE0000100200002002000021C
:10C2100000000004000000040000000400200006EC
:10C2200000200003FFE00001FFE00000002000000C
:10C230000020000000000000000000007E00000060
:10C24000FF80000381C000020040000600200004BF
:10C25000002000040020000400200006002000024E
:10C260000040000381C00001FF8000007E0000004C
:10C2700000000000000000040001000400010007AD
:10C28000FFFF000FFFFF000100C10002004100049A
:10C29000002000040020000400200004002000060C
:10C2A0000040000301C00001FF8000007E0000008C
:10C2B0000000000000000000000000007E000001FF
:10C2C000FF80000380C00002006000040020000422
:10C2D00000200004002000040020000200410003B0
:10C2E00000C10003FFFF0007FFFF00000001000086
:10C2F00000010000000000040020000400200004F1
:10C30000002000040020000FFFE0000FFFE000000D
:10C31000C0200001002000020020000600200004D0
:10C3200000000004000000070000000300000000FF
:10C3300000000000000000000000000003E0000119
:10C34000C0E00003E040000630200004302000047C
:10C350001820000418200004182000040C200002FB
:10C360000C60000307C0000783800000000000008D
:10C3700000000000000000000000000400000004B5
:10C38000000000040000000C0000001FFF8000FF00
:10C39000FFC000040060000400200004002000042E
:10C3A00000200004004000000180000000000000A8
:10C3B000000000000000000400000004000000076E
:10C3C000FF80000FFFC000000060000000200000A0
:10C3D00000200000002000000020000400400004B5
:10C3E00000800007FFE0000FFFC0000000400000D9
:10C3F00000400000000000040000000400000007EE
:10C4000080000007F0000004FE0000041FC00000D0
:10C4100003E00000038000001C000004600000072F
:10C420008000000600000004000000000000000082
:10C43000000000040000000600000007C000000724
:10C44000FC0000043F80000003E000040F800006B1
:10C45000F0000007F0000007FF8000040FE000007C
:10C46000038000043C000007C00000060000000438
:10C470000000000000000000002000040020000474
:10C480000060000700E0000783200007E6000004CA
:10C49000F80000003C0000045E20000587A00006B4
:10C4A00001E0000400600004002000000020000003
:10C4B000000000000000000400000004000300076A
:10C4C00000030007E0010004F80100041F0200005F
:10C4D00007FC000000E0000007000004380000072F
:10C4E000C00000060000000400000004000000007E
:10C4F000000000000000000000000007806000064F
:10C5000000E0000403E0000407A000040E20000483
:10C510003C20000470200005E02000078020000778
:10C520000060000400E00000038000000000000044
:10C5300000000000000000000000000000000000FB
:10C5400000000000000000000000000000000000EB
:10C550008000000080000001400007FE3FF8080056
:10C5600000041000000210000002000000000000A3
:10C5700000000000000000000000000000000000BB
:10C5800000000000000000000000000000000000AB
:10C590000000FFFFFFFF000000000000000000009F
:10C5A000000000000000000000000000000000008B
:10C5B0000000000000000000000010000002100059
:10C5C00000020800000407FE3FF8000140000000E0
:10C5D000800000008000000000000000000000005B
:10C5E000000000000000000000000000000000004B
:10C5F00000000000000018000000300000004000B3
:10C60000000040000000400000002000000030005A
:10C61000000008000000040000000200000002000A
:10C620000000020000000C000000180000000000E4
:10C6300000000000400B0000800700006078000050
:10C640002000000020000000200000000068010021
:10C6500000F00000000C0F00303132333435363733
:10C660003839414243444546403058003031323336
:10C670003435363738396162636465664030780036
:10C68000A0C600080000002018010000C401000836
:10C69000B8C700081801002098B00100E0010008A8
:10C6A0000024F40000000000000000000000000072
:10C6B00000000000FFFF00001F0000F81FF8E00767
:10C6C000FF07E0FF40BC07FC3084000000000000D2
:10C6D000000000000000000000000000100000004A
:10C6E0000100000000F80000FFFF00000100000052
:10C6F00000000000416100088561000880030020FF
:10C700000000001000000068806B012000F00010A5
:10C71000000C0F6800000000000000000000000096
:10C720000000000000000000000000000000000009
:10C7300000000000000000000000000000000000F9
:10C7400000000000000000000000000000000000E9
:10C750001F000000000000000000000000000000BA
:10C7600000000000000000000000000000000000C9
:10C7700000000000000000000000000000000000B9
:10C7800000000000000000000000000000000000A9
:10C7900000000000AAAAAAAA0000000000000000F1
:10C7A00000000000000000000000000030059007BD
:08C7B000D008400AC006000099
:040000050800018965
:00000001FF
