:020000040800F2
:1000000070090020890200080B450008F31500085C
:100010000945000875080008C14C000800000000F0
:10002000000000000000000000000000354600084D
:10003000770800080000000009460008194700087A
:10004000A3020008A3020008A3020008A3020008FC
:10005000A3020008A3020008A3020008A3020008EC
:10006000A3020008A3020008A3020008A3020008DC
:10007000A3020008A3020008A3020008A3020008CC
:10008000A3020008A3020008A3020008A3020008BC
:10009000A3020008A3020008A3020008A3020008AC
:1000A000A3020008A3020008A3020008A30200089C
:1000B000A3020008A302000871470008A302000879
:1000C000A3020008A3020008A3020008A30200087C
:1000D000A3020008954C0008A3020008A302000830
:1000E000A3020008A3020008A3020008A30200085C
:1000F000A3020008A3020008A3020008A30200084C
:10010000A3020008A3020008A3020008A30200083B
:10011000A3020008A3020008A3020008A30200082B
:10012000A3020008A3020008A3020008A30200081B
:10013000A3020008A3020008A3020008A30200080B
:10014000A3020008A3020008A3020008A3020008FB
:10015000A3020008A3020008A3020008A3020008EB
:10016000A3020008A3020008A3020008A3020008DB
:10017000A3020008A3020008A30200080000000078
:10018000A3020008A302000800F002F800F06DF8D6
:100190000AA090E8000C82448344AAF10107DA45E2
:1001A00001D100F062F8AFF2090EBAE80F0013F0C7
:1001B000010F18BFFB1A43F00103184740A70000C6
:1001C00060A700000A444FF0000C10F8013B13F048
:1001D000070408BF10F8014B1D1108BF10F8015BA0
:1001E000641E05D010F8016B641E01F8016BF9D193
:1001F00013F0080F1EBF10F8014BAD1C0C1B09D1EA
:100200006D1E58BF01F801CBFAD505E014F8016B5B
:1002100001F8016B6D1EF9D59142D6D370470000ED
:100220000023002400250026103A28BF78C1FBD8FF
:10023000520728BF30C148BF0B607047642900F0E7
:100240001781752900F01481782900F04D81632908
:1002500000F0A182732900F0A682002070471FB52C
:1002600005F02EFF1FBD10B510BD00F0CFFA1146EE
:10027000FFF7F5FF04F07AFD00F0EDFA03B4FFF7A5
:10028000F2FF03BC04F034FD0948804709480047E9
:10029000FEE7FEE7FEE7FEE7FEE7FEE7FEE7FEE736
:1002A000FEE7FEE704480549054A064B7047000093
:1002B0001D47000889010008700300207009002014
:1002C0007005002070050020704753EA020C00F012
:1002D00069802DE9F04B4FF00006002B1FBFB3FAE9
:1002E00083F503FA05F424FA05F65E4012BF1643BF
:1002F000B2FA82F502FA05F4C5F120051EBF22FA12
:1003000005FC44EA0C04203556EA044C4FEA144438
:1003100018BF641C4FF000084FF00009904271EBC9
:10032000030C39D3002919BFB1FA81F701FA07F696
:10033000B0FA80F700FA07F6C7F120071EBF20FACF
:1003400007FC46EA0C062037B6FBF4FCA7EB0507D2
:10035000103F07F01F0BCBF120060CFA0BFB2CFA19
:1003600006F644BFB3460026202FA4BF5E464FF0DA
:10037000000B5BEA060C08BF4FF0010B19EB0B09F1
:10038000ABFB027C48EB0608C01B06FB02CC0BFB58
:1003900003CC71EB0C01C1E70B46024641464846CF
:1003A000BDE8F08B13B54FF000004FF00001AFF344
:1003B0000080BDE81C4070470FB4044910B503AA83
:1003C000029800F0F5F910BC5DF814FB180000204D
:1003D00070B5044685690068C10601D5302600E085
:1003E0002026C00707D070BDD4E9012130469047D0
:1003F000206A401C20626D1EF6D570BD70B50446A3
:1004000085690078C00707D170BDD4E9012120209B
:100410009047206A401C20626D1EF6D570BD70B5F5
:100420000C460546012A05D02878800600D5EA69E1
:10043000002302E0012305E05B1C934202D2E05C52
:100440000028F9D1A869E618C01AA861286A1844DA
:1004500028622846FFF7BCFF04E0D5E9012114F823
:10046000010B9047B442F8D32846FFF7C7FF70BD91
:100470002DE9F0410646002410687529314616A57D
:1004800010D0AFF30080002802DA404213A507E045
:1004900031688A0701D512A502E0490704D511A5E4
:1004A000012401E0AFF3008000210A2206F12407B5
:1004B00009E0B0FBF2FCB0FBF2F302FB1C003030B1
:1004C00078541846491C0028F3D123462A46304662
:1004D000BDE8F04100F0FCB8000000002D00000075
:1004E0002B0000002000000070B504460D46214698
:1004F0001068AFF300802188090502D50F4A7A44BD
:1005000002E00E4A7A440E32002104F1240305E091
:1005100000F00F060009965D5E54491C0028F7D1D3
:1005200020780023000704D5702D02D009B10223E2
:1005300011322046BDE8704000F0CAB82AA300007E
:100540002DE9F05F894604464FF0000ADFF874B1E8
:10055000FB44C0F820A02046E1688847002874D0FA
:10056000252806D0D4E901219047206A401C20624A
:10057000F1E700265F462046E168884720280546C7
:1005800007DB312D05D2781910F8200C08B106438D
:10059000F1E7B00701D526F00406C4F81CA0002737
:1005A000C4F818A02A2D09D0284604F09AFB38B3C5
:1005B00004EB8708303DC8F8185019E059F8041BBF
:1005C000204604EB87029161E1688847012F0546C8
:1005D00018D1E069002820DA26F020061DE0D8F8BE
:1005E000180000EB800005EB40003038C8F8180018
:1005F0002046E1688847054604F073FB0028EED1E9
:10060000012F0AD02E2D08D12046E16888477F1C93
:100610000546022F46F02006C4DBA069002803DA55
:10062000404246F00106A061F00701D026F0100616
:100630006C2D0BD0682D09D04C2D39D06A2D35D0BA
:10064000742D35D07A2D33D016E038E0E1682F468E
:1006500020468847B842054609D16C2F26D04FF472
:100660008060E168064320468847054604E06C2F19
:100670001AD04FF4807006430DB3A5F1410019283C
:1006800002D8203546F400664A46294620462660B0
:100690004E46FFF7D3FD80B101280BD0F61D26F0A2
:1006A000070000F1080956E74020E4E78020D8E77A
:1006B0000020D6E706F104094DE7284652E7206AF4
:1006C000BDE8F09F00A30000704770477047704777
:1006D0002DE9F0470D4699469246044600F124085C
:1006E0000168880604D5E06921F01001216000E06E
:1006F0000120A84201DD471B00E00027A1697A190B
:1007000002EB0900081AA0612078C00602D4204636
:10071000FFF75EFE002608E0D4E901211AF8060082
:100720009047206A401C761C20624E45F4DB2078FE
:10073000C0060AD52046FFF74BFE06E0D4E90121AA
:1007400030209047206A401C2062381EA7F1010724
:10075000F4DC07E0D4E9012118F805009047206A8D
:10076000401C2062281EA5F10105F3DC2046FFF79E
:1007700045FE2078000602D50220BDE8F087012062
:10078000FBE710B5436913B1AFF3008001E0FFF759
:1007900046FE012010BD127800F124010A700022EB
:1007A0004A700122EDE711684FF0FF32E9E70000DF
:1007B000074B70B50D467B4400F011F804462846FF
:1007C00000F020F810B14FF0FF3070BD204670BD32
:1007D0009F45000001694A1C02610878704700B516
:1007E0008FB0CDE901310021059105497944CDE96A
:1007F000031011466846FFF7A3FE0FB000BD0000CE
:10080000E5FFFFFF007B00F080007047754600F0B9
:100810002BF8AE4605006946534620F00700854692
:1008200018B020B5FFF73EFDBDE820404FF00006B0
:100830004FF000074FF000084FF0000B21F00701C8
:10084000AC46ACE8C009ACE8C009ACE8C009ACE80B
:10085000C0098D46704710B50446AFF300802046AE
:10086000BDE81040FFF70ABD004870470C030020A8
:1008700000F0E0BEFEE7704770B5B3F5804F05D0DD
:100880006FF0704140F82210002070BD50F8223007
:10089000084C2340D1E9004544EA05148D688E894F
:1008A0002D0245EA064589692C430C431C4340F858
:1008B0002240E9E70000F0CFF0B50C6850F8245072
:1008C000114A1540D1E90123D1E903671A433E4398
:1008D00032434E6932438E693243CE6932430E6AE7
:1008E00032434E6A32438E6A3243CE6A3243CE6B13
:1008F000096B32430A432A43082B01D142F04002DC
:1009000040F824200020F0BD8000F0FF30B500EB5F
:1009100082004268D1E9003443EA04138C688D896F
:10092000240244EA054423430C8A084D02F0404265
:1009300005EB045423430C7D6D0105EB04648969C8
:1009400023430B4313434360002030BD0000F0FFFE
:1009500070B50446164A0721022003F0F5FD144D38
:10096000287800F07F0003F050FEA071687800F056
:100970007F0003F04AFE6071A87800F03F0003F0AA
:1009800044FE2071E87800F03F0003F03EFEE07086
:10099000287900F00700E071687900F01F0003F08B
:1009A00034FEA070A87903F030FE208070BD0000F6
:1009B0002400002090F83510022903D080214165E1
:1009C00001207047052180F835100068016821F08A
:1009D00001010160002070472DE9F84FDFF88C918C
:1009E000002209F1040A0AF1040B4FF00F080BF181
:1009F000040E01260B6896403340B34271D14C6817
:100A0000022C01D0122C11D1D40800EB84073D6ACE
:100A10005407E40E08FA04FC25EA0C05D1F810C0CE
:100A20000CFA04FC4CEA050CC7F820C00768540017
:100A3000032591F804C0A5400CF0030CAF430CFA59
:100A400004FC4CEA070CC0F800C04F68012F05D029
:100A5000022F03D0112F01D0122F11D18768D1F8A6
:100A60000CC0AF430CFA04FC4CEA070CC0F808C0F9
:100A70004768B7430E79C6F3001696403E4346607A
:100A8000C668AE438D68A5403543C5604C68E40038
:100A900065D5374C256845F480452560246822F0EB
:100AA000030504F480440094324C2E19D6F80878DB
:100AB0009407250F08FA05F4A7432F4CA04201D153
:100AC000002424E02D4CA04201D101241FE02C4C35
:100AD000A04201D102241AE02A4CA04202D10324F0
:100AE00015E03CE0284CA04201D104240FE0274C43
:100AF000A04201D105240AE0254CA04201D10624E0
:100B000005E0244CA04201D1072400E00824AC40B9
:100B10003C43C6F80848D9F800404D464E689C430F
:100B2000F60300D51C432C60DAF8004055464E68A9
:100B30009C43B60300D51C432C60DBF800405D46A7
:100B40004E689C43F60200D51C432C60DEF8004042
:100B500075464E689C43B60200D51C432C60521C5F
:100B6000102AFFF446AFBDE8F88F0000003C0140BA
:100B700044380240003001400000024000040240BE
:100B800000080240000C0240001002400014024025
:100B900000180240001C02400AB18161704709043C
:100BA000FBE7000001480068000C7047002004E0EB
:100BB00001488068704700000400002002488168F6
:100BC000027811448160704704000020094810B584
:100BD000016841F400710160016841F480610160C5
:100BE000052000F057F80F2000F006F800F024F878
:100BF000002010BD003C024070B50D4D04464FF47E
:100C00007A712878B1FBF0F00A490968B1FBF0F07D
:100C100000F058FB48B9102C07D200222146501E84
:100C200000F018F800206C6070BD012070BD00005D
:100C300004000020000000207047002809DB00F0BD
:100C40001F02012191404009800000F1E020C0F81E
:100C500000117047F0B40E4B1B68C3F30223C3F1BD
:100C60000704042C00D904241D1D072D01D20023E4
:100C700000E0DB1E012606FA04F56D1E0D409D40C6
:100C80009E40761E164045EA0601F0BC04F019B8F5
:100C90000CED00E0064A00F0070110684FF6FF0374
:100CA000184040EA012003490843106070470000E3
:100CB0000CED00E00000FA052DE9F0470D460400B8
:100CC00065D0DFF81491D9F80000EFB200F00F0002
:100CD000A84207D289F80070D9F8000000F00F0090
:100CE000A84254D120683D4E810712D5400703D554
:100CF000306840F4E05030602078000703D5306859
:100D000040F4604030603068A16820F0F000084393
:100D100030602078C0072DD030496068083901283C
:100D200012D0022813D0032811D00968890700299E
:100D30002DDA316821F0030101433160FFF738FFFC
:100D4000804641F2883A0EE009688903EFE70968B6
:100D50008901ECE7FFF72CFFA0EB0801514502D910
:100D60000320BDE8F0873068616800F00C00B0EB4C
:100D7000810FEFD1D9F80010484601F00F01A942C8
:100D800007D90770006800F00F00A84201D00120C9
:100D9000E7E72078400705D53068E16820F4E050A7
:100DA000084330602078000706D53068216920F4B8
:100DB000604040EAC100306000F036F83168084A0F
:100DC000C1F30311515CC840064908600F20FFF7CA
:100DD00013FF0020C5E70000003C02400838024035
:100DE000CA6000080000002004480549006809683E
:100DF000044AC1F38221515CC840704700000020C2
:100E000008380240DA6000080448054900680968AB
:100E1000044AC1F34231515CC840704700000020D1
:100E200008380240DA600008154810B5006810F074
:100E30000C01144813D0431004290FD008290ED1F7
:100E40000F4C241F216801F03F022168490207D599
:100E50002068C0F38810A0FB030106E0184610BD0F
:100E60002168C1F38811A1FB00010023FFF72DFACF
:100E70002168C1F30141491C4900B0FBF1F010BDEC
:100E8000083802400024F4002DE9F84F040073D024
:100E90002078BD4DC00748D0BB4808300168C1F379
:100EA0008101012908D00068C0F3810002280AD11D
:100EB000281D0068400206D52868800335D5606883
:100EC0000028E4D031E06068B0F5803F10D0B0F584
:100ED000A02F286810D020F480302860286820F4E3
:100EE000802028606068A0B1FFF762FE06460CE033
:100EF000286840F48030F4E740F480202860F7E769
:100F0000FFF756FE801B642872D828688003F7D547
:100F10000BE0FFF74DFE064604E0FFF749FE801B9D
:100F20006428F1D828688003F7D42078DFF85C9231
:100F300080074FF0000A3ED593480830016811F051
:100F40000C0F09D00068C0F3810002280BD18E4835
:100F5000001D0068400206D42868800715D5E068A7
:100F6000012809D111E0E068B8B10120C9F80000FA
:100F7000FFF71EFE064605E003E1FFF719FE801BA2
:100F80000228C1D828688007F7D52868216920F091
:100F9000F80040EAC10028600DE0C9F800A0FFF7A2
:100FA00007FE064604E0FFF703FE801B02281FD859
:100FB00028688007F7D42078000722D5724F74493B
:100FC0006069743770B101200860FFF7F1FD0646D3
:100FD00004E0FFF7EDFD801B022809D83868800780
:100FE000F7D50EE0C1F800A0FFF7E2FD064605E0E8
:100FF00081E0FFF7DDFD801B02287CD83868800780
:10100000F7D42078400769D5DFF87CB14FF00008AD
:101010000BF1400BDBF80000C0000CD4DBF8001033
:1010200041F08051CBF80010DBF800004FF00108D0
:1010300000F080500090574F3868C0050FD43868D2
:1010400040F480703860FFF7B3FD064604E0FFF718
:10105000AFFD801B02284ED83868C005F7D54A4F2F
:10106000A068703701280FD00528386810D020F00C
:1010700001003860386820F004003860A068B0B122
:10108000FFF796FD06460EE0386840F00100F4E7F1
:1010900040F004003860F7E7FFF78AFD811B41F25A
:1010A0008830814265D838688007F5D50DE0FFF7B4
:1010B0007FFD064606E0FFF77BFD811B41F288308D
:1010C000814256D838688007F5D4B8F1000F05D0B2
:1010D000DBF8001021F08051CBF80010A069C8B3F4
:1010E000294908310968C1F38101022949D0022840
:1010F000504607D000E03CE0C9F86000FFF758FD1B
:10110000044639E04F46C9F86000FFF751FD064636
:1011100004E0FFF74DFD801B02282AD828688001D3
:10112000F7D4D4E907010843A16A1B4A490802EB36
:101130000141626A41EA8211084394F82C1040EAA6
:1011400001611148001D016001203866FFF730FD84
:10115000044605E013E0FFF72BFD001B022808D82A
:1011600028688001F7D50AE0FFF722FD001B02285E
:1011700002D90320BDE8F88F28688001F4D400204C
:10118000F8E70120F6E7000000380240000047427F
:10119000800E4742007000400000FFFF70B515460A
:1011A0000E46040003D094F8490010B107E0012076
:1011B00070BD002084F84800204600F01BF804F1C0
:1011C00008012068FFF778FB3146A2682068FFF726
:1011D0009DFBD4E901022946236BFFF74DFBA16873
:1011E000206850F8212042F0010240F82120002020
:1011F00070BD0000284810B5016886B041F00101BB
:101200000160006800F0010005902348083801687B
:1012100041F008010160016801F0080105910168D1
:1012200041F010010160016801F0100105910168B1
:1012300041F020010160016801F020010591016881
:1012400041F0400101600068694600F040000590EF
:101250004CF2337000900220019001200290032094
:1012600003900C2004900D48FFF7B6FB4FF68070FA
:10127000009069460A48FFF7AFFB4FF48054694677
:1012800008480094FFF7A8FB694607480094FFF759
:10129000A3FB06B010BD000038380240000C02402D
:1012A0000010024000140240001802404FF0E021FC
:1012B0000428086903D020F004000861704740F05A
:1012C0000400FAE710B5401EB0F1807F01D3012081
:1012D00010BD4FF0E02460610F21601703F0F1FCB6
:1012E0000020A06107202061002010BD10B504007F
:1012F00003D094F83D0010B107E0012010BD00209C
:1013000084F83C00204600F00CF8022084F83D00F0
:10131000211D206803F046FA012084F83D000020DA
:1013200010BD70470168CA6842F00102CA600068D7
:10133000816801F00701062903D0016841F001012D
:10134000016000207047704710F8391F407808434B
:101350007047000070B5026804461068D168536990
:1013600010F00F0F50D003F0010501F490763543D3
:101370005DD0C20705D0CA0503D5E26B42F0010279
:10138000E263420705D5DA0703D0E26B42F00202BE
:10139000E263820705D5DA0703D0E26B42F004026C
:1013A000E263020705D5DA0703D0E26B42F00802D8
:1013B000E263E26B002A33D0800604D5880602D5AA
:1013C000204603F093FA20684069E16BC0F3801077
:1013D000090700D428B3204603F07AFA206841694F
:1013E00049061AD5416921F040014161606BA0B105
:1013F0001B490165606BFFF7DDFA002810D0606BB8
:10140000016DBDE870400847830610D58B060ED5E8
:101410002046BDE8704003F069BA2046FFF793FF0D
:1014200070BD2046FFF78FFF0020E06370BD03060C
:1014300006D50B0604D52046BDE8704003F0F8BB86
:101440004006F3D54806F1D5D168204621F0400189
:10145000D160202184F8391000F0CAF870BD000076
:10146000C148000870B5040004D094F83900002584
:1014700010B106E0012070BD84F83850204600F01D
:1014800023F8242084F839002068C16821F4005131
:10149000C160204603F076FA2068016921F490418A
:1014A00001612068416921F02A0141612068C16819
:1014B00041F40051C160E563202084F8390084F8CC
:1014C0003A00002070BD000010B500681A4986B0CF
:1014D00088422FD11948016841F00101016000687C
:1014E00000F00100059015481430016841F010012A
:1014F00001600068012100F0100005904FF40070B9
:1015000000900220CDE90101039007200C4C0490CB
:1015100069462046FFF760FA21150091694620468A
:10152000FFF75AFA2520FFF788FB032211462520F2
:10153000FFF790FB06B010BD0010014030380240AC
:101540000000024090F83A30202B22D1F9B1F2B1DC
:1015500090F83830012B1CD081628285C285002131
:10156000C163222280F83A2080F838100168CA68E6
:1015700042F48072CA6001684A6942F001024A611D
:101580000068C16841F02001C1600020704701205F
:10159000704702207047000030B50068114988424A
:1015A0000CD1114A5088010408D41146440409782A
:1015B0004FF0000306D50A2901D0538030BD40F416
:1015C00000400DE00D2909D0C0F30D04074D401C6B
:1015D00080B229555080C728EFD830BD40F48040F4
:1015E000508030BD00100140140000206401002034
:1015F0007047FEE770B50D4C0025C4F8A0520C48AA
:10160000016821F440210160016841F480210160FA
:10161000C4F8A452022004F5287403F083FB0120CF
:101620002060022003F07EFB256070BD00804042F8
:10163000000402400E4810B5016886B041F0020176
:1016400001600068012400F0020005904FF4407032
:10165000CDE900040220CDE9024069460548FFF7C4
:10166000BBF90548C0F8A442C0F8A04206B010BDBE
:1016700030380240000402400080404270B50D4CFA
:101680000026C4F8A0620C48016821F440210160E2
:10169000016841F4802101600125C4F8A4520220B0
:1016A00004F5287403F03EFB2560022003F03AFBAA
:1016B000266070BD00804042000402402DE9F047E2
:1016C000814616480024016821F440210160016828
:1016D0000160134E254627464FF00108C6F8A07258
:1016E000022003F01FFBC6F8A0826006040ED6F8A5
:1016F000240208B1641CE4B2012003F013FB6D1C4A
:10170000EDB2082DEAD3B9F1000F04D0FFF772FF54
:101710002046BDE8F087FFF7B1FFF9E7000402407B
:10172000008040422DE9F04105461448016821F44B
:1017300040210160016841F480210160104E0027C2
:10174000C6F8A0723C464FF00108E809C6F8A402AA
:101750006806050E022003F0E5FAC6F8A082022012
:1017600003F0E0FAC6F8A072022003F0DBFA641C72
:10177000E4B2082CE9D3BDE8F08100000004024087
:101780000080404270B50D48016821F4402101609D
:10179000016841F480210160094C0120C4F8A402D1
:1017A000C4F8A002042004F5287403F0BBFA002555
:1017B0006560042003F0B6FA256070BD00040240A5
:1017C000008040420E4810B5016821F440210160BC
:1017D000016841F4802101600A4C0020C4F8A00295
:1017E000C4F8A402042004F5287403F09BFA012035
:1017F00020606060BDE81040042003F093BA000050
:10180000000402400080404270B512480024016884
:1018100021F440210160016801600F4D0126C5F8E7
:10182000A462304603F07EFAC5F8A062012003F0FE
:1018300079FA07E0641CE4B2FA2C03D9FFF7C2FF7F
:10184000012070BDD5F824020028F3D1C5F8A0020C
:1018500070BD0000000402400080404270B5144892
:1018600086B00025016841F001010160016801F0C6
:1018700001010591016841F0100101600068032435
:1018800000F01000059002200126CDE90204CDE908
:10189000006569460748FFF79FF81C2003948DE810
:1018A000610069460448FFF797F806B070BD000074
:1018B00030380240000002400010024070B5064679
:1018C0000A4800240188458820464D43214602F0FD
:1018D000BBFC02F0E1FDB1B24FF0D84002E0A0F84D
:1018E0008010641CAC42FAD370BD0000BC02002022
:1018F0002DE9F04F2B4B2C27194698712B25898801
:101900004FF4305A4FF4285B4FF4487441F6631E8D
:101910002A264FF0F00845F210594FF4A07C4FF4FE
:10192000F072C8B1A3F800C0A3F80280494533D1D2
:10193000A3F808A0A3F80AB0280298811C805A8056
:10194000A1F5A640103802D11A80A3F802C0BDE864
:10195000F04F002002F0A8BBA3F80080A3F802C05B
:10196000494507D1A3F808A0A3F80AB04FF42C50BA
:10197000988104E071451F8104D15D819E811A80A8
:101980005C8001E05E819D81A1F5A6401038DED12A
:10199000A3F800C05A80DAE71F815E8171459D81FE
:1019A000CCD0CDE7BC0200202DE9F041314D90466E
:1019B0000C460246060AA9882846270A4089A1F54E
:1019C000AA43103B0FD0A1F5C853633B24D002F0CB
:1019D00057FD304602F048FDD0B202F045FDA8891F
:1019E00002F04EFD36E002F04BFD304602F03CFDC9
:1019F0006889401C80B202F043FDD0B202F034FD91
:101A0000A88902F03DFD384602F02EFDA889401C51
:101A100080B202F035FD20E0A97919B92988891A28
:101A2000491E8AB202F02CFD160A304602F01CFD57
:101A3000D0B202F019FD304602F016FDD0B202F02D
:101A400013FDA88902F01CFD384602F00DFDE0B23E
:101A500002F00AFD384602F007FDE0B202F004FD94
:101A60004FF0D841288921F87E0FA1F80280BDE807
:101A7000F0810000BC0200202DE9F04FFF4895B036
:101A80000024016841F00201016000680EA900F025
:101A9000020013904FF400400E9001200F90109020
:101AA00003201190F648FEF797FFF648F6494FF0ED
:101AB0002049C0E900910621C0E902141021C0E9C3
:101AC000044184610902C461C0E909418900C0E997
:101AD0000B4189014463C0E90E410F20CDE90704A1
:101AE0003C2009900920CDE9000408200D940290C3
:101AF00003946A4607A90694E248FFF74FFB322099
:101B000003F002F9D32002F0BBFC02F09BFADD4E99
:101B10005036B08002F096FA3146888002F092FA90
:101B20004FF6FF7B31460BEA0020888002F08AFAEC
:101B3000314645F21037898845F210550843314641
:101B400041F663188880A0F5134147F28974413942
:101B50007CD0042002F094FC02F074FAB08002F011
:101B600071FAB08002F06EFA0BEA00205A46B0809B
:101B700002F068FAB1880843A0F50541B0805239F7
:101B800060D0A04262D0D42002F07AFC02F05AFA6F
:101B9000B08002F057FAB08002F054FA02EA002056
:101BA0009246B08002F04EFAB1880843B080B84245
:101BB0004CD055214FF4704002F078FCAA214FF22E
:101BC000010002F073FC52214FF2020002F06EFCA1
:101BD00008214FF2030002F069FC01214FF20400DA
:101BE00002F064FC4FF4454002F04AFC02F02AFA8D
:101BF0000AEA0020B0804CF2015002F041FC02F0F1
:101C000021FAB1880843B080052003F07DF8B08840
:101C1000B0F5004F7ED0A84218D0A12002F030FCD1
:101C200002F010FAB08002F00DFA0AEA0020B0804B
:101C300002F008FAB1880843A0F5AE41B0806139DE
:101C400002D003E0B48001E0A6F80480B1888FA040
:101C5000FEF7B2FBB08849F2413A50457ED1CF2021
:101C600002F00EFC002002F0FFFBC12002F0FCFBA2
:101C7000302002F0F9FBED2002F002FC642002F0BB
:101C8000F3FB032002F0F0FB122002F0EDFB8120B9
:101C900002F0EAFBE82002F0F3FB852002F0E4FB0F
:101CA000102002F0E1FB7A2002F0DEFBCB2002F0F4
:101CB000E7FB392002F0D8FB2C2002F0D5FB0020F6
:101CC00002F0D2FB342002F0CFFB022002F0CCFB6A
:101CD000F72002F0D5FB202002F0C6FBEA2002F03C
:101CE000CFFB002002F0C0FB002002F0BDFBC020B3
:101CF00002F0C6FB1B2002F0B7FBC12002F0C0FBC4
:101D0000012002F0B1FBC52002F0BAFB302002F046
:101D1000ABFB00E0CBE0302002F0A6FBC72002F0D6
:101D2000AFFBB72002F0A0FB362002F0A9FB482051
:101D300002F09AFB3A2002F0A3FB552002F094FB3C
:101D4000B12002F09DFB002002F08EFB1A2002F071
:101D50008BFBB62002F094FB0A2000E0A9E002F021
:101D600083FBA22002F080FBF22002F089FB00201E
:101D700002F07AFB262002F083FB012002F074FBC4
:101D8000E02002F07DFB0F2002F06EFB2A2002F023
:101D90006BFB282002F068FB082002F065FB0E2098
:101DA00002F062FB082002F05FFB542002F05CFBB3
:101DB000A92002F059FB432002F056FB0A2002F052
:101DC00053FB0F2002F050FB002002F04DFB0020DF
:101DD00002F04AFB002002F047FB002002F044FB27
:101DE000E12002F04DFB002002F03EFB152002F046
:101DF0003BFB172002F038FB072002F035FB1120D7
:101E000002F032FB062002F02FFB2B2002F02CFB0D
:101E1000562002F029FB3C2002F026FB052002F0B0
:101E200023FB102002F020FB0F2002F01DFB3F20BF
:101E300002F01AFB3F2002F017FB0F2002F014FB08
:101E40002B2002F01DFB002002F00EFB002002F010
:101E50000BFB012002F008FB3F2002F005FB2A20CB
:101E600002F00EFB002002F0FFFA002002F0FCFA64
:101E7000002002F0F9FAEF2010E0000030380240B4
:101E8000000402406C020020040100A0204C4344E6
:101E90002049443A25780D0A0000000002F0E4FAD7
:101EA000112002F0EDFA782002F02EFFD4E0B58088
:101EB000CCE6A0427ED1112002F0E2FA782002F0B6
:101EC00023FF362002F0DCFA002002F0CDFA3A209F
:101ED00002F0D6FA052002F0C7FAB22002F0D0FADA
:101EE0000C2002F0C1FA0C2002F0BEFA002002F031
:101EF000BBFA332002F0B8FA332002F0B5FAB7206B
:101F000002F0BEFA352002F0AFFABB2002F0B8FAB8
:101F1000322002F0A9FAC02002F0B2FA0C2002F03E
:101F2000A3FAC22002F0ACFA012002F09DFAC3200D
:101F300002F0A6FA102002F097FAC42002F0A0FAEC
:101F4000202002F091FAC62002F09AFA0F2002F047
:101F50008BFAD02002F094FAA42002F085FAA12096
:101F600002F082FAE02002F08BFAD02002F07CFA34
:101F7000002002F079FA022002F076FA072002F03F
:101F800073FA0A2002F070FA282002F06DFA32206B
:101F900002F06AFA442002F067FA422002F064FA82
:101FA000062002F061FA0E2002F05EFA122002F022
:101FB0005BFA00E053E0142002F056FA172002F01A
:101FC00053FAE12002F05CFAD02002F04DFA002032
:101FD00002F04AFA022002F047FA072002F044FA1F
:101FE0000A2002F041FA282002F03EFA312002F0E5
:101FF0003BFA542002F038FA472002F035FA0E205E
:1020000002F032FA1C2002F02FFA172002F02CFA0C
:102010001B2002F029FA1E2002F026FA2A2002F0E4
:102020002FFA002002F020FA002002F01DFA002012
:1020300002F01AFAEF2002F017FA2B2002F020FA31
:10204000002002F011FA002002F00EFA012002F046
:102050000BFA3F2002F008FA292001F0FEBEB84238
:102060007ED1ED2002F00CFA012002F0FDF9FE20F5
:1020700002F0FAF9EE2002F003FADE2002F0F4F9A1
:10208000212002F0F1F9F12002F0FAF9012002F02A
:10209000EBF9DF2002F0F4F9102002F0E5F9C4209A
:1020A00002F0EEF98F2002F0DFF9C62002F0E8F925
:1020B000002002F0D9F9E22002F0D6F9E22002F085
:1020C000D3F9E22002F0D0F9BF2002F0D9F9AA201A
:1020D00002F0CAF9B02002F0D3F90D2002F0C4F9E1
:1020E000002002F0C1F90D2002F0BEF9002002F03C
:1020F000BBF9112002F0B8F9002002F0B5F919205F
:1021000002F0B2F9002002F0AFF9212002F0ACF9A0
:10211000002002F0A9F92D2002F0A6F9002002F01B
:10212000A3F93D2002F0A0F9002002F09DF95D2006
:1021300002F09AF9002002F097F95D2002F094F97C
:10214000002002F091F9B12002F09AF9802002F00B
:102150008BF9002002F088F98B2002F085F900E06D
:10216000FDE3002002F080F9962002F07DF90020C6
:1021700002F07AF9B22002F083F9002002F074F93B
:10218000002002F071F9022002F06EF9002002F046
:102190006BF9032002F068F9002002F065F9B32022
:1021A00002F06EF9002002F05FF9002002F05CF905
:1021B000002002F059F9002002F056F9002002F048
:1021C00053F9002002F050F9002002F04DF90020F0
:1021D00002F04AF9002002F047F9002002F044F929
:1021E000002002F041F9002002F03EF9002002F048
:1021F0003BF9002002F038F9002002F035F9002008
:1022000002F032F9002002F02FF9002002F02CF940
:10221000002002F029F9002002F026F9002002F047
:1022200023F9002002F020F9002002F01DF900201F
:1022300002F01AF9B42002F023F98B2002F014F90D
:10224000002002F011F9962002F00EF9002002F0B1
:102250000BF9A12002F008F9002002F005F9B520E1
:1022600002F00EF9022002F0FFF8002002F0FCF864
:10227000032002F0F9F8002002F0F6F8042002F042
:10228000F3F8002002F0F0F8B62002F0F9F8002090
:1022900002F0EAF8002002F0E7F8B72002F0F0F8C8
:1022A000002002F0E1F8002002F0DEF83F2002F00A
:1022B000DBF8002002F0D8F85E2002F0D5F800200C
:1022C00002F0D2F8642002F0CFF8002002F0CCF83F
:1022D0008C2002F0C9F8002002F0C6F8AC2002F011
:1022E000C3F8002002F0C0F8DC2002F0BDF80020A6
:1022F00002F0BAF8702002F0B7F8002002F0B4F84B
:10230000902002F0B1F8002002F0AEF8EB2002F0CD
:10231000ABF8002002F0A8F8DC2002F0A5F80020BD
:1023200002F0A2F8B82002F0ABF8002002F09CF80E
:10233000002002F099F8002002F096F8002002F048
:1023400093F8002002F090F8002002F08DF80020B1
:1023500002F08AF8002002F087F8BA2002F090F824
:10236000242002F081F8002002F07EF8002002F024
:102370007BF8002002F078F8C12002F081F82020DC
:1023800002F072F8002002F06FF8542002F06CF8AE
:10239000002002F069F8FF2002F066F8002002F049
:1023A00063F8C22002F06CF80A2002F05DF8002009
:1023B00002F05AF8042002F057F8002002F054F816
:1023C000C32002F05DF83C2002F04EF8002002F03D
:1023D0004BF83A2002F048F8002002F045F8392086
:1023E00002F042F8002002F03FF8372002F03CF8FB
:1023F000002002F039F83C2002F036F8002002F00C
:1024000033F8362002F030F8002002F02DF83220A8
:1024100002F02AF8002002F027F82F2002F024F81A
:10242000002002F021F82C2002F01EF8002002F01B
:102430001BF8292002F018F8002002F015F82620D9
:1024400002F012F8002002F00FF8242002F00CF83D
:10245000002002F009F8242002F006F8002002F023
:1024600003F8232002F000F8002001F0FDFF3C20DB
:1024700001F0FAFF002001F0F7FF362001F0F4FF31
:10248000002001F0F1FF322001F0EEFF002001F00A
:10249000EBFF2F2001F0E8FF002001F0E5FF2C20EA
:1024A00001F0E2FF002001F0DFFF292001F0DCFF56
:1024B000002001F0D9FF262001F0D6FF002001F016
:1024C000D3FF242001F0D0FF002001F0CDFF242015
:1024D00001F0CAFF002001F0C7FF232001F0C4FF74
:1024E000002001F0C1FFC42001F0CAFF622001F00A
:1024F000BBFF002001F0B8FF052001F0B5FF002070
:1025000001F0B2FF842001F0AFFF002001F0ACFF2A
:10251000F02001F0A9FF002001F0A6FF182001F033
:10252000A3FF002001F0A0FFA42001F09DFF0020E8
:1025300001F09AFF182001F097FF002001F094FFAE
:10254000502001F091FF002001F08EFF0C2001F0DF
:102550008BFF002001F088FF172001F085FF00208D
:1025600001F082FF952001F07FFF002001F07CFF49
:10257000F32001F079FF002001F076FFE62001F062
:1025800073FF002001F070FFC52001F079FF3220B9
:1025900001F06AFF002001F067FF442001F064FFB2
:1025A000002001F061FF652001F05EFF002001F0D6
:1025B0005BFF762001F058FF002001F055FF8820D6
:1025C00001F052FF002001F04FFFC62001F058FF3C
:1025D000202001F049FF002001F046FF172001F004
:1025E00043FF002001F040FF012001F03DFF0020EB
:1025F00001F03AFFC72001F043FF002001F034FF53
:10260000002001F031FF002001F02EFF002001F03A
:102610002BFFC82001F034FF002001F025FF00202F
:1026200001F022FF002001F01FFF002001F01CFF3D
:10263000C92001F025FF002001F016FF002001F065
:1026400013FF002001F010FF002001F00DFF00201B
:1026500001F00AFF002001F007FF002001F004FF55
:10266000002001F001FF002001F0FEFE002001F03B
:10267000FBFE002001F0F8FE002001F0F5FE002036
:1026800001F0F2FE002001F0EFFE002001F0ECFE70
:10269000002001F0E9FEE02001F0F2FE162001F03A
:1026A000E3FE002001F0E0FE1C2001F0DDFE002032
:1026B00001F0DAFE212001F0D7FE002001F0D4FE67
:1026C000362001F0D1FE002001F0CEFE462001F0C0
:1026D000CBFE002001F0C8FE522001F0C5FE002014
:1026E00001F0C2FE642001F0BFFE002001F0BCFE3C
:1026F0007A2001F0B9FE002001F0B6FE8B2001F037
:10270000B3FE002001F0B0FE992001F0ADFE0020E4
:1027100001F0AAFEA82001F0A7FE002001F0A4FE0F
:10272000B92001F0A1FE002001F09EFEC42001F0BE
:102730009BFE002001F098FECA2001F095FE0020CB
:1027400001F092FED22001F08FFE002001F08CFEFD
:10275000D92001F089FE002001F086FEE02001F082
:1027600083FE002001F080FEF32001F07DFE0020BA
:1027700001F07AFEE12001F083FE162001F074FEE4
:10278000002001F071FE1C2001F06EFE002001F01F
:102790006BFE222001F068FE002001F065FE36206D
:1027A00001F062FE002001F05FFE452001F05CFEBA
:1027B000002001F059FE522001F056FE002001F0E9
:1027C00053FE642001F050FE002001F04DFE7A20FF
:1027D00001F04AFE002001F047FE8B2001F044FE8C
:1027E000002001F041FE992001F03EFE002001F0A2
:1027F0003BFEA82001F038FE002001F035FEB92094
:1028000001F032FE002001F02FFEC42001F02CFE6A
:10281000002001F029FECA2001F026FE002001F070
:1028200023FED22001F020FE002001F01DFED82062
:1028300001F01AFE002001F017FEE02001F014FE66
:10284000002001F011FEF32001F00EFE002001F047
:102850000BFEE22001F014FE052001F005FE002031
:1028600001F002FE0B2001F0FFFD002001F0FCFD55
:102870001B2001F0F9FD002001F0F6FD342001F0ED
:10288000F3FD002001F0F0FD442001F0EDFD0020FB
:1028900001F0EAFD4F2001F0E7FD002001F0E4FD2A
:1028A000612001F0E1FD002001F0DEFD792001F062
:1028B000DBFD002001F0D8FD882001F0D5FD0020CF
:1028C00001F0D2FD972001F0CFFD002001F0CCFDFA
:1028D000A62001F0C9FD002001F0C6FDB72001F0DF
:1028E000C3FD002001F0C0FDC22001F0BDFD0020AD
:1028F00001F0BAFDC72001F0B7FD002001F0B4FDE2
:10290000D12001F0B1FD002001F0AEFDD62001F094
:10291000ABFD002001F0A8FDDD2001F0A5FD0020A9
:1029200001F0A2FDF32001F09FFD002001F09CFDCD
:10293000E32001F0A5FD052001F096FD002001F047
:1029400093FD0A2001F090FD002001F08DFD1C2078
:1029500001F08AFD002001F087FD332000E0FAE25B
:1029600001F082FD002001F07FFD442001F07CFD9C
:10297000002001F079FD502001F076FD002001F0EB
:1029800073FD622001F070FD002001F06DFD7820E4
:1029900001F06AFD002001F067FD882001F064FD70
:1029A000002001F061FD972001F05EFD002001F0A4
:1029B0005BFDA62001F058FD002001F055FDB72079
:1029C00001F052FD002001F04FFDC22001F04CFD4E
:1029D000002001F049FDC72001F046FD002001F074
:1029E00043FDD12001F040FD002001F03DFDD52048
:1029F00001F03AFD002001F037FDDD2001F034FD4B
:102A0000002001F031FDF32001F02EFD002001F047
:102A10002BFDE42001F034FD012001F025FD002014
:102A200001F022FD012001F01FFD002001F01CFD3E
:102A3000022001F019FD002001F016FD2A2001F00E
:102A400013FD002001F010FD3C2001F00DFD0020E1
:102A500001F00AFD4B2001F007FD002001F004FD0C
:102A60005D2001F001FD002001F0FEFC742001F06A
:102A7000FBFC002001F0F8FC842001F0F5FC0020B4
:102A800001F0F2FC932001F0EFFC002001F0ECFCDF
:102A9000A22001F0E9FC002001F0E6FCB32001F0E7
:102AA000E3FC002001F0E0FCBE2001F0DDFC002092
:102AB00001F0DAFCC42001F0D7FC002001F0D4FCC6
:102AC000CD2001F0D1FC002001F0CEFCD32001F09C
:102AD000CBFC002001F0C8FCDD2001F0C5FC00208B
:102AE00001F0C2FCF32001F0BFFC002001F0BCFCAF
:102AF000E52001F0C5FC002001F0B6FC002001F04B
:102B0000B3FC002001F0B0FC002001F0ADFC02207D
:102B100001F0AAFC002001F0A7FC292001F0A4FC90
:102B2000002001F0A1FC3C2001F09EFC002001F0FF
:102B30009BFC4B2001F098FC002001F095FC5D20EF
:102B400001F092FC002001F08FFC742001F08CFC5D
:102B5000002001F089FC842001F086FC002001F0B7
:102B600083FC932001F080FC002001F07DFCA2207A
:102B700001F07AFC002001F077FCB32001F074FC36
:102B8000002001F071FCBE2001F06EFC002001F07D
:102B90006BFCC42001F068FC002001F065FCCD2036
:102BA00001F062FC002001F05FFCD32001F05CFC2E
:102BB000002001F059FCDC2001F056FC002001F05F
:102BC00053FCF32001F050FC002001F04DFCE62006
:102BD00001F056FC112001F047FC002001F044FCFC
:102BE000342001F041FC002001F03EFC562001F0B1
:102BF0003BFC002001F038FC762001F035FC002081
:102C000001F032FC772001F02FFC002001F02CFCB9
:102C1000662001F029FC002001F026FC882001F04C
:102C200023FC002001F020FC992001F01DFC002075
:102C300001F01AFCBB2001F017FC002001F014FC8D
:102C4000992001F011FC002001F00EFC662001F03B
:102C50000BFC002001F008FC552001F005FC0020D1
:102C600001F002FC552001F0FFFB002001F0FCFB0D
:102C7000452001F0F9FB002001F0F6FB432001F0B4
:102C8000F3FB002001F0F0FB442001F0EDFB0020FD
:102C900001F0EAFBE72001F0F3FB322001F0E4FB56
:102CA000002001F0E1FB552001F0DEFB002001F0E7
:102CB000DBFB762001F0D8FB002001F0D5FB66207D
:102CC00001F0D2FB002001F0CFFB672001F0CCFB2C
:102CD000002001F0C9FB672001F0C6FB002001F0D5
:102CE000C3FB872001F0C0FB002001F0BDFB992051
:102CF00001F0BAFB002001F0B7FBBB2001F0B4FBF0
:102D0000002001F0B1FB992001F0AEFB002001F0A2
:102D1000ABFB772001F0A8FB002001F0A5FB4420CD
:102D200001F0A2FB002001F09FFB562001F09CFB6C
:102D3000002001F099FB232001F096FB002001F018
:102D400093FB332001F090FB002001F08DFB452028
:102D500001F08AFB002001F087FBE82001F090FBE6
:102D6000002001F081FB002001F07EFB992001F0A2
:102D70007BFB002001F078FB872001F075FB002031
:102D800001F072FB882001F06FFB002001F06CFB6A
:102D9000772001F069FB002001F066FB662001F05E
:102DA00063FB002001F060FB882001F05DFB002048
:102DB00001F05AFBAA2001F057FB002001F054FB60
:102DC000BB2001F051FB002001F04EFB992001F0E7
:102DD0004BFB002001F048FB662001F045FB002082
:102DE00001F042FB552001F03FFB002001F03CFBCD
:102DF000552001F039FB002001F036FB442001F0A2
:102E000033FB002001F030FB442001F02DFB0020BB
:102E100001F02AFB552001F027FB002001F024FBE4
:102E2000E92001F02DFBAA2001F01EFB002001F09B
:102E30001BFB002001F018FB002001F015FB002017
:102E400001F01EFBAA2001F00FFBCF2001F018FBC0
:102E5000002001F009FB002001F006FB002001F03A
:102E600003FB002001F000FB002001F0FDFA002030
:102E700001F0FAFA002001F0F7FA002001F0F4FA6C
:102E8000002001F0F1FA002001F0EEFA002001F03C
:102E9000EBFA002001F0E8FA002001F0E5FA00204A
:102EA00001F0E2FA002001F0DFFA002001F0DCFA84
:102EB000002001F0D9FAF02001F0E2FA002001F040
:102EC000D3FA502001F0D0FA002001F0CDFA002012
:102ED00001F0CAFA002001F0C7FAF32001F0D0FA9D
:102EE000002001F0C1FAF92001F0CAFA062001F031
:102EF000BBFA102001F0B8FA292001F0B5FA002041
:102F000001F0B2FA3A2001F0BBFA552001F0ACFA18
:102F1000112001F0B5FA642001F0F6FE292001F03D
:102F2000AFFA352001F0ACFA002001F09DFA5120F3
:102F300001F0A6FAFF2001F097FA532001F0A0FA61
:102F40002C2001F091FA552001F09AFA822001F02C
:102F50008BFA2C20FDE3A8427ED155214FF470401E
:102F600001F0A4FAAA214FF2010001F09FFA5221C8
:102F70004FF2020001F09AFA08214FF2030001F02B
:102F800095FA4FF204030121184601F08FFA0D2142
:102F90004FF4304001F08AFA0D214BF2010001F0AC
:102FA00085FA0D214BF2020001F080FA34214FF432
:102FB000364001F07BFA34214BF2016001F076FAE1
:102FC00034214BF2026001F071FA0D214FF43140CF
:102FD00001F06CFA0D214BF2011001F067FA0D219E
:102FE0004BF2021001F062FA34214FF4374001F045
:102FF0005DFA34214BF2017001F058FA34214BF2A2
:10300000027001F053FA00214FF4324001F04EFA01
:1030100000214BF2012001F049FA00214BF202207D
:1030200001F044FA24214FF4384001F03FFA242102
:103030004BF6010001F03AFA24214BF6020001F0B0
:1030400035FA01214FF43F4001F030FA0F214FF4DF
:10305000334001F02BFA00E0FEE30F214BF2013088
:1030600001F024FA0F214BF2023001F01FFA342153
:103070004FF4394001F01AFA34214BF6011001F0F7
:1030800015FA34214BF6021001F010FA08214FF422
:10309000354001F00BFA08214BF2015001F006FA1D
:1030A00008214BF2025001F001FA03214FF4424093
:1030B00001F0FCF924214FF43A4001F0F7F9242102
:1030C0004BF6012001F0F2F924214BF6022001F029
:1030D000EDF900214FF43C4001F0E8F978214BF67E
:1030E000014001F0E3F900214BF6024001F0DEF966
:1030F00000214FF43D4001F0D9F978214BF6015001
:1031000001F0D4F900214BF6025001F0CFF9002173
:103110004FF43E4001F0CAF964214BF6016001F022
:10312000C5F900214FF4514001F0C0F933214DF2AF
:10313000011001F0BBF900214DF2021001F0B6F9C7
:1031400034214DF2031001F0B1F900214DF20410C9
:1031500001F0ACF93A214DF2051001F0A7F9002178
:103160004DF2061001F0A2F94A214DF2071001F0CC
:103170009DF900214DF2081001F098F95C214DF203
:10318000091001F093F900214DF20A1001F08EF9B7
:1031900081214DF20B1001F089F900214DF20C1044
:1031A00001F084F9A6214DF20D1001F07FF9002104
:1031B0004DF20E1001F07AF9E5214DF20F1001F0F9
:1031C00075F901214DF2101001F070F913214DF243
:1031D000111001F06BF901214DF2121001F066F9A6
:1031E00054214DF2131001F061F901214DF2141038
:1031F00001F05CF982214DF2151001F057F901211F
:103200004DF2161001F052F9CA214DF2171001F0DB
:103210004DF902214DF2181001F048F900214DF24C
:10322000191001F043F902214DF21A1001F03EF994
:1032300001214DF21B1001F039F902214DF21C1051
:1032400001F034F934214DF21D1001F02FF9022163
:103250004DF21E1001F02AF967214DF21F1001F006
:1032600025F902214DF2201001F020F984214DF2C0
:10327000211001F01BF902214DF2221001F016F984
:10328000A4214DF2231001F011F902214DF2241076
:1032900001F00CF9B7214DF2251001F007F90221D8
:1032A0004DF2261001F002F9CF214DF2271001F066
:1032B000FDF802214DF2281001F0F8F8DE214DF260
:1032C000291001F0F3F802214DF22A1001F0EEF876
:1032D000F2214DF22B1001F0E9F802214DF22C10F1
:1032E00001F0E4F8FE214DF22D1001F0DFF803218A
:1032F0004DF22E1001F0DAF810214DF22F1001F0EE
:10330000D5F803214DF2301001F0D0F833214DF201
:10331000311001F0CBF803214DF2321001F0C6F864
:103320006D214DF2331001F0C1F800214FF45240ED
:1033300001F0BCF833214DF2012001F0B7F8002173
:103340004DF2022001F0B2F834214DF2032001F0D9
:10335000ADF800214DF2042001F0A8F83A214DF219
:10336000052001F0A3F800214DF2062001F09EF89F
:103370004A214DF2072001F099F800214DF2082072
:1033800001F094F85C214DF2092001F08FF8002142
:103390004DF20A2001F08AF881214DF20B2001F054
:1033A00085F800214DF20C2001F080F8A6214DF2A5
:1033B0000D2001F07BF800214DF20E2001F076F88F
:1033C000E5214DF20F2001F071F801214DF210209E
:1033D00001F06CF813214DF2112001F067F8012182
:1033E0004DF2122001F062F854214DF2132001F049
:1033F0005DF801214DF2142001F058F882214DF2C0
:10340000152001F053F801214DF2162001F04EF87D
:10341000CA214DF2172001F049F802214DF218207F
:1034200001F044F800214DF2192001F03FF802218B
:103430004DF21A2001F03AF801214DF21B2001F063
:1034400035F802214DF21C2001F030F834214DF204
:103450001D2001F02BF802214DF21E2001F026F86C
:1034600067214DF21F2001F021F802214DF22020AA
:1034700001F01CF884214DF2212001F017F80221FF
:103480004DF2222001F012F8A4214DF2232001F088
:103490000DF802214DF2242001F008F8B7214DF279
:1034A000252001F003F802214DF2262000F0FEFF56
:1034B000CF214DF2272000F0F9FF02214DF2282004
:1034C00000F0F4FFDE214DF2292000F0EFFF022191
:1034D0004DF22A2000F0EAFFF2214DF22B2000F0FD
:1034E000E5FF02214DF22C2000F0E0FFFE214DF21D
:1034F0002D2000F0DBFF03214DF22E2000F0D6FF3F
:1035000010214DF22F2000F0D1FF03214DF2302089
:1035100000F0CCFF33214DF2312000F0C7FF032132
:103520004DF2322000F0C2FF6D214DF2332000F049
:10353000BDFF00214FF4534000F0B8FF33214DF29E
:10354000013000F0B3FF00214DF2023000F0AEFF79
:1035500034214DF2033000F0A9FF00214DF2043078
:1035600000F0A4FF3A214DF2053000F09FFF00214A
:103570004DF2063000F09AFF4A214DF2073000F07C
:1035800095FF00214DF2083000F090FF5C214DF2D4
:10359000093000F08BFF00214DF20A3000F086FF69
:1035A00081214DF20B3000F081FF00214DF20C30F3
:1035B00000F07CFFA6214DF20D3000F077FF0021D6
:1035C0004DF20E3000F072FFE5214DF20F3000F0A9
:1035D0006DFF01214DF2103000F068FF13214DF214
:1035E000113000F063FF01214DF2123000F05EFF58
:1035F00054214DF2133000F059FF01214DF21430E7
:1036000000F054FF82214DF2153000F04FFF0121F0
:103610004DF2163000F04AFFCA214DF2173000F08B
:1036200045FF02214DF2183000F040FF00214DF21D
:10363000193000F03BFF02214DF21A3000F036FF46
:1036400001214DF21B3000F031FF02214DF21C3000
:1036500000F02CFF34214DF21D3000F027FF022135
:103660004DF21E3000F022FF67214DF21F3000F0B6
:103670001DFF02214DF2203000F018FF84214DF291
:10368000213000F013FF02214DF2223000F00EFF36
:10369000A4214DF2233000F009FF02214DF2243025
:1036A00000F004FFB7214DF2253000F0FFFE0221AB
:1036B0004DF2263000F0FAFECF214DF2273000F017
:1036C000F5FE02214DF2283000F0F0FEDE214DF231
:1036D000293000F0EBFE02214DF22A3000F0E6FE28
:1036E000F2214DF22B3000F0E1FE02214DF22C30A0
:1036F00000F0DCFEFE214DF22D3000F0D7FE03215C
:103700004DF22E3000F0D2FE10214DF22F3000F09D
:10371000CDFE03214DF2303000F0C8FE33214DF2D2
:10372000313000F0C3FE03214DF2323000F0BEFE16
:103730006D214DF2333000F0B9FE00214FF45440BA
:1037400000F0B4FE33214DF2014000F0AFFE002145
:1037500000E082E34DF2024000F0A8FE34214DF279
:10376000034000F0A3FE00214DF2044000F09EFE55
:103770003A214DF2054000F099FE00214DF206403D
:1037800000F094FE4A214DF2074000F08FFE002128
:103790004DF2084000F08AFE5C214DF2094000F035
:1037A00085FE00214DF20A4000F080FE81214DF29D
:1037B0000B4000F07BFE00214DF20C4000F076FE45
:1037C000A6214DF20D4000F071FE00214DF20E4099
:1037D00000F06CFEE5214DF20F4000F067FE012184
:1037E0004DF2104000F062FE13214DF2114000F046
:1037F0005DFE01214DF2124000F058FE54214DF2C1
:10380000134000F053FE01214DF2144000F04EFE33
:1038100082214DF2154000F049FE01214DF2164083
:1038200000F044FECA214DF2174000F03FFE022195
:103830004DF2184000F03AFE00214DF2194000F020
:1038400035FE02214DF21A4000F030FE01214DF20A
:103850001B4000F02BFE00E002E302214DF21C4071
:1038600000F024FE34214DF21D4000F01FFE022125
:103870004DF21E4000F01AFE67214DF21F4000F08D
:1038800015FE02214DF2204000F010FE84214DF281
:10389000214000F00BFE02214DF2224000F006FE16
:1038A000A4214DF2234000F001FE02214DF22440FC
:1038B00000F0FCFDB7214DF2254000F0F7FD02219C
:1038C0004DF2264000F0F2FDCF214DF2274000F0EE
:1038D000EDFD02214DF2284000F0E8FDDE214DF221
:1038E000294000F0E3FD02214DF22A4000F0DEFD08
:1038F000F2214DF22B4000F0D9FD02214DF22C4077
:1039000000F0D4FDFE214DF22D4000F0CFFD03214B
:103910004DF22E4000F0CAFD10214DF22F4000F074
:10392000C5FD03214DF2304000F0C0FD33214DF2C2
:10393000314000F0BBFD03214DF2324000F0B6FDF6
:103940006D214DF2334000F0B1FD00214FF45540A0
:1039500000F0ACFD33214DF2015000F0A7FD002135
:103960004DF2025000F0A2FD34214DF2035000F060
:103970009DFD00214DF2045000F098FD3A214DF2DA
:10398000055000F093FD00214DF2065000F08EFD31
:103990004A214DF2075000F089FD00214DF20850F8
:1039A00000F084FD5C214DF2095000F07FFD002104
:1039B0004DF20A5000F07AFD81214DF20B5000F0DB
:1039C00075FD00214DF20C5000F070FDA6214DF266
:1039D0000D5000F06BFD00214DF20E5000F066FD21
:1039E000E5214DF20F5000F061FD01214DF2105024
:1039F00000F05CFD13214DF2115000F057FD012144
:103A00004DF2125000F052FD54214DF2135000F0CF
:103A10004DFD01214DF2145000F048FD82214DF280
:103A2000155000F043FD01214DF2165000F03EFD0F
:103A3000CA214DF2175000F039FD02214DF2185005
:103A400000F034FD00214DF2195000F02FFD02214D
:103A50004DF21A5000F02AFD01214DF21B5000F0EA
:103A600025FD02214DF21C5000F020FD34214DF2C5
:103A70001D5000F01BFD02214DF21E5000F016FDFE
:103A800067214DF21F5000F011FD02214DF2205030
:103A900000F00CFD84214DF2215000F007FD0221C1
:103AA0004DF2225000F002FDA4214DF2235000F00F
:103AB000FDFC02214DF2245000F0F8FCB7214DF23C
:103AC000255000F0F3FC02214DF2265000F0EEFCF0
:103AD000CF214DF2275000F0E9FC02214DF2285091
:103AE00000F0E4FCDE214DF2295000F0DFFC022161
:103AF0004DF22A5000F0DAFCF2214DF22B5000F08A
:103B0000D5FC02214DF22C5000F0D0FCFE214DF2EC
:103B10002D5000F0CBFC03214DF22E5000F0C6FCDE
:103B200010214DF22F5000F0C1FC03214DF2305016
:103B300000F0BCFC33214DF2315000F0B7FC032102
:103B40004DF2325000F0B2FC6D214DF2335000F0D6
:103B5000ADFC00214FF4564000F0A8FC33214DF29B
:103B6000016000F0A3FC00214DF2026000F09EFC19
:103B700034214DF2036000F099FC00214DF2046005
:103B800000F094FC3A214DF2056000F08FFC00211A
:103B90004DF2066000F08AFC4A214DF2076000F009
:103BA00085FC00214DF2086000F080FC5C214DF2A4
:103BB000096000F07BFC00214DF20A6000F076FC09
:103BC00081214DF20B6000F071FC00214DF20C6080
:103BD00000F06CFCA6214DF20D6000F067FC0021A6
:103BE0004DF20E6000F062FCE5214DF20F6000F036
:103BF0005DFC01214DF2106000F058FC13214DF2E4
:103C0000116000F053FC01214DF2126000F04EFCF7
:103C100054214DF2136000F049FC01214DF2146073
:103C200000F044FC82214DF2156000F03FFC0121C0
:103C30004DF2166000F03AFCCA214DF2176000F018
:103C400035FC02214DF2186000F030FC00214DF2ED
:103C5000196000F02BFC02214DF21A6000F026FCE6
:103C600001214DF21B6000F021FC02214DF21C608D
:103C700000F01CFC34214DF21D6000F017FC022105
:103C80004DF21E6000F012FC67214DF21F6000F043
:103C90000DFC02214DF2206000F008FC84214DF261
:103CA000216000F003FC02214DF2226000F0FEFBD7
:103CB000A4214DF2236000F0F9FB02214DF22460B3
:103CC00000F0F4FBB7214DF2256000F0EFFB02217C
:103CD0004DF2266000F0EAFBCF214DF2276000F0A4
:103CE000E5FB02214DF2286000F0E0FBDE214DF201
:103CF000296000F0DBFB02214DF22A6000F0D6FBC8
:103D0000F2214DF22B6000F0D1FB02214DF22C602C
:103D100000F0CCFBFE214DF22D6000F0C7FB03212B
:103D20004DF22E6000F0C2FB10214DF22F6000F02A
:103D3000BDFB03214DF2306000F0B8FB33214DF2A2
:103D4000316000F0B3FB03214DF2326000F0AEFBB6
:103D50006D214DF2336000F0A9FB55214FF4704006
:103D600000F0A4FBAA214FF2010000F09FFB5221BA
:103D70004FF2020000F09AFB08214FF2030000F01E
:103D800095FB0021184600F091FBCC214FF4314007
:103D900000F08CFB00214BF2011000F087FB0521A5
:103DA0004FF4364000F082FB70214FF4374000F0B2
:103DB0007DFB70214BF2017000F078FB01214FF484
:103DC000384000F073FB03214BF6010000F06EFB5E
:103DD00003214BF6020000F069FB03214BF60300C0
:103DE00000F064FB02214FF43C4000F05FFB002137
:103DF0004BF6014000F05AFB00214BF6024000F068
:103E000055FBD0214FF4494000F050FB02214CF605
:103E1000011000F04BFB50214CF6021000F046FB65
:103E200050214CF6031000F041FB50214CF60410D9
:103E300000F03CFB00214FF4545000F037FB5521BB
:103E40004FF4685000F032FB4FF4885000F018FB3C
:103E5000782000F067FF4FF4245000F011FBB9E028
:103E60004045FCD1E22000F00BFB1D2000F0FCFAE5
:103E7000022000F0F9FA042000F0F6FA642000F0C5
:103E800051FFE02000F0FCFA012000F0EDFA0A20DA
:103E900000F03AFFE02000F0F3FA032000F0E4FA2B
:103EA0000C2000F031FF012000F0EAFA0A2000F0B7
:103EB0002BFFE62000F0E4FA2F2000F0D5FAFF20D7
:103EC00000F0D2FAFF2000F0CFFAB02000F0D8FACC
:103ED000202000F0C9FA002000F0C6FA032000F00C
:103EE000C3FA40F21F3000F0BFFA012000F0BCFA24
:103EF00040F2DF1000F0B8FA002000F0B5FAB4206C
:103F000000F0BEFA042000F0AFFA40F21F4000F0CB
:103F1000ABFA002000F0A8FA2E2000F0A5FA00204D
:103F200000F0A2FA002000F09FFA002000F09CFAB6
:103F3000002000F099FAB62000F0A2FA022000F06A
:103F400093FA4FF4037000F08FFA002000F08CFA1F
:103F5000172000F089FA152000F086FA002000F002
:103F600083FA002000F080FAF02000F089FA0320A4
:103F700000F07AFA292000F083FAD02000F080FACD
:103F8000002000F071FABE2000F07AFA052000F05F
:103F90006BFAFE2000F068FA012000F065FA0020BC
:103FA00000F062FA002000F05FFA002000F05CFAF6
:103FB000B82000F065FA032000F056FA012000F066
:103FC00053FABA2000F05CFA012000F04DFA6420A8
:103FD00000F042F8B088504507D0A04205D0B84262
:103FE00003D0A84201D040451DD1D9F81C21494633
:103FF00022F00F02C9F81C21D9F81C2122F47062AA
:10400000C9F81C21D9F81C2142F00302C9F81C216F
:10401000A042D9F81C0102D140F4407001E040F404
:104020000070C1F81C010020FDF762FC044901206A
:10403000C1F8BC025846FDF741FC15B0BDE8F08F51
:104040000080404208B54FF0D840B0F88000ADF88D
:104050000000BDF8000008BD10B50246BE2000F00B
:104060000FFA052000F000FA104601F018FF9FED4E
:104070000C1B53EC112B01F025FF01F0E3FE80B285
:1040800000F0F2F9012000F0EFF9FF2000F0ECF968
:10409000002000F0E9F9BDE81040002000F0E4B98C
:1040A000666666666666044070B5664C0023214607
:1040B000A279898841F66315012A01D01AB11BE063
:1040C000A94202D118E0A94216D1082814D2DFE88B
:1040D00000F00406080A0C0E101206200CE007205F
:1040E0000AE0042008E0052006E0012004E00020AA
:1040F00002E0032000E00220082812D2DFE800F0EE
:10410000110406080A0C0E1080230AE0402308E080
:10411000C02306E0202304E0602302E0A02300E0A7
:10412000E02345F21056B14202D14FF4585000E05E
:104130003620A1F51342413A03D0A1F5EE42893A67
:1041400001D143F00803194600F0B0F9A288AA4251
:104150000AD098062088618802D5884202D303E0FD
:10416000884201D9218060806089B24240D100F04C
:1041700087F9002000F078F96089401C80B200F0D7
:104180007FF9002000F070F96089801C80B200F097
:1041900077F92088401EC0F30F2000F065F9608990
:1041A000C01C80B200F06CF92078401EC0B200F054
:1041B0005BF9A08900F064F9002000F055F9A089AE
:1041C000401C80B200F05CF9002000F04DF9A0899D
:1041D000801C80B200F054F96088401EC0F30F20AC
:1041E00000F042F9A089C01C80B200F049F921E03A
:1041F00000F046F9002000F037F9002000F034F913
:104200002088401EC0F30F2000F02EF92078401EB9
:10421000C0B200F029F9A08900F032F9002000F0C6
:1042200023F9002000F020F96088401EC0F30F2021
:1042300000F01AF9A078BDE87040401EC0B200F04E
:1042400013B90000BC020020F0B53A4D0C460246FE
:10425000060AA9882846270A4089A1F5C853633B66
:1042600016D0A1F5AA43103B4BD000F009F9304617
:1042700000F0FAF8D0B200F0F7F8A88900F000F9E1
:10428000384600F0F1F8E0B2BDE8F04000F0ECB8DC
:10429000A97929B300F0F4F8304600F0E5F8D0B27F
:1042A00000F0E2F82888401EC0F30F2000F0DCF890
:1042B0002878401EC0B200F0D7F8A88900F0E0F8D6
:1042C000384600F0D1F8E0B200F0CEF86888401E21
:1042D000C0F30F2000F0C8F8A878401EC0B2D3E7A2
:1042E0002988891A491E8AB200F0CAF8002000F015
:1042F000BBF8002000F0B8F8100A00F0B5F8D0B212
:10430000D9E700F0BDF8304600F0AEF86889401CEF
:1043100080B200F0B5F8D0B200F0A6F8A88900F09D
:10432000AFF8384600F0A0F8A889401C80B200F031
:10433000A7F8A8E7BC0200202DE9F84F82461F46E7
:104340000E468B46580700D0012000EBD7007908B5
:1043500010FB01F0203AC0B202F0FF0900250090E6
:1043600047E00C2F10D0102F12D0182F14D0202F70
:1043700042D1224901EBC9104FF00008445D2006EC
:1043800010D51F48026811E009EB49001D4906E0FD
:104390001D4901EB0910EFE71C4909EBC90001EBCE
:1043A0008000E9E70A9828B9154842683146504626
:1043B000FDF7FAFA6006040E1548761CB6B240887E
:1043C000B04219D9A6EB0B00B84209D10AF101009D
:1043D0001FFA80FA0E485E46018851450CD906E066
:1043E00008F1010000F0FF08B8F1080FC7D36D1CF9
:1043F000EDB200988542B4D3BDE8F88FA2780008EA
:104400001C000020E260000856650008466B0008AA
:10441000BC0200202DE9F84F044600F0FF081019F7
:104420000D46DDE90A761FFA80FA58191FFA80F95D
:104430004FF0000B11E0544502D3E819444685B211
:104440004D450FD23B4629462046CDF800B0FFF738
:1044500073FF04EB570084B2761C3278A2F120007F
:104460005E28E8D9BDE8F88F01B5BDF80000ADF8C9
:104470000000BDF800004FF0D841A1F8800008BD51
:1044800001B5BDF80000ADF80000BDF800004FF028
:10449000D841A1F87E0008BD03484FF0D8410089FB
:1044A000A1F87E0070470000BC0200204FF0D84207
:1044B00022F87E0F51807047114810B5016886B010
:1044C00041F02001016000680E4C00F020000590D2
:1044D0004FF4C060009001200190029003200390EF
:1044E00069462046FCF778FA012251022046FCF783
:1044F00053FB012291022046FCF74EFB06B010BD93
:104500003038024000140240FEE770471FB50D48E6
:10451000D0E90010CDE900100021084600F03EF877
:104520000021012000F03AF802A8FCF711FABDF8CA
:10453000080040F2EE710A38884202D3684600F063
:104540007BF81FBD24A800082DE9F04117460D4651
:104550000446FDF717F9A220FDF7E4F8FDF754F93A
:104560002046FDF7DFF8FDF74FF9FDF70BF9A32023
:10457000FDF7D8F8FDF748F900246E1E08E0B442B4
:1045800001D0012000E00020FDF798F83855641CA8
:10459000AC42F4DBBDE8F041FDF714B970B50D464F
:1045A0000446FDF7EFF8A220FDF7BCF8FDF72CF963
:1045B0002046FDF7B7F8FDF727F92846FDF7B2F8D2
:1045C000FDF722F9BDE87040FDF7FCB870B515465F
:1045D0000E460446FDF7D6F8A220FDF7A3F8FDF736
:1045E00013F92046FDF79EF8FDF70EF9002405E0CB
:1045F000285DFDF797F8FDF707F9641CB442F7DB77
:10460000BDE87040FDF7DEB87047010901EB81019C
:1046100000F00F0000EB4100C0B27047002103E042
:10462000491C0A38C9B2C0B20A28F9D2090740EABF
:10463000116070477047000070B504468079FFF73D
:10464000EDFF0F4D28706079FFF7E8FF6870207963
:10465000FFF7E4FFA870E078FFF7E0FFE870E0798B
:104660002871A078FFF7DAFF68712078FFF7D6FF8E
:10467000A8712A46BDE8704007210220FFF7A6BFB7
:104680002400002070B5214C92B00025266846F029
:1046900080562660246804F0805411941C4C2668CF
:1046A00046F48046266024680DF1240C04F480440E
:1046B00011940124009424040194022406948CE8AB
:1046C0000D006605CDE907616846FCF7DDFB00B12A
:1046D000FEE70CA90F2081E831004FF4A0500F90A5
:1046E0004FF48050109005210CA8FCF7E5FA00B1BA
:1046F000FEE7FCF757FA41F20101884204D1054870
:10470000016841F48071016012B070BD4038024010
:1047100000700040003C0240FCF750BA10480168AD
:1047200041F4700101600F48016841F0010101602E
:104730000C4A00210832116002680B4B1A400260DB
:10474000031D0A4A1A60026822F4802202600548AA
:104750000C3001600249580680390860704700003B
:1047600088ED00E000380240FFFFF6FE1030002424
:1047700010B50A4C2068C068C043C00709D108487A
:104780000069804721680020486221686420C8626F
:10479000E06021686FF00100086110BDCC020020CC
:1047A00070000020F0B50268254D264E264FDFF838
:1047B0009CC0274B4FF0804EA84209D0704507D0CF
:1047C000B04205D0B84203D0604501D0984203D131
:1047D00022F070044A682243A8421BD0704519D0C9
:1047E000B04217D0B84215D0604513D0984211D0CE
:1047F000184CA0420ED0184CA0420BD0174CA0422F
:1048000008D0174CA04205D0164CA04202D0164C3E
:10481000A04203D122F44074CA6822434C6922F0BA
:104820008002224302608A68C2620A688262A842E9
:1048300001D0984201D10969016301214161F0BDB4
:10484000000001400004004000080040000C00404F
:104850000004014000400140004401400048014084
:1048600000180040001C004000200040F8B506463B
:1048700010480D460024016841F004010160006801
:10488000032200F00400009011461E20FCF7E2F91C
:104890001E20FCF7D2F9094A07481060C2E901540A
:1048A000C2E903641046FCF721FDBDE8F840034867
:1048B000FCF738BD4038024000080040CC02002020
:1048C00010B5806B0021C185C184FCF73CFD10BD93
:1048D0000168CA6822F49072CA6001684A6922F0CD
:1048E00001024A61202180F83A10704710B590F813
:1048F0003A10222901D0022010BD8168B1F5805FF5
:1049000011D00169002901681FD0496801F07F03B7
:10491000816A4A1C82620B70C18D491E0904090C10
:10492000C18518D02BE00269816A002A02685268AA
:1049300005D0D2B20A80816A491C8162ECE7C2F3D9
:1049400008020A80816A891CF7E74A68816A4B1C61
:1049500083620A70E0E70168CA6822F02002CA6038
:104960000168CA6822F48072CA6001684A6922F04C
:1049700001024A61202180F83A10FCF70DFE002068
:1049800010BD00002DE9F041044600680169E268AD
:1049900021F4405111430161A1682069E26901439A
:1049A0006069104301432068C26849F20C639A436E
:1049B0000A43C26020684169A26921F44071114331
:1049C0004161E0696425B0F5004F974A9749206836
:1049D0004FF032083FD0884201D090427CD1FCF7A2
:1049E00013FA00EBC00101EB001061688900B0FB15
:1049F000F1F6FCF709FA00EBC00101EB0010616869
:104A00008900B0FBF1F0B0FBF5F06FF018014843FE
:104A100006EB800108EB0110B0FBF5F000F0F006AA
:104A2000FCF7F2F900EBC00101EB001061688900AE
:104A3000B0FBF1F0B0FBF5F006EB0016FCF7E4F983
:104A400000EBC00101EB001061688900B0FBF1F7D9
:104A5000FCF7DAF9D2E0884201D090423DD1FCF770
:104A6000D3F900EBC00101EB001061684900B0FB15
:104A7000F1F0B0FBF5F00601FCF7C6F900EBC00160
:104A800001EB001061684900B0FBF1F7FCF7BCF9DD
:104A900000EBC00101EB001061684900B0FBF1F0D0
:104AA000B0FBF5F06FF01801484307EB800108EB0D
:104AB000C100B0FBF5F000F0F80006EB4006FCF793
:104AC000A3F900EBC00101EB001061684900B0FBE5
:104AD000F1F7FCF799F93CE055E0FCF785F900EBBC
:104AE000C00101EB001061684900B0FBF1F0B0FBC0
:104AF000F5F00601FCF778F900EBC00101EB0010BE
:104B000061684900B0FBF1F7FCF76EF900EBC001FA
:104B100001EB001061684900B0FBF1F0B0FBF5F06B
:104B20006FF01801484307EB800108EBC100B0FBB0
:104B3000F5F000F0F80006EB4006FCF755F900EB45
:104B4000C00101EB001061684900B0FBF1F7FCF710
:104B50004BF900EBC00101EB001061684900B0FBAC
:104B6000F1F0B0FBF5F06FF01801484307EB80015E
:104B700008EBC100B0FBF5F000F0070021683044FD
:104B80008860BDE8F081FCF72FF900EBC00101EB74
:104B9000001061688900B0FBF1F6FCF725F900EB25
:104BA000C00101EB001061688900B0FBF1F0B0FBBF
:104BB000F5F06FF01801484306EB800108EB011097
:104BC000B0FBF5F000F0F006FCF70EF900EBC001C9
:104BD00001EB001061688900B0FBF1F0B0FBF5F06B
:104BE00006EB0016FCF700F900EBC00101EB00102A
:104BF00061688900B0FBF1F7FCF7F6F800EBC00143
:104C000001EB001061688900B0FBF1F0B0FBF5F03A
:104C10006FF01801484307EB800108EB0110B0FB6F
:104C2000F5F000F00F00A9E700140140001001406A
:104C300090F83910212901D0022070478168B1F520
:104C4000805F016A0BD04A1C0262026809785160D9
:104C5000C18C491E0904090CC1840ED017E00988D3
:104C60000268C1F30801516001690029016A02D09C
:104C7000491C0162ECE7891CFBE70168CA6822F065
:104C80008002CA600068C16841F04001C160002034
:104C90007047000010B50848FCF75CFB0648FCF7BD
:104CA00053FB2028FAD1012204490348FCF74AFCAF
:104CB0000028F8D110BD00002C02002014000020B4
:104CC000FEE70907090E002804DB00F1E02080F868
:104CD0000014704700F00F0000F1E02080F8141D70
:104CE000704730380A2801D20120704700207047F1
:104CF0007047000010B504460420FCF7D7FA0148BD
:104D0000046010BD1000002070B5054600244FF46B
:104D10007A7603E0304600F005F8641CAC42F9D323
:104D200070BD000070B54FF0E02500216C69094AA4
:104D3000AB6912685043AA699A42FCD002D2A3EB35
:104D4000020302E0A4EB02063344194413468142F5
:104D5000F1D370BD1000002003490A685206FCD54B
:104D6000C2B24A6070470000001001401FB5FBF757
:104D70002DFF0723022208214FF4A870FFF782FCC1
:104D8000A820FFF7B7FF4FF4E13000F0BFF8354837
:104D9000416854208847FFF78FFBFCF75FFDFCF765
:104DA0006BFEFBF765FDFFF7B1FB2F4D4FF478402D
:104DB000102428602DA0CDE900402346C8223221CE
:104DC0001E20FFF727FB2EA0CDE900401023C822AC
:104DD00046211E20FFF71EFB2CA0CDE9004010232A
:104DE000C8225A211E20FFF715FB2CA0CDE9004058
:104DF0001023C8226E211E20FFF70CFB2AA0CDE94C
:104E000000401023C82282211E20FFF703FB2CA0A4
:104E1000CDE900401023C82296211E20FFF7FAFAA0
:104E20001F2028602A4C2B4D4FF4FA662848FBF7C8
:104E30008FFD2079E379A27961798DE80F00E3781D
:104E4000A278218824A0FBF7B7FA3046FFF75CFF71
:104E5000D5F8A40218B10021C5F8A412E6E7012193
:104E6000FAE70000700000201C00002041706F6C09
:104E70006C6F2053544D333246342F4637000000B8
:104E800049494320544553540000000041544F4DBC
:104E900040414C49454E54454B00000032303136BC
:104EA0002F312F31330000004B4559313A57726989
:104EB000746520204B4559303A526561640000000A
:104EC00050434638353633205265616479210000FD
:104ED0002C00002000804242C4EA3A256420D4C25B
:104EE0003A256420C8D53A256420CAB13A25642001
:104EF000B7D63A256420C3EB3A256420D0C7C6DA7A
:104F000025640D0A00000000006870470B4910B5C9
:104F1000094AC1E9002000208860C86008618861F2
:104F20000C2048610846FCF79DFABDE810400122BC
:104F300003490248FCF706BB001001402C02002088
:104F40001400002070B594B0064613AB11AA694650
:104F500000F0DCF9002824D18DF840001D4C042518
:104F600014E0206805EBC10113AB405812AA08A950
:104F700000F0CCF9002814D1694608A800F001FC23
:104F800088B19DF84000401C8DF84000207D9DF8C0
:104F900040108842E5D8207D9DF8401088420ED10F
:104FA000042014B070BD9DF848009DF8441088425C
:104FB00001D90220F5E79DF84000A075EBE710A9A4
:104FC000304600F057FA0028EBD19DF8400060759C
:104FD0000020E6E7700000202DE9F0417E4E9AB0F7
:104FE000B57D307DA8427CD90421306801EBC50134
:104FF00019AB405818AA10A900F088F910A977A099
:10500000FBF7DAF900240DF1180832E0308B0121AA
:10501000A140084217D0222172A0FBF7CDF920460B
:1050200000F090FA811970A02431FBF7C5F9222114
:105030006CA0FBF7C1F9204600F084FA304424301C
:1050400048F824000BE0204600F07CFA3044416A26
:1050500048F82410F07D00B364A0FBF7ADF99DF88B
:105060006000401E844202D062A0FBF7A5F9641CD8
:10507000E4B29DF860008442C8D35FA0FBF79CF9BE
:1050800000F0A6FA707D0B2814D2DFE800F0080DBE
:1050900031384048525E6B78890058A0DDE73068AF
:1050A00050F83500804704E0306850F83510069815
:1050B0008847074600F058FA9DF8640001286ED032
:1050C0004FA0FBF779F996F8EC0000280DD0D6F840
:1050D000F0000A21B0FBF1F201FB1202B0FBF1F18A
:1050E00000E002E047A0FBF767F91AB0BDE8F081E5
:1050F000306850F83520DDE906019047D9E730687F
:1051000006AC50F8353094E807009847D1E730688E
:1051100006AF50F8354097E80F00A047C9E70A9856
:105120000090306806AF50F8354097E80F00A04770
:10513000BFE7DDE90A01CDE90001306806AF50F8AC
:10514000354097E80F00A047B3E70AAB06AF93E8F6
:1051500007008DE80700306850F8354097E80F00E9
:10516000A047A6E70AAC06AF94E80F008DE80F0051
:10517000306850F8354097E80F00A04799E70BAC2E
:1051800006AF94E80F0001AC84E80F000A98009085
:10519000306850F8354097E80F00A04789E711E0E4
:1051A0000CAC06AF94E80F0002AC84E80F00DDE918
:1051B0000A01CDE90001306850F8354097E80F004A
:1051C000A04776E7F07D394618B116A0FBF7F4F852
:1051D00079E717A0FAE70000700000200D0A257398
:1051E0002800000025630000257300003058255872
:1051F000000000002C00000029000000256C640065
:105200003B0D0A0046756E6374696F6E2052756EB1
:105210002054696D653A25642E2531646D730D0A3D
:10522000000000003D305825583B0D0A00000000EA
:105230003D256C753B0D0A00F0B500252E462F4626
:105240002C4603782C2B03D0292B04D01BB103E070
:1052500014B9012600E00CB317B1222B2AD02AE0A2
:10526000A3F1300CBCF1090F19D92D2B17D02B2B22
:1052700015D0A3F1610CBCF1050F10D9A3F1410CBD
:10528000BCF1050F0BD9582B09D0782B07D0222B56
:105290000CD0202B1ED02C2B1CD0FF270CE05EB98D
:1052A000612B00D3203B01F8013B13E026B9012715
:1052B0003C460FE0002426B10020087017702846F5
:1052C000F0BD3CB15C2B02D16D1CEDB2401C0378EB
:1052D00001F8013B6D1CEDB2401CB2E730B5002572
:1052E00015700AE001F8014B1478401C641CE4B20C
:1052F00014709C4201D3012030BD0478202C01D0D1
:10530000002CEFD10D70002030BD00002DE9FF4FC3
:10531000002482B089469846A246274601252646A3
:105320002246EB46029915E0202810D002F07F03B8
:10533000052B0CD202B9802202F07F03042B01D18D
:105340002A280AD1521C0BF80300D2B201E0852AA8
:1053500004D0491C08780028E6D16AB102F07F0227
:1053600000200BF8020041A1584600F00AFA38B1BB
:10537000012188F8001000224FF00008029B15E080
:10538000002088F80000F6E708F1010000F0FF08AF
:1053900013F8010F202801D02A2807D1184600F061
:1053A0007DF9282802D02A2800D0C246187828285B
:1053B00001D00028E8D10299BAF1000F01D0514480
:1053C000491C4FF000084346087888B1282804D0CB
:1053D000292806D0222810D011E083B9641CE4B239
:1053E0000DE063B924B1641E14F0FF0402D00DE097
:1053F0004FF00108012F27D02FE04BB100234CB113
:105400002C280CD0202816D0282814D05AB110E00F
:105410000123F4E7202815D009F8010B12E001253B
:10542000521CD2B207E0052E03D20BF80600761C00
:10543000F6B26D1CEDB2012C04D1022D02D1032570
:105440007F1CFFB2491CBFE700200BF8060007A134
:10545000684600F096F900B900270498077000200C
:1054600089F8000006B04046BDE8F08F766F6964A9
:10547000000000002DE9F04300248946304DB5B00E
:10548000214622466B18491CC9B29A760A29F9D3DB
:1054900002E010F8011F99B101782829F9D1461CC2
:1054A0004FF0010833AA69463046FFF7C5FE0644AF
:1054B0009DF8CC0040B1012824D0FF2836D10BE064
:1054C000012035B0BDE8F0839DF8000070B334A929
:1054D000684600F0EBF808B10220F2E7204600F041
:1054E00031F8284434994162298B08FA04F0814349
:1054F0002983042029198876641CE4B20A2C15D962
:105500000320DEE7684600F051F9471C204600F012
:1055100019F841196846243100F03FF9298B08FA3F
:1055200004F00143281929838776E5E73078292894
:1055300001D00028B6D189F800400020C1E7000062
:1055400070000020024610B500200146054B05E022
:105550005C18491CA47EC9B22044C0B29142F7D362
:1055600010BD000070000020094800680169C943AF
:10557000CA070849D1F8F02004D14FF6FF731A4446
:10558000C1F8F020406A1044C1F8F00070470000F4
:10559000CC0200207000002000EBC00101EB0010E5
:1055A0004FF0FF3101EB800010B581B24FF47A70FB
:1055B000FFF75CF901490120C87510BD700000209B
:1055C0000346012000E05843491EC9B2FBD2704790
:1055D00007486FF00101026811610268090CD1628D
:1055E000C1600068002141620248C0F8F0107047B5
:1055F000CC020020700000202DE9F041164E3088CA
:10560000010426D51549C0B2154F00250D54B968BF
:105610001248884704000FD0104800F0D1F8012844
:1056200001D0040014D0012C09D0022C09D0032C85
:1056300009D0042C0CD108E0F868804708E009A0E4
:1056400004E00BA002E00DA000E00FA0FAF7B4FE0A
:105650003580BDE8F08100001600002064010020C4
:1056600070000020BAAFCAFDB4EDCEF3210D0A00E0
:10567000B2CECAFDB4EDCEF3210D0A00B2CECAFD02
:10568000CCABB6E0210D0A00CEB4D5D2B5BDC6A5CF
:10569000C5E4B5C4BAAFCAFD210D0A0010F8011F58
:1056A000202901D10028F9D1C8B270472DE9F04373
:1056B0000E4600244FF00A082546014634600A7859
:1056C000A2F13003092B14D903782D2B01D02B2BF9
:1056D00000D174B1A2F14103052B0AD9582A05D093
:1056E00012F0FF0F17D00120BDE8F083012C02D08B
:1056F000F9E7412A01D34FF0100802782D2A04D08F
:105700002B2A04D0641CE4B203E0022500E001254A
:10571000401C491CD3E70746B8F1100F01D084B1F3
:1057200012E0032C01D20220DEE73878302802D1C3
:105730007878582801D00320D6E7A41EE4B2BF1C15
:1057400001E00420D0E70CB1641EE4B238780146D1
:105750003038092801D8814601E0A1F137092146F6
:105760004046FFF72DFF326809FB0020306017F834
:10577000011F0029E7D1022D01D1404230600020F5
:10578000B2E702780B789A4201D00120704712B13B
:10579000401C491CF5E70020704702780A70027827
:1057A000002A02D0401C491CF7E77047002102780C
:1057B0001AB1491CC9B2401CF9E7084670470000FD
:1057C000F0B58DB004461E2308AA6946FFF786FD92
:1057D0000990002872D19DF82000271800253E4C22
:1057E0008DF820509DF8200054F820106846FFF7EF
:1057F000C8FF38B19DF82000401CC0B28DF82000D1
:105800000728EFD39DF820000426344C072855D2F2
:10581000DFE800F00404395A605F5E0030A0FAF758
:10582000CBFD30A0FAF7C8FD3EA0FAF7C5FD4DA0AC
:10583000FAF7C2FD5BA0FAF7BFFD6AA0FAF7BCFD5C
:1058400078A0FAF7B9FD86A0FAF7B6FD8BA0FAF7B3
:10585000B3FD93A0FAF7B0FD97A0FAF7ADFD9CA0B9
:10586000FAF7AAFDA1A0FAF7A7FDA7A0FAF7A4FDF1
:10587000B3A0FAF7A1FDC0A0FAF79EFDCBA0FAF7FE
:105880009BFDD7A01BE016A0FAF796FDE4A0FAF75F
:1058900093FD8DF820500BE0216806EBC0000958FD
:1058A000EFA0FAF789FD9DF82000401C8DF820003C
:1058B000217D9DF820008142EED856E257E2FAF7AA
:1058C0007BFD00200DB0F0BD05A0FAF775FDCBE122
:1058D0002CE20CE2EBE1000034000020700000201C
:1058E0000D0A00002D2D2D2D2D2D2D2D2D2D2D2D85
:1058F0002D2D2D2D2D2D2D2D2D2D2D2D55534D4156
:1059000052542056332E332D2D2D2D2D2D2D2D2D52
:105910002D2D2D2D2D2D2D2D2D2D2D2D2D2D2D20C4
:105920000D0A00002020202055534D415254CAC773
:10593000D3C9414C49454E54454BBFAAB7A2B5C443
:10594000D2BBB8F6C1E9C7C9B5C4B4AEBFDAB5F7C2
:10595000CAD4BBA5BDBBD7E9BCFE2CCDA8B9FD20E0
:105960000D0A0000CBFC2CC4E3BFC9D2D4CDA8B92A
:10597000FDB4AEBFDAD6FACAD6B5F7D3C3B3CCD02E
:10598000F2C0EFC3E6B5C4C8CEBACEBAAFCAFD2CDA
:10599000B2A2D6B4D0D02ED2F2B4CB2CC4E3BFC9BD
:1059A0000D0A0000D2D4CBE6D2E2B8FCB8C4BAAF3C
:1059B000CAFDB5C4CAE4C8EBB2CECAFD28D6A7B3A7
:1059C000D6CAFDD7D62831302F3136BDF8D6C62CF1
:1059D000D6A7B3D6B8BACAFD29A1A2D7D6B7FBB409
:1059E000AE0D0A00A1A2BAAFCAFDC8EBBFDAB5D8A6
:1059F000D6B7B5C8D7F7CEAAB2CECAFD292CB5A561
:105A0000B8F6BAAFCAFDD7EEB6E0D6A7B3D63130F6
:105A1000B8F6CAE4C8EBB2CECAFD2CB2A2D6A7B380
:105A2000D60D0A00BAAFCAFDB7B5BBD8D6B5CFD42C
:105A3000CABE2ED6A7B3D6B2CECAFDCFD4CABEBD7B
:105A4000F8D6C6C9E8D6C3B9A6C4DC2CD6A7B3D647
:105A5000BDF8D6C6D7AABBBBB9A6C4DC2E0D0A00BA
:105A6000BCBCCAF5D6A7B3D63A7777772E6F7065E8
:105A70006E6564762E636F6D0D0A000055534D41BF
:105A80005254D3D037B8F6CFB5CDB3C3FCC1EE284E
:105A9000B1D8D0EBD0A1D0B4293A0D0A0000000053
:105AA0003F3A202020202020BBF1C8A1B0EFD6FA39
:105AB000D0C5CFA20D0A000068656C703A20202086
:105AC000BBF1C8A1B0EFD6FAD0C5CFA20D0A000035
:105AD0006C6973743A202020BFC9D3C3B5C4BAAF70
:105AE000CAFDC1D0B1ED0D0A0A00000069643A2078
:105AF00020202020BFC9D3C3BAAFCAFDB5C44944D2
:105B0000C1D0B1ED0D0A0A006865783A2020202046
:105B1000B2CECAFD3136BDF8D6C6CFD4CABE2CBA75
:105B2000F3B8FABFD5B8F12BCAFDD7D6BCB4D6B4FA
:105B3000D0D0BDF8D6C6D7AABBBB0D0A0A0000005C
:105B40006465633A20202020B2CECAFD3130BDF812
:105B5000D6C6CFD4CABE2CBAF3B8FABFD5B8F12B8B
:105B6000CAFDD7D6BCB4D6B4D0D0BDF8D6C6D7AA55
:105B7000BBBB0D0A0A00000072756E74696D653A50
:105B8000312CBFAAC6F4BAAFCAFDD4CBD0D0BCC6A4
:105B9000CAB13B302CB9D8B1D5BAAFCAFDD4CBD03D
:105BA000D0BCC6CAB13B0D0A0A000000C7EBB0B4B6
:105BB000D5D5B3CCD0F2B1E0D0B4B8F1CABDCAE407
:105BC000C8EBBAAFCAFDC3FBBCB0B2CECAFDB2A22D
:105BD000D2D4BBD8B3B5BCFCBDE1CAF82E0D0A00C7
:105BE0002D2D2D2D2D2D2D2D2D2D2D2D2D2D2D2DE5
:105BF0002D2D2D2D2D2D2D2D2D2D414C49454E5426
:105C0000454B2D2D2D2D2D2D2D2D2D2D2D2D2D2D8E
:105C10002D2D2D2D2D2D2D2D2D2D2D200D0A00005E
:105C20002D2D2D2D2D2D2D2D2D2D2D2D2D2D2D2DA4
:105C30002D2D2D2D2D2D2D2D2DBAAFCAFDC7E5B53E
:105C4000A52D2D2D2D2D2D2D2D2D2D2D2D2D2D2D0C
:105C50002D2D2D2D2D2D2D2D2D2D2D2D200D0A00F1
:105C600025730D0A0000000042A0FAF7A5FB8DF88D
:105C7000205016E0216806EBC0000BAB08580AAABA
:105C80006946FFF743FB9DF82010206850F831204B
:105C9000694648A0FAF790FB9DF82000401C8DF85B
:105CA0002000217D9DF820008142E3D85DE0AFF225
:105CB000D030FAF781FB08AA69463846FFF7BCFAEC
:105CC0009DF82000002843D109A96846FFF7EEFCA3
:105CD0008DF8200010B104283AD102E03AA00999C9
:105CE0001CE03CA0FAF768FB0120E0753DE038A01D
:105CF000FAF762FB08AA69463846FFF79DFA9DF855
:105D0000200028BB09A96846FFF7D0FC8DF82000C9
:105D100010B104281CD104E033A00999FAF74CFB18
:105D200023E034A0FAF748FBE5751EE028A0FAF757
:105D300043FB08AA69463846FFF77EFA9DF8200023
:105D400030B909A96846FFF7B1FC8DF8200008B109
:105D50000220B7E5099810F0FF0084F8EC0001D0AC
:105D600029A000E02FA0FAF727FB19A0A7E5012042
:105D7000A8E500002D2D2D2D2D2D2D2D2D2D2D2D7A
:105D80002D2D2D2D2D2D2D2D2D2D2D2D2DBAAFCA97
:105D9000FD204944202D2D2D2D2D2D2D2D2D2D2D4A
:105DA0002D2D2D2D2D2D2D2D2D2D2D2D2D2D2D2D23
:105DB000200D0A0025732069642069733A0D0A30AA
:105DC00058253038580D0A004845583A305825585B
:105DD0000D0A00003136BDF8D6C6B2CECAFDCFD40A
:105DE000CABE210D0A0000004445433A256C750DDA
:105DF0000A0000003130BDF8D6C6B2CECAFDCFD4FD
:105E0000CABE210D0A00000052756E2054696D65EE
:105E10002043616C63756C6174696F6E204F4E0D29
:105E20000A00000052756E2054696D652043616C54
:105E300063756C6174696F6E204F46460D0A0000F1
:105E4000016070474FEA1153A3F58063D3F11E033D
:105E5000A8BFD3F1200C08DB4FF0004242EAC12278
:105E600052EA505232FA03F0704709420BD4102B19
:105E7000C4BF0020704703F5787CBCF1FF3F05D01C
:105E80004FF0FF3070474FF00000704770B500F0E2
:105E9000C3F800BF4992248000207047F0E7B0FAB1
:105EA00080F310FA03F10AD0C3F11D0303F58063F8
:105EB0004FEA41504FEA035202EBD12170474FF0B5
:105EC00000007047DFF848C170B51CEA111E1EBF04
:105ED0001CEA13159EEA0C0F95EA0C0F00F06F8078
:105EE00081EA030423EA4C134EEAD47E21EA4C11E2
:105EF00041F4801143F48013AE44A1FB024CA0FB9B
:105F00000365AEF17F7E361955EB0C05A1FB034C02
:105F10004CF10003A0FB021C16EB0C06654153F18B
:105F20000003094218BF46F0010613F4007F0BD1AD
:105F30004FEA03314FEA0530340341EA155140EA94
:105F400016506FF003020AE04FEAC3214FEAC52062
:105F5000F40241EA555140EA56506FF0020202EB5A
:105F60002E4201EB025585EACE710AD05FEA440C5D
:105F700018BF24F0004450F1000041F1000120EA74
:105F8000D47040F2FE7C624500D270BDA84214BFBE
:105F90004FF080444FF04044002E08BF0024BEF173
:105FA000806FA8BFA1F1C041BDE8704080F282803F
:105FB0004FF0000001F1C04101F0004170479EEA3E
:105FC0000C0F0CEA131518BF95EA0C0F06D04FF012
:105FD000000081EA030E0EF0004170BD00F01CF8D5
:105FE0008900013E00F007B800F009B84FEA430C01
:105FF0005FEA5C5C08D081EA030100F05BB84FEA1D
:10600000410C5FEA5C5CF6D14FF00000014970473B
:106010000000FF070000F87F0EF1020E2EF0030EC5
:106020005EF8046B364205D4012A43EB030515F5EF
:10603000001F12D8012841EB010C1CF5001F0CD8E1
:106040000ED14FEAD17C15F5001F0CEB4C0C0CF176
:10605000020C08BF4CEBD37C04E04FF0080C01E0CD
:106060004FEAD37C0CEB4C0526FA05F606F0070642
:10607000B6F1040C06D20EEB860CBDE870404CF075
:10608000010C6047DFE80CF0090B02024FF0004101
:106090004FF00000A1F5002170BD194610460128FF
:1060A00051EB010418BFD4F5001484BF002001F0A7
:1060B000004170BD0808A0F500114FEA310170479A
:1060C0004FF04070E1EE100A704700000000000041
:1060D0000000010203040607080900000000010295
:1060E00003040000000000000000000000000000A9
:1060F00000003F40000000000000000030004000B1
:1061000030004000000009000BC03D000BC03D0006
:10611000090018C024407FE02240318000001800B0
:1061200024C01B000D803240018003801C402740AA
:106130001C800740004010006000000000000000CC
:1061400000000000000000001F80204040200000F0
:10615000402020401F8000000000090006001F8032
:10616000060009000000040004003F800400040051
:1061700000000010006000000000000000000400AB
:1061800004000400040004000000000000400000BF
:10619000000000000000002001C0060038004000A0
:1061A00000001F802040204020401F800000000091
:1061B00010403FC000400000000018C021402240B5
:1061C00024401840000010802040244024401B80C0
:1061D000000002000D0011003FC0014000003C80A3
:1061E000244024402440238000001F802440244079
:1061F0003440038000003000200027C03800200019
:1062000000001B802440244024401B8000001C0010
:1062100022C0224022401F800000000000000840F1
:10622000000000000000000000000460000000000A
:106230000000000004000A00110020804040090016
:10624000090009000900090000000000404020800A
:1062500011000A0004001800200023402400180048
:1062600000001F802040274029401F4000000040C0
:1062700007C039000F0001C0004020403FC024404B
:1062800024401B8000001F802040204020403080A0
:10629000000020403FC0204020401F8000002040E0
:1062A0003FC024402E4030C0000020403FC024406A
:1062B0002E00300000000F0010802040224033806C
:1062C000020020403FC0040004003FC020402040A6
:1062D00020403FC0204020400000006020202020BF
:1062E0003FC02000200020403FC024400B0030C0B1
:1062F000204020403FC020400040004000C03FC040
:106300003C0003C03C003FC0000020403FC00C40A8
:1063100023003FC020001F802040204020401F80DD
:10632000000020403FC024402400180000001F80CF
:106330002140214020E01FA0000020403FC0244019
:10634000260019C0004018C024402440224031805B
:106350000000300020403FC02040300000002000FE
:106360003F80004000403F80200020003E0001C0F0
:10637000070038002000380007C03C0007C0380084
:106380000000204039C0060039C020400000200035
:10639000384007C0384020000000304021C026406F
:1063A000384020C00000000000007FE04020402076
:1063B0000000000070000C0003800040000000009E
:1063C000402040207FE0000000000000200040004E
:1063D000200000000000001000100010001000104D
:1063E000001000000000400000000000000000005D
:1063F00002800540054003C0004020003FC004402B
:106400000440038000000000038004400440064074
:10641000000000000380044024403FC00040000012
:1064200003800540054003400000000004401FC0F9
:10643000244024402000000002E005500550065092
:10644000042020403FC00440040003C0004000007E
:10645000044027C00040000000000010001004109D
:1064600027E00000000020403FC00140070004C0BA
:106470000440204020403FC000400040000007C0D2
:10648000040007C0040003C00000044007C004402B
:10649000040003C000400000038004400440038067
:1064A0000000041007F004500440038000000000C6
:1064B00003800440045007F00010044007C002406D
:1064C000040004000000000006400540054004C030
:1064D0000000000004001F80044000400000040091
:1064E00007800040044007C000400400070004C0CB
:1064F000018006000400060001C0070001C006007C
:106500000000044006C0010006C004400000041062
:10651000071004E00180060004000000044005C0EC
:106520000640044000000000000004007BE0402022
:106530000000000000000000FFF00000000000006C
:1065400040207BE00400000000004000800040008C
:1065500020002000400000000000000000000000BB
:106560000000000000000000000000001FCC000C34
:10657000000000000000000008003000600008007B
:10658000300060000000022003FC1E20022003FCFB
:106590001E200220000000000E1811043FFF10848E
:1065A0000C78000000000F0010840F3800C007783E
:1065B00018840078000000780F8410C411240E980D
:1065C00000E400840008080068007000000000007B
:1065D00000000000000000000000000007E01818A4
:1065E000200440020000000040022004181807E0C8
:1065F0000000000000000240024001800FF0018016
:106600000240024000000080008000800FF80080FF
:106610000080008000000001000D000E000000005E
:10662000000000000000000000800080008000806A
:106630000080008000800000000C000C00000000C2
:10664000000000000000000000060018006001804B
:10665000060018002000000007F0080810041004CD
:10666000080807F000000000080408041FFC0004EC
:1066700000040000000000000E0C10141024104450
:1066800011840E0C000000000C18100411041104F9
:1066900012880C700000000000E00320042408248D
:1066A0001FFC0024000000001F9810841104110436
:1066B000108810700000000007F008881104110411
:1066C00018880070000000001C00100010FC13006F
:1066D0001C001000000000000E38114410841084CB
:1066E00011440E38000000000700088C10441044CC
:1066F000088807F00000000000000000030C030CF5
:106700000000000000000000000000010106000081
:106710000000000000000000008001400220041082
:10672000080810040000022002200220022002209B
:1067300002200220000000001004080804100220BB
:1067400001400080000000000E001200100C106CD0
:1067500010800F00000003E00C1813E4142417C489
:10676000082807D000000004003C03C41C40074078
:1067700000E4001C000410041FFC110411041104A7
:106780000E880070000003E00C18100410041004C0
:1067900010081C10000010041FFC1004100410044A
:1067A000080807F0000010041FFC1104110417C4AE
:1067B00010040818000010041FFC1104110017C079
:1067C00010000800000003E00C181004100410442E
:1067D0001C780040000010041FFC10840080008022
:1067E00010841FFC10040000100410041FFC10048F
:1067F00010040000000000030001100110011FFE42
:1068000010001000000010041FFC11040380146429
:10681000181C1004000010041FFC100400040004E5
:106820000004000C000010041FFC1F0000FC1F00EF
:106830001FFC1004000010041FFC0C04030000E007
:1068400010181FFC100007F00808100410041004B2
:10685000080807F0000010041FFC1084108010804E
:1068600010800F00000007F0081810241024101CDE
:10687000080A07F2000010041FFC1104110011C0E7
:1068800011300E0C000400000E1C11041084108442
:1068900010441C3800001800100010041FFC1004E5
:1068A00010001800000010001FF81004000400047D
:1068B00010041FF8100010001E0011E0001C0070F2
:1068C00013801C0010001FC0103C00E01F0000E0FF
:1068D000103C1FC000001004180C163401C001C089
:1068E0001634180C100410001C00130400FC1304D0
:1068F0001C00100000000804101C10641084130415
:106900001C04101800000000000000007FFE400280
:10691000400240020000000030000C0003800060D4
:10692000001C0003000000004002400240027FFE05
:1069300000000000000000000000200040004000B7
:1069400040002000000000010001000100010001E2
:106950000001000100010000400040002000000094
:1069600000000000000000000098012401440144E0
:10697000014400FC000410001FFC00880104010415
:10698000008800700000000000700088010401040D
:106990000104008800000000007000880104010468
:1069A00011081FFC0004000000F8014401440144E8
:1069B000014400C800000000010401040FFC1104A0
:1069C000110411001800000000D601290129012935
:1069D00001C90106000010041FFC00840100010031
:1069E000010400FC000400000104190419FC000467
:1069F0000004000000000000000300010101190173
:106A000019FE0000000010041FFC0024004001B427
:106A1000010C010400000000100410041FFC00041D
:106A2000000400000000010401FC0104010001FC5D
:106A30000104010000FC010401FC008401000100CC
:106A4000010400FC0004000000F80104010401043A
:106A5000010400F80000010101FF008501040104A8
:106A6000008800700000000000700088010401042C
:106A7000010501FF00010104010401FC008401047F
:106A8000010001800000000000CC01240124012449
:106A900001240198000000000100010007F8010432
:106AA000010400000000010001F8000400040004DB
:106AB000010801FC0004010001800170000C0010BD
:106AC00001600180010001F0010C003001C00030C4
:106AD000010C01F0010000000104018C0074017040
:106AE000018C01040000010101810171000E0018F8
:106AF00001600180010000000184010C01340144A7
:106B00000184010C000000000000000000000100F2
:106B10003EFC400240020000000000000000FFFFB9
:106B20000000000000000000400240023EFC0100A6
:106B300000000000000000006000800080004000B5
:106B400040002000200000000000000000000000C5
:106B50000000000000000000000000000000000035
:106B60000000000000000000000000000000000025
:106B70000000000000000000000F80380FFE380FFA
:106B8000803800000000000000000000000000004D
:106B9000000000000100000600000C0000380000AA
:106BA0003100000600000C0000380000300000003A
:106BB00000000000000061800067F807F9800061B4
:106BC000800061800061800061800067F807F980C3
:106BD00000618000000000000000000001C0E00330
:106BE000E0F00630080418081FFFFE040E080787AF
:106BF000F00381E000000000000001F000060C003E
:106C0000040408060C7001F9C0000E00003BE0000F
:106C1000EC18070808040C180003E000000000014D
:106C2000E00007F003F818041C0804170807E1D077
:106C300003C0E00023B0003C080020080000100062
:106C400000000000000100003100003200001C00C4
:106C50000000000000000000000000000000000034
:106C60000000000000000000000000000000000024
:106C70000000000000007F0001FFC00780F00C0052
:106C80001810000420000200000000000020000294
:106C90001000040C00180780F001FFC0007F000006
:106CA00000000000000000000000000000000000E4
:106CB00000004200006600006600003C0000180072
:106CC00003FFC0001800003C0000660000660000E2
:106CD0004200000000000800000800000800000852
:106CE0000000080001FFC0000800000800000800C4
:106CF0000008000008000000000000010000310052
:106D0000003200001C000000000000000000000035
:106D1000000000000000000000000000000008006B
:106D2000000800000800000800000800000800003B
:106D30000800000800000800000800000000000033
:106D4000000000000000380000380000380000009B
:106D50000000000000000000000000000000000033
:106D6000000000000000000600001C000070000190
:106D700080000E0000380000C0000700001C00006A
:106D8000300000000000000000007F8001FFE003F1
:106D9000807006001804000804000806001803802C
:106DA0007001FFE0007F8000000000000000000094
:106DB00001000801000801000803FFF807FFF800C0
:106DC00000080000080000080000000000000000AB
:106DD0000001C03802C058040098040118040218C9
:106DE000040418061C1803F81801E0F8000000005D
:106DF000000000000001C0E003C0F0040008040827
:106E00000804080806180803F41801E7F00001E078
:106E1000000000000000000000000300000D000062
:106E2000110000610000810803010807FFF80FFF4F
:106E3000F80001080001080000000000000000E068
:106E400007FCD006080806100806100806100806F9
:106E50001838060FF00607C0000000000000000010
:106E600000003F8001FFE00384300208180410088E
:106E7000041008041008071810030FF00007C000E2
:106E8000000000000000000003C000070000060032
:106E9000000600F80607F806180006E000070000E4
:106EA00006000000000000000001E1E003F7F0062A
:106EB0003410041808041808040C08040C080616FA
:106EC0001803F3F001C1E000000000000000F8002A
:106ED00003FC300306380402080402080402080414
:106EE00004100308F001FFC0007F00000000000054
:106EF00000000000000000000000000000007038EA
:106F00000070380070380000000000000000000031
:106F10000000000000000000000000000000000071
:106F20000000301A00301C000000000000000000CB
:106F30000000000000000000000000000008000049
:106F40001400002200004100008080010040020087
:106F500020040010080008000000000000002100CC
:106F6000002100002100002100002100002100007C
:106F7000210000210000210000210000000000008D
:106F8000000000000800080400100200200100407A
:106F90000080800041000022000014000008000072
:106FA000000000000003C00004C00004000008004E
:106FB00038080F380808380810000C300007E000C7
:106FC00003C000000000000000003F8000FFE0035D
:106FD0008070020F1006708804C088048308047F44
:106FE0008802C09003012000FE4000000800001845
:106FF0000001F8003E0801C20007020007E200009D
:10700000FE00001FC80001F800003800000804005E
:107010000807FFF807FFF804080804080804080830
:1070200004080806180803F41801E7F00001E0005E
:107030000000000000003F8001FFE00380700200BC
:1070400018040008040008040008040010060020CA
:107050000780C000000004000807FFF807FFF804DD
:10706000000804000804000804001802001003804F
:107070007001FFE0007F8000000004000807FFF8B7
:1070800007FFF804080804080804080804080804AE
:107090003E0804000806001801006000000004001B
:1070A0000807FFF807FFF8040808040800040800B0
:1070B000040800043E0006000006000001800000F5
:1070C0000000000000003F8001FFE0038070060028
:1070D000180400080402080402080203F00783F001
:1070E00000020000020004000807FFF807FFF80490
:1070F0000808000800000800000800000800040854
:107100000807FFF807FFF80400080000000000006F
:1071100004000804000804000807FFF807FFF8044B
:10712000000804000804000800000000000000003F
:107130000000000600000700000104000104000137
:1071400004000307FFFE07FFFC0400000400000426
:10715000000004000807FFF807FFF8040C080018F7
:1071600000003E0004C7800503C80600F80400388C
:1071700004001800000804000807FFF807FFF804DF
:1071800000080000080000080000080000080000D7
:107190000800001800006000000004000807FFF865
:1071A00007800807FC00007FC00003F80007C0004C
:1071B000780007800807FFF807FFF80400080400BC
:1071C0000807FFF807000803C00000E000003800CF
:1071D000001E000007000001C00400F007FFF804D3
:1071E0000000000000007F8001FFE00380700600C7
:1071F0001804000804000806001803003001FFE02E
:10720000007F8000000004000807FFF807FFF80473
:107210000408040400040400040400040400060C30
:107220000003F80001F000000000000000007F8073
:1072300001FFE00380700600880400880400C8068F
:10724000003C03003E01FFE6007F840000000400D4
:107250000807FFF807FFF8040808040800040C00FA
:10726000040F00040BC00610F003F03801E0080022
:10727000000800000001E0F803F0300630100418A8
:1072800008041808040C08040C080206180207F089
:107290000781E000000001800006000004000004F7
:1072A000000004000807FFF807FFF80400080400C6
:1072B0000004000006000001800004000007FFE059
:1072C00007FFF00400180000080000080000080094
:1072D000000800000804001007FFE004000004009C
:1072E0000006000007E00007FE00041FE00001F8B0
:1072F0000000380001E0043E0007C0000600000462
:10730000000004000007E00007FFC0041FF80007AA
:10731000C007F80007FF80043FF80007C004F8002A
:107320000700000400000000000400080600180721
:10733000C07805F1C8003E00001F800463E80780A4
:10734000F806001804000800000004000006000011
:1073500007800007E008047C08001FF80007F80019
:10736000180804E008070000060000040000000000
:10737000000100080600380400F80403E8040F08C0
:10738000047C0805F00807C0080700180400600026
:1073900000000000000000000000000000000000ED
:1073A000003FFFFE20000220000220000220000219
:1073B000200002000000000000000000080000079C
:1073C000000000C0000038000006000001C00000FE
:1073D0003000000E0000010000000000000000006E
:1073E0002000022000022000022000022000023FB4
:1073F000FFFE000000000000000000000000000090
:107400000000000000000008000010000030000034
:107410002000003000001000000800000000000004
:107420000000000001000001000001000001000058
:107430000100000100000100000100000100000146
:10744000000001000001000000000000000000201A
:1074500000002000001000001000000000000000EC
:10746000000000000000000000000000000000F02C
:107470000019F8001B180022080026080024080044
:107480002410003FF8001FF800000800001800005A
:107490000004000007FFF80FFFF0001818001008A4
:1074A000002008002008003018001FF0000FC00066
:1074B00000000000000007C0001FF000183000208E
:1074C00008002008002008003C08001C1000006094
:1074D0000000000000000000000007C0001FF000D6
:1074E000381800200800200800200804101007FFAA
:1074F000F80FFFF000001000000000000000000086
:107500000007C0001FF000123000221800220800FF
:107510002208003208001E10000E200000000000AB
:107520000000200000200800200801FFF803FFF8F9
:10753000062008042008042008072000030000009B
:10754000000000000000000E000E6E001FF300316E
:10755000B10020B10020B1003191001F13002E1E98
:1075600000200E00300000000004000807FFF80FA4
:10757000FFF8001008002000002000002008003F55
:10758000F8001FF8000008000000000000000000E4
:10759000002008002008002008063FF8063FF800F9
:1075A00000080000080000080000000000000000C3
:1075B0000000000000000300000300200100200183
:1075C000002003063FFE063FFC0000000000000014
:1075D000000000000004000807FFF80FFFF800019A
:1075E00088000300002FC00038F800203800200871
:1075F0000000080000000000000000000400080473
:10760000000804000807FFF80FFFF800000800005A
:1076100008000008000000000000002008003FF8FB
:10762000003FF8001008002000003FF8003FF8007D
:107630001008002000003FF8003FF800000800009C
:1076400000002008003FF8003FF80010080010007C
:10765000002000002008003FF8001FF8000008008C
:1076600000000000000007C0000FF00018300030DC
:1076700008002008002008003008001830000FF033
:107680000007C0000000000000002001003FFF00D4
:107690003FFF0010110020090020080020080030E2
:1076A00038001FF0000FC00000000000000007C0FD
:1076B000001FF000381800200800200800200900F2
:1076C0001011001FFF003FFF00000100000000201C
:1076D00008002008002008003FF8003FF8000808D4
:1076E00000100800200800200000300000300000DA
:1076F0000000000000000000000C78001E1800339D
:10770000080023080021080021880021980030F09B
:107710000038600000000000000020000020000091
:10772000200000FFF003FFF80020080020080020E0
:1077300008000030000000000000000000002000F1
:10774000003FF0007FF8000018000008000008006B
:107750002010003FF8007FF0000010000000000043
:1077600000002000003000003C00003F800023F0BB
:10777000000078000070002380003C000030000012
:107780002000002000003C00003FE00023F8000043
:10779000E0002700003E00003FE00021F80001E08B
:1077A000003E00002000000000002008002008002B
:1077B0003838003E680027800003C8002CF80038E5
:1077C0003800201800200800000000000000200001
:1077D000003003003C01003F830023EC00007000F8
:1077E0002380003C0000200000200000000000007A
:1077F000000000000038080020380020F80023E8CE
:10780000002F88003E080038080020180000700093
:107810000000000000000000000000000000000068
:10782000000008000014001FF7FC300006200002D2
:107830000000000000000000000000000000000048
:107840000000000000000000FFFFFF00000000003B
:107850000000000000000000000000000000000028
:107860002000023000061FF7FC0014000008000092
:107870000000000000000000000000000000000008
:1078800000180000600000400000400000200000E0
:107890001000000800000400000400000C000010AC
:1078A00000000000000000000000000000000000D8
:1078B00000000000000000000000000000000000C8
:1078C00000000000000000000000000000000000B8
:1078D00000000000000000000000000000000000A8
:1078E0000000000000000000000000000000000098
:1078F0000000000000000000000000000000000088
:107900000000000000000000000000000000000077
:107910000000000000000000000000000000000067
:107920000000000000000000000000000000000057
:107930000000000000000000000007F000C007FF8A
:10794000E1E007F001E0000000C0000000000000DE
:107950000000000000000000000000000000000027
:107960000000000000000000000000000000000017
:107970000000000000000000000000000000000007
:1079800000000000000000000000000000000000F7
:1079900000000000000000000000000000000000E7
:1079A000000000000000000000000020000001C0F6
:1079B0000000078000001F0000001E0000001C20C7
:1079C000000001C00000078000001F0000001E0032
:1079D00000001C000000000000000000000000008B
:1079E0000000000000000000000000000000000097
:1079F0000000000000000000000000000000000087
:107A00000000000000000000000000000000000076
:107A10000000000000000000000000000000000066
:107A200000000000000000180C0000180C000018F6
:107A30000FE0001FFC0003F80C0000180C000018F9
:107A40000C0000180C0000180C0000180FE0001FBC
:107A5000FC0003F80C0000180C0000180C000000DB
:107A60000000000000000000000000000000000016
:107A70000000000000000000000000000000000006
:107A800000000000000000000000000000000000F6
:107A900000000000000000000000000000000000E6
:107AA00000000000000000000000000007800078D7
:107AB00007C000FC0640010E00200307002002035F
:107AC00080200FFFFFFC0201C0200200E0600130B7
:107AD000704001F03F8000F01F0000000000000037
:107AE0000000000000000000000000000000000096
:107AF0000000000000000000000000000000000086
:107B00000000000000000000000000000000000075
:107B10000000000000000000000000000000000065
:107B2000000000FE000001FF0000030180000200D1
:107B30008060030181C001FF070000FE1800000003
:107B4000E0000003BF00000CFFC00071806001C1B5
:107B50000020030180600000FFC000003F00000023
:107B60000000000000000000000000000000000015
:107B70000000000000000000000000000000000005
:107B800000000000000000000000000000000000F5
:107B900000000000000000000000000000000000E5
:107BA000000000001F0000007FC000FCC0C001FFFB
:107BB00080600303E0200202782002061E2003FCFE
:107BC000074001F00380000103C000011C600001B8
:107BD000E0200001002000010040000001800000C2
:107BE0000000000000000000000000000000000095
:107BF0000000000000000000000000000000000085
:107C00000000000000000000000000000000000074
:107C10000000000000000000000000000000000064
:107C2000000000000000002000001C6000001C405C
:107C300000001F8000000F00000000000000000096
:107C40000000000000000000000000000000000034
:107C50000000000000000000000000000000000024
:107C60000000000000000000000000000000000014
:107C70000000000000000000000000000000000004
:107C800000000000000000000000000000000000F4
:107C900000000000000000000000000000000000E4
:107CA00000000000000000000000000000000000D4
:107CB00000000000000000000000000000000007BD
:107CC000F800003FFF00007807C001C000E003009B
:107CD000003004000008080000041000000200004A
:107CE0000000000000000000000000000000000094
:107CF0000000000000000000000000000000000084
:107D00000000000000000000000000000000000073
:107D10000000000000000000000000000000000063
:107D20000000000000001000000208000004040031
:107D300000080300003001C000E0007807C0003FE9
:107D4000FF000007F8000000000000000000000035
:107D50000000000000000000000000000000000023
:107D60000000000000000000000000000000000013
:107D70000000000000000000000000000000000003
:107D800000000000000000000000000000000000F3
:107D900000000000000000000000000000000000E3
:107DA00000000000000000000000000C1800000EA1
:107DB0003800000E3800000630000003600000614B
:107DC000438000FFFF800061430000036000000665
:107DD0003000000E3800000E3800000C18000000C3
:107DE0000000000000000000000000000000000093
:107DF0000000000000000000000000000000000083
:107E00000000000000000000000000000000000072
:107E10000000000000000000000000000000000062
:107E200000000000000000000000000080000000D2
:107E30008000000080000000800000008000000042
:107E40008000007FFF000000800000008000000034
:107E50008000000080000000800000008000000022
:107E60000000000000000000000000000000000012
:107E70000000000000000000000000000000000002
:107E800000000000000000000000000000000000F2
:107E900000000000000000000000000000000000E2
:107EA00000000000000000000001000000E30000EE
:107EB00000E2000000FC000000780000000000006C
:107EC00000000000000000000000000000000000B2
:107ED00000000000000000000000000000000000A2
:107EE0000000000000000000000000000000000092
:107EF0000000000000000000000000000000000082
:107F00000000000000000000000000000000000071
:107F10000000000000000000000000000000000061
:107F20000000000000000000800000008000000051
:107F30008000000080000000800000008000000041
:107F40008000000080000000800000008000000031
:107F50008000000080000000800000008000000021
:107F60000000000000000000000000000000000011
:107F70000000000000000000000000000000000001
:107F800000000000000000000000000000000000F1
:107F900000000000000000000000000000000000E1
:107FA00000000000000000000000000000C0000011
:107FB00001E0000001E0000000C00000000000003F
:107FC00000000000000000000000000000000000B1
:107FD00000000000000000000000000000000000A1
:107FE0000000000000000000000000000000000091
:107FF0000000000000000000000000000000000081
:108000000000000000000000000000000000000070
:108010000000000000000000000000000000000060
:108020000000000000000000000C0000003800000C
:1080300000E00000038000000E0000003800000097
:10804000E00000038000000E00000038000000E0A7
:108050000000038000000E00000018000000000077
:108060000000000000000000000000000000000010
:108070000000000000000000000000000000000000
:1080800000000000000000000000000000000000F0
:1080900000000000000000000000000000000000E0
:1080A00000000000000000000000000FF800007F4A
:1080B000FF0000F00780018000C0030000600200A4
:1080C0000020020000200200002003000060018068
:1080D00000C000E00380007FFF00000FF8000000F8
:1080E0000000000000000000000000000000000090
:1080F0000000000000000000000000000000000080
:10810000000000000000000000000000000000006F
:10811000000000000000000000000000000000005F
:1081200000000000000000000000000000000080CF
:10813000002000800020008000200080006001FFFF
:10814000FFE003FFFFE000000060000000200000EF
:1081500000200000002000000000000000000000DF
:10816000000000000000000000000000000000000F
:1081700000000000000000000000000000000000FF
:1081800000000000000000000000000000000000EF
:1081900000000000000000000000000000000000DF
:1081A00000000000000000000000007800E00098DF
:1081B0000160010002600200046002000860020029
:1081C00010600200206002004060030080600183B4
:1081D000006001FE00E0007C07800000000000005D
:1081E000000000000000000000000000000000008F
:1081F000000000000000000000000000000000007F
:10820000000000000000000000000000000000006E
:10821000000000000000000000000000000000005E
:108220000000000000000000000000F0078001F0E6
:1082300007C00100004002000020020100200201EE
:10824000002002010020030380200186804001FC01
:10825000C0C000787F8000001E0000000000000009
:10826000000000000000000000000000000000000E
:1082700000000000000000000000000000000000FE
:1082800000000000000000000000000000000000EE
:1082900000000000000000000000000000000000DE
:1082A000000000000000000008000000380000008E
:1082B00048000001880000060800000C081000308B
:1082C00008100040081001FFFFF003FFFFF003FF5C
:1082D000FFF0000008100000081000000810000067
:1082E000000000000000000000000000000000008E
:1082F000000000000000000000000000000000007E
:10830000000000000000000000000000000000006D
:10831000000000000000000000000000000000005D
:108320000000000000000000000000000780001FA7
:10833000864003E100200302002003040020030420
:108340000020030400200304002003060040030370
:1083500001C00301FF8003007E0000000000000058
:10836000000000000000000000000000000000000D
:1083700000000000000000000000000000000000FD
:1083800000000000000000000000000000000000ED
:1083900000000000000000000000000000000000DD
:1083A000000000000000000000000007FC00003F8B
:1083B000FF000070C380008180C0010100600302E3
:1083C000002002020020020200200202002002031C
:1083D000004001C180C000C0FF8000007E0000009E
:1083E000000000000000000000000000000000008D
:1083F000000000000000000000000000000000007D
:10840000000000000000000000000000000000006C
:10841000000000000000000000000000000000005C
:108420000000000000000000000000F0000003C099
:1084300000000380000003000000030007E00300C9
:108440003FE00301C00003060000031800000360C2
:108450000000038000000300000000000000000096
:10846000000000000000000000000000000000000C
:1084700000000000000000000000000000000000FC
:1084800000000000000000000000000000000000EC
:1084900000000000000000000000000000000000DC
:1084A00000000000000000001F0000783F8000FC7A
:1084B00060C0018EC040030780200203002002013B
:1084C0008020020180200201C0200301E0400186DB
:1084D00070C000FC3F8000781F000000000000001A
:1084E000000000000000000000000000000000008C
:1084F000000000000000000000000000000000007C
:10850000000000000000000000000000000000006B
:10851000000000000000000000000000000000005B
:10852000000000000000003F000000FF81C001C00B
:10853000C1C00100602002002020020020200200B3
:10854000202002002060020040C00100C18000C164
:108550008F00007FFE00001FF00000000000000000
:10856000000000000000000000000000000000000B
:1085700000000000000000000000000000000000FB
:1085800000000000000000000000000000000000EB
:1085900000000000000000000000000000000000DB
:1085A00000000000000000000000000000000000CB
:1085B00000000000000000000000000300C00007F1
:1085C00081E0000781E0000300C00000000000001F
:1085D000000000000000000000000000000000009B
:1085E000000000000000000000000000000000008B
:1085F000000000000000000000000000000000007B
:10860000000000000000000000000000000000006A
:10861000000000000000000000000000000000005A
:10862000000000000000000000000000000000004A
:1086300000000000000000000000000600660006C8
:1086400000780000000000000000000000000000B2
:10865000000000000000000000000000000000001A
:10866000000000000000000000000000000000000A
:1086700000000000000000000000000000000000FA
:1086800000000000000000000000000000000000EA
:1086900000000000000000000000000000000000DA
:1086A0000000000000000000000000008000000149
:1086B000C0000003600000063000000C1800001825
:1086C0000C00003006000060030000C001800100C3
:1086D0000040020000200400001000000000000024
:1086E000000000000000000000000000000000008A
:1086F000000000000000000000000000000000007A
:108700000000000000000000000000000000000069
:108710000000000000000000000000000000000059
:10872000000000000000000410000004100000041D
:1087300010000004100000041000000410000004E9
:1087400010000004100000041000000410000004D9
:1087500010000004100000041000000410000000CD
:108760000000000000000000000000000000000009
:1087700000000000000000000000000000000000F9
:1087800000000000000000000000000000000000E9
:1087900000000000000000000000000000000000D9
:1087A00000000000000000000000040000100200B3
:1087B00000200100004000C0018000600300003084
:1087C000060000180C00000C180000063000000322
:1087D00060000001C00000008000000000000000F8
:1087E0000000000000000000000000000000000089
:1087F0000000000000000000000000000000000079
:108800000000000000000000000000000000000068
:108810000000000000000000000000000000000058
:10882000000000000000000000000078000001F8D7
:1088300000000238000002000000040000C0040034
:1088400079E0040081E0040100C00403000002029A
:1088500000000306000001FC000000F8000000001A
:108860000000000000000000000000000000000008
:1088700000000000000000000000000000000000F8
:1088800000000000000000000000000000000000E8
:1088900000000000000000000000000000000000D8
:1088A000000000000000000FF800003FFE00007014
:1088B000078000C000C00101F8400307FC20021E31
:1088C00004200230082002203020023FFC20013F1B
:1088D000044001800CC000E03180001FC200000095
:1088E0000000000000000000000000000000000088
:1088F0000000000000000000000000000000000078
:108900000000000000000000000000000000000067
:108910000000000000000000000000000000000057
:1089200000000000002000000060000003E00000E4
:108930003E200003E020003E200003E020000380F2
:10894000200007FC2000003FE0000003FE200000A4
:108950003FE0000001E000000020000000200000D7
:108960000000000000000000000000000000000007
:1089700000000000000000000000000000000000F7
:1089800000000000000000000000000000000000E7
:1089900000000000000000000000000000000000D7
:1089A000000000000000020000200200002003FF81
:1089B000FFE003FFFFE002010020020100200201AE
:1089C0000020020100200201002003030020018694
:1089D000806001FCC0C000F87F8000001F00000024
:1089E0000000000000000000000000000000000087
:1089F0000000000000000000000000000000000077
:108A00000000000000000000000000000000000066
:108A10000000000000000000000000000000000056
:108A20000000000000000007F800003FFF00007099
:108A3000078000C000C001000040030000200200C9
:108A4000002002000020020000200200002001009F
:108A50000040018000C003C001800030060000001B
:108A60000000000000000000000000000000000006
:108A700000000000000000000000000000000000F6
:108A800000000000000000000000000000000000E6
:108A900000000000000000000000000000000000D6
:108AA000000000000000020000200200002003FF80
:108AB000FFE003FFFFE002000020020000200200B0
:108AC000002002000020030000600100004001803F
:108AD00000C000F00780007FFE00000FF8000000DB
:108AE0000000000000000000000000000000000086
:108AF0000000000000000000000000000000000076
:108B00000000000000000000000000000000000065
:108B10000000000000000000000000000000000055
:108B2000000000000000020000200200002003FFFF
:108B3000FFE003FFFFE0020100200201002002012C
:108B40000020020100200201002002038020020F09
:108B5000E0200300006003C000E0006003000000AC
:108B60000000000000000000000000000000000005
:108B700000000000000000000000000000000000F5
:108B800000000000000000000000000000000000E5
:108B900000000000000000000000000000000000D5
:108BA000000000000000020000200200002003FF7F
:108BB000FFE003FFFFE002010020020100200201AC
:108BC0000000020100000201000002010000020397
:108BD0008000030FE0000300000003C000000060FD
:108BE0000000000000000000000000000000000085
:108BF0000000000000000000000000000000000075
:108C00000000000000000000000000000000000064
:108C10000000000000000000000000000000000054
:108C20000000000000000007F800003FFE00007098
:108C3000078001C001C001000040030000200200C5
:108C4000002002000020020000200100202001007E
:108C5000204003C03F8000303F8000002000000023
:108C600020000000000000000000000000000000E4
:108C700000000000000000000000000000000000F4
:108C800000000000000000000000000000000000E4
:108C900000000000000000000000000000000000D4
:108CA0000000020000200200002003FFFFE003FF9D
:108CB000FFE0020080200200802000008000000011
:108CC000800000008000020080200200802003FF5E
:108CD000FFE003FFFFE00200002002000020000090
:108CE0000000000000000000000000000000000084
:108CF0000000000000000000000000000000000074
:108D00000000000000000000000000000000000063
:108D10000000000000000000000000000000000053
:108D20000000000000000000000000000000020041
:108D3000002002000020020000200200002003FFAB
:108D4000FFE003FFFFE0020000200200002002001D
:108D500000200200002000000000000000000000D1
:108D60000000000000000000000000000000000003
:108D700000000000000000000000000000000000F3
:108D800000000000000000000000000000000000E3
:108D900000000000000000000000000000000000D3
:108DA0000000000000000000000E0000000F0000A6
:108DB000000F00000001020000010200000102009B
:108DC00000030200000603FFFFFC03FFFFF80200A0
:108DD000000002000000020000000200000000008D
:108DE0000000000000000000000000000000000083
:108DF0000000000000000000000000000000000073
:108E00000000000000000000000000000000000062
:108E10000000000000000000000000000000000052
:108E2000000000000000020000200200002003FFFC
:108E3000FFE003FFFFE00200C02002010020000766
:108E40008000000FE0000030F80002603E20038048
:108E50000F20030003E0020000E0020000200000F9
:108E600000200000000000000000000000000000E2
:108E700000000000000000000000000000000000F2
:108E800000000000000000000000000000000000E2
:108E900000000000000000000000000000000000D2
:108EA000000000000000020000200200002003FF7C
:108EB000FFE003FFFFE002000020020000200000AE
:108EC0000020000000200000002000000020000022
:108ED000002000000060000000E00000030000002F
:108EE0000000000000000000000000000000000082
:108EF0000000000000000000000000000000000072
:108F00000000000000000000000000000000000061
:108F10000000000000000000000000000000000051
:108F20000000020000200200002003FFFFE003E039
:108F3000002003FF0020001FF0000001FF80000060
:108F40000FE000001E000003E000003E002003E0F0
:108F5000002003FFFFE003FFFFE00200002002000B
:108F600000200000000000000000000000000000E1
:108F700000000000000000000000000000000000F1
:108F800000000000000000000000000000000000E1
:108F900000000000000000000000000000000000D1
:108FA0000000020000200200002003FFFFE0038019
:108FB000002003F0002000FC0000001F000000075C
:108FC000C0000001F00000007C0002001F800200D1
:108FD00007E003FFFFE002000000020000000000C5
:108FE0000000000000000000000000000000000081
:108FF0000000000000000000000000000000000071
:109000000000000000000000000000000000000060
:109010000000000000000000000000000000000050
:10902000000000000000000FF800003FFE0000F00C
:109030000780018000C00100004002000020020003
:1090400000200200002002000020010000400180FA
:1090500000C000F00380003FFE00000FF800000099
:109060000000000000000000000000000000000000
:1090700000000000000000000000000000000000F0
:1090800000000000000000000000000000000000E0
:1090900000000000000000000000000000000000D0
:1090A000000000000000020000200200002003FF7A
:1090B000FFE003FFFFE002008020020080200200AA
:1090C0008000020080000200800002008000030196
:1090D00080000183000000FE0000007C0000000012
:1090E0000000000000000000000000000000000080
:1090F0000000000000000000000000000000000070
:10910000000000000000000000000000000000005F
:10911000000000000000000000000000000000004F
:10912000000000000000000FF800007FFF0000F0CA
:109130000380018001C001000640020004200200FB
:10914000042002000620020003E0010000F8018074
:10915000005C00E0038C003FFF0C000FFC180000D7
:1091600000000000000000000000000000000000FF
:1091700000000000000000000000000000000000EF
:1091800000000000000000000000000000000000DF
:1091900000000000000000000000000000000000CF
:1091A000000000000000020000200200002003FF79
:1091B000FFE003FFFFE002010020020100200201A6
:1091C00080000201E0000201FC0003033F800186F1
:1091D00007E001FC00E000F8002000000020000093
:1091E000000000000000000000000000000000007F
:1091F000000000000000000000000000000000006F
:10920000000000000000000000000000000000005E
:10921000000000000000000000000000000000004E
:10922000000000000000000000000078060000FEC2
:1092300001E0018600C00303004002030020020198
:109240008020020180200201C0200200C020010015
:10925000E060018070C003E03F8000001F0000005C
:1092600000000000000000000000000000000000FE
:1092700000000000000000000000000000000000EE
:1092800000000000000000000000000000000000DE
:1092900000000000000000000000000000000000CE
:1092A00000000000000000600000038000000300D8
:1092B000000002000000020000200200002003FF66
:1092C000FFE003FFFFE00200002002000020020098
:1092D0000000020000000380000000E00000000029
:1092E000000000000000000000000000000000007E
:1092F000000000000000000000000000000000006E
:10930000000000000000000000000000000000005D
:10931000000000000000000000000000000000004D
:109320000000020000000200000003FFFF0003FF36
:10933000FFC00200004002000060000000200000AA
:109340000020000000200000002002000040020079
:10935000008003FFFF000200000002000000000088
:1093600000000000000000000000000000000000FD
:1093700000000000000000000000000000000000ED
:1093800000000000000000000000000000000000DD
:1093900000000000000000000000000000000000CD
:1093A000000000000000020000000200000003C0F6
:1093B000000003FC0000023FC0000003F8000000B2
:1093C0007F80000007E000000780000078000203B3
:1093D000C000023C000003C00000020000000200C8
:1093E000000000000000000000000000000000007D
:1093F000000000000000000000000000000000006D
:10940000000000000000000000000000000000005C
:10941000000000000000000000000000000000004C
:1094200000000200000003C0000003FF8000023FB4
:10943000FE0002007FE000000F000200F00003EFDA
:10944000000003FF8000020FFE0000003FE000006C
:109450001F000207E00003F8000003000000020004
:1094600000000000000000000000000000000000FC
:1094700000000000000000000000000000000000EC
:1094800000000000000000000000000000000000DC
:1094900000000000000000000000000000000000CC
:1094A00000000000000002000020020000200380F5
:1094B00000E003F0032002FC0C20021F3000000734
:1094C000C0000007F00002187C0002601F2003802B
:1094D00003E0020000E00200002000000020000085
:1094E000000000000000000000000000000000007C
:1094F000000000000000000000000000000000006C
:10950000000000000000000000000000000000005B
:10951000000000000000000000000000000000004B
:10952000000000000000020000000300000003C073
:10953000000003F80000023E0020020FC0200001DE
:10954000FFE000007FE000038020021C002002708A
:109550000000038000000200000002000000000084
:1095600000000000000000000000000000000000FB
:1095700000000000000000000000000000000000EB
:1095800000000000000000000000000000000000DB
:1095900000000000000000000000000000000000CB
:1095A00000000000000000000020006000E00380D8
:1095B00003E003000FA002003E200200F820020397
:1095C000E020020F8020023E00200278002003E00D
:1095D0000060038000E002000300000000000000C3
:1095E000000000000000000000000000000000007B
:1095F000000000000000000000000000000000006B
:10960000000000000000000000000000000000005A
:10961000000000000000000000000000000000004A
:10962000000000000000000000000000000000003A
:10963000000000000000000000001FFFFFFC100001
:1096400000041000000410000004100000041000CA
:1096500000041000000410000004000000000000DE
:1096600000000000000000000000000000000000FA
:1096700000000000000000000000000000000000EA
:1096800000000000000000000000000000000000DA
:1096900000000000000000000000000000000000CA
:1096A00000000000000000000000000000000700B3
:1096B000000003C0000000780000001E000000034E
:1096C000C0000000F00000001E0000000780000045
:1096D00000F00000003C0000000600000000000058
:1096E000000000000000000000000000000000007A
:1096F000000000000000000000000000000000006A
:109700000000000000000000000000000000000059
:109710000000000000000000000000000000000049
:109720000000000000000000000010000004100015
:1097300000041000000410000004100000041000D9
:109740000004100000041FFFFFFC000000000000E8
:109750000000000000000000000000000000000009
:1097600000000000000000000000000000000000F9
:1097700000000000000000000000000000000000E9
:1097800000000000000000000000000000000000D9
:1097900000000000000000000000000000000000C9
:1097A00000000000000000000000000000000000B9
:1097B0000000020000000400000008000000180083
:1097C0000000100000001800000018000000040055
:1097D0000000020000000000000000000000000087
:1097E0000000000000000000000000000000000079
:1097F0000000000000000000000000000000000069
:109800000000000000000000000000000000000058
:109810000000000000000000000000000000000048
:109820000000000000010000000100000001000035
:109830000001000000010000000100000001000024
:109840000001000000010000000100000001000014
:109850000001000000010000000100000001000004
:1098600000010000000000000000000000000000F7
:1098700000000000000000000000000000000000E8
:1098800000000000000000000000000000000000D8
:1098900000000000000000000000000000000000C8
:1098A00000000000000000000000000000001000A8
:1098B0000000100000001000000018000000080068
:1098C0000000040000000000000000000000000094
:1098D0000000000000000000000000000000000088
:1098E0000000000000000000000000000000000078
:1098F0000000000000000000000000000000000068
:109900000000000000000000000000000000000057
:109910000000000000000000000000000000000047
:109920000000000000000000038000018FC0000361
:109930008C60000618200004102000041020000491
:10994000202000042040000620400003FFC000014A
:10995000FFE00000002000000020000000C0000028
:1099600000000000000000000000000000000000F7
:1099700000000000000000000000000000000000E7
:1099800000000000000000000000000000000000D7
:1099900000000000000000000000000000000000C7
:1099A000000000000000020000000200000003FFB1
:1099B000FFE007FFFFC0000180C00002006000025E
:1099C0000020000400200004002000040020000605
:1099D0000040000300C00001FF800000FE00000006
:1099E0000000000000000000000000000000000077
:1099F0000000000000000000000000000000000067
:109A00000000000000000000000000000000000056
:109A10000000000000000000000000000000000046
:109A20000000000000000000000000007E000001B7
:109A3000FF80000381C000020040000600200004F7
:109A40000020000400200004002000060020000385
:109A5000C0400001C08000000300000000000000C2
:109A600000000000000000000000000000000000F6
:109A700000000000000000000000000000000000E6
:109A800000000000000000000000000000000000D6
:109A900000000000000000000000000000000000C6
:109AA0000000000000000000000000007E00000137
:109AB000FF80000380C00006006000040020000456
:109AC000002000040020020400400202008003FF86
:109AD000FFE007FFFFC00000004000000040000062
:109AE0000000000000000000000000000000000076
:109AF0000000000000000000000000000000000066
:109B00000000000000000000000000000000000055
:109B10000000000000000000000000000000000045
:109B20000000000000000000000000007E000001B6
:109B3000FF80000311C00002104000041060000408
:109B40001020000410200004102000061020000344
:109B500010400001F0C00000710000000000000093
:109B600000000000000000000000000000000000F5
:109B700000000000000000000000000000000000E5
:109B800000000000000000000000000000000000D5
:109B900000000000000000000000000000000000C5
:109BA00000000000000000000000000400000004AD
:109BB00000200004002000040020007FFFE001FFDF
:109BC000FFE001040020030400200204002002043E
:109BD0000020020400000200000001C0000001C0DB
:109BE0000000000000000000000000000000000075
:109BF0000000000000000000000000000000000065
:109C00000000000000000000000000000000000054
:109C10000000000000000000000000000000000044
:109C2000000000000000000000000000001C000018
:109C3000E33E0003FFC200020CC3000404C10004A1
:109C400004C1000404C1000404C100060CC10003E7
:109C5000F8C30005F0620006007E0006003C00002C
:109C600000000000000000000000000000000000F4
:109C700000000000000000000000000000000000E4
:109C800000000000000000000000000000000000D4
:109C900000000000000000000000000000000000C4
:109CA000000000000000020000200200002003FF6E
:109CB000FFE007FFFFE00001002000020020000697
:109CC0000000000400000004000000040020000662
:109CD00000200003FFE00001FFE000000020000082
:109CE0000020000000000000000000000000000054
:109CF0000000000000000000000000000000000064
:109D00000000000000000000000000000000000053
:109D10000000000000000000000000000000000043
:109D2000000000000000000000000000000000042F
:109D3000002000040020000400200004002003870D
:109D4000FFE0038FFFE00380002000000020000000
:109D500000200000002000000000000000000000C3
:109D600000000000000000000000000000000000F3
:109D700000000000000000000000000000000000E3
:109D800000000000000000000000000000000000D3
:109D900000000000000000000000000000000000C3
:109DA00000000000000000000000000000000000B3
:109DB0000006000000070000000100000001000490
:109DC00000010004000100040003000400060387F2
:109DD000FFFC038FFFF8038000000000000000007C
:109DE0000000000000000000000000000000000073
:109DF0000000000000000000000000000000000063
:109E00000000000000000000000000000000000052
:109E10000000000000000000000000000000000042
:109E2000000000000000020000200200002003FFEC
:109E3000FFE007FFFFE00000082000001020000006
:109E400030000000FC0000058E00000707A000069F
:109E500001E0000400E000040020000000200000F9
:109E600000000000000000000000000000000000F2
:109E700000000000000000000000000000000000E2
:109E800000000000000000000000000000000000D2
:109E900000000000000000000000000000000000C2
:109EA00000000000000000000000000000000200B0
:109EB000002002000020020000200200002003FF1A
:109EC000FFE007FFFFE0000000200000002000008E
:109ED0000020000000200000000000000000000042
:109EE0000000000000000000000000000000000072
:109EF0000000000000000000000000000000000062
:109F00000000000000000000000000000000000051
:109F10000000000000000000000000000000000041
:109F2000000000000000000400200007FFE0000F18
:109F3000FFE00002002000040000000400200007F1
:109F4000FFE00003FFE00002002000040000000426
:109F500000200007FFE00003FFE0000000200000F9
:109F600000000000000000000000000000000000F1
:109F700000000000000000000000000000000000E1
:109F800000000000000000000000000000000000D1
:109F900000000000000000000000000000000000C1
:109FA0000000000000000004002000040020000762
:109FB000FFE0000FFFE0000100200002002000028F
:109FC000000000040000000400000004002000065F
:109FD00000200003FFE00001FFE00000002000007F
:109FE0000020000000000000000000000000000051
:109FF0000000000000000000000000000000000061
:10A000000000000000000000000000000000000050
:10A010000000000000000000000000000000000040
:10A020000000000000000000000000007E000000B2
:10A03000FF80000381C000020040000600200004F1
:10A040000020000400200004002000060020000280
:10A050000040000381C00001FF8000007E0000007E
:10A0600000000000000000000000000000000000F0
:10A0700000000000000000000000000000000000E0
:10A0800000000000000000000000000000000000D0
:10A0900000000000000000000000000000000000C0
:10A0A000000000000000000400010004000100079F
:10A0B000FFFF000FFFFF000100C10002004100048C
:10A0C00000200004002000040020000400200006FE
:10A0D0000040000301C00001FF8000007E0000007E
:10A0E0000000000000000000000000000000000070
:10A0F0000000000000000000000000000000000060
:10A10000000000000000000000000000000000004F
:10A11000000000000000000000000000000000003F
:10A120000000000000000000000000007E000001B0
:10A13000FF80000380C000020060000400200004D3
:10A140000020000400200004002000020041000361
:10A1500000C10003FFFF0007FFFF00000001000037
:10A1600000010000000000000000000000000000EE
:10A1700000000000000000000000000000000000DF
:10A1800000000000000000000000000000000000CF
:10A1900000000000000000000000000000000000BF
:10A1A0000000000000000004002000040020000463
:10A1B000002000040020000FFFE0000FFFE000007F
:10A1C000C020000100200002002000060020000442
:10A1D0000000000400000007000000030000000071
:10A1E000000000000000000000000000000000006F
:10A1F000000000000000000000000000000000005F
:10A20000000000000000000000000000000000004E
:10A21000000000000000000000000000000000003E
:10A2200000000000000000000000000003E000014A
:10A23000C0E00003E04000063020000430200004AD
:10A240001820000418200004182000040C2000022C
:10A250000C60000307C000078380000000000000BE
:10A2600000000000000000000000000000000000EE
:10A2700000000000000000000000000000000000DE
:10A2800000000000000000000000000000000000CE
:10A2900000000000000000000000000000000000BE
:10A2A00000000000000000000000000400000004A6
:10A2B000000000040000000C0000001FFF8000FFF1
:10A2C000FFC000040060000400200004002000041F
:10A2D0000020000400400000018000000000000099
:10A2E000000000000000000000000000000000006E
:10A2F000000000000000000000000000000000005E
:10A30000000000000000000000000000000000004D
:10A31000000000000000000000000000000000003D
:10A32000000000000000000400000004000000071E
:10A33000FF80000FFFC00000006000000020000050
:10A340000020000000200000002000040040000465
:10A3500000800007FFE0000FFFC000000040000089
:10A3600000400000000000000000000000000000AD
:10A3700000000000000000000000000000000000DD
:10A3800000000000000000000000000000000000CD
:10A3900000000000000000000000000000000000BD
:10A3A000000000000000000400000004000000079E
:10A3B00080000007F0000004FE0000041FC0000041
:10A3C00003E00000038000001C00000460000007A0
:10A3D00080000006000000040000000000000000F3
:10A3E000000000000000000000000000000000006D
:10A3F000000000000000000000000000000000005D
:10A40000000000000000000000000000000000004C
:10A41000000000000000000000000000000000003C
:10A42000000000040000000600000007C000000754
:10A43000FC0000043F80000003E000040F800006E1
:10A44000F0000007F0000007FF8000040FE00000AC
:10A45000038000043C000007C00000060000000468
:10A4600000000000000000000000000000000000EC
:10A4700000000000000000000000000000000000DC
:10A4800000000000000000000000000000000000CC
:10A4900000000000000000000000000000000000BC
:10A4A0000000000000000000002000040020000464
:10A4B0000060000700E0000783200007E6000004BA
:10A4C000F80000003C0000045E20000587A00006A4
:10A4D00001E00004006000040020000000200000F3
:10A4E000000000000000000000000000000000006C
:10A4F000000000000000000000000000000000005C
:10A50000000000000000000000000000000000004B
:10A51000000000000000000000000000000000003B
:10A520000000000000000004000000040003000719
:10A5300000030007E0010004F80100041F0200000E
:10A5400007FC000000E000000700000438000007DE
:10A55000C00000060000000400000004000000002D
:10A5600000000000000000000000000000000000EB
:10A5700000000000000000000000000000000000DB
:10A5800000000000000000000000000000000000CB
:10A5900000000000000000000000000000000000BB
:10A5A00000000000000000000000000780600006BE
:10A5B00000E0000403E0000407A000040E200004F3
:10A5C0003C20000470200005E020000780200007E8
:10A5D0000060000400E000000380000000000000B4
:10A5E000000000000000000000000000000000006B
:10A5F000000000000000000000000000000000005B
:10A60000000000000000000000000000000000004A
:10A61000000000000000000000000000000000003A
:10A62000000000000000000000000000000000002A
:10A63000000000000000000000000000000000001A
:10A640008000000080000001400007FE3FF8080085
:10A6500000041000000210000002000000000000D2
:10A6600000000000000000000000000000000000EA
:10A6700000000000000000000000000000000000DA
:10A6800000000000000000000000000000000000CA
:10A6900000000000000000000000000000000000BA
:10A6A00000000000000000000000000000000000AA
:10A6B000000000000000000000000000000000009A
:10A6C0000000FFFFFFFF000000000000000000008E
:10A6D000000000000000000000000000000000007A
:10A6E000000000000000000000000000000000006A
:10A6F000000000000000000000000000000000005A
:10A700000000000000000000000000000000000049
:10A710000000000000000000000000000000000039
:10A720000000000000000000000010000002100007
:10A7300000020800000407FE3FF80001400000008E
:10A740008000000080000000000000000000000009
:10A7500000000000000000000000000000000000F9
:10A7600000000000000000000000000000000000E9
:10A7700000000000000000000000000000000000D9
:10A7800000000000000000000000000000000000C9
:10A7900000000000000000000000000000000000B9
:10A7A0000000000000001800000030000000400021
:10A7B00000004000000040000000200000003000C9
:10A7C0000000080000000400000002000000020079
:10A7D0000000020000000C00000018000000000053
:10A7E0000000000000000000000000000000000069
:10A7F0000000000000000000000000000000000059
:10A800000000000000000000000000000000000048
:10A810000000000000000000000000000000000038
:10A820000000000019000C1914010001303132330E
:10A830003435363738394142434445464030580074
:10A8400030313233343536373839616263646566A6
:10A850004030780004000008000000000000000202
:10A8600000010000100000003F000000646563006C
:10A870006964000072756E74696D650068656C705E
:10A88000000000006C6973740000000068657800C7
:10A89000766F69642077726974655F616464722899
:10A8A00075333220616464722C7533322076616CAA
:10A8B0002900000075333220726561645F61646451
:10A8C000722875333220616464722900766F69647E
:10A8D0002064656C61795F6D7328753136206E6D0B
:10A8E00073290000766F69642064656C61795F7517
:10A8F0007328753332206E75732900001CA9000877
:10A900000000002064010000C401000870A90008D4
:10A91000640100200C08000020020008111324F438
:10A9200032010216102AFF0101101368A81B087CCF
:10A93000041A84041A70041A8C041A6C041A74041D
:10A9400013094F1B08B40813415E2B089010124DD9
:10A950001B08CC081A25081AE4082250142099551F
:10A960001B0845281AD9041AF90C2204298301D995
:040000050800018965
:00000001FF
