:020000040800F2
:1000000090B10120FD020008EB1E0008E31E00086D
:10001000E71E000815090008F92400080000000088
:100020000000000000000000000000003D02000889
:10003000310900080000000099020008CB1F0008E9
:100040002103000821030008210300082103000800
:1000500021030008210300082103000821030008F0
:1000600021030008210300082103000821030008E0
:1000700021030008210300082103000821030008D0
:1000800021030008210300082103000821030008C0
:1000900021030008210300082103000821030008B0
:1000A00021030008210300082103000821030008A0
:1000B00021030008F51F00082103000821030008A0
:1000C0002103000821030008210300082103000880
:1000D00021030008E9240008210300082103000887
:1000E0002103000821030008210300082103000860
:1000F0002103000821030008210300082103000850
:10010000210300082103000821030008210300083F
:10011000210300082103000821030008052000082E
:10012000210300082103000821030008210300081F
:10013000210300082103000821030008210300080F
:1001400021030008210300082103000821030008FF
:1001500021030008210300082103000821030008EF
:1001600021030008210300082103000821030008DF
:1001700021030008210300082103000800000000FB
:10018000210300082103000800F002F800F047F8FE
:100190000AA090E8000C82448344AAF10107DA45E2
:1001A00001D100F03CF8AFF2090EBAE80F0013F0ED
:1001B000010F18BFFB1A43F001031847B8C0000035
:1001C000D8C00000103A24BF78C878C1FAD85207C6
:1001D00024BF30C830C144BF04680C6070470000C1
:1001E0000023002400250026103A28BF78C1FBD840
:1001F000520728BF30C148BF0B607047642900F028
:100200008581782900F0BE81732900F0E382002007
:1002100070471FB509F036F81FBD10B510BD00F0CE
:1002200047FB1146FFF7F5FF05F0D2FE00F065FB36
:1002300003B4FFF7F2FF03BC02F094F92C4B1968EA
:100240000868B0E8F04F80F30988BFF36F8F4FF074
:10025000000080F311887047000000000848006823
:10026000006880F308884FF0000080F3148862B6BD
:1002700061B6BFF34F8FBFF36F8F00DF00BF00BFCA
:1002800008ED00E0DFF80C00016841F47001016046
:10029000704700BF88ED00E0EFF30980BFF36F8F78
:1002A000134B1A681EF0100F08BF20ED108A20E9CA
:1002B000F04F106009B44FF0500080F31188BFF385
:1002C0004F8FBFF36F8F07F06BFD4FF0000080F38F
:1002D000118809BC19680868B0E8F04F1EF0100FCB
:1002E00008BFB0EC108A80F30988BFF36F8F7047A6
:1002F00078000020EFF30580704700000C4801688B
:1003000041F4700101600B4880470B480047FEE74D
:10031000FEE7FEE7FEE7FEE7FEE7FEE7FEE7FEE7B5
:10032000FEE7000005480649044A064B70470000F6
:1003300088ED00E0E11F00088901000890AD012070
:1003400090B1012090AD0120704753EA020C00F0FB
:1003500069802DE9F04B4FF00006002B1FBFB3FA68
:1003600083F503FA05F424FA05F65E4012BF16433E
:10037000B2FA82F502FA05F4C5F120051EBF22FA91
:1003800005FC44EA0C04203556EA044C4FEA1444B8
:1003900018BF641C4FF000084FF00009904271EB49
:1003A000030C39D3002919BFB1FA81F701FA07F616
:1003B000B0FA80F700FA07F6C7F120071EBF20FA4F
:1003C00007FC46EA0C062037B6FBF4FCA7EB050752
:1003D000103F07F01F0BCBF120060CFA0BFB2CFA99
:1003E00006F644BFB3460026202FA4BF5E464FF05A
:1003F000000B5BEA060C08BF4FF0010B19EB0B0971
:10040000ABFB027C48EB0608C01B06FB02CC0BFBD7
:1004100003CC71EB0C01C1E70B460246414648464E
:10042000BDE8F08B13B54FF000004FF00001AFF3C3
:100430000080BDE81C4070470FB4044910B503AA02
:10044000029800F0CBF910BC5DF814FB34000020DA
:100450002DE9F0410E460446002020622046E16866
:10046000884730B3252805D0D4E901219047206A78
:10047000401CF2E7E168204600278847050018D0B5
:10048000A5F14100192802D820354FF40067324603
:10049000294620462760FFF7B1FE40B1012804D06D
:1004A000F61D26F007060836D8E7361DD6E728469B
:1004B000DAE7206ABDE8F08170B50C460546012AEE
:1004C00005D02878800600D5EA69002302E00123E0
:1004D00005E05B1C934202D2E05C0028F9D1A869D8
:1004E000E618C01AA861286A184428622846AFF3A3
:1004F000008004E0D5E9012114F8010B9047B442D3
:10050000F8D32846AFF3008070BD00002DE9F0411C
:100510000646002410687529314616A510D0AFF3A1
:100520000080002802DA404213A507E031688A07FC
:1005300001D512A502E0490704D511A5012401E067
:10054000AFF3008000210A2206F1240709E0B0FB86
:10055000F2FCB0FBF2F302FB1C003030785418467A
:10056000491C0028F3D123462A463046BDE8F04115
:1005700000F0ACB8000000002D0000002B000000CF
:100580002000000070B504460D4621461068AFF308
:1005900000802188090502D50F4A7A4402E00E4AFC
:1005A0007A440E32002104F1240305E000F00F0626
:1005B0000009965D5E54491C0028F7D1207800237D
:1005C000000704D5702D02D009B102231132204654
:1005D000BDE8704000F07AB8AEBC0000032A40F2DB
:1005E000308010F0030C00F0158011F8013BBCF1D5
:1005F000020F624498BF11F801CB00F8013B38BFED
:1006000011F8013BA2F1040298BF00F801CB38BFFA
:1006100000F8013B11F0030300F0F280083AC0F04B
:10062000088051F8043B083A51F804CBA0E80810C0
:10063000F5E7121D5CBF51F8043B40F8043BAFF3F3
:100640000080D20724BF11F8013B11F801CB48BF4D
:1006500011F8012B24BF00F8013B00F801CB48BF83
:1006600000F8012B704702F0FF0343EA032242EA3D
:10067000024200F0F9B84FF0000200B5134694466C
:100680009646203922BFA0E80C50A0E80C50B1F1EA
:100690002001BFF4F7AF090728BFA0E80C5048BFFE
:1006A0000CC05DF804EB890028BF40F8042B08BF9C
:1006B000704748BF20F8022B11F0804F18BF00F898
:1006C000012B704770477047704770472DE9F0471E
:1006D0000D4699469246044600F1240801688806B2
:1006E00004D5E06921F01001216000E00120A8425A
:1006F00001DD471B00E00027A1697A1902EB090020
:10070000081AA0612078C00602D42046AFF300800A
:10071000002608E0D4E901211AF806009047206A73
:10072000401C761C20624E45F4DB2078C0060AD5BA
:100730002046AFF3008006E0D4E901213020904745
:10074000206A401C2062381EA7F10107F4DC07E094
:10075000D4E9012118F805009047206A401C206266
:10076000281EA5F10105F3DC2046AFF300802078B8
:10077000000602D50220BDE8F0870120FBE700005B
:1007800001694A1C02610878704700B58FB0CDE955
:1007900001310021059105497944CDE90310114645
:1007A0006846FFF755FE0FB000BD0000E5FFFFFFF4
:1007B00010B5436913B1AFF3008001E0FFF77CFE91
:1007C000012010BD127800F124010A7000224A7045
:1007D0000122EDE711684FF0FF32E9E7074B70B5F2
:1007E0000D467B44FFF7D1FF0446284600F05CF835
:1007F00010B14FF0FF3070BD204670BD171F0000D4
:1008000010B5203AC0F00B80B1E81850203AA0E8AB
:100810001850B1E81850A0E81850BFF4F5AF5FEADF
:10082000027C24BFB1E81850A0E8185044BF18C992
:1008300018C0BDE810405FEA827C24BF51F8043B39
:1008400040F8043B08BF7047D20728BF31F8023B8D
:1008500048BF11F8012B28BF20F8023B48BF00F821
:10086000012B70474FF000020429C0F0128010F0F5
:10087000030C3FF402AFCCF1040CBCF1020F18BF23
:1008800000F8012BA8BF20F8022BA1EB0C01FFF709
:10089000F4BE5FEAC17C24BF00F8012B00F8012BF5
:1008A00048BF00F8012B7047007B00F080007047C4
:1008B000754600F02BF8AE4605006946534620F019
:1008C0000700854618B020B5FFF72CFDBDE8204095
:1008D0004FF000064FF000074FF000084FF0000BFC
:1008E00021F00701AC46ACE8C009ACE8C009ACE8AF
:1008F000C009ACE8C0098D46704710B50446AFF397
:1009000000802046BDE81040FFF792BC00487047C9
:100910002CAD012000BFFEE710B55321092001F0E6
:100920005FFE00200149086010BD0000500000205B
:100930007047000070B504461D460023B5F5804F92
:1009400013D154F822300C480340D1E9000640EAA4
:1009500006108E6840EA06208E8940EA06408E69BD
:100960003043034344F8223003E06FF0704044F812
:100970002200002070BD00000000F0CF10B503463B
:100980000022086853F8202012480240D1E90104EF
:100990002043CC6820430C6920434C6920438C6978
:1009A0002043CC6920430C6A20434C6A20438C6A64
:1009B0002043CC6A2043CC6B20430C6B2043024382
:1009C0008868082801D142F04002086843F82020D6
:1009D000002010BD8000F0FF30B503460024501CFD
:1009E00053F8204004F04044D1E9000540EA0510E6
:1009F0008D6840EA05208D8940EA0545088A401E39
:100A000045EA0055087D801E45EA00608D6928434F
:100A10000443501C43F82040002030BD70B504460C
:100A2000A56D00F073F9064694F83500022808D049
:100A30008020606500BF002084F8340000BF0120E2
:100A400070BD2068006820F01600216808602068EA
:100A5000406920F0800021684861206C08B9A06CD2
:100A600028B12068006820F008002168086020682C
:100A7000006820F00100216808600FE000F046F9EE
:100A8000801B05280AD92020606500BF002084F85B
:100A9000340000BF032084F83500D1E720680068E7
:100AA00000F001000028E9D194F85C103F20884054
:100AB000A86000BF002084F8340000BF012084F843
:100AC00035000020BCE7014691F83500022803D02C
:100AD0008020486501207047052081F835000868AE
:100AE000006820F001000A6810600020F3E70000B1
:100AF000F8B502460B460025002400200021DEE068
:100B0000012606FA01F51E6806EA0504AC4275D115
:100B10001E7906F00306012E04D01E7906F00306A6
:100B2000022E13D190684F000326BE40B0434F0001
:100B3000DE68BE4030439060506801268E40B0436E
:100B40001E79C6F300168E40304350601E7906F0C1
:100B50000306032E09D0D0684F000326BE40B043E1
:100B60004F009E68BE403043D0601E7906F00306F9
:100B7000022E13D1CF0802F1200656F827004E07A7
:100B8000F70E0F26BE40B0434F07FF0E1E69BE4052
:100B90003043CF0802F1200646F8270010684F00C6
:100BA0000326BE40B0431E7906F003064F00BE4048
:100BB000304310605E6806F08056B6F1805F7DD1EC
:100BC00000BF00260096404E366846F480463E4FF1
:100BD0003E603E46366806F48046009600BF00BF81
:100BE0003A4E8F0856F827008E07370F0F26BE4063
:100BF000B043374EB24202D1002624E05EE0354ECB
:100C0000B24201D101261EE0334EB24201D102268A
:100C100019E0324EB24201D1032614E0304EB24206
:100C200001D104260FE02F4EB24201D105260AE081
:100C30002D4EB24201D1062605E02C4EB24201D122
:100C4000072600E008268F073F0FBE4030431F4EA7
:100C50008F0846F82700264E3068A0435E6806F4E9
:100C60008036B6F5803F00D12043214E3060361DDE
:100C70003068A0435E6806F40036B6F5003F00D148
:100C800020431B4E361D3060361D3068A0435E6821
:100C900006F48016B6F5801F00D12043144E0836A6
:100CA0003060361D3068A0435E6806F40016B6F565
:100CB000001F00D120430E4E0C363060491C102915
:100CC000FFF41EAFF8BD0000443802400838014070
:100CD000000002400004024000080240000C0240F4
:100CE000001002400014024000180240001C0240A4
:100CF000003C01400AB1816101E00B04836170474F
:100D000001480068000C7047002004E001480068BA
:100D1000704700003C000020034800680349097840
:100D200008440149086070473C000020440000204E
:100D300010B50A48006840F4007008490860084689
:100D4000006840F480600860032000F07FF80F2006
:100D500000F006F800F02AF8002010BD003C024028
:100D600070B504460E4800784FF47A71B1FBF0F08C
:100D70000C490968B1FBF0F5284600F09BFC08B16E
:100D8000012070BD102C07D200222146501E00F019
:100D90001EF80548046001E00120F2E70020F0E7BA
:100DA0004400002000000020400000207047014661
:100DB0000846002809DB00F01F0301229A4043097E
:100DC0009B0003F1E023C3F8002100BF70472DE929
:100DD000F05F80460D461646002701F0A7FB074648
:100DE00039462A46334601F00700C0F1070ABAF136
:100DF000040F02D94FF0040A01E0C0F1070AD146FE
:100E000000F1040ABAF1070F02D24FF0000A01E024
:100E1000A0F1030AD4464FF0010A0AFA09FAAAF12E
:100E2000010A0AEA020A0AFA0CFA4FF0010B0BFA5D
:100E30000CFBABF1010B0BEA030B4AEA0B04214656
:100E4000404601F07BFBBDE8F09F000000BF00F0D2
:100E50000702064B19684FF6FF031940044B0B437A
:100E600043EA0221014B196000BF70470CED00E01E
:100E70000000FA0570B504460D460CB9012070BD9E
:100E80005848006800F00700A84209D255490D7083
:100E90000846006800F00700A84201D00120EEE7F4
:100EA000207800F0020002281DD1207800F0040014
:100EB000042805D14C48006840F4E0504A490860D5
:100EC000207800F00800082805D14748006840F461
:100ED0006040454908604448006820F0F000A1687F
:100EE000084341490860207800F00100A8B3606819
:100EF000012807D13C4808380068C0F34040B8B921
:100F00000120BCE76068022802D06068032807D18E
:100F1000354808380068C0F3406048B90120AEE7A2
:100F2000314808380068C0F3400008B90120A6E73E
:100F30002D48006820F00300616808432A490860D2
:100F4000FFF7E4FE064609E0FFF7E0FE801B41F2F2
:100F50008831884202D9032091E707E022480068DF
:100F600000F00C006168B0EB810FEDD11D48006806
:100F700000F00700A84209D91A490D700846006818
:100F800000F00700A84201D0012078E7207800F0A7
:100F90000400042807D11448006820F4E050E168F8
:100FA000084311490860207800F00800082808D19B
:100FB0000D48006820F46040216940EAC1000A49F8
:100FC000086000F03FF808490968C1F30311074AB7
:100FD000515CC8400649086006480068FFF7C0FE3B
:100FE00000204CE7003C0240083802408E92000886
:100FF0000000002040000020014800687047000009
:101000000000002000B5FFF7F7FF04490968C1F3AD
:101010008221034A515CC84000BD000008380240EC
:101020009E92000800B5FFF7E7FF04490968C1F385
:101030004231034A515CC84000BD000008380240FC
:101040009E9200082DE9F047002400250026A146C5
:101050002548006800F00C0020B1042805D00828BD
:101060003AD105E0DFF8849039E0DFF8849036E08B
:101070001D48001F006800F03F041B48001F006867
:1010800000F4800078B11A481749091F0968C1F3B4
:101090008811A0FB01700146224600233846FFF765
:1010A00054F905460EE011480F49091F0968C1F3BC
:1010B0008811A0FB01700146224600233846FFF745
:1010C00044F905460848001F0068C0F30140401C71
:1010D0004600B5FBF6F902E0DFF8109000BF00BF54
:1010E0004846BDE8F0870000083802400024F400BC
:1010F00000127A00F8B504460CB90120F8BD20783A
:1011000000F00100002874D0F948006800F00C00DD
:1011100004280DD0F648006800F00C00082813D110
:10112000F348001F006800F48000B0F5800F0BD179
:10113000EF4808380068C0F34040002859D0606884
:10114000002856D10120D9E700BF6068B0F5803F84
:1011500008D1E7480838006840F48030E44908398D
:1011600008601EE06068B0F5A02F0DD1E048083897
:10117000006840F48020DE490839086008460068AD
:1011800040F4803008600CE0D9480838006820F44A
:101190008030D749083908600846006820F480206C
:1011A000086000BF606890B1FFF7B0FD054606E03B
:1011B000FFF7ACFD401B642801D903209EE7CC4813
:1011C00008380068C0F340400028F1D011E0FFF774
:1011D0009DFD054606E0FFF799FD401B642801D9F7
:1011E00003208BE7C24808380068C0F3404000285D
:1011F000F1D1207800F0020002285FD1BC480068DD
:1012000000F00C0058B1BA48006800F00C00082843
:101210001CD1B748001F006800F48000B0B9B44882
:1012200008380068C0F3400020B1E068012801D010
:10123000012063E7AE480838006820F0F800216913
:1012400040EAC100AA490839086037E0E06800B305
:101250000120A8490860FFF759FD054606E0FFF7A1
:1012600055FD401B022801D9032047E7A048083854
:101270000068C0F340000028F1D09D48083800689D
:1012800020F0F800216940EAC10099490839086056
:1012900014E0002097490860FFF738FD054606E096
:1012A000FFF734FD401B022801D9032026E79048B0
:1012B00008380068C0F340000028F1D1207800F021
:1012C000080008282CD16069A8B101208A4908606B
:1012D000FFF71CFD054606E0FFF718FD401B02283E
:1012E00001D903200AE782486C300068C0F340004F
:1012F0000028F1D014E000207F490860FFF706FDC8
:10130000054606E0FFF702FD401B022801D9032035
:10131000F4E677486C300068C0F340000028F1D153
:10132000207800F00400042870D10027704838307D
:10133000006800F0805090B900BF002000906C4819
:101340003830006840F080506949383108600846FC
:10135000006800F08050009000BF00BF0127674880
:10136000006800F48070B0B96448006840F4807090
:1013700062490860FFF7CAFC054606E0FFF7C6FCB5
:10138000401B022801D90320B8E65C48006800F43D
:1013900080700028F2D000BFA068012808D154480E
:1013A0006830006840F001005149683108601DE074
:1013B000A06805280DD14E486830006840F0040050
:1013C0004B49683108600846006840F00100086039
:1013D0000CE047486830006820F00100444968315B
:1013E00008600846006820F00400086000BFA0689C
:1013F000A8B1FFF78BFC054609E0FFF787FC401B0F
:1014000041F28831884202D9032077E626E0384845
:1014100068300068C0F340000028EED013E0FFF70A
:1014200075FC054608E0FFF771FC401B41F288316E
:10143000884201D9032061E62D4868300068C0F376
:1014400040000028EFD1012F07D12948383000682B
:1014500020F0805026493831086000BFA06900287C
:1014600045D02348006800F00C0008285DD0A06932
:10147000022845D100201F490866FFF747FC0546B2
:1014800006E0FFF743FC401B022801D9032035E6A4
:10149000174808380068C0F340600028F1D1D4E94B
:1014A00007010843616A40EA81110122A06AC2EB88
:1014B000500041EA00412C20005D41EA00600C49E7
:1014C000091F086001200B490866FFF71FFC05464D
:1014D00006E0FFF71BFC401B022801D903200DE6A4
:1014E000034808380068C0F340600028F1D049E0A4
:1014F0000838024000004742800E4742007000401A
:10150000002021490866FFF701FC054606E0FFF7C9
:10151000FDFB401B022801D90320EFE51B480068B2
:10152000C0F340600028F2D12CE0A069012800D16E
:10153000E4E51648001D0668A069012820D006F4DD
:101540008001E06981421BD106F03F01206A81429F
:1015500016D147F6C0703040616AB0EB811F0FD1E1
:1015600006F440310122A06AC2EB5000B1EB004FFB
:1015700006D106F070612C20005DB1EB006F01D048
:101580000120BBE50020B9E50000474200380240D9
:1015900070B504460E4615460CB9012070BD94F88E
:1015A000490028B9002084F84800204600F01CF8C3
:1015B00004F108012068FFF7E1F93146A2682068CC
:1015C000FFF70AFA2946236BD4E90102FFF7B2F9C3
:1015D000A168206850F8210040F00100A26821684D
:1015E00041F822000020D9E710B586B0044600BFBC
:1015F000002000902248006840F001002049086067
:101600000846006800F00100009000BF00BF00BF66
:10161000002000901A480838006840F00800184977
:10162000083908600846006800F00800009000BF14
:1016300000BF00BF002000900846006840F0100086
:1016400008600846006800F01000009000BF00BF6E
:101650004CF20370019002200290012003900220BE
:1016600004900C20059001A90648FFF741FA4FF6B7
:101670008070019001A90448FFF73AFA06B010BD46
:1016800038380240000C024000100240042808D103
:101690004FF0E021096941F004014FF0E0221161AF
:1016A00007E04FF0E021096921F004014FF0E0224A
:1016B0001161704770B504462546681EB0F1807F01
:1016C00001D301200FE0681E4FF0E02148610F2197
:1016D0004FF0FF3000F032FF00204FF0E021886132
:1016E00007200861002070BD7047704710B50446A0
:1016F0000CB9012010BD94F83D0028B9002084F8F1
:101700003C00204600F026F8022084F83D00211D10
:10171000206800F07FFC012084F8460000BF84F8B8
:101720003E0001213F200155402001554120015537
:1017300000BF00BF012084F842004320015544202F
:1017400001554520015500BF012084F83D000020CF
:10175000D0E7000038B504461E49206888421AD1F7
:1017600000BF00BF002000901B48006840F002004E
:10177000194908600846006800F00200009000BFA8
:1017800000BF00BF002203211D20FFF720FB1D200A
:10179000FFF70DFB1DE011492068884219D100BFF9
:1017A00000BF002000900C48006840F020000A496B
:1017B00008600846006800F02000009000BF00BFED
:1017C00000BF002207213720FFF701FB3720FFF77A
:1017D000EEFA38BD000400404038024000140040DA
:1017E000014691F83D00012801D0012070470220F8
:1017F00081F83D000868C06840F001000B68D860BF
:101800001A4B086898421BD00868B0F1804F17D077
:10181000174B0868984213D0164B086898420FD0AF
:10182000154B086898420BD0144B0868984207D0B3
:10183000134B0868984203D0124B086898420CD1A9
:101840000868806800F00702062A0CD00868006863
:1018500040F001000B68186005E00868006840F07F
:1018600001000B6818600020C0E700000000014084
:101870000004004000080040000C0040000401404B
:101880000040014000180040704710B50446206831
:101890000069C0F34000D8B12068C068C0F34000C0
:1018A000B0B16FF002002168086101202077206844
:1018B000806900F0030018B12046FFF7E5FF05E05E
:1018C000204600F0ADF8204600F0ABF8002020776D
:1018D00020680069C0F38000D8B12068C068C0F3F8
:1018E0008000B0B16FF00400216808610220207709
:1018F0002068806900F4407018B12046FFF7C4FFEB
:1019000005E0204600F08CF8204600F08AF8002020
:10191000207720680069C0F3C000D8B12068C06893
:10192000C0F3C000B0B16FF0080021680861042066
:1019300020772068C06900F0030018B12046FFF747
:10194000A3FF05E0204600F06BF8204600F069F8A0
:101950000020207720680069C0F30010D8B120680B
:10196000C068C0F30010B0B16FF0100021680861CA
:10197000082020772068C06900F4407018B1204624
:10198000FFF782FF05E0204600F04AF8204600F00D
:1019900048F8002020772068006900F0010058B165
:1019A0002068C06800F0010030B16FF001002168CC
:1019B0000861204600F036F820680069C0F3C010C6
:1019C00058B12068C068C0F3C01030B16FF080001B
:1019D000216808612046FFF787FE20680069C0F390
:1019E000801058B12068C068C0F3801030B16FF02B
:1019F000400021680861204600F036F82068006940
:101A0000C0F3401058B12068C068C0F3401030B136
:101A10006FF02000216808612046FFF766FE10BDC8
:101A20007047704710B504460748844205D10748FF
:101A30000068401C0549086005E00548844202D161
:101A400004A0FEF7F9FC10BDC802002050000020E1
:101A50001003002054494D37CAE4B3F62E2E2E2E23
:101A60002E2E2E0D0A0000007047704770470000B0
:101A70002DE9F84F0446206805682068C66820688C
:101A800047694FF00009CA4605F00F09B9F1000F88
:101A90000AD105F0200038B106F0200020B1204620
:101AA00000F059FBBDE8F88FB9F1000F72D007F0D4
:101AB000010018B906F4907000286BD005F0010001
:101AC00030B106F4807018B1206C40F00100206441
:101AD00005F0040030B107F0010018B1206C40F0AF
:101AE0000200206405F0020030B107F0010018B1D7
:101AF000206C40F00400206405F0080048B106F0B6
:101B0000200010B907F0010018B1206C40F0080067
:101B10002064206C70B305F0200028B106F020008E
:101B200010B1204600F017FB20684069C0F3801A0E
:101B3000206C00F0080010B9BAF1000F23D0204645
:101B400000F0DEFA2068406900F04000402816D11D
:101B50002068406920F0400021684861A06B50B1C6
:101B60005648A16B0865A06BFEF7ADFF10B1A06BE6
:101B7000016D88470CE02046FFF778FF08E020461B
:101B8000FFF774FF04E02046FFF770FF0020206499
:101B900088E7FFE7206B012879D105F010000028C5
:101BA00075D006F01000002871D000BF0020009012
:101BB00020680068009020684068009000BF00BF67
:101BC0002068406900F04000402839D1A06B0068CF
:101BD00040681FFA80F8B8F1000F30D0A08D404562
:101BE0002DDDA4F82E80A06BC069B0F5807F1FD0DA
:101BF0002068C06820F480702168C860206840694F
:101C000020F00100216848612068406920F0400010
:101C100021684861202084F83E000020206320686D
:101C2000C06820F010002168C860A06BFEF7F6FEC7
:101C3000A08DE28D801A81B22046FFF716FF31E7B2
:101C4000A08DE18D401A1FFA80F8E08DE8B1B8F15F
:101C5000000F1AD02068C06820F490702168C86016
:101C60002068406920F0010021684861202084F844
:101C70003E00002020632068C06820F0100021682A
:101C8000C86041462046FFF7F0FE0BE7FFE705F08E
:101C9000800030B106F0800018B1204600F0F3FB60
:101CA00000E705F0400030B106F0400018B12046D2
:101CB00000F041FAF6E600BFF4E60000ED2000086F
:101CC00010B504460CB9012010BDA06900B100E0B8
:101CD00000BF94F83D0028B9002084F83C0020465D
:101CE00000F028F8242084F83D002068C06820F423
:101CF00000502168C860204600F08CFA2068006916
:101D000020F49040216808612068406920F02A0092
:101D1000216848612068C06840F400502168C860AC
:101D200000202064202084F83D0084F83E0000203C
:101D3000CAE7000010B586B004462E4920688842E4
:101D400055D100BF00BF002000902B48006840F034
:101D50001000294908600846006800F01000009053
:101D600000BF00BF00BF00BF00BF0020009022489E
:101D70001438006840F001001F4914390860084613
:101D8000006800F00100009000BF00BF00BF00BF6E
:101D900000BF002000900846006840F00100086085
:101DA0000846006800F00100009000BF00BF00BFBF
:101DB0004815019002200290012003900220049017
:101DC0000720059001A90D48FEF792FE4FF48060B0
:101DD00001900720059001A90848FEF789FE2520FB
:101DE000FEF7E5FF032211462520FEF7F0FF06B0BF
:101DF00010BD0000001001404438024000000240C5
:101E000070B504460D46164694F83E00202816D1BB
:101E100005B10EB9012070BD00BF94F83C00012847
:101E200001D10220F7E7012084F83C0000BF002028
:101E3000206332462946204600F002FBEBE70220F1
:101E4000E9E7000010B504462049206888423BD1EC
:101E50001F48008800F4004088BB1D48008800F43B
:101E6000804070B11B4800780A2803D00020184930
:101E7000088024E01648008840F400401449088097
:101E80001DE0144800780D2806D11148008840F460
:101E900080400F49088012E00E4800780C490988FC
:101EA000C1F30D010C4A505409480088401C0849F0
:101EB000088008460088C72801DD0020088001222C
:101EC00004490648FFF79CFF10BD000000100140C8
:101ED000380000203A0000200C010020D40100202E
:101EE000704700BFFEE700BFFEE770472DE9F047EF
:101EF0000C46DDE90867002100258C4600BF60E044
:101F00004FF0010808FA01F504EA050CAC4557D179
:101F1000D0F800804FEA410A4FF0030909FA0AF9A4
:101F200028EA0908C0F80080D0F800804FEA41098B
:101F300002FA09F948EA0908C0F80080012A01D02C
:101F4000022A27D1D0F808804FEA410A4FF003094E
:101F500009FA0AF928EA0908C0F80880D0F80880C8
:101F60004FEA410906FA09F948EA0908C0F8088069
:101F7000D0F804904FF0010808FA01F829EA08099E
:101F8000C0F80490D0F8048003FA01F948EA09087F
:101F9000C0F80480D0F80C804FEA410A4FF00309E2
:101FA00009FA0AF928EA0908C0F80C80D0F80C8070
:101FB0004FEA410907FA09F948EA0908C0F80C8014
:101FC000491C10299CD3BDE8F08710B5FEF7A4FE8C
:101FD00006F054FC012801D006F034F810BD0000D2
:101FE0000348006840F47000014908607047000031
:101FF00088ED00E010B50248FFF747FC10BD000077
:10200000C802002010B50248FFF73FFC10BD0000D9
:102010001003002010B50268294B98420ED0B0F191
:10202000804F0BD0274B984208D0274B984205D0C1
:10203000264B984202D0264B984203D122F07002E0
:102040004B681A431E4B984220D0B0F1804F1DD0F0
:102050001C4B98421AD01C4B984217D01B4B9842ED
:1020600014D01B4B984211D01A4B98420ED01A4BE9
:1020700098420BD0194B984208D0194B984205D082
:10208000184B984202D0184B984203D122F4407268
:10209000CB681A4322F080034C6943EA04020260D1
:1020A0008B68C3620B688362054B984202D0084B71
:1020B000984201D10B6903630123436110BD000005
:1020C000000001400004004000080040000C0040F7
:1020D000000401400040014000440140004801402C
:1020E00000180040001C00400020004070B505466C
:1020F000AC6B0020E085E0842046FFF7B7FC70BDA4
:102100000168C96821F490710268D1600168496969
:1021100021F0010102685161016B012905D10168BB
:10212000C96821F010010268D160202180F83E10BA
:1021300000210163704710B504462068C06820F094
:1021400040002168C860202084F83D002046FFF749
:10215000C7FE002010BD70B5044694F83E0022284A
:1021600056D1A068B0F5805F0CD1206950B9002528
:10217000A66A20684068C0F308003080A06A801C0E
:10218000A06215E0A56A0026A068B0F5805F03D0C4
:10219000A06828B9206918B920684068287004E050
:1021A0002068406800F07F002870A06A401CA06290
:1021B000E08D401E80B2E08540BB2068C06820F002
:1021C00020002168C8602068C06820F48070216801
:1021D000C8602068406920F0010021684861202023
:1021E00084F83E00206B01280AD12068C06820F0E6
:1021F00010002168C860A18D2046FFF736FC02E080
:102200002046FFF71FFE0020206370BD0020FCE782
:102210000220FAE72DE9F84F04462068006920F40F
:102220004050E1680843216808612169A0680843BB
:1022300061690843E169084300902068C06849F279
:102240000C618843009908432168C8602068406990
:1022500020F44070A16908432168486176492068EC
:10226000884203D075492068884203D1FEF7DAFE20
:10227000814602E0FEF7C6FE8146E069B0F5004FF8
:102280006CD102206168A0FB015003461920A9FB14
:10229000007001462A463846FEF757F86421B0FB25
:1022A000F1F04FEA001A02206168A0FB01510B46D1
:1022B0001920A9FB00712A463846FEF746F88346E6
:1022C00002206168A0FB015003461920A9FB0071A0
:1022D0002A463846FEF739F86421B0FBF1F000EBEE
:1022E000C00101EB0010ABEB8000322101EBC0001C
:1022F0006421B0FBF1F000F0F8000AEB400A022084
:102300006168A0FB015003461920A9FB007001463B
:102310002A463846FEF719F8834602206168A0FB7A
:10232000015003461920A9FB00712A463846FEF7E2
:102330000CF86421B0FBF1F000EBC00101EB0010E0
:10234000ABEB8000322101EBC0006421B0FBF1F067
:1023500000F007005044216888606AE0042061684A
:10236000A0FB015003461920A9FB007001462A4634
:102370003846FDF7EAFF824604206168A0FB015061
:1023800003461920A9FB007001462A463846FDF78E
:10239000DCFF6421B0FBF1F000EBC00101EB0010A9
:1023A000AAEB8000322101EB00106421B0FBF1F0B8
:1023B00000F0F00A04206168A0FB017003461920B8
:1023C000A9FB00513A462846FDF7BFFF6421B0FB48
:1023D000F1F00AEB001A04206168A0FB01510B46E2
:1023E0001920A9FB00712A463846FDF7AEFF834647
:1023F00004206168A0FB015003461920A9FB00706E
:1024000001462A463846FDF7A0FF6421B0FBF1F0F3
:1024100000EBC00101EB0010ABEB8000322101EBBF
:1024200000106421B0FBF1F000F00F00504421686F
:102430008860BDE8F88F00000010014000140140E2
:1024400010B5034699629A85DA8500201864222027
:1024500083F83E0000BF002083F83C0000BF1868EE
:10246000C06840F480701C68E0601868406940F003
:1024700001001C6860611868C06840F020001C689A
:10248000E060002010BD014691F83D00212828D1D0
:102490008868B0F5805F0BD1086948B90A6A10886E
:1024A000C0F308000B685860086A801C086205E0E9
:1024B0000B6A581C086218780B685860C88C401E5C
:1024C00080B2C88458B90868C06820F080000B68E2
:1024D000D8600868C06840F040000B68D8600020F1
:1024E00070470220FCE7000010B50248FFF7C0FA71
:1024F00010BD0000D401002000BFFEE770B506212A
:10250000302004F0E7FE302004F0F4FD0546062DEF
:1025100003D00621302004F0DDFE002403E006F0A5
:102520006BFD601C84B2C82CF9DB70BD02480068EA
:10253000C0F30220704700000CED00E010B5002849
:1025400004DB0A07130E054A135406E00A07140EAB
:10255000034A00F00F031B1FD45410BD00E400E039
:1025600018ED00E000BF704700F00101194A11604A
:10257000C0F34001184AC2F88412C0F38001154A22
:1025800008321160C0F30011121F1160C0F3401136
:10259000104A3C321160C0F38011104A1160C0F340
:1025A000C0110C4A38321160C0F300210B4A121DD1
:1025B0001160C0F34021074A34321160C0F380211A
:1025C000044A14321160C0F3C021024A0C32116077
:1025D0007047000080824242000043429002434222
:1025E00070B505460C460748074908600846446030
:1025F00000218160C5600161FFF778F80248FFF7AC
:10260000EFF870BD00040040C802002000F0010196
:10261000104A1160C0F340010F4AC2F8BC12C0F367
:1026200080010C4A383A1160C0F3C001121D1160DC
:10263000C0F30011094A1160C0F34011121D11606E
:10264000C0F38011121D1160C109054AC2F8A81219
:1026500070470000B8824142008041429C024242E1
:102660000000424270B504460420FFF70FF80A4804
:10267000046025464FF47A7045434FF0E02000692E
:1026800040F002004FF0E021086108464561006912
:1026900040F00100086170BD3000002030B50446F4
:1026A000002504E04FF47A7000F004F86D1CA54298
:1026B000F8D330BD70B5034600224FF0E0267569AF
:1026C0000D4E366803FB06F44FF0E026B16910E0CA
:1026D0004FF0E026B06988420BD0884202D20E1A31
:1026E000324402E02E1A0E4432440146A24200D384
:1026F00000E0EDE700BF70BD3000002000BF054ADC
:10270000126802F04002002AF9D0C2B2014B5A60AE
:1027100070470000001001400EB54FF4784020A132
:1027200020221346CDE900210290DC220A2108462E
:1027300003F024FB4FF478401BA118221346CDE987
:1027400000210290DC222F210A2003F017FB4FF416
:1027500078401AA110221346CDE900210290DC2214
:102760004C210A2003F00AFB012005F085FC1749E3
:1027700008600846006818B115A0FDF75DFE02E08C
:102780001AA0FDF759FE2048012100238022CDE93F
:1027900000101EA1204806F041F805F095FA0EBD84
:1027A00053544D33320000004672656552544F5306
:1027B00020506F7274696E670000000041544F4DE5
:1027C00040414C49454E54454B0000001400002048
:1027D000BBA5B3E2D0C5BAC5C1BFB4B4BDA8B3C927
:1027E000B9A6A3A1A3A10D0A00000000BBA5B3E2F6
:1027F000D0C5BAC5C1BFB4B4BDA8CAA7B0DCA3A137
:10280000A3A10D0A0000000004000020737461728F
:10281000745F7461736B0000B97300081DE00FA052
:10282000FDF70AFE4FF0FF311348006805F0AEFED9
:1028300012A0FDF701FE4FF47A70FFF72FFF16A0EC
:10284000FDF7FAFD00231A4619460B48006805F00B
:10285000EBFC4FF47A7005F03DF8E0E768696768D3
:102860005F7461736BBBF1C8A1D0C5BAC5C1BFA30A
:10287000A1A3A1A3A10D0A00140000206869676844
:102880005F7461736BD5FDD4DAD4CBD0D0A3A1A390
:10289000A1A3A10D0A000000686967685F746173F5
:1028A0006BCACDB7C5D0C5BAC5C1BFA3A1A3A1A3EB
:1028B000A10D0A0000B587B000BF00BF0020019045
:1028C0003848006840F01000364908600846006843
:1028D00000F01000019000BF00BF00BF00BF00BFAC
:1028E000002001900846006840F01000086008468B
:1028F000006800F01000019000BF00BF00BF00BFE3
:1029000000BF002001900846006840F010000860F9
:102910000846006800F01000019000BF00BF00BF33
:1029200000BF00BF002001900846006840F0010091
:1029300008600846006800F00100019000BF00BF79
:1029400000BF10200290002003900120049002207C
:10295000059002A91448FEF7CBF808200290002049
:102960000390012004900220059002A90E48FEF772
:10297000BFF8042002900020039001200490022060
:10298000059002A90848FEF7B3F801200290002044
:10299000039002200490059002A90448FEF7A8F8CD
:1029A00007B000BD30380240001002400000024075
:1029B00070B5044600260948058840884543002133
:1029C000084603F0ABF803F057FA00BF02E00448F2
:1029D0000480761CAE42FAD370BD0000680200206D
:1029E0008000006C10B5044658488471002C58D102
:1029F000F020564908804FF4A0704880084680882F
:102A000045F21051884210D14FF430504F4908819F
:102A10004FF4285048814FF42C5088814FF4F070C7
:102A200008804FF4487048801AE04848808841F692
:102A3000631188420DD12C20444908812B20488104
:102A40002A2088814FF4F07008804FF44870488045
:102A500006E02C203D4908812A2048812B208881CE
:102A60003A48808845F21031884205D0374880883E
:102A700047F29671884206D14FF4A070334908801E
:102A80004FF4F07048803148808849F6060188424A
:102A900058D14FF4F0702D4908804FF448704880A9
:102AA00050E04FF4A07029490880F0204880084683
:102AB000808845F21051884210D14FF4305023499C
:102AC00008814FF4285048814FF42C5088814FF4EE
:102AD000487008804FF4F070488020E01B488088E0
:102AE00041F66311884205D01848808849F60601EE
:102AF00088420DD12C20154908812A2048812B209D
:102B000088814FF4487008804FF4F070488006E0E8
:102B10002C200E4908812A2048812B2088810B48CF
:102B2000808845F21031884205D00848808847F2F5
:102B30009671884206D14FF4F070044908804FF432
:102B4000A0704880002002F0CBFE10BD680200207B
:102B500070B505460E4614463146284602F0DEFFA3
:102B600003F08AF901490C8070BD00008000006C00
:102B700010B5CF2003F074F9002003F065F9C120EF
:102B800003F062F9302003F05FF9ED2003F068F9FB
:102B9000642003F059F9032003F056F9122003F0E2
:102BA00053F9812003F050F9E82003F059F985200A
:102BB00003F04AF9102003F047F97A2003F044F9B2
:102BC000CB2003F04DF9392003F03EF92C2003F01F
:102BD0003BF9002003F038F9342003F035F90220E6
:102BE00003F032F9F72003F03BF9202003F02CF931
:102BF000EA2003F035F9002003F026F9002003F065
:102C000023F9C02003F02CF91B2003F01DF9C1208B
:102C100003F026F9012003F017F9C52003F020F98D
:102C2000302003F011F9302003F00EF9C72003F033
:102C300017F9B72003F008F9362003F011F94820FE
:102C400003F002F93A2003F00BF9552003F0FCF8E9
:102C5000B12003F005F9002003F0F6F81A2003F084
:102C6000F3F8B62003F0FCF80A2003F0EDF8A220F8
:102C700003F0EAF8F22003F0F3F8002003F0E4F8A0
:102C8000262003F0EDF8012003F0DEF8E02003F049
:102C9000E7F80F2003F0D8F82A2003F0D5F8282011
:102CA00003F0D2F8082003F0CFF80E2003F0CCF8A0
:102CB000082003F0C9F8542003F0C6F8A92003F057
:102CC000C3F8432003F0C0F80A2003F0BDF80F203A
:102CD00003F0BAF8002003F0B7F8002003F0B4F8CE
:102CE000002003F0B1F8002003F0AEF8E12003F07B
:102CF000B7F8002003F0A8F8152003F0A5F8172076
:102D000003F0A2F8072003F09FF8112003F09CF8CD
:102D1000062003F099F82B2003F096F8562003F0D4
:102D200093F83C2003F090F8052003F08DF8102074
:102D300003F08AF80F2003F087F83F2003F084F8AF
:102D40003F2003F081F80F2003F07EF82B2003F0E2
:102D500087F8002003F078F8002003F075F80120D0
:102D600003F072F83F2003F06FF82A2003F078F8A0
:102D7000002003F069F8002003F066F8002003F05B
:102D800063F8EF2003F060F8112003F069F8782071
:102D9000FFF784FC292003F063F810BD10B5FF2075
:102DA00003F05EF8FF2003F04FF8982003F04CF892
:102DB000062003F049F8BC2003F052F8012003F08C
:102DC00043F80F2003F040F8612003F03DF8FF20A6
:102DD00003F03AF8012003F037F8012003F034F84B
:102DE0000B2003F031F8102003F02EF8372003F009
:102DF0002BF8632003F028F8FF2003F025F8FF20CC
:102E000003F022F8012003F01FF8012003F01CF862
:102E1000002003F019F8002003F016F8FF2003F05B
:102E200013F8522003F010F8012003F00DF80020F1
:102E300003F00AF8402003F007F8BD2003F010F873
:102E4000012003F001F8232002F0FEFF452002F0EC
:102E5000FBFF672002F0F8FF012002F0F5FF2320BE
:102E600002F0F2FF452002F0EFFF672002F0ECFFD6
:102E7000BE2002F0F5FF002002F0E6FF012002F084
:102E8000E3FFAB2002F0E0FF602002F0DDFF222034
:102E900002F0DAFF222002F0D7FF222002F0D4FF56
:102EA000222002F0D1FF222002F0CEFFC72002F044
:102EB000D7FF362002F0C8FFED2002F0D1FF7F20BF
:102EC00002F0C2FF0F2002F0BFFFC02002F0C8FFD7
:102ED0000F2002F0B9FF0B2002F0B6FF0A2002F02B
:102EE000B3FFFC2002F0BCFF082002F0ADFFDF20A2
:102EF00002F0B6FF002002F0A7FF002002F0A4FFBE
:102F0000002002F0A1FF002002F09EFF002002F04E
:102F10009BFF202002F098FFF32002F0A1FF742015
:102F200002F092FFB42002F09BFF002002F08CFF21
:102F3000002002F089FF002002F086FFF72002F057
:102F40008FFF822002F080FFB12002F089FF002075
:102F500002F07AFF132002F077FF132002F074FFD3
:102F6000F22002F07DFF802002F06EFF042002F0CC
:102F70006BFF402002F068FF282002F065FFC120AF
:102F800002F06EFF172002F05FFF882002F05CFF66
:102F9000882002F059FF202002F056FFE02002F0C6
:102FA0005FFF002002F050FF0A2002F04DFF1220C8
:102FB00002F04AFF102002F047FF0E2002F044FF0B
:102FC000202002F041FFCC2002F03EFF072002F05B
:102FD0003BFF062002F038FF0B2002F035FF0E20E9
:102FE00002F032FF0F2002F02FFF0D2002F02CFF25
:102FF000152002F029FF102002F026FF002002F029
:1030000023FFE12002F02CFF002002F01DFF0B2027
:1030100002F01AFF132002F017FF0D2002F014FF38
:103020000E2002F011FF1B2002F00EFF712002F0B3
:103030000BFF062002F008FF062002F005FF0A2021
:1030400002F002FF0F2002F0FFFE0E2002F0FCFE55
:103050000F2002F0F9FE152002F0F6FE0C2002F01F
:10306000F3FE002002F0F0FE2A2002F0F9FE00201C
:1030700002F0EAFE002002F0E7FE012002F0E4FE8A
:10308000DF2002F0E1FE2B2002F0EAFE002002F039
:10309000DBFE002002F0D8FE032002F0D5FE1F2048
:1030A00002F0D2FE3A2002F0DBFE552002F0CCFE08
:1030B000362002F0D5FE002002F0C6FE112002F0FC
:1030C000CFFE7820FFF7EAFA292002F0C9FE14208B
:1030D000FFF7E4FA2C2002F0C3FE10BD10B5ED207E
:1030E00002F0BEFE012002F0AFFEFE2002F0ACFEB8
:1030F000EE2002F0B5FEDE2002F0A6FE212002F056
:10310000A3FEF12002F0ACFE012002F09DFEDF20C4
:1031100002F0A6FE102002F097FEC42002F0A0FEEE
:103120008F2002F091FEC62002F09AFE002002F0ED
:103130008BFEE22002F088FEE22002F085FEE22013
:1031400002F082FEBF2002F08BFEAA2002F07CFE7D
:10315000B02002F085FE0D2002F076FE002002F085
:1031600073FE0D2002F070FE002002F06DFE1120B3
:1031700002F06AFE002002F067FE192002F064FEF1
:10318000002002F061FE212002F05EFE002002F02D
:103190005BFE2D2002F058FE002002F055FE3D207F
:1031A00002F052FE002002F04FFE5D2002F04CFEC5
:1031B000002002F049FE5D2002F046FE002002F0F1
:1031C00043FEB12002F04CFE802002F03DFE0020C4
:1031D00002F03AFE8B2002F037FE002002F034FEAF
:1031E000962002F031FE002002F02EFEB22002F006
:1031F00037FE002002F028FE002002F025FE02200B
:1032000002F022FE002002F01FFE032002F01CFE4E
:10321000002002F019FEB32002F022FE002002F08E
:1032200013FE002002F010FE002002F00DFE002030
:1032300002F00AFE002002F007FE002002F004FE69
:10324000002002F001FE002002F0FEFD002002F04E
:10325000FBFD002002F0F8FD002002F0F5FD00204B
:1032600002F0F2FD002002F0EFFD002002F0ECFD84
:10327000002002F0E9FD002002F0E6FD002002F04F
:10328000E3FD002002F0E0FD002002F0DDFD002063
:1032900002F0DAFD002002F0D7FD002002F0D4FD9C
:1032A000002002F0D1FD002002F0CEFDB42002F09B
:1032B000D7FD8B2002F0C8FD002002F0C5FD96204E
:1032C00002F0C2FD002002F0BFFDA12002F0BCFD13
:1032D000002002F0B9FDB52002F0C2FD022002F08C
:1032E000B3FD002002F0B0FD032002F0ADFD002090
:1032F00002F0AAFD042002F0A7FD002002F0A4FDC8
:10330000B62002F0ADFD002002F09EFD002002F08C
:103310009BFDB72002F0A4FD002002F095FD0020E7
:1033200002F092FD3F2002F08FFD002002F08CFDA4
:103330005E2002F089FD002002F086FD642002F08C
:1033400083FD002002F080FD8C2002F07DFD002036
:1033500002F07AFDAC2002F077FD002002F074FD4F
:10336000DC2002F071FD002002F06EFD702002F002
:103370006BFD002002F068FD902002F065FD00204A
:1033800002F062FDEB2002F05FFD002002F05CFD28
:10339000DC2002F059FD002002F056FDB82002F0BA
:1033A0005FFD002002F050FD002002F04DFD0020E6
:1033B00002F04AFD002002F047FD002002F044FD2B
:1033C000002002F041FD002002F03EFD002002F04E
:1033D0003BFDBA2002F044FD242002F035FD002020
:1033E00002F032FD002002F02FFD002002F02CFD43
:1033F000C12002F035FD202002F026FD002002F061
:1034000023FD542002F020FD002002F01DFDFF20CE
:1034100002F01AFD002002F017FDC22002F020FD8C
:103420000A2002F011FD002002F00EFD042002F03F
:103430000BFD002002F008FDC32002F011FD3C202E
:1034400002F002FD002002F0FFFC3A2002F0FCFC3A
:10345000002002F0F9FC392002F0F6FC002002F016
:10346000F3FC372002F0F0FC002002F0EDFC3C20E1
:1034700002F0EAFC002002F0E7FC362002F0E4FC57
:10348000002002F0E1FC322002F0DEFC002002F01D
:10349000DBFC2F2002F0D8FC002002F0D5FC2C2011
:1034A00002F0D2FC002002F0CFFC292002F0CCFC7C
:1034B000002002F0C9FC262002F0C6FC002002F029
:1034C000C3FC242002F0C0FC002002F0BDFC24203C
:1034D00002F0BAFC002002F0B7FC232002F0B4FC9A
:1034E000002002F0B1FC3C2002F0AEFC002002F013
:1034F000ABFC362002F0A8FC002002F0A5FC322034
:1035000002F0A2FC002002F09FFC2F2002F09CFCA5
:10351000002002F099FC2C2002F096FC002002F022
:1035200093FC292002F090FC002002F08DFC262064
:1035300002F08AFC002002F087FC242002F084FCC8
:10354000002002F081FC242002F07EFC002002F02A
:103550007BFC232002F078FC002002F075FCC420E4
:1035600002F07EFC622002F06FFC002002F06CFC96
:10357000052002F069FC002002F066FC842002F0C5
:1035800063FC002002F060FCF02002F05DFC0020F3
:1035900002F05AFC182002F057FC002002F054FC04
:1035A000A42002F051FC002002F04EFC182002F092
:1035B0004BFC002002F048FC502002F045FC0020AB
:1035C00002F042FC0C2002F03FFC002002F03CFC28
:1035D000172002F039FC002002F036FC952002F0A2
:1035E00033FC002002F030FCF32002F02DFC002020
:1035F00002F02AFCE62002F027FC002002F024FC66
:10360000C52002F02DFC322002F01EFC002002F04A
:103610001BFC442002F018FC002002F015FC652081
:1036200002F012FC002002F00FFC762002F00CFCED
:10363000002002F009FC882002F006FC002002F0C5
:1036400003FCC62002F00CFC202002F0FDFB002051
:1036500002F0FAFB172002F0F7FB002002F0F4FB67
:10366000012002F0F1FB002002F0EEFBC72002F087
:10367000F7FB002002F0E8FB002002F0E5FB002051
:1036800002F0E2FB002002F0DFFBC82002F0E8FBC2
:10369000002002F0D9FB002002F0D6FB002002F04F
:1036A000D3FB002002F0D0FBC92002F0D9FB0020A0
:1036B00002F0CAFB002002F0C7FB002002F0C4FBAE
:1036C000002002F0C1FB002002F0BEFB002002F04F
:1036D000BBFB002002F0B8FB002002F0B5FB00208D
:1036E00002F0B2FB002002F0AFFB002002F0ACFBC6
:1036F000002002F0A9FB002002F0A6FB002002F04F
:10370000A3FB002002F0A0FB002002F09DFBE020C4
:1037100002F0A6FB162002F097FB002002F094FBBB
:103720001C2002F091FB002002F08EFB212002F011
:103730008BFB002002F088FB362002F085FB002086
:1037400002F082FB462002F07FFB002002F07CFBAF
:10375000522002F079FB002002F076FB642002F098
:1037600073FB002002F070FB7A2002F06DFB00205A
:1037700002F06AFB8B2002F067FB002002F064FB82
:10378000992002F061FB002002F05EFBA82002F00D
:103790005BFB002002F058FBB92002F055FB002033
:1037A00002F052FBC42002F04FFB002002F04CFB61
:1037B000CA2002F049FB002002F046FBD22002F0B2
:1037C00043FB002002F040FBD92002F03DFB00202B
:1037D00002F03AFBE02002F037FB002002F034FB5D
:1037E000F32002F031FB002002F02EFBE12002F07A
:1037F00037FB162002F028FB002002F025FB1C20DE
:1038000002F022FB002002F01FFB222002F01CFB32
:10381000002002F019FB362002F016FB002002F017
:1038200013FB452002F010FB002002F00DFB52209C
:1038300002F00AFB002002F007FB642002F004FB08
:10384000002002F001FB7A2002F0FEFA002002F0D4
:10385000FBFA8B2002F0F8FA002002F0F5FA99202A
:1038600002F0F2FA002002F0EFFAA82002F0ECFADF
:10387000002002F0E9FAB92002F0E6FA002002F096
:10388000E3FAC42002F0E0FA002002F0DDFACA20D8
:1038900002F0DAFA002002F0D7FAD22002F0D4FACD
:1038A000002002F0D1FAD82002F0CEFA002002F077
:1038B000CBFAE02002F0C8FA002002F0C5FAF320AB
:1038C00002F0C2FA002002F0BFFAE22002F0C8FAC9
:1038D000052002F0B9FA002002F0B6FA0B2002F03F
:1038E000B3FA002002F0B0FA1B2002F0ADFA00207B
:1038F00002F0AAFA342002F0A7FA002002F0A4FA9B
:10390000442002F0A1FA002002F09EFA4F2002F0BB
:103910009BFA002002F098FA612002F095FA00204C
:1039200002F092FA792002F08FFA002002F08CFA6D
:10393000882002F089FA002002F086FA972002F02F
:1039400083FA002002F080FAA62002F07DFA00201F
:1039500002F07AFAB72002F077FA002002F074FA47
:10396000C22002F071FA002002F06EFAC72002F0C5
:103970006BFA002002F068FAD12002F065FA00200C
:1039800002F062FAD62002F05FFA002002F05CFA40
:10399000DD2002F059FA002002F056FAF32002F07E
:1039A00053FA002002F050FAE32002F059FA052001
:1039B00002F04AFA002002F047FA0A2002F044FA24
:1039C000002002F041FA1C2002F03EFA002002F032
:1039D0003BFA332002F038FA002002F035FA442096
:1039E00002F032FA002002F02FFA502002F02CFAF6
:1039F000002002F029FA622002F026FA002002F0EC
:103A000023FA782002F020FA002002F01DFA882024
:103A100002F01AFA002002F017FA972002F014FAC6
:103A2000002002F011FAA62002F00EFA002002F0A7
:103A30000BFAB72002F008FA002002F005FAC220C3
:103A400002F002FA002002F0FFF9C72002F0FCF9B0
:103A5000002002F0F9F9D12002F0F6F9002002F07E
:103A6000F3F9D52002F0F0F9002002F0EDF9DD20A5
:103A700002F0EAF9002002F0E7F9F32002F0E4F99D
:103A8000002002F0E1F9E42002F0EAF9012002F05E
:103A9000DBF9002002F0D8F9012002F0D5F900206E
:103AA00002F0D2F9022002F0CFF9002002F0CCF9A6
:103AB0002A2002F0C9F9002002F0C6F93C2002F0E9
:103AC000C3F9002002F0C0F94B2002F0BDF900203C
:103AD00002F0BAF95D2002F0B7F9002002F0B4F963
:103AE000742002F0B1F9002002F0AEF9842002F057
:103AF000ABF9002002F0A8F9932002F0A5F900200C
:103B000002F0A2F9A22002F09FF9002002F09CF935
:103B1000B32002F099F9002002F096F9BE2002F0DD
:103B200093F9002002F090F9C42002F08DF90020F2
:103B300002F08AF9CD2002F087F9002002F084F922
:103B4000D32002F081F9002002F07EF9DD2002F09E
:103B50007BF9002002F078F9F32002F075F90020DB
:103B600002F072F9E52002F07BF9002002F06CF916
:103B7000002002F069F9002002F066F9002002F04E
:103B800063F9022002F060F9002002F05DF92920BB
:103B900002F05AF9002002F057F93C2002F054F9E3
:103BA000002002F051F94B2002F04EF9002002F003
:103BB0004BF95D2002F048F9002002F045F974202D
:103BC00002F042F9002002F03FF9842002F03CF9B3
:103BD000002002F039F9932002F036F9002002F0BB
:103BE00033F9A22002F030F9002002F02DF9B320C1
:103BF00002F02AF9002002F027F9BE2002F024F991
:103C0000002002F021F9C42002F01EF9002002F089
:103C10001BF9CD2002F018F9002002F015F9D3208D
:103C200002F012F9002002F00FF9DC2002F00CF98A
:103C3000002002F009F9F32002F006F9002002F05A
:103C400003F9E62002F00CF9112002F0FDF8002043
:103C500002F0FAF8342002F0F7F8002002F0F4F84D
:103C6000562002F0F1F8002002F0EEF8762002F083
:103C7000EBF8002002F0E8F8772002F0E5F80020E9
:103C800002F0E2F8662002F0DFF8002002F0DCF833
:103C9000882002F0D9F8002002F0D6F8992002F02E
:103CA000D3F8002002F0D0F8BB2002F0CDF80020BD
:103CB00002F0CAF8992002F0C7F8002002F0C4F818
:103CC000662002F0C1F8002002F0BEF8552002F094
:103CD000BBF8002002F0B8F8552002F0B5F800203B
:103CE00002F0B2F8452002F0AFF8002002F0ACF884
:103CF000432002F0A9F8002002F0A6F8442002F0C8
:103D0000A3F8002002F0A0F8E72002F0A9F8322082
:103D100002F09AF8002002F097F8552002F094F88B
:103D2000002002F091F8762002F08EF8002002F0D8
:103D30008BF8662002F088F8002002F085F86720F2
:103D400002F082F8002002F07FF8672002F07CF891
:103D5000002002F079F8872002F076F8002002F0C7
:103D600073F8992002F070F8002002F06DF8BB2083
:103D700002F06AF8002002F067F8992002F064F877
:103D8000002002F061F8772002F05EF8002002F0D7
:103D90005BF8442002F058F8002002F055F8562055
:103DA00002F052F8002002F04FF8232002F04CF805
:103DB000002002F049F8332002F046F8002002F01B
:103DC00043F8452002F040F8002002F03DF8E820DA
:103DD00002F046F8002002F037F8002002F034F834
:103DE000992002F031F8002002F02EF8872002F02E
:103DF0002BF8002002F028F8882002F025F8002097
:103E000002F022F8772002F01FF8002002F01CF8E0
:103E1000662002F019F8002002F016F8882002F05F
:103E200013F8002002F010F8AA2002F00DF800208C
:103E300002F00AF8BB2002F007F8002002F004F8B4
:103E4000992002F001F8002001F0FEFF662001F049
:103E5000FBFF002001F0F8FF552001F0F5FF0020E6
:103E600001F0F2FF552001F0EFFF002001F0ECFF20
:103E7000442001F0E9FF002001F0E6FF442001F0BA
:103E8000E3FF002001F0E0FF552001F0DDFF0020FE
:103E900001F0DAFFE92001F0E3FFAA2001F0D4FFEE
:103EA000002001F0D1FF002001F0CEFF002001F042
:103EB000CBFF002001F0D4FFAA2001F0C5FFCF20E6
:103EC00001F0CEFF002001F0BFFF002001F0BCFF99
:103ED000002001F0B9FF002001F0B6FF002001F042
:103EE000B3FF002001F0B0FF002001F0ADFF002083
:103EF00001F0AAFF002001F0A7FF002001F0A4FFBD
:103F0000002001F0A1FF002001F09EFF002001F041
:103F10009BFF002001F098FF002001F095FF00209A
:103F200001F092FF002001F08FFFF02001F098FFD8
:103F3000002001F089FF502001F086FF002001F0F1
:103F400083FF002001F080FF002001F07DFFF320BF
:103F500001F086FF002001F077FFF92001F080FFDB
:103F6000062001F071FF102001F06EFF292001F002
:103F70006BFF002001F068FF3A2001F071FF55202F
:103F800001F062FF112001F06BFF6420FEF786FB59
:103F9000292001F065FF352001F062FF002001F0CB
:103FA00053FF512001F05CFFFF2001F04DFF532033
:103FB00001F056FF2C2001F047FF552001F050FF83
:103FC000822001F041FF2C2001F04AFF10BD10B506
:103FD00055214FF4704001F059FFAA214FF2010022
:103FE00001F054FF52214FF2020001F04FFF08216F
:103FF0004FF2030001F04AFF01214FF2040001F0EB
:1040000045FF0D214FF4304001F040FF0D214BF2F0
:10401000010001F03BFF0D214BF2020001F036FFE1
:1040200034214FF4364001F031FF34214BF201606E
:1040300001F02CFF34214BF2026001F027FF0D212B
:104040004FF4314001F022FF0D214BF2011001F03D
:104050001DFF0D214BF2021001F018FF34214FF427
:10406000374001F013FF34214BF2017001F00EFFD5
:1040700034214BF2027001F009FF00214FF432406D
:1040800001F004FF00214BF2012001F0FFFE0021AE
:104090004BF2022001F0FAFE24214FF4384001F0E7
:1040A000F5FE24214BF6010001F0F0FE24214BF631
:1040B000020001F0EBFE01214FF43F4001F0E6FE6B
:1040C0000F214FF4334001F0E1FE0F214BF201309C
:1040D00001F0DCFE0F214BF2023001F0D7FE34215B
:1040E0004FF4394001F0D2FE34214BF6011001F0BB
:1040F000CDFE34214BF6021001F0C8FE08214FF42A
:10410000354001F0C3FE08214BF2015001F0BEFE24
:1041100008214BF2025001F0B9FE03214FF4424056
:1041200001F0B4FE24214FF43A4001F0AFFE242107
:104130004BF6012001F0AAFE24214BF6022001F0EB
:10414000A5FE00214FF43C4001F0A0FE78214BF683
:10415000014001F09BFE00214BF6024001F096FE6B
:1041600000214FF43D4001F091FE78214BF60150C3
:1041700001F08CFE00214BF6025001F087FE002179
:104180004FF43E4001F082FE64214BF6016001F0E5
:104190007DFE00214FF4514001F078FE33214DF2B5
:1041A000011001F073FE00214DF2021001F06EFECD
:1041B00034214DF2031001F069FE00214DF204108C
:1041C00001F064FE3A214DF2051001F05FFE00217E
:1041D0004DF2061001F05AFE4A214DF2071001F08F
:1041E00055FE00214DF2081001F050FE5C214DF209
:1041F000091001F04BFE00214DF20A1001F046FEBD
:1042000081214DF20B1001F041FE00214DF20C1006
:1042100001F03CFEA6214DF20D1001F037FE002109
:104220004DF20E1001F032FEE5214DF20F1001F0BB
:104230002DFE01214DF2101001F028FE13214DF248
:10424000111001F023FE01214DF2121001F01EFEAB
:1042500054214DF2131001F019FE01214DF21410FA
:1042600001F014FE82214DF2151001F00FFE012124
:104270004DF2161001F00AFECA214DF2171001F09E
:1042800005FE02214DF2181001F000FE00214DF252
:10429000191001F0FBFD02214DF21A1001F0F6FD9C
:1042A00001214DF21B1001F0F1FD02214DF21C1015
:1042B00001F0ECFD34214DF21D1001F0E7FD02216B
:1042C0004DF21E1001F0E2FD67214DF21F1001F0CA
:1042D000DDFD02214DF2201001F0D8FD84214DF2C8
:1042E000211001F0D3FD02214DF2221001F0CEFD8C
:1042F000A4214DF2231001F0C9FD02214DF224103A
:1043000001F0C4FDB7214DF2251001F0BFFD0221DF
:104310004DF2261001F0BAFDCF214DF2271001F029
:10432000B5FD02214DF2281001F0B0FDDE214DF265
:10433000291001F0ABFD02214DF22A1001F0A6FD7B
:10434000F2214DF22B1001F0A1FD02214DF22C10B3
:1043500001F09CFDFE214DF22D1001F097FD03218F
:104360004DF22E1001F092FD10214DF22F1001F0B0
:104370008DFD03214DF2301001F088FD33214DF207
:10438000311001F083FD03214DF2321001F07EFD6A
:104390006D214DF2331001F079FD00214FF45240B0
:1043A00001F074FD33214DF2012001F06FFD002179
:1043B0004DF2022001F06AFD34214DF2032001F09C
:1043C00065FD00214DF2042001F060FD3A214DF21F
:1043D000052001F05BFD00214DF2062001F056FDA5
:1043E0004A214DF2072001F051FD00214DF2082035
:1043F00001F04CFD5C214DF2092001F047FD002148
:104400004DF20A2001F042FD81214DF20B2001F016
:104410003DFD00214DF20C2001F038FDA6214DF2AA
:104420000D2001F033FD00214DF20E2001F02EFD94
:10443000E5214DF20F2001F029FD01214DF2102060
:1044400001F024FD13214DF2112001F01FFD012187
:104450004DF2122001F01AFD54214DF2132001F00B
:1044600015FD01214DF2142001F010FD82214DF2C5
:10447000152001F00BFD01214DF2162001F006FD83
:10448000CA214DF2172001F001FD02214DF2182042
:1044900001F0FCFC00214DF2192001F0F7FC022193
:1044A0004DF21A2001F0F2FC01214DF21B2001F027
:1044B000EDFC02214DF21C2001F0E8FC34214DF20C
:1044C0001D2001F0E3FC02214DF21E2001F0DEFC74
:1044D00067214DF21F2001F0D9FC02214DF220206E
:1044E00001F0D4FC84214DF2212001F0CFFC022107
:1044F0004DF2222001F0CAFCA4214DF2232001F04C
:10450000C5FC02214DF2242001F0C0FCB7214DF280
:10451000252001F0BBFC02214DF2262001F0B6FC63
:10452000CF214DF2272001F0B1FC02214DF22820CD
:1045300001F0ACFCDE214DF2292001F0A7FC0221A4
:104540004DF22A2001F0A2FCF2214DF22B2001F0C5
:104550009DFC02214DF22C2001F098FCFE214DF231
:104560002D2001F093FC03214DF22E2001F08EFC52
:1045700010214DF22F2001F089FC03214DF2302053
:1045800001F084FC33214DF2312001F07FFC032146
:104590004DF2322001F07AFC6D214DF2332001F012
:1045A00075FC00214FF4534001F070FC33214DF2B3
:1045B000013001F06BFC00214DF2023001F066FC8D
:1045C00034214DF2033001F061FC00214DF2043042
:1045D00001F05CFC3A214DF2053001F057FC00215E
:1045E0004DF2063001F052FC4A214DF2073001F045
:1045F0004DFC00214DF2083001F048FC5C214DF2E9
:10460000093001F043FC00214DF20A3001F03EFC7C
:1046100081214DF20B3001F039FC00214DF20C30BC
:1046200001F034FCA6214DF20D3001F02FFC0021E9
:104630004DF20E3001F02AFCE5214DF20F3001F071
:1046400025FC01214DF2103001F020FC13214DF228
:10465000113001F01BFC01214DF2123001F016FC6B
:1046600054214DF2133001F011FC01214DF21430B0
:1046700001F00CFC82214DF2153001F007FC012104
:104680004DF2163001F002FCCA214DF2173001F054
:10469000FDFB02214DF2183001F0F8FB00214DF234
:1046A000193001F0F3FB02214DF21A3001F0EEFB5C
:1046B00001214DF21B3001F0E9FB02214DF21C30CB
:1046C00001F0E4FB34214DF21D3001F0DFFB02214B
:1046D0004DF21E3001F0DAFB67214DF21F3001F080
:1046E000D5FB02214DF2203001F0D0FB84214DF2A8
:1046F000213001F0CBFB02214DF2223001F0C6FB4C
:10470000A4214DF2233001F0C1FB02214DF22430EF
:1047100001F0BCFBB7214DF2253001F0B7FB0221BF
:104720004DF2263001F0B2FBCF214DF2273001F0DF
:10473000ADFB02214DF2283001F0A8FBDE214DF245
:10474000293001F0A3FB02214DF22A3001F09EFB3B
:10475000F2214DF22B3001F099FB02214DF22C3069
:1047600001F094FBFE214DF22D3001F08FFB03216F
:104770004DF22E3001F08AFB10214DF22F3001F066
:1047800085FB03214DF2303001F080FB33214DF2E7
:10479000313001F07BFB03214DF2323001F076FB2A
:1047A0006D214DF2333001F071FB00214FF4544084
:1047B00001F06CFB33214DF2014001F067FB002159
:1047C0004DF2024001F062FB34214DF2034001F052
:1047D0005DFB00214DF2044001F058FB3A214DF2FF
:1047E000054001F053FB00214DF2064001F04EFB65
:1047F0004A214DF2074001F049FB00214DF20840EB
:1048000001F044FB5C214DF2094001F03FFB002127
:104810004DF20A4001F03AFB81214DF20B4001F0CC
:1048200035FB00214DF20C4001F030FBA6214DF28A
:104830000D4001F02BFB00214DF20E4001F026FB54
:10484000E5214DF20F4001F021FB01214DF2104016
:1048500001F01CFB13214DF2114001F017FB012167
:104860004DF2124001F012FB54214DF2134001F0C1
:104870000DFB01214DF2144001F008FB82214DF2A5
:10488000154001F003FB01214DF2164001F0FEFA44
:10489000CA214DF2174001F0F9FA02214DF21840F9
:1048A00001F0F4FA00214DF2194001F0EFFA022173
:1048B0004DF21A4001F0EAFA01214DF21B4001F0DD
:1048C000E5FA02214DF21C4001F0E0FA34214DF2EC
:1048D0001D4001F0DBFA02214DF21E4001F0D6FA34
:1048E00067214DF21F4001F0D1FA02214DF2204024
:1048F00001F0CCFA84214DF2214001F0C7FA0221E7
:104900004DF2224001F0C2FAA4214DF2234001F001
:10491000BDFA02214DF2244001F0B8FAB7214DF260
:10492000254001F0B3FA02214DF2264001F0AEFA23
:10493000CF214DF2274001F0A9FA02214DF2284083
:1049400001F0A4FADE214DF2294001F09FFA022184
:104950004DF22A4001F09AFAF2214DF22B4001F07B
:1049600095FA02214DF22C4001F090FAFE214DF211
:104970002D4001F08BFA03214DF22E4001F086FA12
:1049800010214DF22F4001F081FA03214DF2304009
:1049900001F07CFA33214DF2314001F077FA032126
:1049A0004DF2324001F072FA6D214DF2334001F0C8
:1049B0006DFA00214FF4554001F068FA33214DF2B1
:1049C000015001F063FA00214DF2025001F05EFA4D
:1049D00034214DF2035001F059FA00214DF20450F8
:1049E00001F054FA3A214DF2055001F04FFA00213E
:1049F0004DF2065001F04AFA4A214DF2075001F0FB
:104A000045FA00214DF2085001F040FA5C214DF2C8
:104A1000095001F03BFA00214DF20A5001F036FA3C
:104A200081214DF20B5001F031FA00214DF20C5072
:104A300001F02CFAA6214DF20D5001F027FA0021C9
:104A40004DF20E5001F022FAE5214DF20F5001F027
:104A50001DFA01214DF2105001F018FA13214DF208
:104A6000115001F013FA01214DF2125001F00EFA2B
:104A700054214DF2135001F009FA01214DF2145066
:104A800001F004FA82214DF2155001F0FFF90121E5
:104A90004DF2165001F0FAF9CA214DF2175001F00B
:104AA000F5F902214DF2185001F0F0F900214DF214
:104AB000195001F0EBF902214DF21A5001F0E6F91C
:104AC00001214DF21B5001F0E1F902214DF21C5081
:104AD00001F0DCF934214DF21D5001F0D7F902212B
:104AE0004DF21E5001F0D2F967214DF21F5001F036
:104AF000CDF902214DF2205001F0C8F984214DF288
:104B0000215001F0C3F902214DF2225001F0BEF90B
:104B1000A4214DF2235001F0B9F902214DF22450A5
:104B200001F0B4F9B7214DF2255001F0AFF902219F
:104B30004DF2265001F0AAF9CF214DF2275001F095
:104B4000A5F902214DF2285001F0A0F9DE214DF225
:104B5000295001F09BF902214DF22A5001F096F9FB
:104B6000F2214DF22B5001F091F902214DF22C501F
:104B700001F08CF9FE214DF22D5001F087F903214F
:104B80004DF22E5001F082F910214DF22F5001F01C
:104B90007DF903214DF2305001F078F933214DF2C7
:104BA000315001F073F903214DF2325001F06EF9EA
:104BB0006D214DF2335001F069F900214FF4564058
:104BC00001F064F933214DF2016001F05FF9002139
:104BD0004DF2026001F05AF934214DF2036001F008
:104BE00055F900214DF2046001F050F93A214DF2DF
:104BF000056001F04BF900214DF2066001F046F925
:104C00004A214DF2076001F041F900214DF20860A0
:104C100001F03CF95C214DF2096001F037F9002107
:104C20004DF20A6001F032F981214DF20B6001F082
:104C30002DF900214DF20C6001F028F9A6214DF26A
:104C40000D6001F023F900214DF20E6001F01EF914
:104C5000E5214DF20F6001F019F901214DF21060CC
:104C600001F014F913214DF2116001F00FF9012147
:104C70004DF2126001F00AF954214DF2136001F077
:104C800005F901214DF2146001F000F982214DF285
:104C9000156001F0FBF801214DF2166001F0F6F805
:104CA000CA214DF2176001F0F1F802214DF21860AF
:104CB00001F0ECF800214DF2196001F0E7F8022153
:104CC0004DF21A6001F0E2F801214DF21B6001F093
:104CD000DDF802214DF21C6001F0D8F834214DF2CC
:104CE0001D6001F0D3F802214DF21E6001F0CEF8F4
:104CF00067214DF21F6001F0C9F802214DF22060DA
:104D000001F0C4F884214DF2216001F0BFF80221C6
:104D10004DF2226001F0BAF8A4214DF2236001F0B7
:104D2000B5F802214DF2246001F0B0F8B7214DF240
:104D3000256001F0ABF802214DF2266001F0A6F8E3
:104D4000CF214DF2276001F0A1F802214DF2286039
:104D500001F09CF8DE214DF2296001F097F8022164
:104D60004DF22A6001F092F8F2214DF22B6001F031
:104D70008DF802214DF22C6001F088F8FE214DF2F1
:104D80002D6001F083F803214DF22E6001F07EF8D2
:104D900010214DF22F6001F079F803214DF23060BF
:104DA00001F074F833214DF2316001F06FF8032106
:104DB0004DF2326001F06AF86D214DF2336001F07E
:104DC00065F855214FF4704001F060F8AA214FF2C8
:104DD000010001F05BF852214FF2020001F056F899
:104DE00008214FF2030001F051F800214FF20400B6
:104DF00001F04CF8CC214FF4314001F047F800218C
:104E00004BF2011001F042F805214FF4364001F059
:104E10003DF870214FF4374001F038F870214BF223
:104E2000017001F033F801214FF4384001F02EF801
:104E300003214BF6010001F029F803214BF6020093
:104E400001F024F803214BF6030001F01FF80221C2
:104E50004FF43C4001F01AF800214BF6014001F0FC
:104E600015F800214BF6024001F010F8D0214FF464
:104E7000494001F00BF802214CF6011001F006F850
:104E800050214CF6021001F001F850214CF60310AD
:104E900000F0FCFF50214CF6041000F0F7FF002159
:104EA0004FF4545000F0F2FF55214FF4685000F0D9
:104EB000EDFF4FF4885000F0D3FF7820FDF7FAFBA8
:104EC0004FF4245000F0CCFF10BD10B5E22000F0EC
:104ED000C7FF1D2000F0B8FF022000F0B5FF04203E
:104EE00000F0B2FF6420FDF7E5FBE02000F0B8FF22
:104EF000012000F0A9FF0A20FDF7D0FBE02000F020
:104F0000AFFF032000F0A0FF0C20FDF7C7FB01203E
:104F100000F0A6FF0A20FDF7C1FBE62000F0A0FF8D
:104F20002F2000F091FFFF2000F08EFFFF2000F007
:104F30008BFFB02000F094FF202000F085FF0020C0
:104F400000F082FF032000F07FFF40F21F3000F0EE
:104F50007BFF012000F078FF40F2DF1000F074FFCB
:104F6000002000F071FFB42000F07AFF042000F070
:104F70006BFF40F21F4000F067FF002000F064FF6D
:104F80002E2000F061FF002000F05EFF002000F006
:104F90005BFF002000F058FF002000F055FFB62016
:104FA00000F05EFF022000F04FFF4FF4037000F0AE
:104FB0004BFF002000F048FF172000F045FF1520B0
:104FC00000F042FF002000F03FFF002000F03CFF17
:104FD000F02000F045FF032000F036FF292000F00C
:104FE0003FFFD02000F03CFF002000F02DFFBE204E
:104FF00000F036FF052000F027FFFE2000F024FF20
:10500000012000F021FF002000F01EFF002000F032
:105010001BFF002000F018FFB82000F021FF032044
:1050200000F012FF012000F00FFFBA2000F018FF7F
:10503000012000F009FF10BD10B5112000F010FF95
:105040007820FDF72BFB362000F00AFF002000F04F
:10505000FBFE3A2000F004FF052000F0F5FEB22030
:1050600000F0FEFE0C2000F0EFFE0C2000F0ECFE45
:10507000002000F0E9FE332000F0E6FE332000F0CF
:10508000E3FEB72000F0ECFE352000F0DDFEBB2093
:1050900000F0E6FE322000F0D7FEC02000F0E0FE77
:1050A0000C2000F0D1FEC22000F0DAFE012000F05A
:1050B000CBFEC32000F0D4FE102000F0C5FEC420BB
:1050C00000F0CEFE202000F0BFFEC62000F0C8FE9B
:1050D0000F2000F0B9FED02000F0C2FEA42000F0A6
:1050E000B3FEA12000F0B0FEE02000F0B9FED02019
:1050F00000F0AAFE002000F0A7FE022000F0A4FEAF
:10510000072000F0A1FE0A2000F09EFE282000F0FB
:105110009BFE322000F098FE442000F095FE4220D5
:1051200000F092FE062000F08FFE0E2000F08CFEB4
:10513000122000F089FE142000F086FE172000F0F7
:1051400083FEE12000F08CFED02000F07DFE0020E8
:1051500000F07AFE022000F077FE072000F074FED7
:105160000A2000F071FE282000F06EFE312000F0D1
:105170006BFE542000F068FE472000F065FE0E2014
:1051800000F062FE1C2000F05FFE172000F05CFEC5
:105190001B2000F059FE1E2000F056FE2A2000F0D1
:1051A0005FFE002000F050FE002000F04DFE0020C9
:1051B00000F04AFEEF2000F047FE2B2000F050FEEA
:1051C000002000F041FE002000F03EFE012000F033
:1051D0003BFE3F2000F038FE292000F041FE10BDCC
:1051E00010B5112000F03CFE7820FDF757FA36206C
:1051F00000F036FE482000F027FE3A2000F030FE96
:10520000552000F021FEF02000F02AFEC32000F01F
:105210001BFEF02000F024FE962000F015FEB420C6
:1052200000F01EFE012000F00FFEB62000F018FE78
:105230000A2000F009FEA22000F006FEB72000F0D0
:105240000FFEC62000F000FEB92000F009FE02208B
:1052500000F0FAFDE02000F0F7FDC02000F000FEB5
:10526000802000F0F1FD162000F0EEFDC12000F0DE
:10527000F7FD192000F0E8FDC22000F0F1FDA720A5
:1052800000F0E2FDC52000F0EBFD162000F0DCFD93
:10529000E82000F0E5FD402000F0D6FD8A2000F077
:1052A000D3FD002000F0D0FD002000F0CDFD29202E
:1052B00000F0CAFD192000F0C7FDA52000F0C4FDD4
:1052C000332000F0C1FDE02000F0CAFDF02000F026
:1052D000BBFD072000F0B8FD0D2000F0B5FD042057
:1052E00000F0B2FD052000F0AFFD142000F0ACFD91
:1052F000362000F0A9FD542000F0A6FD4C2000F05F
:10530000A3FD382000F0A0FD132000F09DFD142027
:1053100000F09AFD2E2000F097FD342000F094FD5F
:10532000E12000F09DFDF02000F08EFD102000F047
:105330008BFD142000F088FD0E2000F085FD0C2070
:1053400000F082FD082000F07FFD352000F07CFD9C
:10535000442000F079FD4C2000F076FD262000F07E
:1053600073FD102000F070FD122000F06DFD2C2068
:1053700000F06AFD322000F067FDF02000F070FDC3
:105380003C2000F061FDF02000F06AFD692000F093
:105390005BFD7820FDF782F9212000F061FD2920D6
:1053A00000F05EFD10BD000000B595B000BF00BF6D
:1053B00000200190F848006840F04000F64908607D
:1053C0000846006800F04000019000BF00BF00BF29
:1053D00000BF00BF002001900846006840F00800B0
:1053E00008600846006800F00800019000BF00BF98
:1053F00000BF00BF00BF002001900846006840F0D9
:10540000080008600846006800F00800019000BF2E
:1054100000BF00BF00BF00BF002001900846006829
:1054200040F0400008600846006800F0400001902D
:1054300000BF00BF00BF00BF00BF002001900846B2
:10544000006840F0020008600846006800F00200B2
:10545000019000BF00BF00BF88141090022011907F
:1054600001201290022013900C20149010A9CB4818
:10547000FBF73EFB2020109010A9C948FBF738FB32
:105480001020109010A9C648FBF732FB4FF4805053
:10549000109010A9C348FBF72BFB4FF4004010906D
:1054A0000120119010A9C048FBF722FB4FF02040CB
:1054B000BE490860BE484860062088600021BB489D
:1054C000C1601021416100218161C16141624FF4DD
:1054D000805181620021C1624FF48041016300214B
:1054E000416381630F20099000200A903C200B90BB
:1054F00000200F90092002900020039009200490C2
:105500000020089002AA09A9A848FCF741F8322017
:10551000FDF7C4F8D32000F0A3FC00F0D5F9A549AD
:10552000888000F0D1F9A349888000F0CDF9A14925
:105530008880084680884FF6FF7101EA00209D4967
:10554000888000F0C1F99B4989880843994988807F
:105550000846808849F2413188427CD0042000F01E
:105560007FFC00F0B1F99349888000F0ADF99149D2
:10557000888000F0A9F98F498880084680884FF616
:10558000FF7101EA00208B49888000F09DF989496C
:1055900089880843874988800846808848F25251A4
:1055A000884203D147F28970824988808148808887
:1055B00047F289718842D0D0D42000F051FC00F02D
:1055C00083F97C49888000F07FF97A49888000F06F
:1055D0007BF978498880084680884FF6FF7101EA98
:1055E00000207449888000F06FF972498988084367
:1055F000704988800846808845F210318842ACD0D6
:10560000D32000F02DFC00F05FF96A49888000F09B
:105610005BF96849888000F057F966498880084638
:1056200080884FF6FF7101EA00206249888000F00F
:105630004BF96049898808435E498880084680881C
:1056400047F29671884288D055214FF4704000F09F
:105650001DFCAA2100E07EE04FF2010000F016FCE4
:1056600052214FF2020000F011FC08214FF203001A
:1056700000F00CFC01214FF2040000F007FC4FF495
:10568000454000F0EDFB00F01FF94A4988800846CC
:1056900080884FF6FF7101EA0020464988804CF26D
:1056A000015000F0DDFB00F00FF942498988084302
:1056B000404988800520FCF7F1FF3E48808845F28C
:1056C0001051884247D0D32000F0CAFB00F0FCF80C
:1056D0003849888000F0F8F83649888000F0F4F8FE
:1056E00034498880084680884FF6FF7101EA00201F
:1056F0003049888000F0E8F82E49898808432D4910
:1057000088800846808849F60601884223D0A12077
:1057100000F0A6FB00F0D8F82649888000F0D4F805
:1057200024498880084680884FF6FF7101EA0020EE
:105730002049888000F0C8F81E49898808431D491F
:1057400088800846808845F26171884203D141F61D
:105750006310184988801748818817A0FAF76CFEF3
:105760001448808847F28971884202D1FFF764FCAF
:105770004EE01048808849F24131884202D1FDF75D
:10578000F7F945E00B48808845F21031884219D17D
:10579000FDF7A4FC3CE00000303802400018024055
:1057A000000C0240001402400004024018020020D5
:1057B000040100A0680200204C43442049443A25DB
:1057C000780D0A003A48808847F29671884202D1E3
:1057D000FFF706FD1CE03648808845F210518842EC
:1057E00002D1FEF7F4FB13E03148808849F6060148
:1057F000884202D1FDF7D2FA0AE02D48808841F6AE
:105800006311884204D1FFF760FB642000F0ECFADA
:105810002748808847F2897188420BD024488088C5
:1058200049F24131884205D02148808841F6631110
:1058300088420AD10320029004901E490B6B8A68AB
:10584000486802A9FBF776F821E01948808845F2FC
:105850001031884211D01648808847F296718842EC
:105860000BD01348808845F21051884205D010486B
:10587000808849F60601884209D1022002900490EE
:105880000C490B6B8A68486802A9FBF753F80020A3
:10589000FDF7A8F800BF0122D1030748FBF72AFA59
:1058A00000BF4FF6FF70FDF783F815B000BD000094
:1058B00068020020180200200004024000BF011E00
:1058C000A0F10100FBD1704708B50220FFF7F6FFF9
:1058D000024800880090BDF8000008BD8000006C00
:1058E000F0B50546002400278B488079012805D1B2
:1058F0008948808841F66311884208D186488079BA
:10590000F0B98548808841F66311884218D1082D86
:1059100015D2DFE805F00406080A0C0E1012062561
:105920000DE007250BE0042509E0052507E001252A
:1059300005E0002503E0032501E0022500BF00BFCC
:10594000082D1CD2DFE805F00406090C0F1215180B
:1059500000BF14E044F0800411E044F040040EE085
:1059600044F0C0040BE044F0200408E044F060047C
:1059700005E044F0A00402E044F0E00400BF00BFF2
:1059800036276548808845F21051884200D13F0291
:105990006148808849F2413188420BD05E48808856
:1059A00047F28971884205D05B48808847F296713A
:1059B000884201D144F008042146384600F066FAD6
:1059C0005548808841F6631188421DD004F02000BC
:1059D00068B15148008850494988884214DA4E48D5
:1059E000068840884C490880084646800CE04A48B2
:1059F000008849494988884206DD4748068840882A
:105A000045490880084646804348808845F2105141
:105A1000884252D14049488900F022FA002000F023
:105A200013FA3D494989491C88B200F019FA00204F
:105A300000F00AFA38494989891C88B200F010FA46
:105A400035490988491EC1F30F2000F0FDF932499C
:105A50004989C91C88B200F003FA2F490978491E08
:105A6000C8B200F0F1F92C49888900F0F9F900205A
:105A700000F0EAF928498989491C88B200F0F0F958
:105A8000002000F0E1F924498989891C88B200F0DE
:105A9000E7F921494988491EC1F30F2000F0D4F9E4
:105AA0001D498989C91C88B200F0DAF91A49897838
:105AB000491EC8B200F0C8F92DE01749488900F026
:105AC000CFF9002000F0C0F9002000F0BDF9124924
:105AD0000988491EC1F30F2000F0B6F90E49097874
:105AE000491EC8B200F0B0F90B49888900F0B8F936
:105AF000002000F0A9F9002000F0A6F90649498825
:105B0000491EC1F30F2000F09FF903498978491E0F
:105B1000C8B200F099F9F0BD6802002010B5024645
:105B20000C464548808841F66311884247D1424877
:105B30008079A8B940480088401E801A82B23E4948
:105B4000488900F08DF9002000F07EF9002000F077
:105B50007BF9101200F078F9D0B200F075F916E078
:105B60003549488900F07CF9101200F06DF9D0B287
:105B700000F06AF930490988491EC1F30F2000F08E
:105B800063F92D490978491EC8B200F05DF92A4928
:105B9000888900F065F9201200F056F9E0B200F0B3
:105BA00053F925494988491EC1F30F2000F04CF9EB
:105BB00021498978491EC8B200F046F93AE01E48EA
:105BC000808845F21051884220D11B49488900F055
:105BD00047F9101200F038F917494989491C88B271
:105BE00000F03EF9D0B200F02FF91349888900F097
:105BF00037F9201200F028F90F498989491C88B229
:105C000000F02EF9E0B200F01FF913E00A494889CC
:105C100000F026F9101200F017F9D0B200F014F9D4
:105C20000549888900F01CF9201200F00DF9E0B256
:105C300000F00AF910BD0000680200202DE9FC4FB9
:105C400080460E4615461C46B34600200190009043
:105C50002046E31704EB5373DB1021464FEAE47C44
:105C600004EB5C7C4FEAEC0CA4EBCC0CBCF1000F19
:105C700002D04FF0010C01E04FF0000C63442246CB
:105C800004EBD27C4FEA6C0C03FB0CF3DBB2019308
:105C9000A5F12000C5B20C2C06D0102C0BD0182C6E
:105CA0000ED0202C18D112E005EB45002D4901EB58
:105CB0008000009012E02C4800EB051000900DE0F1
:105CC00005EBC500294901EB8000009006E028485B
:105CD00000EB8510009001E0BDE8FC8F00BF0027BD
:105CE0003AE0009810F807904FF0000A2EE009F013
:105CF000800028B1314640460C9AFCF729FF07E0A6
:105D00000B9828B91B48314602684046FCF720FF33
:105D10004FEA49604FEA1069701C86B21648408805
:105D2000B04200DCD8E7A6EB0B00A0420AD15E46E9
:105D300008F101001FFA80F80F480088404500DC98
:105D4000CAE706E00AF1010000F0FF0ABAF1080F05
:105D5000CDDB00BF781CC7B201988742C1DB00BF12
:105D6000BAE70000A69200081A9700080A9D0008EA
:105D700066AA00084C000020680200202DE9FC4FB4
:105D800004460D4690469946DDE90C7A0B9E04F0D8
:105D9000FF0B08EB04001FFA80F809EB05001FFA5F
:105DA00080F917E0444502DB5C46A81985B24D45F1
:105DB00000DB15E00020CDE9000A3A783346294699
:105DC0002046FFF73BFF304606EBD07104EB610144
:105DD0008CB27F1C38787E2802DC38782028E1DA03
:105DE00000BFBDE8FC8F000070B52DED048B0446AC
:105DF000BE2000F035F8052000F026F8204603F01C
:105E000030F941EC190B9FED0E0B53EC102B03F006
:105E10003BF941EC180B03F0F7F885B2284600F087
:105E200013F8012000F010F8FF2000F00DF800201A
:105E300000F00AF8002000F007F8BDEC048B70BDFC
:105E4000666666666666044001B5BDF800000090AF
:105E5000BDF800000149088008BD00008000006C0A
:105E600001B5BDF800000090BDF8000001490880B0
:105E700008BD00007E00006C0248008902490880CD
:105E800070470000680200207E00006C034A10800A
:105E90004FF0D842A2F88010704700007E00006CDE
:105EA00000B587B000BF00BF002001902048006807
:105EB00040F020001E4908600846006800F02000FD
:105EC000019000BF00BF00BF00BF00BF00200190D5
:105ED0000846006840F0200008600846006800F0AE
:105EE0002000019000BF00BF00BF481502900120B4
:105EF000039004900220059002A90E48FAF7F8FDDD
:105F00004FF48060029002A90A48FAF7F1FD00BF41
:105F1000012251020748FAF7EDFE00BF00BF01223F
:105F200091020448FAF7E6FE00BF07B000BD00008A
:105F300030380240001402401DE00FA0FAF77CFA4E
:105F40004FF0FF311348006802F020FB12A0FAF76F
:105F500073FA40F6B830FCF7A1FB16A0FAF76CFA1A
:105F600000231A4619460B48006802F05DF94FF409
:105F70007A7001F0AFFCE0E76C6F775F7461736B70
:105F8000BBF1C8A1D0C5BAC5C1BFA3A1A3A1A3A19C
:105F90000D0A0000140000206C6F775F7461736B52
:105FA000D5FDD4DAD4CBD0D0A3A1A3A1A3A10D0A4F
:105FB000000000006C6F775F7461736BCACDB7C56A
:105FC000D0C5BAC5C1BFA3A1A3A1A3A10D0A00005A
:105FD00010B50320FAF73AFFFAF7AAFE07230222C8
:105FE00008214FF4A87001F031FAA820FCF73AFB21
:105FF0004FF4E13001F090FAFFF752FFFFF7D4F9C8
:10600000FCF758FC00F02CFF002000F025F80220DF
:1060100000F022F8012000F01FF8FCF77DFB0020C3
:1060200010BD000006E004A0FAF706FA4FF47A70FB
:1060300001F050FCF7E70000D6D0D3C5CFC8BCB6FE
:10604000C8CECEF1D5FDD4DAD4CBD0D0A3A1A3A1B4
:10605000A3A10D0A0000000010B504460C4951F838
:1060600024104A000B4951F82400002100F036F8B2
:10607000094951F8242007490C3951F8240000211E
:1060800000F02CF8012103480C30015510BD000030
:1060900028C200086800002040C2000810B5014670
:1060A0000023002207E00B4850F8210030F81200CE
:1060B00000B15B1C521C084850F821009042F2D8F5
:1060C0004FF47A705843044C54F82140B0FBF4F07C
:1060D00080B210BD6800002028C2000830B5034619
:1060E00001E003F8011B141EA2F10102F9D130BD39
:1060F0002DE9F04105460E46294807680020294948
:10610000096881F85D0027480068001D01F020FA49
:1061100050B92448006890F82C100120884022498A
:106120000968814320480160681CD8B9D6B11F496D
:1061300048681C49096888601A4982680968CA6009
:1061400018490968091D8268516016490968091DC6
:106150008160164A134909684A6111460968491C59
:1061600011601AE07C190F4800684460BC4207D2F5
:106170000C480168091D0E48006801F00DFA0CE09A
:1061800008480168091D0B48006801F005FA0A4833
:106190000068844201D208480460BDE8F081000034
:1061A0008C0000207800002090000020F084012066
:1061B000800000207C000020A800002010B50446CC
:1061C00001F010FA31480068401C3049086030483E
:1061D000006840B92E4804600846006801280DD1C7
:1061E00000F030FA0AE02B48006838B92848006807
:1061F000C06AE16A884201D82548046026480068E0
:10620000401C2549086008460068606494F82C101A
:106210000120884021490968084320490860E16A53
:1062200001EB81011E4A02EB81014868A06082688F
:10623000E260211D826851608160E16A01EB8101A9
:10624000174A02EB81026261E16A01EB8101144AA3
:1062500052F82110491CE26A02EB8202104B43F80B
:10626000221001F00BFA0B48006868B1084800687A
:10627000C06AE16A884207D24FF08050094908603D
:10628000BFF34F8FBFF36F8F10BD00008800002059
:106290007800002094000020A4000020900000203E
:1062A0002082012004ED00E010B501F09BF91048B8
:1062B0000068D0B90F4801F05FF90F4801F05CF9B0
:1062C0000C480E4908600C480D4908600022102156
:1062D000052001F0E3FE064908600846006820B189
:1062E00008A10348006801F089FA01F0C7F910BD60
:1062F000C80000200485012018850120C00000206E
:10630000C4000020546D72510000000010B516E06A
:1063100001F068F90C48C068C468201D01F018F944
:106320000A480068401E0949086009480068401E84
:106330000749086001F0A2F9204600F05FF8044820
:1063400000680028E4D110BDDC8401208800002012
:106350008400002070B504460D46206C70B1216C9D
:10636000E0680144E160D4E90210884201D3216869
:10637000E1602846226CE168FAF730F970BD2DE93A
:10638000F04104460F4615464FF00008A66B206CFE
:1063900048B9206800282CD1A06802F079FB80461B
:1063A0000020A06025E07DB93946226C6068FAF7CC
:1063B00015F9216C606808446060D4E901018842E5
:1063C00017D32068606014E03946226CE068FAF761
:1063D00005F9216CE068411AE1602168E0688842B3
:1063E00003D2216CA068411AE160022D01D106B1EF
:1063F000761E701CA0634046BDE8F08110B50446CF
:10640000206B01F07BF9204601F078F910BD0146C0
:106410004A6A22B10A6B1268C2F1200000E0002033
:10642000704700000146084A126812680AB9012242
:1064300000E000220A600A6822B9034A1268D268A2
:10644000106800E000207047C000002030B54FF415
:106450002053174800F007042CB1C01D20F007009E
:10646000134C041B1B1B0246124C22600024114DCE
:106470006C60D018083820F007000F4C2060002412
:106480000D4D2D686C600C4D2D682C601146441A22
:106490004C60094C24680C60084D4C682C60084D19
:1064A0004C682C604FF00044064D2C6030BD00005D
:1064B0002C850120D4000020DC000020E400002016
:1064C000E0000020F000002000BFFFF71FFF06489B
:1064D00000680128F9D94FF0805004490860BFF3E3
:1064E0004F8FBFF36F8FF0E72082012004ED00E0B3
:1064F00010B5044654B10020A06020600021E16086
:1065000000231A461946204601F08EFE10BD2DE9E3
:10651000F04106460D4617469846069C0DB9246084
:1065200000E02760E66325640121204601F0FEFDBE
:1065300084F850800020A064BDE8F0812DE9F05F70
:1065400082460F4690469B460A9E0C9C4FEA880165
:10655000A522206BFAF787F8A8F10100216B01EB67
:10656000800929F0070909F0070008B9012000E0B7
:10657000002028B94FF4587225A12EA0F9F75CFF2E
:1065800087B1002507E0795D04F134004155785D5D
:1065900000B902E06D1C102DF5D300BF002143208F
:1065A000015502E0002084F83400202E01D20120A1
:1065B00000E0002028B940F2973215A11DA0F9F79C
:1065C0003BFF202E00D31F26E662E66400202065F4
:1065D000201D00F0DEFF04F1180000F0DAFF246156
:1065E000C6F12000A061646200206065A06584F8A7
:1065F0005C0084F85D005A465146484600F01AFC9B
:1066000020600B9808B10B980460BDE8F09F000073
:106610002E2E5C2E2E5C4D6964646C65776172650C
:10662000735C4672656552544F535C7461736B734F
:106630002E6300004572726F723A2025732C20255C
:10664000640D0A0010B5002407E004EB84010F4A32
:1066500002EB810000F090FF641C202CF5D30C4865
:1066600000F08AFF0B4800F087FF0B4800F084FF22
:106670000A4800F081FF0A4800F07EFF04480949FB
:10668000086004480849086010BD0000208201200D
:10669000A0840120B4840120C8840120DC8401206E
:1066A000F08401207C0000208000002010B501460D
:1066B000164800E0006803688B42FBD3024643683B
:1066C00013448B4204D143684C6823444360014621
:1066D0000A464B6813440468A34211D10C4C03686A
:1066E0002468A34208D04B680468646823444B6064
:1066F00003681B680B6005E0054B1B680B6001E03D
:1067000003680B60884200D0016010BDD4000020F7
:10671000DC0000202DE9F04104460D4616461F46D8
:106720004FF0000865602461B5420CD8F01BA169E8
:10673000884202D34FF0010811E0211D094800688A
:1067400000F02AFF0BE0BE4204D2BD4202D34FF05C
:10675000010804E0211D0448006800F01DFF4046C8
:10676000BDE8F081C4000020C000002070B50546DF
:1067700000F038FFA86B08B9012400E0002400F005
:106780007DFF204670BD70B5054600F02BFFA86B5D
:10679000E96B884201D1012400E0002400F06EFF83
:1067A000204670BDF1B50098846C00262CB940F6E7
:1067B000D53220A128A0F9F73FFEA06BE16B8842FB
:1067C00001D2012000E0002028B940F6D63219A1FC
:1067D00021A0F9F731FEA06BE16B884227D294F932
:1067E0004550002269462046FFF7C9FD0646681C51
:1067F00060B9606A08B9012000E00020B0B904F176
:10680000240002F043FA88B101260FE07F2D01D069
:10681000012000E0002028B940F6F63205A10EA0C4
:10682000F9F70AFE681C40B284F8450000BF304604
:10683000F8BD00002E2E5C2E2E5C4D6964646C65E4
:1068400077617265735C4672656552544F535C7133
:10685000756575652E6300004572726F723A20256A
:10686000732C2025640D0A0070B505460E460E48AF
:106870000068C068C468201D00F06AFE94F8280013
:1068800000F0040028B132462946204600F0FEF808
:1068900005E094F8280000F0FE0084F82800204667
:1068A000216A884770BD0000C000002070B586B026
:1068B0008AE0029800280CDA03AE2EB940F20632C4
:1068C00047A150A0F9F7B8FDD6E90020B16890477C
:1068D00000BF0298002877DB049C606908B901209A
:1068E00000E0002010B9201D00F032FE01A800F0E9
:1068F000F9F8054602980A2864D2DFE800F063053B
:10690000072E365306082F3700BF00BF00BF94F88C
:10691000280040F0010084F828000398A26981183B
:1069200003462A462046FFF7F5FEA8B194F8280052
:1069300000F0040038B10398A26981182A46204665
:1069400000F0A4F805E094F8280000F0FE0084F8B8
:1069500028002046216A884735E000BF94F82800C7
:1069600000F0FE0084F828002DE000BF94F8280015
:1069700040F0010084F828000398A061A06908B1E4
:10698000012000E0002028B940F2593214A11DA0D6
:10699000F9F752FDA06941192B462A462046FFF718
:1069A000B9FE10E094F8280000F0020018B9204663
:1069B00000F0A4FE05E094F8280000F0FE0084F842
:1069C000280000E000BF00BF002202A911480068B3
:1069D00001F01CFD00287FF46CAF06B070BD000014
:1069E0002E2E5C2E2E5C4D6964646C657761726539
:1069F000735C4672656552544F535C74696D657281
:106A0000732E63004572726F723A2025732C202515
:106A1000640D0A00C8000020F8B505460C4601F0D8
:106A2000B7F9684600F05EF80646009820BB44B906
:106A3000B54206D802F0D0F931462846FFF714FFD8
:106A40001CE03CB10E480068006808B9012000E075
:106A500000200446A91B22460A48006800F014FFE3
:106A600002F0BAF950B94FF0805007490860BFF3FF
:106A70004F8FBFF36F8F01E002F0AEF9F8BD000059
:106A8000C4000020C800002004ED00E070B50446FA
:106A90000D46164604E0A06905442046216A884751
:106AA000A06941192B4632462046FFF733FE0028E5
:106AB000F1D170BD09480068006808B9012000E004
:106AC000002020B14FF0FF300549086005E0034881
:106AD0000068C06800680249086070477C000020B8
:106AE000A800002070B5044601F0D8FE054607480E
:106AF0000068854204D200F00BF80120206001E01C
:106B00000020206001480560284670BDD0000020AC
:106B100070B508E00D480068C06804684FF0FF31A8
:106B20002046FFF7A1FE09480068006808B9012067
:106B300000E000200028EDD0044805680448006803
:106B4000024908600248056070BD0000C0000020D6
:106B5000C40000200B480068401C08B9012000E078
:106B6000002020B9E92208A116A0F9F765FC00BFB2
:106B7000502080F31188BFF34F8FBFF36F8F00BF9A
:106B800000BFFEE7F40000202E2E5C2E2E5C4D6927
:106B900064646C6577617265735C467265655254B6
:106BA0004F535C706F727461626C655C52564453F3
:106BB0005C41524D5F434D34465C706F72742E637E
:106BC000000000004572726F723A2025732C202558
:106BD000640D0A0008B500BF6846FFF723FC0446B1
:106BE00020460099FFF718FFFFF760FEF4E770B545
:106BF000044600F0F7FC94F9455019E0A06C30B160
:106C00002046FFF7CFFD88B100F044FF0EE0606A38
:106C100008B9012000E0002038B904F1240002F096
:106C200035F818B100F036FF00E003E0681E45B209
:106C3000002DE3DC00BFFF2084F8450000F01EFDBE
:106C400000F0D0FC94F9445010E0206908B901200C
:106C500000E0002048B904F1100002F017F808B174
:106C600000F018FF681E45B200E001E0002DECDCEA
:106C700000BFFF2084F8440000F000FD70BD00005C
:106C80002DE9F04104464FF0000801F081F8494831
:106C9000006808B9FFF7DAFB474800682040002881
:106CA00075D1002C23D004F10800A0421FD908346C
:106CB00004F0070000281BD004F00700C0F1080012
:106CC0002044A04211D904F00700C0F10800044498
:106CD00004F0070008B9012000E0002040B99C2220
:106CE00036A144A0F9F7A8FB02E0002400E000244C
:106CF000002C4CD043480068844248D8424E30466D
:106D0000056801E02E462D686868A04202D2286816
:106D10000028F7D127480068854238D0306800F154
:106D20000808286830606868001B102813D92F19DC
:106D300007F0070008B9012000E0002020B9CF22A9
:106D40001EA12CA0F9F778FB6868001B78606C60C6
:106D50003846FFF7ABFC2B4968680968081A2949CF
:106D600008600846006829490968884203D2254816
:106D70000068264908601049686809680843686027
:106D80000020286022480068401C2149086002F069
:106D900023F808F0070008B9012000E0002028B916
:106DA0004FF4887205A113A0F9F746FB4046BDE8F1
:106DB000F0810000DC000020F00000202E2E5C2E70
:106DC0002E5C4D6964646C6577617265735C4672B4
:106DD000656552544F535C706F727461626C655C90
:106DE0004D656D4D616E675C686561705F342E63E3
:106DF000000000004572726F723A2025732C202526
:106E0000640D0A00E0000020D4000020E40000200F
:106E1000E80000200648006830B10549096801F122
:106E20005000096D491C016001480068704700006E
:106E300078000020001F4FF080730360001F21F0D6
:106E400001030360001F054B036014380260001F3C
:106E50006FF002030360203870470000556B000894
:106E600000B58DB0FBF74AFB00BF00BF00200090CB
:106E70007148006840F040006F49086008460068AB
:106E800000F04000009000BF00BF00BF00BF00BF87
:106E9000002000900846006840F00800086008469E
:106EA000006800F00800009000BF00BF00BF00BFF6
:106EB00000BF002000900846006840F0080008600D
:106EC0000846006800F00800009000BF00BF00BF47
:106ED00000BF0020009058480830006840F00100D2
:106EE0005549083108600846006800F0010000902C
:106EF00000BF00BF00BF002000904F48006840F076
:106F000008004D4908600846006800F0080000903D
:106F100000BF00BF00BF002000900846006840F09E
:106F2000100008600846006800F01000009000BFE4
:106F300000BF00BF002000900846006840F020001D
:106F400008600846006800F02000009000BF00BF05
:106F500000BF002000900846006840F04000086034
:106F60000846006800F04000009000BF00BF081510
:106F700008900220099001200A9002200B900C201A
:106F80000C9008A92D48F9F7B3FD2020089008A916
:106F90002B48F9F7ADFD1020089008A92848F9F70B
:106FA000A7FD4FF6037008900220099001200A9077
:106FB00002200B9008A92248F9F79AFD4FF683703A
:106FC000089008A91F48F9F793FD4FF23F00089079
:106FD00008A91D48F9F78CFD3F20089008A917481B
:106FE000F9F786FD4FF020401849086018484860BE
:106FF0000420886000211548C160016110214161B1
:1070000000218161C16141624FF4805181620021A0
:10701000C1620163416381630020019002900620F8
:10702000039000200490079001AA01A90748FAF7ED
:10703000AFFA0DB000BD0000303802400018024029
:10704000000C0240001002400014024078020020B0
:10705000040100A01CB52048006840F078001E49DB
:1070600008600120032100230246CDE900104EF202
:1070700033011A48FAF73AFF0120032100230246A0
:10708000CDE900104EF22F011548FAF72FFF01202D
:10709000032100230246CDE9001040F2334111489C
:1070A000FAF724FF0120032100230246CDE9001056
:1070B0004FF4F0610C48FAF719FF01200B49086002
:1070C0000B49C1F8A8020949091F086000200849B6
:1070D000C1F880021CBD000030380240000C0240A4
:1070E0000014024000180240001002409482414205
:1070F000000043422DE9FC410446002500260027FC
:10710000FFF7A8FF00206B49086001F075FF00BF82
:1071100010E0002067490860674931F81500FBF767
:1071200023FA01F069FF01206449C1F8940201F0DB
:1071300063FF6D1C052DECDB012061490860002018
:107140005E49C1F89402200AFBF760FA01F054FF8F
:1071500001205849086001F04FFF00205749C1F84D
:107160009402E0B2FBF752FA01F046FF01205149C8
:10717000086001F041FF00205049C1F894025148D5
:10718000006840F078004F49086001200321034661
:107190000022CDE900104FF4F0614B48FAF7A6FE4B
:1071A0000120032103460022CDE900104CF2030127
:1071B0004648FAF79BFE00203E49091F0860091D5A
:1071C000086001F019FF01203C49C1F8940201F068
:1071D00013FF38485C3800683849D1F83C1240EA5F
:1071E00041003649D1F8001240EA81003349D1F814
:1071F000041240EAC1003649D1F81C1240EA0110DD
:107200003349D1F8201240EA41103149D1F8241213
:1072100040EA81102E49D1F8281240EAC110C6B2C6
:1072200001F0EAFE00202349086001F0E5FE01209C
:107230002249C1F8940201F0DFFE1E485C38006864
:107240001E49D1F83C1240EA41001C49D1F8001215
:1072500040EA81001949D1F8041240EAC1001C49F2
:10726000D1F81C1240EA01101949D1F8201240EA65
:1072700041101749D1F8241240EA81101449D1F87D
:10728000281240EAC110C7B201F0B6FE00200C4936
:1072900028310860012007490860091F086001F0D3
:1072A000ABFE012006492831086047EA0620BDE808
:1072B000FC81000094824142000100200080414294
:1072C000800243423038024000100240000C02406D
:1072D0000000424270B504460D460026FFF7BAFE94
:1072E00001F08AFE00BF10E000202F4908602F49FE
:1072F00031F81600FBF738F901F07EFE01202C4929
:10730000C1F8940201F078FE761C052EECDB01201A
:107310002849086000202649C1F89402802141EAEA
:107320001420FBF773F901F067FE01201E49086085
:1073300001F062FE00201E49C1F89402E0B2FBF7A2
:1073400065F901F059FE01201749086001F054FE6B
:1073500000201749C1F89402280AFBF757F901F0F9
:107360004BFE01201049086001F046FE0020104944
:10737000C1F89402E8B2FBF749F901F03DFE0120A3
:107380000949086001F038FE00200A4928310860E8
:10739000012005490860091F086001F02DFE012049
:1073A00004492831086070BD9482414200010020E8
:1073B00000804142800243421CB5044600F012F9AD
:1073C0001248022100238022CDE9001010A11348A9
:1073D00001F024FA1248032100238022CDE9001095
:1073E00010A1134801F01AFA124804210023802248
:1073F000CDE9001010A1134801F010FA12480068FE
:1074000000F0AAFA00F03AF91CBD000008000020C4
:107410006C6F775F7461736B00000000395F000868
:107420000C0000206D6964646C655F7461736B00AF
:107430002560000810000020686967685F74617348
:107440006B0000001D280008040000202DE9F04119
:1074500092B080460C4615461E46002700BF00200D
:1074600000902A48006840F080502849086008468B
:10747000006800F08050009000BF00BF00BF0020F7
:1074800000902348006840F4804021490860084685
:10749000006800F48040009000BF00BF0120019010
:1074A000000402900220079041050891CDF8288041
:1074B00009940B950C9601A8F9F71CFE07461FB11D
:1074C000012012B0BDE8F0810F200D9002200E9037
:1074D00000200F904FF4A05010904FF48050119066
:1074E00004210DA8F9F7C6FC07460FB10120E8E713
:1074F000F9F706FC41F20101884205D10548006810
:1075000040F48070034908600020DAE74038024008
:1075100000700040003C024010B5044609480A498A
:1075200008600846446000218160C160016181619A
:107530000C214161FAF7C4FB012204490248FAF721
:107540005FFC10BD00100140D40100203A00002073
:1075500001460A69D1E901309860D1E90103586018
:107560005068884201D18868506000200861106826
:10757000401E10601068704700F1080141604FF034
:10758000FF31816000F10801C160016100210160EB
:10759000704700210161704710B502460B685C1C02
:1075A0000CB9106907E002F1080000E04068446887
:1075B00024689C42FAD944684C604C68A160886099
:1075C00041600A611468641C146010BD42684A601E
:1075D00093688B60936859609160086103685B1CD5
:1075E0000360704710B500BF502080F31188BFF3CF
:1075F0004F8FBFF36F8F00BF0B480068401C0A49D4
:1076000008600846006801280DD108480068C0B22B
:1076100008B9012000E0002028B94FF4DB7204A172
:1076200012A0F8F709FF10BDF400002004ED00E0FF
:107630002E2E5C2E2E5C4D6964646C6577617265DC
:10764000735C4672656552544F535C706F7274611F
:10765000626C655C525644535C41524D5F434D34FD
:10766000465C706F72742E63000000004572726F8A
:10767000723A2025732C2025640D0A0010B50B48A2
:10768000006828B940F2BD1209A118A0F8F7D4FE8D
:1076900006480068401E054908600846006820B991
:1076A000002080F3118800BF00BF10BDF40000204F
:1076B0002E2E5C2E2E5C4D6964646C65776172655C
:1076C000735C4672656552544F535C706F7274619F
:1076D000626C655C525644535C41524D5F434D347D
:1076E000465C706F72742E63000000004572726F0A
:1076F000723A2025732C2025640D0A0070B50646C9
:107700003546002E3AD0083D2C461D496068096870
:10771000084008B1012000E0002028B94FF492721F
:1077200018A126A0F8F788FE206808B9012000E01B
:10773000002028B940F2251212A120A0F8F77CFE03
:107740000F49606809680840C0B12068B0B90C49A9
:10775000606809688843606000F01AFB1B49606834
:1077600009680844194908602046FEF79FFF184839
:107770000068401C1649086001F02EFB70BD000037
:10778000F00000202E2E5C2E2E5C4D6964646C652A
:1077900077617265735C4672656552544F535C70D5
:1077A0006F727461626C655C4D656D4D616E675C96
:1077B000686561705F342E63000000004572726F6F
:1077C000723A2025732C2025640D0A00E000002069
:1077D000EC00002000204FF0E0210861886106489D
:1077E00000684FF47A71B0FBF1F0401E4FF0E021D9
:1077F0004861072008617047000000202DE9F04132
:1078000006460F462EB940F6C82211A119A0F8F776
:1078100013FE0025BFB1002412E01A4800EBC4009B
:107820004068B04203D1174800EBC4050AE035B9FF
:10783000144850F8340010B9124800EBC405641C19
:10784000082CEAD300BF0DB12F606E60BDE8F08157
:107850002E2E5C2E2E5C4D6964646C6577617265BA
:10786000735C4672656552544F535C7175657565FE
:107870002E6300004572726F723A2025732C20250A
:10788000640D0A00E08101202DE9F04105460E4615
:1078900017462C46FFF7A6FE94F94400401C10B989
:1078A000002084F8440094F94500401C10B90020E1
:1078B00084F84500FFF7E2FEA06B28B93A4631464E
:1078C00004F1240000F01EF92046FFF790F9BDE80E
:1078D000F081000070B504460025ACB10F48006887
:1078E00008B9012000E0002028B940F249520CA15B
:1078F00014A0F8F7A1FD00F04BFA00212046FEF796
:10790000F7FB01F069FA05463DB94FF08050114987
:107910000860BFF34F8FBFF36F8F70BDB4000020BE
:107920002E2E5C2E2E5C4D6964646C6577617265E9
:10793000735C4672656552544F535C7461736B732C
:107940002E6300004572726F723A2025732C202539
:10795000640D0A0004ED00E070B50546FFF742FE35
:1079600015B92F48006800E028460446201DFFF79F
:10797000EFFD78B9E06A00EB80002A4951F8200059
:1079800040B994F82C1001208840274909688143A8
:1079900025480160A06A18B104F11800FFF7D8FD6E
:1079A00022480068401C214908601D480068844244
:1079B00009D1211D1E48FFF709FE1E480068401C22
:1079C0001C49086006E01C480068401E1A4908600F
:1079D000FFF770F8FFF752FE11480068844202D0AA
:1079E0002046FEF70BFD15480068C0B10C48006842
:1079F000844214D11248006808B9012000E0002038
:107A000028B940F2DC420FA117A0F8F715FD4FF09E
:107A1000805019490860BFF34F8FBFF36F8F70BD5F
:107A2000780000202082012090000020A400002087
:107A3000DC840120840000208800002094000020C5
:107A4000B40000202E2E5C2E2E5C4D6964646C65A3
:107A500077617265735C4672656552544F535C740E
:107A600061736B732E6300004572726F723A20254A
:107A7000732C2025640D0A0004ED00E00349096819
:107A8000016003490968416070470000A0000020C0
:107A90008C00002001200149086070479C000020F4
:107AA00070B504460D462CB940F61C4207A110A043
:107AB000F8F7C2FC1248016818312046FFF76CFD48
:107AC00001212846FEF714FB70BD00002E2E5C2E0F
:107AD0002E5C4D6964646C6577617265735C467297
:107AE000656552544F535C7461736B732E63000071
:107AF0004572726F723A2025732C2025640D0A009E
:107B00007800002070B504460E4615462CB940F6A4
:107B1000524211A119A0F8F78FFC60681B4909684F
:107B2000C8611A49826809680A62184909681831E7
:107B300082685160154909681831816013490968E4
:107B40008C622168491C21600DB14FF0FF36294637
:107B50003046FEF7CDFA70BD2E2E5C2E2E5C4D69A0
:107B600064646C6577617265735C467265655254D6
:107B70004F535C7461736B732E6300004572726FB8
:107B8000723A2025732C2025640D0A00780000200D
:107B90002DE9F04706460F4634464FF00109002E06
:107BA00070D0206D28B941F29F0237A13FA0F8F7AD
:107BB00043FCE06CB84201D23D4600E0E56CE06A6F
:107BC000A8425FD0206D01285CD13C480068844207
:107BD00001D0012000E0002028B941F2BA022AA118
:107BE00032A0F8F729FCD4F82C80E562A06900F0F7
:107BF000004010B9C5F12000A06108EB8801304AAF
:107C000002EB81016069884201D1012000E000207F
:107C1000C0B3201DFFF79CFC40B994F82C10012044
:107C200088402849096881432648016094F82C104F
:107C30000120884023490968084322490860E16A15
:107C400001EB81011E4A02EB81014868A060826855
:107C5000E260211D826851608160E16A01EB81016F
:107C6000174A02EB81026261E16A01EB8101144A69
:107C700052F82110491CE26A02EB8202104B43F8D1
:107C8000221000BFBDE8F0872E2E5C2E2E5C4D69C1
:107C900064646C6577617265735C467265655254A5
:107CA0004F535C7461736B732E6300004572726F87
:107CB000723A2025732C2025640D0A0078000020DC
:107CC00020820120900000201CB51C4800210B469A
:107CD0008022CDE900101AA11B4800F09FFD044648
:107CE000012C02D101F048F90446012C17D100BF44
:107CF000502080F31188BFF34F8FBFF36F8F00BF09
:107D00004FF0FF3011490860012011490860002040
:107D100010490860F8F700FE00F0BEF80BE0601CA8
:107D200008B1012000E0002028B94FF404620AA144
:107D300012A0F8F781FB154800681CBDAC000020BC
:107D400049444C4500000000C9640008A800002018
:107D5000940000208C0000202E2E5C2E2E5C4D699D
:107D600064646C6577617265735C467265655254D4
:107D70004F535C7461736B732E6300004572726FB6
:107D8000723A2025732C2025640D0A00B0000020D3
:107D900002480068401C014908607047B400002098
:107DA00010B52848006818B101202749086047E04D
:107DB00000202549086025480068254908600846D4
:107DC00000682449096888420BD92349096801F1F0
:107DD0005400496D1E4A12681E4B1B68D21A11448A
:107DE00001601B4800681B4908601C480068B0FA25
:107DF00080F0C0F11F0404EB8400194951F8200001
:107E000008B1012000E0002028B940F6024215A187
:107E10001DA0F8F711FB04EB8401114A02EB81006D
:107E200041684968416000F1080142688A4202D114
:107E30004168496841604168C968074A116000BFEC
:107E400010BD0000B40000209C0000205000002065
:107E5000BC000020B8000020780000209000002026
:107E6000208201202E2E5C2E2E5C4D6964646C6590
:107E700077617265735C4672656552544F535C74EA
:107E800061736B732E6300004572726F723A202526
:107E9000732C2025640D0A001CB550480068504919
:107EA000884201D0012000E0002028B940F24312AE
:107EB0004CA15BA0F8F7C0FA484800684849491E41
:107EC000884201D0012000E0002028B94FF4A272BE
:107ED00044A153A0F8F7B0FA554C20460078019021
:107EE000FF20214608700846007800909DF80000A9
:107EF00000F0F0009DF80010884201D1012000E060
:107F0000002028B940F25D1236A145A0F8F794FA96
:107F10009DF8000000F050004649087007204649CF
:107F2000086009E044480068401E434908609DF825
:107F300000004006000E00909DF8000000F0800058
:107F40008028EFD03C480068C0F10700042801D128
:107F5000012000E0002028B940F2711221A130A0D8
:107F6000F8F76AFA34480068C0F10700042801D124
:107F7000012000E0002028B94FF4BD7219A128A00B
:107F8000F8F75AFA2C48006800022B4908600846A6
:107F9000008800F4E06008602549019808700F48E7
:107FA0002030006840F470000C4920310860084619
:107FB000006840F070400860FFF70CFC00201F498B
:107FC0000860F8F75FF91E48006840F040401C491F
:107FD0000860F8F743F900201CBD000000ED00E048
:107FE00071C20F412E2E5C2E2E5C4D6964646C654F
:107FF00077617265735C4672656552544F535C706D
:108000006F727461626C655C525644535C41524DB0
:108010005F434D34465C706F72742E630000000045
:108020004572726F723A2025732C2025640D0A0068
:1080300000E400E0F8000020FC000020F400002034
:1080400034EF00E010B500BF502080F31188BFF37B
:108050004F8FBFF36F8F00BF00F026FC18B14FF0B9
:1080600080500449086000BF002080F3118800BFE1
:1080700010BD000004ED00E02DE9F04104460126AA
:10808000002722460021012000F008F80546284676
:10809000FEF72EFA2846BDE8F08100002DE9F843EE
:1080A00005460E4617460024E5B1601EB0FBF5F00C
:1080B000B04217D305FB06F010F1550F12D805FB9F
:1080C00006F909F15400FEF7DBFD04468CB1A04629
:1080D00008F154083B464246314628460094FEF7D4
:1080E00016FA06E02CB94FF4E37203A10BA0F8F7DF
:1080F000A3F92046BDE8F8832E2E5C2E2E5C4D6938
:1081000064646C6577617265735C46726565525430
:108110004F535C71756575652E6300004572726F13
:10812000723A2025732C2025640D0A002DE9F041B8
:1081300005460E4601272C462CB94FF488722CA117
:1081400034A0F8F779F9002C42D0E06B00283FD03A
:108150004FF0FF31E06BB1FBF0F0216C884237D378
:10816000FFF740FAD4E90F12206801FB0200A0607B
:108170000020A06320686060E06B401E226C2168D4
:1081800000FB0211E160FF2084F8440084F8450000
:108190009EB9206908B9012000E00020A8B904F1C7
:1081A000100000F073FD80B14FF080501D49086051
:1081B000BFF34F8FBFF36F8F07E004F11000FFF79D
:1081C000DBF904F12400FFF7D7F9FFF757FA00E0D5
:1081D00000270FB1012000E0002028B940F245122D
:1081E00003A10CA0F8F728F93846BDE8F08100009B
:1081F0002E2E5C2E2E5C4D6964646C657761726511
:10820000735C4672656552544F535C717565756554
:108210002E6300004572726F723A2025732C202560
:10822000640D0A0004ED00E02DE9FF4782B0064628
:1082300088461D464FF0000934462CB940F22E32D4
:1082400064A16DA0F8F7F8F8B8F1000F01D1206C27
:1082500008B9012000E0002028B940F22F325DA1CA
:1082600065A0F8F7E9F8022D02D1E06B012801D1F1
:10827000012000E0002028B94FF44C7255A15EA007
:10828000F8F7DAF800F0FAFA08B9049808B901200A
:1082900000E0002028B940F233324EA156A0F8F792
:1082A000CBF800BFFFF79EF9A06BE16B884201D3CA
:1082B000022D3ED1D4F838A02A4641462046FEF78A
:1082C0005EF80746A06C88B1022D02D1BAF1000F0A
:1082D00029D12046FEF766FA28B34FF080504A496C
:1082E0000860BFF34F8FBFF36F8F1CE0606A08B95F
:1082F000012000E0002068B904F1240000F0C6FC71
:1083000088B14FF0805040490860BFF34F8FBFF3F2
:108310006F8F08E03FB14FF080503B490860BFF3DA
:108320004F8FBFF36F8FFFF7A9F9012006B0BDE8AB
:10833000F087049818B9FFF7A1F90020F6E7B9F122
:10834000000F04D16846FFF799FB4FF00109FFF7D2
:1083500095F9FFF71DFDFFF745F994F94400401C1E
:1083600010B9002084F8440094F94500401C10B96D
:10837000002084F84500FFF781F904A9684600F061
:10838000E7F9F8B92046FEF7FEF9A8B104F11000AC
:108390000499FFF785FB2046FEF729FC00F01CFD41
:1083A00000287FF47FAF4FF0805017490860BFF37B
:1083B0004F8FBFF36F8F75E72046FEF718FC00F074
:1083C0000BFD6FE72046FEF712FC00F005FD0020D4
:1083D000ACE700002E2E5C2E2E5C4D6964646C654B
:1083E00077617265735C4672656552544F535C7178
:1083F000756575652E6300004572726F723A2025AF
:10840000732C2025640D0A0004ED00E02DE9F741EE
:1084100083B005460E464FF000082C462CB940F2BA
:1084200051524CA154A0F8F707F80EB9206C08B9C6
:10843000012000E0002028B940F2555245A14EA08D
:10844000F7F7FAFF00F01AFA08B9059808B9012001
:1084500000E0002028B940F25A523EA146A0F7F7AA
:10846000EBFF00BFFFF7BEF8A76BF7B13146204620
:10847000FDF770FF781EA063206908B9012000E0B5
:10848000002060B904F1100000F000FC38B14FF09A
:1084900080503D490860BFF34F8FBFF36F8FFFF7E8
:1084A000EDF8012006B0BDE8F081059818B9FFF796
:1084B000E5F80020F6E7B8F1000F04D101A8FFF7B6
:1084C000DDFA4FF00108FFF7D9F8FFF761FCFFF77D
:1084D00089F894F94400401C10B9002084F8440045
:1084E00094F94500401C10B9002084F84500FFF7BE
:1084F000C5F805A901A800F02BF9F0B92046FEF750
:1085000035F9A0B104F124000599FFF7C9FA204616
:10851000FEF76DFB00F060FC0028A3D14FF0805007
:1085200019490860BFF34F8FBFF36F8F9AE720465A
:10853000FEF75DFB00F050FC94E72046FEF757FB8A
:1085400000F04AFC2046FEF711F900288AD00020EE
:10855000A8E700002E2E5C2E2E5C4D6964646C65CD
:1085600077617265735C4672656552544F535C71F6
:10857000756575652E6300004572726F723A20252D
:10858000732C2025640D0A0004ED00E02DE9F34171
:1085900082B005464FF000082C4600262CB940F268
:1085A000E3525DA165A0F7F747FF206C08B90120F1
:1085B00000E0002028B940F2E75257A15FA0F7F78A
:1085C0003BFF00F05BF908B9039808B9012000E00F
:1085D000002028B940F2EC524FA158A0F7F72CFF29
:1085E00000BFFEF7FFFFA76BFFB1781EA0632068F6
:1085F00010B9FEF70FFCA060206908B9012000E067
:10860000002060B904F1100000F040FB38B14FF0D9
:1086100080504E490860BFF34F8FBFF36F8FFFF755
:108620002DF8012004B0BDE8F081039870B90EB9AF
:10863000012000E0002028B940F2326236A13FA0BC
:10864000F7F7FAFEFFF71AF80020EBE7B8F1000F92
:1086500004D16846FFF712FA4FF00108FFF70EF851
:10866000FFF796FBFEF7BEFF94F94400401C10B9DB
:10867000002084F8440094F94500401C10B9002003
:1086800084F84500FEF7FAFF03A9684600F060F899
:1086900040BB2046FEF76AF8F0B1206838B9FEF713
:1086A000A1FFA06800F07CFA0646FEF7E7FF04F1A0
:1086B00024000399FFF7F4F92046FEF798FA00F03A
:1086C0008BFB00288DD14FF0805020490860BFF30C
:1086D0004F8FBFF36F8F84E72046FEF788FA00F0D4
:1086E0007BFB7EE72046FEF782FA00F075FB204612
:1086F000FEF73CF80028EED05EB1FEF773FF20468F
:10870000FDF785FE07463946A068FFF741FAFEF7F8
:10871000B5FF002086E700002E2E5C2E2E5C4D69F2
:1087200064646C6577617265735C4672656552540A
:108730004F535C71756575652E6300004572726FED
:10874000723A2025732C2025640D0A0004ED00E008
:1087500070B506460C462EB940F6FD421FA128A072
:10876000F7F76AFE2CB940F6FE421CA124A0F7F7E9
:1087700063FEFEF737FF264802687068131A254823
:10878000006890F85D0030B100202249096881F846
:108790005D0001251EE02068401C08B9002519E095
:1087A0001D4930680968884206D07068904203D835
:1087B0000125002020600DE02068984207D920683C
:1087C000C01A20603046FFF759F9002502E000206A
:1087D00020600125FEF752FF284670BD2E2E5C2E2C
:1087E0002E5C4D6964646C6577617265735C46727A
:1087F000656552544F535C7461736B732E63000054
:108800004572726F723A2025732C2025640D0A0080
:108810008C00002078000020A00000202DE9FF4FF0
:1088200085B0804689461746DDE912ABB800FEF7F1
:1088300027FA064656B16020FEF722FA04460CB12C
:10884000266304E03046FEF759FF00E000247CB1C7
:108850000020CDE900ABCDE902403A46494640460A
:10886000089BFDF76BFE2046FDF7A8FC012501E003
:108870004FF0FF35284609B0BDE8F08F054909687B
:1088800009B9012005E00449096809B9022000E09E
:108890000020704794000020B400002001490868BF
:1088A000704700008C0000202DE9F0414FF00008D7
:1088B0005F48006800287DD15E480068451C5D481F
:1088C0000560002D1DD15C480068006808B90120D2
:1088D00000E0002028B940F6C72258A160A0F7F7B1
:1088E000ABFD554807686248006853490860604816
:1088F000076060480068401C5E490860FEF7DAF8CF
:1089000000BF5D480068854277D300BF4A480068D1
:10891000006808B9012000E0002020B14FF0FF30CE
:108920005549086068E044480068C068C4686668E3
:10893000B54202D2504806605EE06069D4E9021296
:108940008A60D4E902214A60211D42688A4201D12D
:10895000E1684160002262610168491E0160A06A0D
:1089600098B1A06AD4E907128A60D4E907214A6065
:1089700004F1180142688A4201D1216A4160002253
:10898000A2620168491E016000BF94F82C1001200A
:1089900088403A490968084338490860E16A01EBB0
:1089A0008101374A02EB81014868A0608268E26079
:1089B000211D00E033E0826851608160E16A01EBD3
:1089C00081012F4A02EB81026261E16A01EB8101C0
:1089D0002B4A52F82110491CE26A02EB8202284B12
:1089E00043F822102749E06A0968C96A88428DD392
:1089F0004FF001088AE700E000BF22480068C06A23
:108A000000EB80001E4951F82000012801D94FF0E9
:108A100001081D48006808B14FF0010804E01B4838
:108A20000068401C194908604046BDE8F08100001C
:108A3000B40000208C0000207C0000202E2E5C2E34
:108A40002E5C4D6964646C6577617265735C467217
:108A5000656552544F535C7461736B732E630000F1
:108A60004572726F723A2025732C2025640D0A001E
:108A700080000020A0000020A8000020900000201E
:108A800020820120780000209C0000209800002017
:108A900070B505462C460026002D5ED03048006893
:108AA000844201D1012000E0002028B941F24F02A8
:108AB0002CA135A0F7F7C0FC206D28B941F2500277
:108AC00028A131A0F7F7B8FC206D401E2065E16CAD
:108AD000E06A884241D0206D00283ED1201DFEF77B
:108AE00037FD40B994F82C10012088402A490968C4
:108AF000814329480160E06CE062E06AC0F1200037
:108B0000A06194F82C10012088402349096808438B
:108B100021490860E16A01EB8101204A02EB8101F1
:108B20004868A0608268E260211D826851608160AF
:108B3000E16A01EB8101194A02EB81026261E16A9B
:108B400001EB8101154A52F82110491CE26A02EB3F
:108B50008202124B43F822100126304670BD0000FD
:108B6000780000202E2E5C2E2E5C4D6964646C65AE
:108B700077617265735C4672656552544F535C74DD
:108B800061736B732E6300004572726F723A202519
:108B9000732C2025640D0A00900000202082012003
:108BA00070B505462C460026002D67D03449E06A92
:108BB0000968C96A88425AD2A06900F0004028B901
:108BC0002F480068C06AC0F12000A061E16A01EB93
:108BD00081012C4A02EB81016069884201D10120A8
:108BE00000E00020E0B3201DFEF7B2FC40B994F88D
:108BF0002C100120884024490968814322480160E3
:108C00001F480068C06AE06294F82C100120884078
:108C10001D49096808431C490860E16A01EB8101AC
:108C2000184A02EB81014868A0608268E260211D59
:108C3000826851608160E16A01EB8101114A02EBB7
:108C400081026261E16A01EB81010E4A52F8211052
:108C5000491CE26A02EB82020A4B43F8221004E04C
:108C6000FFE707480068C06AE062012606E00449A1
:108C7000E06C0968C96A884200D20126304670BD9E
:108C800078000020208201209000002070B5064668
:108C9000F068C4682CB940F682423CA144A0F7F7C2
:108CA000CBFBA06AD4E907128A60D4E907214A60A5
:108CB00004F1180142688A4201D1216A4160002210
:108CC000A2620168491E01603D48006800283DD14C
:108CD0006069D4E902128A60D4E902214A60211D48
:108CE00042688A4201D1E168416000226261016804
:108CF000491E016094F82C10012088403149096810
:108D0000084330490860E16A01EB81012E4A02EB19
:108D100081014868A0608268E260211D826851601C
:108D20008160E16A01EB8101274A02EB8102626105
:108D3000E16A01EB8101244A52F82110491CE26AE0
:108D400002EB8202204B43F8221010E01F494868D2
:108D5000E0618268226204F11801826851608160DA
:108D60001A4AA26211460968491C116000BF1849DD
:108D7000E06A0968C96A884204D9012501201549B9
:108D8000086000E00025284670BD00002E2E5C2EF5
:108D90002E5C4D6964646C6577617265735C4672C4
:108DA000656552544F535C7461736B732E6300009E
:108DB0004572726F723A2025732C2025640D0A00CB
:108DC000B40000209000002020820120C8840120EF
:108DD000780000209C00002070B500240026504838
:108DE000006828B940F6B3024EA157A0F7F724FB5C
:108DF000FEF7F8FB4A480068401E494908600846EB
:108E0000006800287ED15448006800287AD05BE0D2
:108E10005248C068C468A06AD4E907128A60D4E9DD
:108E200007214A6004F1180142688A4201D1216A8F
:108E300041600022A2620168491E01606069D4E9B4
:108E400002128A60D4E902214A60211D42688A42E6
:108E500001D1E1684160002262610168491E016040
:108E600094F82C10012088403D49096808433C498A
:108E70000860E16A01EB81013A4A02EB810148682E
:108E8000A0608268E260211D826851608160E16AB1
:108E900001EB8101334A02EB81026261E16A01EB7D
:108EA0008101304A52F82110491CE26A02EB820229
:108EB0002C4B43F822102C49E06A0968C96A8842A1
:108EC00002D30120294908602448006808B901201C
:108ED00000E0002000289BD00CB1FDF7EBFD2448FA
:108EE000056865B100BFFFF7DFFC10B101201F4925
:108EF00008606D1E002DF6D100201D4908601B483A
:108F0000006800E008E038B1012630071949086020
:108F1000BFF34F8FBFF36F8FFEF7B0FB304670BDCE
:108F2000B40000202E2E5C2E2E5C4D6964646C65AE
:108F300077617265735C4672656552544F535C7419
:108F400061736B732E6300004572726F723A202555
:108F5000732C2025640D0A0088000020C88401209D
:108F60009000002020820120780000209C0000203A
:108F70009800002004ED00E01CB50024FDF794F9F2
:108F80000B48006858B10B481F2100234FF4807232
:108F9000CDE9001008A10A48FFF740FC04462CB9AF
:108FA00040F2191207A110A0F7F746FA20461CBD9F
:108FB000C8000020CC000020546D7220537663005E
:108FC000D56B00082E2E5C2E2E5C4D6964646C659A
:108FD00077617265735C4672656552544F535C7479
:108FE000696D6572732E63004572726F723A202547
:108FF000732C2025640D0A0044F2A01001E000BF8C
:10900000401E0028FBD170474FEA1153A3F580633F
:10901000D3F11E03A8BFD3F1200C08DB4FF00042B0
:1090200042EAC12252EA505232FA03F07047094232
:109030000BD4102BC4BF0020704703F5787CBCF123
:10904000FF3F05D04FF0FF3070474FF000007047F2
:1090500070B500F0C3F800BF49922480002070472B
:10906000F0E7B0FA80F310FA03F10AD0C3F11D0360
:1090700003F580634FEA41504FEA035202EBD121DE
:1090800070474FF000007047DFF848C170B51CEA28
:10909000111E1EBF1CEA13159EEA0C0F95EA0C0F59
:1090A00000F06F8081EA030423EA4C134EEAD47E79
:1090B00021EA4C1141F4801143F48013AE44A1FB2A
:1090C000024CA0FB0365AEF17F7E361955EB0C0513
:1090D000A1FB034C4CF10003A0FB021C16EB0C0699
:1090E000654153F10003094218BF46F0010613F42D
:1090F000007F0BD14FEA03314FEA0530340341EAD8
:10910000155140EA16506FF003020AE04FEAC321FE
:109110004FEAC520F40241EA555140EA56506FF03B
:10912000020202EB2E4201EB025585EACE710AD013
:109130005FEA440C18BF24F0004450F1000041F1F4
:10914000000120EAD47040F2FE7C624500D270BD7E
:10915000A84214BF4FF080444FF04044002E08BF97
:109160000024BEF1806FA8BFA1F1C041BDE87040EE
:1091700080F282804FF0000001F1C04101F0004117
:1091800070479EEA0C0F0CEA131518BF95EA0C0FF6
:1091900006D04FF0000081EA030E0EF0004170BDD2
:1091A00000F01CF88900013E00F007B800F009B893
:1091B0004FEA430C5FEA5C5C08D081EA030100F0EF
:1091C0005BB84FEA410C5FEA5C5CF6D14FF00000FF
:1091D000014970470000FF070000F87F0EF1020E02
:1091E0002EF0030E5EF8046B364205D4012A43EBE1
:1091F000030515F5001F12D8012841EB010C1CF5E1
:10920000001F0CD80ED14FEAD17C15F5001F0CEBD6
:109210004C0C0CF1020C08BF4CEBD37C04E04FF07B
:10922000080C01E04FEAD37C0CEB4C0526FA05F65E
:1092300006F00706B6F1040C06D20EEB860CBDE86C
:1092400070404CF0010C6047DFE80CF0090B0202A3
:109250004FF000414FF00000A1F5002170BD19460C
:109260001046012851EB010418BFD4F5001484BF47
:10927000002001F0004170BD0808A0F500114FEA80
:10928000310170474FF04070E1EE100A7047000066
:1092900000000000000001020304060708090000A6
:1092A00000000102030400000000000000000000B4
:1092B0000000000000003F4000000000000000002F
:1092C0003000400030004000000009000BC03D00AD
:1092D0000BC03D00090018C024407FE022403180CF
:1092E0000000180024C01B000D8032400180038064
:1092F0001C4027401C800740004010006000000018
:109300000000000000000000000000001F8020405E
:1093100040200000402020401F8000000000090085
:1093200006001F80060009000000040004003F80C2
:1093300004000400000000100060000000000000B5
:109340000000040004000400040004000000000009
:1093500000400000000000000000002001C00600E6
:109360003800400000001F802040204020401F8027
:109370000000000010403FC000400000000018C086
:10938000214022402440184000001080204024400A
:1093900024401B80000002000D0011003FC001406E
:1093A00000003C80244024402440238000001F8093
:1093B000244024403440038000003000200027C0B7
:1093C0003800200000001B802440244024401B80E3
:1093D00000001C0022C0224022401F80000000002C
:1093E00000000840000000000000000000000460D1
:1093F000000000000000000004000A0011002080AE
:1094000040400900090009000900090000000000AF
:109410004040208011000A00040018002000234072
:109420002400180000001F802040274029401F40D2
:109430000000004007C039000F0001C0004020407C
:109440003FC0244024401B8000001F80204020405B
:1094500020403080000020403FC0204020401F803E
:10946000000020403FC024402E4030C0000020407B
:109470003FC024402E00300000000F00108020402C
:1094800022403380020020403FC0040004003FC05F
:109490002040204020403FC020402040000000608D
:1094A000202020203FC02000200020403FC024403A
:1094B0000B0030C0204020403FC020400040004012
:1094C00000C03FC03C0003C03C003FC00000204043
:1094D0003FC00C4023003FC020001F8020402040A0
:1094E00020401F80000020403FC02440240018007E
:1094F00000001F802140214020E01FA000002040EC
:109500003FC02440260019C0004018C02440244019
:10951000224031800000300020403FC02040300019
:10952000000020003F80004000403F8020002000DD
:109530003E0001C0070038002000380007C03C0092
:1095400007C038000000204039C0060039C0204064
:1095500000002000384007C03840200000003040A4
:1095600021C02640384020C00000000000007FE0FD
:10957000402040200000000070000C0003800040EC
:1095800000000000402040207FE0000000000000BC
:10959000200040002000000000000010001000101B
:1095A000001000100010000000004000000000004B
:1095B0000000000002800540054003C0004020007C
:1095C0003FC00440044003800000000003800440CA
:1095D00004400640000000000380044024403FC0D7
:1095E00000400000038005400540034000000000EB
:1095F00004401FC0244024402000000002E0055029
:1096000005500650042020403FC00440040003C021
:1096100000400000044027C000400000000000108F
:109620000010041027E00000000020403FC001406F
:10963000070004C00440204020403FC000400040DC
:10964000000007C0040007C0040003C0000004407D
:1096500007C00440040003C0004000000380044031
:10966000044003800000041007F00450044003800D
:109670000000000003800440045007F00010044084
:1096800007C002400400040000000000064005403E
:10969000054004C00000000004001F80044000409A
:1096A0000000040007800040044007C000400400A0
:1096B000070004C0018006000400060001C0070086
:1096C00001C006000000044006C0010006C00440BE
:1096D00000000410071004E00180060004000000F0
:1096E000044005C0064004400000000000000400E3
:1096F0007BE040200000000000000000FFF00000C0
:109700000000000040207BE004000000000040005A
:109710008000400020002000400000000000000009
:109720000000000000000000000000000000000039
:109730001FCC000C000000000000000008003000FA
:1097400060000800300060000000022003FC1E20C2
:10975000022003FC1E200220000000000E1811044D
:109760003FFF10840C78000000000F0010840F38B9
:1097700000C0077818840078000000780F8410C4B7
:1097800011240E9800E400840008080068007000AE
:1097900000000000000000000000000000000000C9
:1097A00007E01818200440020000000040022004D6
:1097B000181807E00000000000000240024001808D
:1097C0000FF0018002400240000000800080008015
:1097D0000FF800800080008000000001000D000EE6
:1097E0000000000000000000000000000080008079
:1097F000008000800080008000800000000C000CD1
:10980000000000000000000000000000000600183A
:1098100000600180060018002000000007F0080822
:1098200010041004080807F00000000008040804F1
:109830001FFC000400040000000000000E0C1014C7
:109840001024104411840E0C000000000C181004A9
:109850001104110412880C700000000000E00320C5
:10986000042408241FFC0024000000001F9810841A
:1098700011041104108810700000000007F008881F
:109880001104110418880070000000001C00100072
:1098900010FC13001C001000000000000E381144E2
:1098A0001084108411440E38000000000700088C5A
:1098B00010441044088807F0000000000000000079
:1098C000030C030C00000000000000000000000179
:1098D00001060000000000000000000000800140C0
:1098E00002200410080810040000022002200220B8
:1098F00002200220022002200000000010040808BC
:109900000410022001400080000000000E00120040
:10991000100C106C10800F00000003E00C1813E412
:10992000142417C4082807D000000004003C03C416
:109930001C40074000E4001C000410041FFC11043C
:10994000110411040E880070000003E00C181004CC
:109950001004100410081C10000010041FFC100458
:1099600010041004080807F0000010041FFC110484
:10997000110417C410040818000010041FFC11047F
:10998000110017C010000800000003E00C181004BC
:10999000100410441C780040000010041FFC1084C8
:1099A0000080008010841FFC1004000010041004CC
:1099B0001FFC10041004000000000003000110014F
:1099C00010011FFE10001000000010041FFC110405
:1099D00003801464181C1004000010041FFC100401
:1099E000000400040004000C000010041FFC1F0011
:1099F00000FC1F001FFC1004000010041FFC0C04DE
:109A0000030000E010181FFC100007F00808100405
:109A100010041004080807F0000010041FFC108454
:109A20001080108010800F00000007F0081810242C
:109A30001024101C080A07F2000010041FFC110477
:109A4000110011C011300E0C000400000E1C110496
:109A50001084108410441C380000180010001004FA
:109A60001FFC100410001800000010001FF8100464
:109A70000004000410041FF8100010001E0011E084
:109A8000001C007013801C0010001FC0103C00E080
:109A90001F0000E0103C1FC000001004180C16341A
:109AA00001C001C01634180C100410001C0013046F
:109AB00000FC13041C00100000000804101C1064BB
:109AC000108413041C0410180000000000000000A3
:109AD0007FFE4002400240020000000030000C0007
:109AE00003800060001C00030000000040024002F0
:109AF00040027FFE00000000000000000000200087
:109B00004000400040002000000000010001000172
:109B100000010001000100010001000040004000C0
:109B20002000000000000000000000000098012458
:109B300001440144014400FC000410001FFC0088A3
:109B4000010401040088007000000000007000881B
:109B50000104010401040088000000000070008876
:109B60000104010411081FFC0004000000F8014476
:109B700001440144014400C8000000000104010444
:109B80000FFC1104110411001800000000D6012977
:109B90000129012901C90106000010041FFC0084ED
:109BA00001000100010400FC00040000010419048C
:109BB00019FC000400040000000000000003000184
:109BC0000101190119FE0000000010041FFC00240F
:109BD000004001B4010C0104000000001004100456
:109BE0001FFC0004000400000000010401FC01044B
:109BF000010001FC0104010000FC010401FC0084DF
:109C000001000100010400FC0004000000F8010450
:109C100001040104010400F80000010101FF0085B6
:109C2000010401040088007000000000007000883A
:109C300001040104010501FF00010104010401FC0C
:109C400000840104010001800000000000CC012418
:109C500001240124012401980000000001000100FA
:109C600007F80104010400000000010001F80004ED
:109C700000040004010801FC0004010001800170DF
:109C8000000C001001600180010001F0010C0030A7
:109C900001C00030010C01F0010000000104018C42
:109CA00000740170018C0104000001010181017147
:109CB000000E001801600180010000000184010C09
:109CC000013401440184010C000000000000000088
:109CD000000001003EFC40024002000000000000C5
:109CE0000000FFFF000000000000000040024002F2
:109CF0003EFC010000000000000000006000800049
:109D00008000400040002000200000000000000013
:109D10000000000000000000000000000000000043
:109D20000000000000000000000000000000000033
:109D3000000000000000000000000000000F80385C
:109D40000FFE380F80380000000000000000000007
:109D500000000000000000000100000600000C00F0
:109D6000003800003100000600000C000038000040
:109D70003000000000000000000061800067F8076C
:109D8000F98000618000618000618000618000676F
:109D9000F807F9800061800000000000000000006A
:109DA00001C0E003E0F00630080418081FFFFE04BD
:109DB0000E080787F00381E000000000000001F0BA
:109DC00000060C00040408060C7001F9C0000E0027
:109DD000003BE000EC18070808040C180003E00042
:109DE00000000001E00007F003F818041C08041745
:109DF0000807E1D003C0E00023B0003C08002008C1
:109E000000001000000000000001000031000032DE
:109E100000001C0000000000000000000000000026
:109E20000000000000000000000000000000000032
:109E3000000000000000000000007F0001FFC007DC
:109E400080F00C0018100004200002000000000048
:109E5000002000021000040C00180780F001FFC071
:109E6000007F000000000000000000000000000073
:109E70000000000000004200006600006600003C98
:109E80000000180003FFC0001800003C000066003E
:109E9000006600004200000000000800000800000A
:109EA000080000080000080001FFC00008000008CA
:109EB0000000080000080000080000000000000189
:109EC00000003100003200001C0000000000000013
:109ED0000000000000000000000000000000000082
:109EE000000008000008000008000008000008004A
:109EF000000800000800000800000800000800003A
:109F000000000000000000000000380000380000E1
:109F10003800000000000000000000000000000009
:109F200000000000000000000000000600001C000F
:109F30000070000180000E0000380000C000070023
:109F4000001C0000300000000000000000007F80C6
:109F500001FFE003807006001804000804000806F2
:109F6000001803807001FFE0007F80000000000007
:109F70000000000001000801000801000803FFF8CC
:109F800007FFF800000800000800000800000000BB
:109F9000000000000001C03802C05804009804010D
:109FA00018040218040418061C1803F81801E0F835
:109FB00000000000000000000001C0E003C0F00449
:109FC000000804080804080806180803F41801E744
:109FD000F00001E0000000000000000000000300AD
:109FE000000D000011000061000081080301080756
:109FF000FFF80FFFF8000108000108000000000052
:10A00000000000E007FCD00608080610080610084B
:10A01000061008061838060FF00607C000000000FA
:10A020000000000000003F8001FFE00384300208D0
:10A0300018041008041008041008071810030FF083
:10A040000007C000000000000000000003C000077F
:10A0500000000600000600F80607F806180006E0F3
:10A060000007000006000000000000000001E1E021
:10A0700003F7F0063410041808041808040C080448
:10A080000C0806161803F3F001C1E0000000000000
:10A090000000F80003FC300306380402080402083C
:10A0A0000402080404100308F001FFC0007F000050
:10A0B00000000000000000000000000000000000A0
:10A0C0000000703800703800703800000000000098
:10A0D0000000000000000000000000000000000080
:10A0E000000000000000301A00301C0000000000DA
:10A0F0000000000000000000000000000000000060
:10A1000000080000140000220000410000808001CF
:10A1100000400200200400100800080000000000B9
:10A12000000021000021000021000021000021008A
:10A13000002100002100002100002100002100007A
:10A1400000000000000000000800080400100200E9
:10A150002001004000808000410000220000140027
:10A1600000080000000000000003C00004C000045C
:10A170000000080038080F380808380810000C30B4
:10A180000007E00003C000000000000000003F8066
:10A1900000FFE0038070020F1006708804C088047E
:10A1A0008308047F8802C09003012000FE40000065
:10A1B000080000180001F8003E0801C20007020074
:10A1C00007E20000FE00001FC80001F80000380090
:10A1D000000804000807FFF807FFF804080804084F
:10A1E0000804080804080806180803F41801E7F032
:10A1F0000001E0000000000000003F8001FFE003DC
:10A20000807002001804000804000804000804001C
:10A21000100600200780C000000004000807FFF8B7
:10A2200007FFF804000804000804000804001802EE
:10A23000001003807001FFE0007F80000000040038
:10A240000807FFF807FFF8040808040808040808CE
:10A25000040808043E080400080600180100600015
:10A26000000004000807FFF807FFF80408080408C6
:10A2700000040800040800043E0006000006000078
:10A28000018000000000000000003F8001FFE003AB
:10A290008070060018040008040208040208020383
:10A2A000F00783F000020000020004000807FFF836
:10A2B00007FFF80408080008000008000008000074
:10A2C000080004080807FFF807FFF804000800006A
:10A2D0000000000004000804000804000807FFF85C
:10A2E00007FFF8040008040008040008000000004C
:10A2F000000000000000000600000700000104004C
:10A300000104000104000307FFFE07FFFC04000036
:10A3100004000004000004000807FFF807FFF80429
:10A320000C08001800003E0004C7800503C80600A2
:10A33000F804003804001800000804000807FFF8BB
:10A3400007FFF804000800000800000800000800EB
:10A350000008000008000018000060000000040071
:10A360000807FFF807800807FC00007FC00003F81B
:10A370000007C000780007800807FFF807FFF8040F
:10A38000000804000807FFF807000803C00000E009
:10A3900000003800001E000007000001C00400F0AB
:10A3A00007FFF8040000000000007F8001FFE003C9
:10A3B0008070060018040008040008060018030056
:10A3C0003001FFE0007F8000000004000807FFF874
:10A3D00007FFF80404080404000404000404000453
:10A3E0000400060C0003F80001F00000000000006B
:10A3F00000007F8001FFE003807006008804008871
:10A400000400C806003C03003E01FFE6007F840014
:10A41000000004000807FFF807FFF8040808040814
:10A4200000040C00040F00040BC00610F003F03809
:10A4300001E00800000800000001E0F803F0300629
:10A440003010041808041808040C08040C0802064C
:10A45000180207F00781E0000000018000060000FC
:10A4600004000004000004000807FFF807FFF804D8
:10A470000008040000040000060000018000040041
:10A480000007FFE007FFF0040018000008000008C4
:10A4900000000800000800000804001007FFE004A6
:10A4A000000004000006000007E00007FE00041F93
:10A4B000E00001F80000380001E0043E0007C000A1
:10A4C00006000004000004000007E00007FFC004CD
:10A4D0001FF80007C007F80007FF80043FF80007D7
:10A4E000C004F80007000004000000000004000899
:10A4F00006001807C07805F1C8003E00001F800460
:10A5000063E80780F8060018040008000000040053
:10A510000006000007800007E008047C08001FF820
:10A520000007F800180804E008070000060000040F
:10A5300000000000000100080600380400F80403D1
:10A54000E8040F08047C0805F00807C00807001895
:10A550000400600000000000000000000000000097
:10A5600000000000003FFFFE20000220000220004B
:10A570000220000220000200000000000000000095
:10A5800008000007000000C00000380000060000BE
:10A5900001C000003000000E0000010000000000BB
:10A5A0000000000020000220000220000220000223
:10A5B0002000023FFFFE000000000000000000003D
:10A5C0000000000000000000000000080000100073
:10A5D00000300000200000300000100000080000E3
:10A5E0000000000000000000010000010000010068
:10A5F0000001000001000001000001000001000056
:10A600000100000100000100000100000000000046
:10A6100000000020000020000010000010000000DA
:10A62000000000000000000000000000000000002A
:10A63000000000F00019F8001B180022080026088E
:10A64000002408002410003FF8001FF80000080054
:10A65000001800000004000007FFF80FFFF00018CA
:10A6600018001008002008002008003018001FF013
:10A67000000FC00000000000000007C0001FF00035
:10A680001830002008002008002008003C08001CAA
:10A69000100000600000000000000000000007C083
:10A6A000001FF000381800200800200800200804CF
:10A6B000101007FFF80FFFF000001000000000006E
:10A6C000000000000007C0001FF000123000221838
:10A6D000002208002208003208001E10000E200090
:10A6E000000000000000200000200800200801FFFA
:10A6F000F803FFF8062008042008042008072000BB
:10A7000003000000000000000000000E000E6E00BC
:10A710001FF30031B10020B10020B1003191001FC2
:10A7200013002E1E00200E00300000000004000860
:10A7300007FFF80FFFF800100800200000200000BD
:10A740002008003FF8001FF800000800000000008B
:10A7500000000000002008002008002008063FF844
:10A76000063FF80000080000080000080000000094
:10A7700000000000000000000000030000030020B3
:10A7800001002001002003063FFE063FFC00000000
:10A7900000000000000000000004000807FFF80FA0
:10A7A000FFF8000188000300002FC00038F80020E7
:10A7B0003800200800000800000000000000000031
:10A7C00004000804000804000807FFF80FFFF80061
:10A7D0000008000008000008000000000000002041
:10A7E00008003FF8003FF8001008002000003FF884
:10A7F000003FF8001008002000003FF8003FF8007C
:10A800000008000000002008003FF8003FF800109A
:10A8100008001000002000002008003FF8001FF88A
:10A820000000080000000000000007C0000FF0005A
:10A8300018300030080020080020080030080018F8
:10A8400030000FF00007C0000000000000002001F1
:10A85000003FFF003FFF001011002009002008000A
:10A860002008003038001FF0000FC000000000007A
:10A87000000007C0001FF000381800200800200862
:10A88000002009001011001FFF003FFF0000010021
:10A890000000002008002008002008003FF8003FCA
:10A8A000F800080800100800200800200000300010
:10A8B000003000000000000000000000000C7800E4
:10A8C0001E180033080023080021080021880021F9
:10A8D000980030F000386000000000000000200008
:10A8E00000200000200000FFF003FFF80020080017
:10A8F00020080020080000300000000000000000D8
:10A9000000002000003FF0007FF800001800000861
:10A91000000008002010003FF8007FF00000100049
:10A920000000000000002000003000003C00003F5C
:10A93000800023F0000078000070002380003C00BD
:10A94000003000002000002000003C00003FE0003C
:10A9500023F80000E0002700003E00003FE0002157
:10A96000F80001E0003E0000200000000000200888
:10A97000002008003838003E680027800003C80027
:10A980002CF80038380020180020080000000000D3
:10A9900000002000003003003C01003F830023EC56
:10A9A000000070002380003C000020000020000018
:10A9B00000000000000000000038080020380020DF
:10A9C000F80023E8002F88003E080038080020180F
:10A9D0000000700000000000000000000000000007
:10A9E00000000000000008000014001FF7FC300009
:10A9F000062000020000000000000000000000002F
:10AA0000000000000000000000000000FFFFFF0049
:10AA10000000000000000000000000000000000036
:10AA2000000000002000023000061FF7FC001400A8
:10AA3000000800000000000000000000000000000E
:10AA4000000000000018000060000040000040000E
:10AA500000200000100000080000040000040000B6
:10AA60000C000010000000000000000000000000CA
:10AA700000000000000000000000000000000000D6
:10AA800000000000000000000000000000000000C6
:10AA900000000000000000000000000000000000B6
:10AAA00000000000000000000000000000000000A6
:10AAB000000000000000000000000000000007F09F
:10AAC00000C007FFE1E007F001E0000000C0000067
:10AAD0000000000000000000000000000000000076
:10AAE0000000000000000000000000000000002046
:10AAF000000001C00000078000001F0000001E00D1
:10AB000000001C20000001C00000078000001F00A2
:10AB100000001E0000001C000000000000000000FB
:10AB20000000000000000000000000180C000018E9
:10AB30000C0000180FE0001FFC0003F80C000018C8
:10AB40000C0000180C0000180C0000180C00001875
:10AB50000FE0001FFC0003F80C0000180C000018A8
:10AB60000C000000000000000000000000000000D9
:10AB70000780007807C000FC0640010E0020030794
:10AB80000020020380200FFFFFFC0201C020020012
:10AB9000E0600130704001F03F8000F01F000000D5
:10ABA00000000000000000FE000001FF00000301A3
:10ABB000800002008060030181C001FF070000FEE9
:10ABC00018000000E0000003BF00000CFFC000718F
:10ABD000806001C10020030180600000FFC0000010
:10ABE0003F000000000000001F0000007FC000FCCC
:10ABF000C0C001FF80600303E0200202782002064B
:10AC00001E2003FC074001F00380000103C0000187
:10AC10001C600001E0200001002000010040000055
:10AC200001800000000000000000002000001C6007
:10AC300000001C4000001F8000000F00000000000A
:10AC40000000000000000000000000000000000004
:10AC500000000000000000000000000000000000F4
:10AC600000000000000000000000000000000000E4
:10AC700000000000000000000000000000000000D4
:10AC800000000007F800003FFF00007807C001C087
:10AC900000E0030000300400000808000004100079
:10ACA0000002000000000000000010000002080088
:10ACB0000004040000080300003001C000E0007838
:10ACC00007C0003FFF000007F80000000000000080
:10ACD0000000000000000000000000000000000074
:10ACE0000000000000000000000000000000000C58
:10ACF0001800000E3800000E380000063000000377
:10AD000060000061438000FFFF800061430000039A
:10AD1000600000063000000E3800000E3800000C05
:10AD2000180000000000000000000000000000000B
:10AD30008000000080000000800000008000000013
:10AD4000800000008000007FFF0000008000000005
:10AD500080000000800000008000000080000000F3
:10AD60008000000000000000000000000001000062
:10AD700000E3000000E2000000FC0000007800009A
:10AD800000000000000000000000000000000000C3
:10AD900000000000000000000000000000000000B3
:10ADA0000000000000000000000000008000000023
:10ADB0008000000080000000800000008000000093
:10ADC0008000000080000000800000008000000083
:10ADD0008000000080000000800000008000000073
:10ADE00080000000000000000000000000000000E3
:10ADF00000C0000001E0000001E0000000C0000011
:10AE00000000000000000000000000000000000042
:10AE10000000000000000000000000000000000032
:10AE2000000000000000000000000000000C000016
:10AE30000038000000E00000038000000E00000069
:10AE400038000000E00000038000000E0000003821
:10AE5000000000E00000038000000E000000180069
:10AE60000000000000000000000000000000000FD3
:10AE7000F800007FFF0000F00780018000C00300A1
:10AE800000600200002002000020020000200300F9
:10AE90000060018000C000E00380007FFF00000F21
:10AEA000F8000000000000000000000000000000AA
:10AEB0000000008000200080002000800020008032
:10AEC000006001FFFFE003FFFFE000000060000002
:10AED0000020000000200000002000000000000012
:10AEE00000000000000000000000000000000078EA
:10AEF00000E00098016001000260020004600200AE
:10AF00000860020010600200206002004060030040
:10AF100080600183006001FE00E0007C078000008B
:10AF2000000000000000000000000000000000F031
:10AF3000078001F007C0010000400200002002016C
:10AF4000002002010020020100200303802001866E
:10AF5000804001FCC0C000787F8000001E0000001F
:10AF600000000000000000000000000008000000D9
:10AF70003800000048000001880000060800000CAE
:10AF80000810003008100040081001FFFFF003FF18
:10AF9000FFF003FFFFF000000810000008100000A1
:10AFA0000810000000000000000000000000000089
:10AFB0000780001F864003E10020030200200304F5
:10AFC00000200304002003040020030400200306E3
:10AFD0000040030301C00301FF8003007E00000066
:10AFE000000000000000000000000000000000075A
:10AFF000FC00003FFF000070C380008180C00101A1
:10B00000006003020020020200200202002002026F
:10B0100000200203004001C180C000C0FF8000008A
:10B020007E0000000000000000000000000000F0B2
:10B03000000003C0000003800000030000000300C4
:10B0400007E003003FE00301C0000306000003180F
:10B050000000036000000380000003000000000007
:10B060000000000000000000000000001F00007849
:10B070003F8000FC60C0018EC040030780200203B7
:10B08000002002018020020180200201C020030173
:10B09000E040018670C000FC3F8000781F00000087
:10B0A00000000000000000000000003F000000FF62
:10B0B00081C001C0C1C00100602002002020020048
:10B0C00020200200202002002060020040C0010079
:10B0D000C18000C18F00007FFE00001FF000000053
:10B0E0000000000000000000000000000000000060
:10B0F000000000000000000000000000000000034D
:10B1000000C0000781E0000781E0000300C00000EC
:10B11000000000000000000000000000000000002F
:10B12000000000000000000000000000000000001F
:10B130000000000000000000000000000000000609
:10B14000006600060078000000000000000000001B
:10B1500000000000000000000000000000000000EF
:10B1600000000000000000000000000000000000DF
:10B1700080000001C0000003600000063000000CE9
:10B18000180000180C00003006000060030000C02A
:10B1900001800100004002000020040000100000B7
:10B1A0000000000000000000000000041000000487
:10B1B000100000041000000410000004100000043F
:10B1C000100000041000000410000004100000042F
:10B1D000100000041000000410000004100000041F
:10B1E000100000000000000000000000000004004B
:10B1F0000010020000200100004000C0018000603B
:10B2000003000030060000180C00000C18000006B7
:10B210003000000360000001C0000000800000005A
:10B2200000000000000000000000000000000078A6
:10B23000000001F8000002380000020000000400D5
:10B2400000C0040079E0040081E0040100C00403B0
:10B250000000020200000306000001FC000000F8EC
:10B2600000000000000000000000000FF800003F98
:10B27000FE000070078000C000C00101F840030715
:10B28000FC20021E04200230082002203020023F51
:10B29000FC20013F044001800CC000E03180001F11
:10B2A000C20000000000000000200000006000005C
:10B2B00003E000003E200003E020003E200003E009
:10B2C00020000380200007FC2000003FE000000376
:10B2D000FE2000003FE0000001E000000020000030
:10B2E000002000000000000000000200002002001A
:10B2F000002003FFFFE003FFFFE002010020020146
:10B3000000200201002002010020020100200303AE
:10B3100000200186806001FCC0C000F87F80000032
:10B320001F0000000000000000000007F800003FC0
:10B33000FF000070078000C000C001000040030053
:10B340000020020000200200002002000020020075
:10B35000002001000040018000C003C001800030D7
:10B3600006000000000000000000020000200200B3
:10B37000002003FFFFE003FFFFE0020000200200C7
:10B3800000200200002002000020030000600100F5
:10B390000040018000C000F00780007FFE00000F29
:10B3A000F800000000000000000002000020020081
:10B3B000002003FFFFE003FFFFE002010020020185
:10B3C00000200201002002010020020100200203EF
:10B3D0008020020FE0200300006003C000E0006056
:10B3E0000300000000000000000002000020020036
:10B3F000002003FFFFE003FFFFE002010020020145
:10B400000020020100000201000002010000020110
:10B41000000002038000030FE0000300000003C0EF
:10B42000000000600000000000000007F800003F7E
:10B43000FE000070078001C001C001000040030051
:10B440000020020000200200002002000020010075
:10B4500020200100204003C03F8000303F800000DA
:10B46000200000002000020000200200002003FF56
:10B47000FFE003FFFFE002008020020080200000C8
:10B480008000000080000000800002008020020098
:10B49000802003FFFFE003FFFFE002000020020026
:10B4A000002000000000000000000000000000007C
:10B4B0000000020000200200002002000020020024
:10B4C000002003FFFFE003FFFFE002000020020076
:10B4D0000020020000200200002000000000000008
:10B4E000000000000000000000000000000E00004E
:10B4F000000F0000000F0000000102000001020028
:10B500000001020000030200000603FFFFFC03FF2E
:10B51000FFF802000000020000000200000002002C
:10B5200000000000000000000000020000200200F7
:10B53000002003FFFFE003FFFFE00200C020020144
:10B54000002000078000000FE0000030F8000260DB
:10B550003E2003800F20030003E0020000E0020011
:10B560000020000000200000000002000020020077
:10B57000002003FFFFE003FFFFE0020000200200C5
:10B58000002000000020000000200000002000003B
:10B5900000200000002000000060000000E000002B
:10B5A000030000000000020000200200002003FF52
:10B5B000FFE003E0002003FF0020001FF000000177
:10B5C000FF8000000FE000001E000003E000003ECE
:10B5D000002003E0002003FFFFE003FFFFE0020084
:10B5E000002002000020020000200200002003FFD3
:10B5F000FFE00380002003F0002000FC0000001F9B
:10B6000000000007C0000001F00000007C00020004
:10B610001F80020007E003FFFFE0020000000200BD
:10B6200000000000000000000000000FF800003FD4
:10B63000FE0000F00780018000C001000040020011
:10B640000020020000200200002002000020010073
:10B650000040018000C000F00380003FFE00000FAA
:10B66000F8000000000000000000020000200200BE
:10B67000002003FFFFE003FFFFE002008020020044
:10B680008020020080000200800002008000020092
:10B690008000030180000183000000FE0000007CA8
:10B6A00000000000000000000000000FF800007F14
:10B6B000FF0000F00380018001C00100064002008D
:10B6C00004200200042002000620020003E0010022
:10B6D00000F80180005C00E0038C003FFF0C000FCD
:10B6E000FC18000000000000000002000020020022
:10B6F000002003FFFFE003FFFFE002010020020142
:10B700000020020180000201E0000201FC000303AE
:10B710003F80018607E001FC00E000F80020000007
:10B720000020000000000000000000000000007881
:10B73000060000FE01E0018600C003030040020392
:10B74000002002018020020180200201C0200200AE
:10B75000C0200100E060018070C003E03F80000075
:10B760001F000000000000000000006000000380D7
:10B7700000000300000002000000020000200200A0
:10B78000002003FFFFE003FFFFE0020000200200B3
:10B79000002002000000020000000380000000E022
:10B7A000000000000000020000000200000003FF93
:10B7B000FF0003FFFFC00200004002000060000025
:10B7C00000200000002000000020000000200200F7
:10B7D00000400200008003FFFF00020000000200A2
:10B7E0000000000000000000000002000000020055
:10B7F000000003C0000003FC0000023FC000000383
:10B80000F80000007F80000007E0000007800000D3
:10B8100078000203C000023C000003C000000200E8
:10B820000000020000000200000003C0000003FF4F
:10B830008000023FFE0002007FE000000F000200D7
:10B84000F00003EF000003FF8000020FFE00000085
:10B850003FE000001F000207E00003F800000300C3
:10B8600000000200000000000000020000200200B2
:10B870000020038000E003F0032002FC0C20021FE4
:10B8800030000007C0000007F00002187C000260D2
:10B890001F20038003E0020000E0020000200000FF
:10B8A0000020000000000000000002000000030073
:10B8B000000003C0000003F80000023E0020020F59
:10B8C000C0200001FFE000007FE000038020021C98
:10B8D000002002700000038000000200000002004F
:10B8E00000000000000000000000000000200060D8
:10B8F00000E0038003E003000FA002003E200200EE
:10B90000F8200203E020020F8020023E002002788F
:10B91000002003E00060038000E00200030000005C
:10B920000000000000000000000000000000000017
:10B9300000000000000000000000000000001FFFE9
:10B94000FFFC1000000410000004100000041000B0
:10B9500000041000000410000004100000040000A7
:10B9600000000000000000000000000000000000D7
:10B9700000000700000003C0000000780000001E67
:10B9800000000003C0000000F00000001E000000E6
:10B990000780000000F00000003C000000060000EE
:10B9A0000000000000000000000000000000100087
:10B9B0000004100000041000000410000004100037
:10B9C000000410000004100000041FFFFFFC000032
:10B9D0000000000000000000000000000000000067
:10B9E0000000000000000000000000000000000057
:10B9F0000000000000000200000004000000080039
:10BA000000001800000010000000180000001800DE
:10BA10000000040000000200000000000000000020
:10BA20000000000000000000000100000001000014
:10BA30000001000000010000000100000001000002
:10BA400000010000000100000001000000010000F2
:10BA500000010000000100000001000000010000E2
:10BA600000010000000100000000000000000000D4
:10BA7000000010000000100000001000000018007E
:10BA800000000800000004000000000000000000AA
:10BA900000000000000000000000000000000000A6
:10BAA0000000000000000000000000000380000112
:10BAB0008FC000038C6000061820000410200004D2
:10BAC0001020000420200004204000062040000335
:10BAD000FFC00001FFE00000002000000020000087
:10BAE00000C0000000000000000002000000020092
:10BAF000000003FFFFE007FFFFC0000180C000025D
:10BB00000060000200200004002000040020000467
:10BB1000002000060040000300C00001FF8000007C
:10BB2000FE00000000000000000000000000000017
:10BB30007E000001FF80000381C00002004000067B
:10BB40000020000400200004002000040020000663
:10BB500000200003C0400001C0800000030000007E
:10BB600000000000000000000000000000000000D5
:10BB70007E000001FF80000380C00006006000041A
:10BB80000020000400200004002002040040020203
:10BB9000008003FFFFE007FFFFC00000004000003F
:10BBA0000040000000000000000000000000000055
:10BBB0007E000001FF80000311C00002104000045D
:10BBC0001060000410200004102000041020000663
:10BBD0001020000310400001F0C0000071000000C0
:10BBE0000000000000000000000000000000000451
:10BBF0000000000400200004002000040020007F5A
:10BC0000FFE001FFFFE00104002003040020020424
:10BC1000002002040020020400000200000001C015
:10BC2000000001C000000000000000000000000053
:10BC3000001C0000E33E0003FFC200020CC300042E
:10BC400004C1000404C1000404C1000404C10006CE
:10BC50000CC10003F8C30005F0620006007E000678
:10BC6000003C000000000000000002000020020074
:10BC7000002003FFFFE007FFFFE0000100200002BB
:10BC80000020000600000004000000040000000482
:10BC90000020000600200003FFE00001FFE000009C
:10BCA0000020000000200000000000000000000054
:10BCB0000000000400200004002000040020000414
:10BCC00000200387FFE0038FFFE0038000200000D7
:10BCD0000020000000200000002000000000000004
:10BCE0000000000000000000000000000000000054
:10BCF0000000000000060000000700000001000036
:10BD0000000100040001000400010004000300041D
:10BD100000060387FFFC038FFFF80380000000008C
:10BD200000000000000000000000020000200200EF
:10BD3000002003FFFFE007FFFFE0000008200000F5
:10BD40001020000030000000FC0000058E000007FD
:10BD500007A0000601E0000400E00004002000004D
:10BD600000200000000000000000000000000000B3
:10BD7000000002000020020000200200002002005B
:10BD8000002003FFFFE007FFFFE0000000200000AD
:10BD90000020000000200000002000000000000043
:10BDA0000000000000000000000000040020000768
:10BDB000FFE0000FFFE0000200200004000000048C
:10BDC00000200007FFE00003FFE000020020000465
:10BDD0000000000400200007FFE00003FFE0000077
:10BDE000002000000000000000000004002000040B
:10BDF00000200007FFE0000FFFE00001002000022C
:10BE00000020000200000004000000040000000404
:10BE10000020000600200003FFE00001FFE000001A
:10BE200000200000002000000000000000000000D2
:10BE30007E000000FF80000381C000020040000679
:10BE40000020000400200004002000040020000660
:10BE5000002000020040000381C00001FF800000BC
:10BE60007E0000000000000000000004000100044B
:10BE700000010007FFFF000FFFFF000100C10002EB
:10BE80000041000400200004002000040020000401
:10BE9000002000060040000301C00001FF800000F8
:10BEA0007E00000000000000000000000000000014
:10BEB0007E000001FF80000380C0000200600004DB
:10BEC00000200004002000040020000400200002E4
:10BED0000041000300C10003FFFF0007FFFF000057
:10BEE0000001000000010000000000040020000428
:10BEF00000200004002000040020000FFFE0000FDD
:10BF0000FFE00000C0200001002000020020000629
:10BF100000200004000000040000000700000003EF
:10BF20000000000000000000000000000000000011
:10BF300003E00001C0E00003E04000063020000400
:10BF400030200004182000041820000418200004E9
:10BF50000C2000020C60000307C000078380000073
:10BF600000000000000000000000000000000004CD
:10BF700000000004000000040000000C0000001F8E
:10BF8000FF8000FFFFC000040060000400200004E8
:10BF90000020000400200004004000000180000098
:10BFA0000000000000000000000000040000000489
:10BFB00000000007FF80000FFFC0000000600000CD
:10BFC00000200000002000000020000000200004ED
:10BFD0000040000400800007FFE0000FFFC00000E9
:10BFE00000400000004000000000000400000004C9
:10BFF0000000000780000007F0000004FE000004BD
:10C000001FC0000003E00000038000001C000004CB
:10C01000600000078000000600000004000000002F
:10C0200000000000000000040000000600000007FF
:10C03000C0000007FC0000043F80000003E0000493
:10C040000F800006F0000007F0000007FF800004EA
:10C050000FE00000038000043C000007C000000661
:10C0600000000004000000000000000000200004A8
:10C07000002000040060000700E0000783200007A4
:10C08000E6000004F80000003C0000045E2000050B
:10C0900087A0000601E0000400600004002000000A
:10C0A0000020000000000000000000040000000468
:10C0B0000003000700030007E0010004F80100048A
:10C0C0001F02000007FC000000E000000700000461
:10C0D00038000007C0000006000000040000000453
:10C0E0000000000000000000000000000000000749
:10C0F0008060000600E0000403E0000407A00004E4
:10C100000E2000043C20000470200005E020000701
:10C11000802000070060000400E0000003800000B1
:10C12000000000000000000000000000000000000F
:10C1300000000000000000000000000000000000FF
:10C14000000000008000000080000001400007FEA9
:10C150003FF8080000041000000210000002000078
:10C1600000000000000000000000000000000000CF
:10C1700000000000000000000000000000000000BF
:10C18000000000000000FFFFFFFF000000000000B3
:10C19000000000000000000000000000000000009F
:10C1A000000000000000000000000000000010007F
:10C1B0000002100000020800000407FE3FF8000122
:10C1C000400000008000000080000000000000002F
:10C1D000000000000000000000000000000000005F
:10C1E0000000000000000000000018000000300007
:10C1F000000040000000400000004000000020005F
:10C2000000003000000008000000040000000200F0
:10C21000000002000000020000000C0000001800F6
:10C220000000000000000000400B0000800700003C
:10C2300060780000200000002000000020000000C6
:10C240000068010000F00000000C0F0030313233B4
:10C25000343536373839414243444546403058003A
:10C26000303132333435363738396162636465666C
:10C270004030780094C20008000000200C0100004B
:10C28000C4010008A0C300080C01002084B0010014
:10C29000E00100080024F40000000000000000009D
:10C2A000000000000000000000000000FFFF000090
:10C2B0001F0000F81FF8E007FF07E0FF40BC07FC85
:10C2C00030840000000000000000000000000000BA
:10C2D00000000000100000000100000000F8000055
:10C2E000FFFF000000000000596000089D6000088A
:10C2F000600300200000001000000068606B012057
:10C3000000F00010000C0F680000000000000000AA
:10C31000000000000000000000000000000000001D
:10C32000000000000000000000000000000000000D
:10C3300000000000000000000000000000000000FD
:10C34000000000001F0000000000000000000000CE
:10C3500000000000000000000000000000000000DD
:10C3600000000000000000000000000000000000CD
:10C3700000000000000000000000000000000000BD
:10C380000000000000000000AAAAAAAA0000000005
:10C390000000000030059007D008400AC0060000E9
:040000050800018965
:00000001FF
