:020000040800F2
:1000000090B10120FD020008FB1E0008F31E00084D
:10001000F71E000815090008092500080000000067
:100020000000000000000000000000003D02000889
:10003000310900080000000099020008DB1F0008D9
:100040002103000821030008210300082103000800
:1000500021030008210300082103000821030008F0
:1000600021030008210300082103000821030008E0
:1000700021030008210300082103000821030008D0
:1000800021030008210300082103000821030008C0
:1000900021030008210300082103000821030008B0
:1000A00021030008210300082103000821030008A0
:1000B000210300080520000821030008210300088F
:1000C0002103000821030008210300082103000880
:1000D00021030008F9240008210300082103000877
:1000E0002103000821030008210300082103000860
:1000F0002103000821030008210300082103000850
:10010000210300082103000821030008210300083F
:10011000210300082103000821030008152000081E
:10012000210300082103000821030008210300081F
:10013000210300082103000821030008210300080F
:1001400021030008210300082103000821030008FF
:1001500021030008210300082103000821030008EF
:1001600021030008210300082103000821030008DF
:1001700021030008210300082103000800000000FB
:10018000210300082103000800F002F800F047F8FE
:100190000AA090E8000C82448344AAF10107DA45E2
:1001A00001D100F03CF8AFF2090EBAE80F0013F0ED
:1001B000010F18BFFB1A43F001031847C0C100002C
:1001C000E0C10000103A24BF78C878C1FAD85207BD
:1001D00024BF30C830C144BF04680C6070470000C1
:1001E0000023002400250026103A28BF78C1FBD840
:1001F000520728BF30C148BF0B607047642900F028
:100200008581782900F0BE81732900F0E382002007
:1002100070471FB509F0BAF81FBD10B510BD00F04A
:1002200047FB1146FFF7F5FF05F078FE00F065FB90
:1002300003B4FFF7F2FF03BC02F09CF92C4B1968E2
:100240000868B0E8F04F80F30988BFF36F8F4FF074
:10025000000080F311887047000000000848006823
:10026000006880F308884FF0000080F3148862B6BD
:1002700061B6BFF34F8FBFF36F8F00DF00BF00BFCA
:1002800008ED00E0DFF80C00016841F47001016046
:10029000704700BF88ED00E0EFF30980BFF36F8F78
:1002A000134B1A681EF0100F08BF20ED108A20E9CA
:1002B000F04F106009B44FF0500080F31188BFF385
:1002C0004F8FBFF36F8F07F0D7FD4FF0000080F323
:1002D000118809BC19680868B0E8F04F1EF0100FCB
:1002E00008BFB0EC108A80F30988BFF36F8F7047A6
:1002F00080000020EFF30580704700000C48016883
:1003000041F4700101600B4880470B480047FEE74D
:10031000FEE7FEE7FEE7FEE7FEE7FEE7FEE7FEE7B5
:10032000FEE7000005480649044A064B70470000F6
:1003300088ED00E0F11F00088901000890AD012060
:1003400090B1012090AD0120704753EA020C00F0FB
:1003500069802DE9F04B4FF00006002B1FBFB3FA68
:1003600083F503FA05F424FA05F65E4012BF16433E
:10037000B2FA82F502FA05F4C5F120051EBF22FA91
:1003800005FC44EA0C04203556EA044C4FEA1444B8
:1003900018BF641C4FF000084FF00009904271EB49
:1003A000030C39D3002919BFB1FA81F701FA07F616
:1003B000B0FA80F700FA07F6C7F120071EBF20FA4F
:1003C00007FC46EA0C062037B6FBF4FCA7EB050752
:1003D000103F07F01F0BCBF120060CFA0BFB2CFA99
:1003E00006F644BFB3460026202FA4BF5E464FF05A
:1003F000000B5BEA060C08BF4FF0010B19EB0B0971
:10040000ABFB027C48EB0608C01B06FB02CC0BFBD7
:1004100003CC71EB0C01C1E70B460246414648464E
:10042000BDE8F08B13B54FF000004FF00001AFF3C3
:100430000080BDE81C4070470FB4044910B503AA02
:10044000029800F0CBF910BC5DF814FB38000020D6
:100450002DE9F0410E460446002020622046E16866
:10046000884730B3252805D0D4E901219047206A78
:10047000401CF2E7E168204600278847050018D0B5
:10048000A5F14100192802D820354FF40067324603
:10049000294620462760FFF7B1FE40B1012804D06D
:1004A000F61D26F007060836D8E7361DD6E728469B
:1004B000DAE7206ABDE8F08170B50C460546012AEE
:1004C00005D02878800600D5EA69002302E00123E0
:1004D00005E05B1C934202D2E05C0028F9D1A869D8
:1004E000E618C01AA861286A184428622846AFF3A3
:1004F000008004E0D5E9012114F8010B9047B442D3
:10050000F8D32846AFF3008070BD00002DE9F0411C
:100510000646002410687529314616A510D0AFF3A1
:100520000080002802DA404213A507E031688A07FC
:1005300001D512A502E0490704D511A5012401E067
:10054000AFF3008000210A2206F1240709E0B0FB86
:10055000F2FCB0FBF2F302FB1C003030785418467A
:10056000491C0028F3D123462A463046BDE8F04115
:1005700000F0ACB8000000002D0000002B000000CF
:100580002000000070B504460D4621461068AFF308
:1005900000802188090502D50F4A7A4402E00E4AFC
:1005A0007A440E32002104F1240305E000F00F0626
:1005B0000009965D5E54491C0028F7D1207800237D
:1005C000000704D5702D02D009B102231132204654
:1005D000BDE8704000F07AB8B6BD0000032A40F2D2
:1005E000308010F0030C00F0158011F8013BBCF1D5
:1005F000020F624498BF11F801CB00F8013B38BFED
:1006000011F8013BA2F1040298BF00F801CB38BFFA
:1006100000F8013B11F0030300F0F280083AC0F04B
:10062000088051F8043B083A51F804CBA0E80810C0
:10063000F5E7121D5CBF51F8043B40F8043BAFF3F3
:100640000080D20724BF11F8013B11F801CB48BF4D
:1006500011F8012B24BF00F8013B00F801CB48BF83
:1006600000F8012B704702F0FF0343EA032242EA3D
:10067000024200F0F9B84FF0000200B5134694466C
:100680009646203922BFA0E80C50A0E80C50B1F1EA
:100690002001BFF4F7AF090728BFA0E80C5048BFFE
:1006A0000CC05DF804EB890028BF40F8042B08BF9C
:1006B000704748BF20F8022B11F0804F18BF00F898
:1006C000012B704770477047704770472DE9F0471E
:1006D0000D4699469246044600F1240801688806B2
:1006E00004D5E06921F01001216000E00120A8425A
:1006F00001DD471B00E00027A1697A1902EB090020
:10070000081AA0612078C00602D42046AFF300800A
:10071000002608E0D4E901211AF806009047206A73
:10072000401C761C20624E45F4DB2078C0060AD5BA
:100730002046AFF3008006E0D4E901213020904745
:10074000206A401C2062381EA7F10107F4DC07E094
:10075000D4E9012118F805009047206A401C206266
:10076000281EA5F10105F3DC2046AFF300802078B8
:10077000000602D50220BDE8F0870120FBE700005B
:1007800001694A1C02610878704700B58FB0CDE955
:1007900001310021059105497944CDE90310114645
:1007A0006846FFF755FE0FB000BD0000E5FFFFFFF4
:1007B00010B5436913B1AFF3008001E0FFF77CFE91
:1007C000012010BD127800F124010A7000224A7045
:1007D0000122EDE711684FF0FF32E9E7074B70B5F2
:1007E0000D467B44FFF7D1FF0446284600F05CF835
:1007F00010B14FF0FF3070BD204670BD271F0000C4
:1008000010B5203AC0F00B80B1E81850203AA0E8AB
:100810001850B1E81850A0E81850BFF4F5AF5FEADF
:10082000027C24BFB1E81850A0E8185044BF18C992
:1008300018C0BDE810405FEA827C24BF51F8043B39
:1008400040F8043B08BF7047D20728BF31F8023B8D
:1008500048BF11F8012B28BF20F8023B48BF00F821
:10086000012B70474FF000020429C0F0128010F0F5
:10087000030C3FF402AFCCF1040CBCF1020F18BF23
:1008800000F8012BA8BF20F8022BA1EB0C01FFF709
:10089000F4BE5FEAC17C24BF00F8012B00F8012BF5
:1008A00048BF00F8012B7047007B00F080007047C4
:1008B000754600F02BF8AE4605006946534620F019
:1008C0000700854618B020B5FFF72CFDBDE8204095
:1008D0004FF000064FF000074FF000084FF0000BFC
:1008E00021F00701AC46ACE8C009ACE8C009ACE8AF
:1008F000C009ACE8C0098D46704710B50446AFF397
:1009000000802046BDE81040FFF792BC00487047C9
:100910002CAD012000BFFEE710B55321092001F0E6
:1009200067FE00200149086010BD0000580000204B
:100930007047000070B504461D460023B5F5804F92
:1009400013D154F822300C480340D1E9000640EAA4
:1009500006108E6840EA06208E8940EA06408E69BD
:100960003043034344F8223003E06FF0704044F812
:100970002200002070BD00000000F0CF10B503463B
:100980000022086853F8202012480240D1E90104EF
:100990002043CC6820430C6920434C6920438C6978
:1009A0002043CC6920430C6A20434C6A20438C6A64
:1009B0002043CC6A2043CC6B20430C6B2043024382
:1009C0008868082801D142F04002086843F82020D6
:1009D000002010BD8000F0FF30B503460024501CFD
:1009E00053F8204004F04044D1E9000540EA0510E6
:1009F0008D6840EA05208D8940EA0545088A401E39
:100A000045EA0055087D801E45EA00608D6928434F
:100A10000443501C43F82040002030BD70B504460C
:100A2000A56D00F07BF9064694F83500022808D041
:100A30008020606500BF002084F8340000BF0120E2
:100A400070BD2068006820F01600216808602068EA
:100A5000406920F0800021684861206C08B9A06CD2
:100A600028B12068006820F008002168086020682C
:100A7000006820F00100216808600FE000F04EF9E6
:100A8000801B05280AD92020606500BF002084F85B
:100A9000340000BF032084F83500D1E720680068E7
:100AA00000F001000028E9D194F85C103F20884054
:100AB000A86000BF002084F8340000BF012084F843
:100AC00035000020BCE7014691F83500022803D02C
:100AD0008020486501207047052081F835000868AE
:100AE000006820F001000A6810600020F3E70000B1
:100AF000F8B502460B460025002400200021DEE068
:100B0000012606FA01F51E6806EA0504AC4275D115
:100B10001E7906F00306012E04D01E7906F00306A6
:100B2000022E13D190684F000326BE40B0434F0001
:100B3000DE68BE4030439060506801268E40B0436E
:100B40001E79C6F300168E40304350601E7906F0C1
:100B50000306032E09D0D0684F000326BE40B043E1
:100B60004F009E68BE403043D0601E7906F00306F9
:100B7000022E13D1CF0802F1200656F827004E07A7
:100B8000F70E0F26BE40B0434F07FF0E1E69BE4052
:100B90003043CF0802F1200646F8270010684F00C6
:100BA0000326BE40B0431E7906F003064F00BE4048
:100BB000304310605E6806F08056B6F1805F7DD1EC
:100BC00000BF00260096404E366846F480463E4FF1
:100BD0003E603E46366806F48046009600BF00BF81
:100BE0003A4E8F0856F827008E07370F0F26BE4063
:100BF000B043374EB24202D1002624E05EE0354ECB
:100C0000B24201D101261EE0334EB24201D102268A
:100C100019E0324EB24201D1032614E0304EB24206
:100C200001D104260FE02F4EB24201D105260AE081
:100C30002D4EB24201D1062605E02C4EB24201D122
:100C4000072600E008268F073F0FBE4030431F4EA7
:100C50008F0846F82700264E3068A0435E6806F4E9
:100C60008036B6F5803F00D12043214E3060361DDE
:100C70003068A0435E6806F40036B6F5003F00D148
:100C800020431B4E361D3060361D3068A0435E6821
:100C900006F48016B6F5801F00D12043144E0836A6
:100CA0003060361D3068A0435E6806F40016B6F565
:100CB000001F00D120430E4E0C363060491C102915
:100CC000FFF41EAFF8BD0000443802400838014070
:100CD000000002400004024000080240000C0240F4
:100CE000001002400014024000180240001C0240A4
:100CF000003C0140024613690B400BB1012000E0AB
:100D0000002070470AB1816101E00B0483617047E4
:100D100001480068000C7047002004E001480068AA
:100D2000704700004000002003480068034909782C
:100D30000844014908607047400000204800002036
:100D400010B50A48006840F4007008490860084679
:100D5000006840F480600860032000F07FF80F20F6
:100D600000F006F800F02AF8002010BD003C024018
:100D700070B504460E4800784FF47A71B1FBF0F07C
:100D80000C490968B1FBF0F5284600F09BFC08B15E
:100D9000012070BD102C07D200222146501E00F009
:100DA0001EF80548046001E00120F2E70020F0E7AA
:100DB0004800002000000020440000207047014649
:100DC0000846002809DB00F01F0301229A4043096E
:100DD0009B0003F1E023C3F8002100BF70472DE919
:100DE000F05F80460D461646002701F0A7FB074638
:100DF00039462A46334601F00700C0F1070ABAF126
:100E0000040F02D94FF0040A01E0C0F1070AD146ED
:100E100000F1040ABAF1070F02D24FF0000A01E014
:100E2000A0F1030AD4464FF0010A0AFA09FAAAF11E
:100E3000010A0AEA020A0AFA0CFA4FF0010B0BFA4D
:100E40000CFBABF1010B0BEA030B4AEA0B04214646
:100E5000404601F07BFBBDE8F09F000000BF00F0C2
:100E60000702064B19684FF6FF031940044B0B436A
:100E700043EA0221014B196000BF70470CED00E00E
:100E80000000FA0570B504460D460CB9012070BD8E
:100E90005848006800F00700A84209D255490D7073
:100EA0000846006800F00700A84201D00120EEE7E4
:100EB000207800F0020002281DD1207800F0040004
:100EC000042805D14C48006840F4E0504A490860C5
:100ED000207800F00800082805D14748006840F451
:100EE0006040454908604448006820F0F000A1686F
:100EF000084341490860207800F00100A8B3606809
:100F0000012807D13C4808380068C0F34040B8B910
:100F10000120BCE76068022802D06068032807D17E
:100F2000354808380068C0F3406048B90120AEE792
:100F3000314808380068C0F3400008B90120A6E72E
:100F40002D48006820F00300616808432A490860C2
:100F5000FFF7E4FE064609E0FFF7E0FE801B41F2E2
:100F60008831884202D9032091E707E022480068CF
:100F700000F00C006168B0EB810FEDD11D480068F6
:100F800000F00700A84209D91A490D700846006808
:100F900000F00700A84201D0012078E7207800F097
:100FA0000400042807D11448006820F4E050E168E8
:100FB000084311490860207800F00800082808D18B
:100FC0000D48006820F46040216940EAC1000A49E8
:100FD000086000F03FF808490968C1F30311074AA7
:100FE000515CC8400649086006480068FFF7C0FE2B
:100FF00000204CE7003C024008380240969300086D
:1010000000000020440000200148006870470000F4
:101010000000002000B5FFF7F7FF04490968C1F39D
:101020008221034A515CC84000BD000008380240DC
:10103000A693000800B5FFF7E7FF04490968C1F36C
:101040004231034A515CC84000BD000008380240EC
:10105000A69300082DE9F047002400250026A146AC
:101060002548006800F00C0020B1042805D00828AD
:101070003AD105E0DFF8849039E0DFF8849036E07B
:101080001D48001F006800F03F041B48001F006857
:1010900000F4800078B11A481749091F0968C1F3A4
:1010A0008811A0FB01700146224600233846FFF755
:1010B0004CF905460EE011480F49091F0968C1F3B4
:1010C0008811A0FB01700146224600233846FFF735
:1010D0003CF905460848001F0068C0F30140401C69
:1010E0004600B5FBF6F902E0DFF8109000BF00BF44
:1010F0004846BDE8F0870000083802400024F400AC
:1011000000127A00F8B504460CB90120F8BD207829
:1011100000F00100002874D0F948006800F00C00CD
:1011200004280DD0F648006800F00C00082813D100
:10113000F348001F006800F48000B0F5800F0BD169
:10114000EF4808380068C0F34040002859D0606874
:10115000002856D10120D9E700BF6068B0F5803F74
:1011600008D1E7480838006840F48030E44908397D
:1011700008601EE06068B0F5A02F0DD1E048083887
:10118000006840F48020DE4908390860084600689D
:1011900040F4803008600CE0D9480838006820F43A
:1011A0008030D749083908600846006820F480205C
:1011B000086000BF606890B1FFF7B0FD054606E02B
:1011C000FFF7ACFD401B642801D903209EE7CC4803
:1011D00008380068C0F340400028F1D011E0FFF764
:1011E0009DFD054606E0FFF799FD401B642801D9E7
:1011F00003208BE7C24808380068C0F3404000284D
:10120000F1D1207800F0020002285FD1BC480068CC
:1012100000F00C0058B1BA48006800F00C00082833
:101220001CD1B748001F006800F48000B0B9B44872
:1012300008380068C0F3400020B1E068012801D000
:10124000012063E7AE480838006820F0F800216903
:1012500040EAC100AA490839086037E0E06800B3F5
:101260000120A8490860FFF759FD054606E0FFF791
:1012700055FD401B022801D9032047E7A048083844
:101280000068C0F340000028F1D09D48083800688D
:1012900020F0F800216940EAC10099490839086046
:1012A00014E0002097490860FFF738FD054606E086
:1012B000FFF734FD401B022801D9032026E79048A0
:1012C00008380068C0F340000028F1D1207800F011
:1012D000080008282CD16069A8B101208A4908605B
:1012E000FFF71CFD054606E0FFF718FD401B02282E
:1012F00001D903200AE782486C300068C0F340003F
:101300000028F1D014E000207F490860FFF706FDB7
:10131000054606E0FFF702FD401B022801D9032025
:10132000F4E677486C300068C0F340000028F1D143
:10133000207800F00400042870D10027704838306D
:10134000006800F0805090B900BF002000906C4809
:101350003830006840F080506949383108600846EC
:10136000006800F08050009000BF00BF0127674870
:10137000006800F48070B0B96448006840F4807080
:1013800062490860FFF7CAFC054606E0FFF7C6FCA5
:10139000401B022801D90320B8E65C48006800F42D
:1013A00080700028F2D000BFA068012808D15448FE
:1013B0006830006840F001005149683108601DE064
:1013C000A06805280DD14E486830006840F0040040
:1013D0004B49683108600846006840F00100086029
:1013E0000CE047486830006820F00100444968314B
:1013F00008600846006820F00400086000BFA0688C
:10140000A8B1FFF78BFC054609E0FFF787FC401BFE
:1014100041F28831884202D9032077E626E0384835
:1014200068300068C0F340000028EED013E0FFF7FA
:1014300075FC054608E0FFF771FC401B41F288315E
:10144000884201D9032061E62D4868300068C0F366
:1014500040000028EFD1012F07D12948383000681B
:1014600020F0805026493831086000BFA06900286C
:1014700045D02348006800F00C0008285DD0A06922
:10148000022845D100201F490866FFF747FC0546A2
:1014900006E0FFF743FC401B022801D9032035E694
:1014A000174808380068C0F340600028F1D1D4E93B
:1014B00007010843616A40EA81110122A06AC2EB78
:1014C000500041EA00412C20005D41EA00600C49D7
:1014D000091F086001200B490866FFF71FFC05463D
:1014E00006E0FFF71BFC401B022801D903200DE694
:1014F000034808380068C0F340600028F1D049E094
:101500000838024000004742800E47420070004009
:10151000002021490866FFF701FC054606E0FFF7B9
:10152000FDFB401B022801D90320EFE51B480068A2
:10153000C0F340600028F2D12CE0A069012800D15E
:10154000E4E51648001D0668A069012820D006F4CD
:101550008001E06981421BD106F03F01206A81428F
:1015600016D147F6C0703040616AB0EB811F0FD1D1
:1015700006F440310122A06AC2EB5000B1EB004FEB
:1015800006D106F070612C20005DB1EB006F01D038
:101590000120BBE50020B9E50000474200380240C9
:1015A00070B504460E4615460CB9012070BD94F87E
:1015B000490028B9002084F84800204600F01CF8B3
:1015C00004F108012068FFF7D9F93146A2682068C4
:1015D000FFF702FA2946236BD4E90102FFF7AAF9C3
:1015E000A168206850F8210040F00100A26821683D
:1015F00041F822000020D9E710B586B0044600BFAC
:10160000002000902248006840F001002049086056
:101610000846006800F00100009000BF00BF00BF56
:10162000002000901A480838006840F00800184967
:10163000083908600846006800F00800009000BF04
:1016400000BF00BF002000900846006840F0100076
:1016500008600846006800F01000009000BF00BF5E
:101660004CF20370019002200290012003900220AE
:1016700004900C20059001A90648FFF739FA4FF6AF
:101680008070019001A90448FFF732FA06B010BD3E
:1016900038380240000C024000100240042808D1F3
:1016A0004FF0E021096941F004014FF0E02211619F
:1016B00007E04FF0E021096921F004014FF0E0223A
:1016C0001161704770B504462546681EB0F1807FF1
:1016D00001D301200FE0681E4FF0E02148610F2187
:1016E0004FF0FF3000F032FF00204FF0E021886122
:1016F00007200861002070BD7047704710B5044690
:101700000CB9012010BD94F83D0028B9002084F8E0
:101710003C00204600F026F8022084F83D00211D00
:10172000206800F07FFC012084F8460000BF84F8A8
:101730003E0001213F200155402001554120015527
:1017400000BF00BF012084F842004320015544201F
:1017500001554520015500BF012084F83D000020BF
:10176000D0E7000038B504461E49206888421AD1E7
:1017700000BF00BF002000901B48006840F002003E
:10178000194908600846006800F00200009000BF98
:1017900000BF00BF002203211D20FFF720FB1D20FA
:1017A000FFF70DFB1DE011492068884219D100BFE9
:1017B00000BF002000900C48006840F020000A495B
:1017C00008600846006800F02000009000BF00BFDD
:1017D00000BF002207213720FFF701FB3720FFF76A
:1017E000EEFA38BD000400404038024000140040CA
:1017F000014691F83D00012801D0012070470220E8
:1018000081F83D000868C06840F001000B68D860AE
:101810001A4B086898421BD00868B0F1804F17D067
:10182000174B0868984213D0164B086898420FD09F
:10183000154B086898420BD0144B0868984207D0A3
:10184000134B0868984203D0124B086898420CD199
:101850000868806800F00702062A0CD00868006853
:1018600040F001000B68186005E00868006840F06F
:1018700001000B6818600020C0E700000000014074
:101880000004004000080040000C0040000401403B
:101890000040014000180040704710B50446206821
:1018A0000069C0F34000D8B12068C068C0F34000B0
:1018B000B0B16FF002002168086101202077206834
:1018C000806900F0030018B12046FFF7E5FF05E04E
:1018D000204600F0ADF8204600F0ABF8002020775D
:1018E00020680069C0F38000D8B12068C068C0F3E8
:1018F0008000B0B16FF004002168086102202077F9
:101900002068806900F4407018B12046FFF7C4FFDA
:1019100005E0204600F08CF8204600F08AF8002010
:10192000207720680069C0F3C000D8B12068C06883
:10193000C0F3C000B0B16FF0080021680861042056
:1019400020772068C06900F0030018B12046FFF737
:10195000A3FF05E0204600F06BF8204600F069F890
:101960000020207720680069C0F30010D8B12068FB
:10197000C068C0F30010B0B16FF0100021680861BA
:10198000082020772068C06900F4407018B1204614
:10199000FFF782FF05E0204600F04AF8204600F0FD
:1019A00048F8002020772068006900F0010058B155
:1019B0002068C06800F0010030B16FF001002168BC
:1019C0000861204600F036F820680069C0F3C010B6
:1019D00058B12068C068C0F3C01030B16FF080000B
:1019E000216808612046FFF787FE20680069C0F380
:1019F000801058B12068C068C0F3801030B16FF01B
:101A0000400021680861204600F036F8206800692F
:101A1000C0F3401058B12068C068C0F3401030B126
:101A20006FF02000216808612046FFF766FE10BDB8
:101A30007047704710B504460748844205D10748EF
:101A40000068401C0549086005E00548844202D151
:101A500004A0FEF7F1FC10BDD002002058000020C9
:101A60001803002054494D37CAE4B3F62E2E2E2E0B
:101A70002E2E2E0D0A0000007047704770470000A0
:101A80002DE9F84F0446206805682068C66820687C
:101A900047694FF00009CA4605F00F09B9F1000F78
:101AA0000AD105F0200038B106F0200020B1204610
:101AB00000F059FBBDE8F88FB9F1000F72D007F0C4
:101AC000010018B906F4907000286BD005F00100F1
:101AD00030B106F4807018B1206C40F00100206431
:101AE00005F0040030B107F0010018B1206C40F09F
:101AF0000200206405F0020030B107F0010018B1C7
:101B0000206C40F00400206405F0080048B106F0A5
:101B1000200010B907F0010018B1206C40F0080057
:101B20002064206C70B305F0200028B106F020007E
:101B300010B1204600F017FB20684069C0F3801AFE
:101B4000206C00F0080010B9BAF1000F23D0204635
:101B500000F0DEFA2068406900F04000402816D10D
:101B60002068406920F0400021684861A06B50B1B6
:101B70005648A16B0865A06BFEF7A5FF10B1A06BDE
:101B8000016D88470CE02046FFF778FF08E020460B
:101B9000FFF774FF04E02046FFF770FF0020206489
:101BA00088E7FFE7206B012879D105F010000028B5
:101BB00075D006F01000002871D000BF0020009002
:101BC00020680068009020684068009000BF00BF57
:101BD0002068406900F04000402839D1A06B0068BF
:101BE00040681FFA80F8B8F1000F30D0A08D404552
:101BF0002DDDA4F82E80A06BC069B0F5807F1FD0CA
:101C00002068C06820F480702168C860206840693E
:101C100020F00100216848612068406920F0400000
:101C200021684861202084F83E000020206320685D
:101C3000C06820F010002168C860A06BFEF7EEFEBF
:101C4000A08DE28D801A81B22046FFF716FF31E7A2
:101C5000A08DE18D401A1FFA80F8E08DE8B1B8F14F
:101C6000000F1AD02068C06820F490702168C86006
:101C70002068406920F0010021684861202084F834
:101C80003E00002020632068C06820F0100021681A
:101C9000C86041462046FFF7F0FE0BE7FFE705F07E
:101CA000800030B106F0800018B1204600F0F3FB50
:101CB00000E705F0400030B106F0400018B12046C2
:101CC00000F041FAF6E600BFF4E60000FD2000084F
:101CD00010B504460CB9012010BDA06900B100E0A8
:101CE00000BF94F83D0028B9002084F83C0020464D
:101CF00000F028F8242084F83D002068C06820F413
:101D000000502168C860204600F08CFA2068006905
:101D100020F49040216808612068406920F02A0082
:101D2000216848612068C06840F400502168C8609C
:101D300000202064202084F83D0084F83E0000202C
:101D4000CAE7000010B586B004462E4920688842D4
:101D500055D100BF00BF002000902B48006840F024
:101D60001000294908600846006800F01000009043
:101D700000BF00BF00BF00BF00BF0020009022488E
:101D80001438006840F001001F4914390860084603
:101D9000006800F00100009000BF00BF00BF00BF5E
:101DA00000BF002000900846006840F00100086075
:101DB0000846006800F00100009000BF00BF00BFAF
:101DC0004815019002200290012003900220049007
:101DD0000720059001A90D48FEF78AFE4FF48060A8
:101DE00001900720059001A90848FEF781FE2520F3
:101DF000FEF7E5FF032211462520FEF7F0FF06B0AF
:101E000010BD0000001001404438024000000240B4
:101E100070B504460D46164694F83E00202816D1AB
:101E200005B10EB9012070BD00BF94F83C00012837
:101E300001D10220F7E7012084F83C0000BF002018
:101E4000206332462946204600F002FBEBE70220E1
:101E5000E9E7000010B504462049206888423BD1DC
:101E60001F48008800F4004088BB1D48008800F42B
:101E7000804070B11B4800780A2803D00020184920
:101E8000088024E01648008840F400401449088087
:101E90001DE0144800780D2806D11148008840F450
:101EA00080400F49088012E00E4800780C490988EC
:101EB000C1F30D010C4A505409480088401C0849E0
:101EC000088008460088C72801DD0020088001221C
:101ED00004490648FFF79CFF10BD000000100140B8
:101EE0003C0000203E00002014010020DC01002006
:101EF000704700BFFEE700BFFEE770472DE9F047DF
:101F00000C46DDE90867002100258C4600BF60E033
:101F10004FF0010808FA01F504EA050CAC4557D169
:101F2000D0F800804FEA410A4FF0030909FA0AF994
:101F300028EA0908C0F80080D0F800804FEA41097B
:101F400002FA09F948EA0908C0F80080012A01D01C
:101F5000022A27D1D0F808804FEA410A4FF003093E
:101F600009FA0AF928EA0908C0F80880D0F80880B8
:101F70004FEA410906FA09F948EA0908C0F8088059
:101F8000D0F804904FF0010808FA01F829EA08098E
:101F9000C0F80490D0F8048003FA01F948EA09086F
:101FA000C0F80480D0F80C804FEA410A4FF00309D2
:101FB00009FA0AF928EA0908C0F80C80D0F80C8060
:101FC0004FEA410907FA09F948EA0908C0F80C8004
:101FD000491C10299CD3BDE8F08710B5FEF7A4FE7C
:101FE00006F0D0FC012801D006F098F810BD0000E2
:101FF0000348006840F47000014908607047000021
:1020000088ED00E010B50248FFF747FC10BD000066
:10201000D002002010B50248FFF73FFC10BD0000C1
:102020001803002010B50268294B98420ED0B0F179
:10203000804F0BD0274B984208D0274B984205D0B1
:10204000264B984202D0264B984203D122F07002D0
:102050004B681A431E4B984220D0B0F1804F1DD0E0
:102060001C4B98421AD01C4B984217D01B4B9842DD
:1020700014D01B4B984211D01A4B98420ED01A4BD9
:1020800098420BD0194B984208D0194B984205D072
:10209000184B984202D0184B984203D122F4407258
:1020A000CB681A4322F080034C6943EA04020260C1
:1020B0008B68C3620B688362054B984202D0084B61
:1020C000984201D10B6903630123436110BD0000F5
:1020D000000001400004004000080040000C0040E7
:1020E000000401400040014000440140004801401C
:1020F00000180040001C00400020004070B505465C
:10210000AC6B0020E085E0842046FFF7B7FC70BD93
:102110000168C96821F490710268D1600168496959
:1021200021F0010102685161016B012905D10168AB
:10213000C96821F010010268D160202180F83E10AA
:1021400000210163704710B504462068C06820F084
:1021500040002168C860202084F83D002046FFF739
:10216000C7FE002010BD70B5044694F83E0022283A
:1021700056D1A068B0F5805F0CD1206950B9002518
:10218000A66A20684068C0F308003080A06A801CFE
:10219000A06215E0A56A0026A068B0F5805F03D0B4
:1021A000A06828B9206918B920684068287004E040
:1021B0002068406800F07F002870A06A401CA06280
:1021C000E08D401E80B2E08540BB2068C06820F0F2
:1021D00020002168C8602068C06820F480702168F1
:1021E000C8602068406920F0010021684861202013
:1021F00084F83E00206B01280AD12068C06820F0D6
:1022000010002168C860A18D2046FFF736FC02E06F
:102210002046FFF71FFE0020206370BD0020FCE772
:102220000220FAE72DE9F84F04462068006920F4FF
:102230004050E1680843216808612169A0680843AB
:1022400061690843E169084300902068C06849F269
:102250000C618843009908432168C8602068406980
:1022600020F44070A16908432168486176492068DC
:10227000884203D075492068884203D1FEF7DAFE10
:10228000814602E0FEF7C6FE8146E069B0F5004FE8
:102290006CD102206168A0FB015003461920A9FB04
:1022A000007001462A463846FEF74FF86421B0FB1D
:1022B000F1F04FEA001A02206168A0FB01510B46C1
:1022C0001920A9FB00712A463846FEF73EF88346DE
:1022D00002206168A0FB015003461920A9FB007190
:1022E0002A463846FEF731F86421B0FBF1F000EBE6
:1022F000C00101EB0010ABEB8000322101EBC0000C
:102300006421B0FBF1F000F0F8000AEB400A022073
:102310006168A0FB015003461920A9FB007001462B
:102320002A463846FEF711F8834602206168A0FB72
:10233000015003461920A9FB00712A463846FEF7D2
:1023400004F86421B0FBF1F000EBC00101EB0010D8
:10235000ABEB8000322101EBC0006421B0FBF1F057
:1023600000F007005044216888606AE0042061683A
:10237000A0FB015003461920A9FB007001462A4624
:102380003846FDF7E2FF824604206168A0FB015059
:1023900003461920A9FB007001462A463846FDF77E
:1023A000D4FF6421B0FBF1F000EBC00101EB0010A1
:1023B000AAEB8000322101EB00106421B0FBF1F0A8
:1023C00000F0F00A04206168A0FB017003461920A8
:1023D000A9FB00513A462846FDF7B7FF6421B0FB40
:1023E000F1F00AEB001A04206168A0FB01510B46D2
:1023F0001920A9FB00712A463846FDF7A6FF83463F
:1024000004206168A0FB015003461920A9FB00705D
:1024100001462A463846FDF798FF6421B0FBF1F0EB
:1024200000EBC00101EB0010ABEB8000322101EBAF
:1024300000106421B0FBF1F000F00F00504421685F
:102440008860BDE8F88F00000010014000140140D2
:1024500010B5034699629A85DA8500201864222017
:1024600083F83E0000BF002083F83C0000BF1868DE
:10247000C06840F480701C68E0601868406940F0F3
:1024800001001C6860611868C06840F020001C688A
:10249000E060002010BD014691F83D00212828D1C0
:1024A0008868B0F5805F0BD1086948B90A6A10885E
:1024B000C0F308000B685860086A801C086205E0D9
:1024C0000B6A581C086218780B685860C88C401E4C
:1024D00080B2C88458B90868C06820F080000B68D2
:1024E000D8600868C06840F040000B68D8600020E1
:1024F00070470220FCE7000010B50248FFF7C0FA61
:1025000010BD0000DC01002000BFFEE770B5062111
:10251000302004F05DFE302004F06AFD0546062DF3
:1025200003D00621302004F053FE002403E006F01F
:10253000E7FD601C84B2C82CF9DB70BD024800685E
:10254000C0F30220704700000CED00E010B5002839
:1025500004DB0A07130E054A135406E00A07140E9B
:10256000034A00F00F031B1FD45410BD00E400E029
:1025700018ED00E000BF704700F00101194A11603A
:10258000C0F34001184AC2F88412C0F38001154A12
:1025900008321160C0F30011121F1160C0F3401126
:1025A000104A3C321160C0F38011104A1160C0F330
:1025B000C0110C4A38321160C0F300210B4A121DC1
:1025C0001160C0F34021074A34321160C0F380210A
:1025D000044A14321160C0F3C021024A0C32116067
:1025E0007047000080824242000043429002434212
:1025F00070B505460C460748074908600846446020
:1026000000218160C5600161FFF778F80248FFF79B
:10261000EFF870BD00040040D002002000F001017E
:10262000104A1160C0F340010F4AC2F8BC12C0F357
:1026300080010C4A383A1160C0F3C001121D1160CC
:10264000C0F30011094A1160C0F34011121D11605E
:10265000C0F38011121D1160C109054AC2F8A81209
:1026600070470000B8824142008041429C024242D1
:102670000000424270B504460420FFF70FF80A48F4
:10268000046025464FF47A7045434FF0E02000691E
:1026900040F002004FF0E021086108464561006902
:1026A00040F00100086170BD3400002030B50446E0
:1026B000002504E04FF47A7000F004F86D1CA54288
:1026C000F8D330BD70B5034600224FF0E02675699F
:1026D0000D4E366803FB06F44FF0E026B16910E0BA
:1026E0004FF0E026B06988420BD0884202D20E1A21
:1026F000324402E02E1A0E4432440146A24200D374
:1027000000E0EDE700BF70BD3400002000BF054AC7
:10271000126802F04002002AF9D0C2B2014B5A609E
:1027200070470000001001400EB54FF4784019A129
:1027300020221346CDE900210290DC220A2108461E
:1027400003F00EFB4FF4784014A118221346CDE994
:1027500000210290DC222F210A2003F001FB4FF41C
:10276000784013A110221346CDE900210290DC220B
:102770004C210A2003F0F4FA1148012100238022A1
:10278000CDE900100FA1124806F0CCF805F008FBC7
:102790000EBD000053544D33320000004672656593
:1027A00052544F5320506F7274696E6700000000DE
:1027B00041544F4D40414C49454E54454B0000005B
:1027C0000400002073746172745F7461736B0000A5
:1027D000B572000800B587B000BF00BF00200190AF
:1027E0003848006840F01000364908600846006824
:1027F00000F01000019000BF00BF00BF00BF00BF8D
:10280000002001900846006840F01000086008466B
:10281000006800F01000019000BF00BF00BF00BFC3
:1028200000BF002001900846006840F010000860DA
:102830000846006800F01000019000BF00BF00BF14
:1028400000BF00BF002001900846006840F0010072
:1028500008600846006800F00100019000BF00BF5A
:1028600000BF10200290002003900120049002205D
:10287000059002A91448FEF73BF9082002900020B9
:102880000390012004900220059002A90E48FEF753
:102890002FF90420029000200390012004900220D0
:1028A000059002A90848FEF723F9012002900020B4
:1028B000039002200490059002A90448FEF718F93D
:1028C00007B000BD30380240001002400000024056
:1028D00070B50446002514B101202B4908702A4820
:1028E0000078002834D010212848FEF703FA78B188
:1028F00008212648FEF7FEF950B104212348FEF7CF
:10290000F9F928B101212248FEF7F4F901281FD175
:102910000A20FFF7CBFE00201B49087010211B483E
:10292000FEF7E8F900B9012508211848FEF7E2F999
:1029300000B9022504211548FEF7DCF900B903258A
:1029400001211348FEF7D6F901281BD1042519E00F
:1029500010210E48FEF7CEF9012813D108210B48AB
:10296000FEF7C8F901280DD104210848FEF7C2F985
:10297000012807D101210648FEF7BCF910B9012052
:1029800001490870284670BD540000200010024024
:102990000000024070B504460026094805884088BA
:1029A00045430021084603F0ABF803F057FA00BF97
:1029B00002E004480480761CAE42FAD370BD0000E9
:1029C000700200208000006C10B5044658488471E5
:1029D000002C58D1F020564908804FF4A070488050
:1029E0000846808845F21051884210D14FF430508B
:1029F0004F4908814FF4285048814FF42C5088816A
:102A00004FF4F07008804FF4487048801AE048484E
:102A1000808841F6631188420DD12C2044490881F9
:102A20002B2048812A2088814FF4F07008804FF4D1
:102A30004870488006E02C203D4908812A204881C2
:102A40002B2088813A48808845F21031884205D091
:102A50003748808847F29671884206D14FF4A070BB
:102A6000334908804FF4F07048803148808849F637
:102A70000601884258D14FF4F0702D4908804FF478
:102A80004870488050E04FF4A07029490880F02039
:102A900048800846808845F21051884210D14FF492
:102AA0003050234908814FF4285048814FF42C506E
:102AB00088814FF4487008804FF4F070488020E01F
:102AC0001B48808841F66311884205D018488088E9
:102AD00049F6060188420DD12C20154908812A208B
:102AE00048812B2088814FF4487008804FF4F070A3
:102AF000488006E02C200E4908812A2048812B209E
:102B000088810B48808845F21031884205D00848FA
:102B1000808847F29671884206D14FF4F0700449DC
:102B200008804FF4A0704880002002F0CBFE10BD5A
:102B30007002002070B505460E4614463146284600
:102B400002F0DEFF03F08AF901490C8070BD00003D
:102B50008000006C10B5CF2003F074F9002003F062
:102B600065F9C12003F062F9302003F05FF9ED2030
:102B700003F068F9642003F059F9032003F056F9D3
:102B8000122003F053F9812003F050F9E82003F0FC
:102B900059F9852003F04AF9102003F047F97A200B
:102BA00003F044F9CB2003F04DF9392003F03EF94E
:102BB0002C2003F03BF9002003F038F9342003F017
:102BC00035F9022003F032F9F72003F03BF9202019
:102BD00003F02CF9EA2003F035F9002003F026F980
:102BE000002003F023F9C02003F02CF91B2003F090
:102BF0001DF9C12003F026F9012003F017F9C520C3
:102C000003F020F9302003F011F9302003F00EF921
:102C1000C72003F017F9B72003F008F9362003F0B6
:102C200011F9482003F002F93A2003F00BF955207E
:102C300003F0FCF8B12003F005F9002003F0F6F8EA
:102C40001A2003F0F3F8B62003F0FCF80A2003F092
:102C5000EDF8A22003F0EAF8F22003F0F3F80020E8
:102C600003F0E4F8262003F0EDF8012003F0DEF88D
:102C7000E02003F0E7F80F2003F0D8F82A2003F053
:102C8000D5F8282003F0D2F8082003F0CFF80E2062
:102C900003F0CCF8082003F0C9F8542003F0C6F87C
:102CA000A92003F0C3F8432003F0C0F80A2003F082
:102CB000BDF80F2003F0BAF8002003F0B7F80020A9
:102CC00003F0B4F8002003F0B1F8002003F0AEF8F0
:102CD000E12003F0B7F8002003F0A8F8152003F076
:102CE000A5F8172003F0A2F8072003F09FF81120A1
:102CF00003F09CF8062003F099F82B2003F096F8D7
:102D0000562003F093F83C2003F090F8052003F0E0
:102D10008DF8102003F08AF80F2003F087F83F2089
:102D200003F084F83F2003F081F80F2003F07EF8D1
:102D30002B2003F087F8002003F078F8002003F040
:102D400075F8012003F072F83F2003F06FF82A2095
:102D500003F078F8002003F069F8002003F066F82B
:102D6000002003F063F8EF2003F060F8112003F077
:102D700069F87820FFF79AFC292003F063F810BD6A
:102D800010B5FF2003F05EF8FF2003F04FF8982005
:102D900003F04CF8062003F049F8BC2003F052F889
:102DA000012003F043F80F2003F040F8612003F006
:102DB0003DF8FF2003F03AF8012003F037F8012036
:102DC00003F034F80B2003F031F8102003F02EF854
:102DD000372003F02BF8632003F028F8FF2003F0DE
:102DE00025F8FF2003F022F8012003F01FF801204E
:102DF00003F01CF8002003F019F8002003F016F887
:102E0000FF2003F013F8522003F010F8012003F024
:102E10000DF8002003F00AF8402003F007F8BD2069
:102E200003F010F8012003F001F8232002F0FEFF68
:102E3000452002F0FBFF672002F0F8FF012002F0BE
:102E4000F5FF232002F0F2FF452002F0EFFF67209C
:102E500002F0ECFFBE2002F0F5FF002002F0E6FFDA
:102E6000012002F0E3FFAB2002F0E0FF602002F05F
:102E7000DDFF222002F0DAFF222002F0D7FF22201D
:102E800002F0D4FF222002F0D1FF222002F0CEFF78
:102E9000C72002F0D7FF362002F0C8FFED2002F075
:102EA000D1FF7F2002F0C2FF0F2002F0BFFFC02041
:102EB00002F0C8FF0F2002F0B9FF0B2002F0B6FFAE
:102EC0000A2002F0B3FFFC2002F0BCFF082002F051
:102ED000ADFFDF2002F0B6FF002002F0A7FF0020C8
:102EE00002F0A4FF002002F0A1FF002002F09EFFEC
:102EF000002002F09BFF202002F098FFF32002F058
:102F0000A1FF742002F092FFB42002F09BFF00208A
:102F100002F08CFF002002F089FF002002F086FF03
:102F2000F72002F08FFF822002F080FFB12002F034
:102F300089FF002002F07AFF132002F077FF1320B0
:102F400002F074FFF22002F07DFF802002F06EFF9D
:102F5000042002F06BFF402002F068FF282002F0FE
:102F600065FFC12002F06EFF172002F05FFF88208E
:102F700002F05CFF882002F059FF202002F056FF8B
:102F8000E02002F05FFF002002F050FF0A2002F074
:102F90004DFF122002F04AFF102002F047FF0E20E2
:102FA00002F044FF202002F041FFCC2002F03EFF5F
:102FB000072002F03BFF062002F038FF0B2002F052
:102FC00035FF0E2002F032FF0F2002F02FFF0D2000
:102FD00002F02CFF152002F029FF102002F026FF3E
:102FE000002002F023FFE12002F02CFF002002F07D
:102FF0001DFF0B2002F01AFF132002F017FF0D2017
:1030000002F014FF0E2002F011FF1B2002F00EFF51
:10301000712002F00BFF062002F008FF062002F0EC
:1030200005FF0A2002F002FF0F2002F0FFFE0E2033
:1030300002F0FCFE0F2002F0F9FE152002F0F6FE71
:103040000C2002F0F3FE002002F0F0FE2A2002F035
:10305000F9FE002002F0EAFE002002F0E7FE012067
:1030600002F0E4FEDF2002F0E1FE2B2002F0EAFE97
:10307000002002F0DBFE002002F0D8FE032002F068
:10308000D5FE1F2002F0D2FE3A2002F0DBFE5520D2
:1030900002F0CCFE362002F0D5FE002002F0C6FE83
:1030A000112002F0CFFE7820FFF700FB292002F06C
:1030B000C9FE1420FFF7FAFA2C2002F0C3FE10BD5F
:1030C00010B5ED2002F0BEFE012002F0AFFEFE20A2
:1030D00002F0ACFEEE2002F0B5FEDE2002F0A6FE0D
:1030E000212002F0A3FEF12002F0ACFE012002F04C
:1030F0009DFEDF2002F0A6FE102002F097FEC42005
:1031000002F0A0FE8F2002F091FEC62002F09AFE8F
:10311000002002F08BFEE22002F088FEE22002F0A6
:1031200085FEE22002F082FEBF2002F08BFEAA2084
:1031300002F07CFEB02002F085FE0D2002F076FE4B
:10314000002002F073FE0D2002F070FE002002F05D
:103150006DFE112002F06AFE002002F067FE1920C9
:1031600002F064FE002002F061FE212002F05EFE0B
:10317000002002F05BFE2D2002F058FE002002F03D
:1031800055FE3D2002F052FE002002F04FFE5D2071
:1031900002F04CFE002002F049FE5D2002F046FEE7
:1031A000002002F043FEB12002F04CFE802002F02D
:1031B0003DFE002002F03AFE8B2002F037FE002098
:1031C00002F034FE962002F031FE002002F02EFEC6
:1031D000B22002F037FE002002F028FE002002F0AC
:1031E00025FE022002F022FE002002F01FFE032036
:1031F00002F01CFE002002F019FEB32002F022FEB5
:10320000002002F013FE002002F010FE002002F069
:103210000DFE002002F00AFE002002F007FE002052
:1032200002F004FE002002F001FE002002F0FEFD8C
:10323000002002F0FBFD002002F0F8FD002002F06B
:10324000F5FD002002F0F2FD002002F0EFFD00206D
:1032500002F0ECFD002002F0E9FD002002F0E6FDA6
:10326000002002F0E3FD002002F0E0FD002002F06B
:10327000DDFD002002F0DAFD002002F0D7FD002085
:1032800002F0D4FD002002F0D1FD002002F0CEFDBE
:10329000B42002F0D7FD8B2002F0C8FD002002F020
:1032A000C5FD962002F0C2FD002002F0BFFDA12066
:1032B00002F0BCFD002002F0B9FDB52002F0C2FD15
:1032C000022002F0B3FD002002F0B0FD032002F066
:1032D000ADFD002002F0AAFD042002F0A7FD0020B1
:1032E00002F0A4FDB62002F0ADFD002002F09EFD2C
:1032F000002002F09BFDB72002F0A4FD002002F0A8
:1033000095FD002002F092FD3F2002F08FFD00208D
:1033100002F08CFD5E2002F089FD002002F086FDA7
:10332000642002F083FD002002F080FD8C2002F07A
:103330007DFD002002F07AFDAC2002F077FD002038
:1033400002F074FDDC2002F071FD002002F06EFD41
:10335000702002F06BFD002002F068FD902002F06A
:1033600065FD002002F062FDEB2002F05FFD002011
:1033700002F05CFDDC2002F059FD002002F056FD59
:10338000B82002F05FFD002002F050FD002002F0A6
:103390004DFD002002F04AFD002002F047FD002014
:1033A00002F044FD002002F041FD002002F03EFD4D
:1033B000002002F03BFDBA2002F044FD242002F080
:1033C00035FD002002F032FD002002F02FFD00202C
:1033D00002F02CFDC12002F035FD202002F026FD78
:1033E000002002F023FD542002F020FD002002F016
:1033F0001DFDFF2002F01AFD002002F017FDC22083
:1034000002F020FD0A2002F011FD002002F00EFD66
:10341000042002F00BFD002002F008FDC32002F0A2
:1034200011FD3C2002F002FD002002F0FFFC3A20DA
:1034300002F0FCFC002002F0F9FC392002F0F6FC5E
:10344000002002F0F3FC372002F0F0FC002002F034
:10345000EDFC3C2002F0EAFC002002F0E7FC362004
:1034600002F0E4FC002002F0E1FC322002F0DEFC7D
:10347000002002F0DBFC2F2002F0D8FC002002F03C
:10348000D5FC2C2002F0D2FC002002F0CFFC292039
:1034900002F0CCFC002002F0C9FC262002F0C6FCA1
:1034A000002002F0C3FC242002F0C0FC002002F047
:1034B000BDFC242002F0BAFC002002F0B7FC23205F
:1034C00002F0B4FC002002F0B1FC3C2002F0AEFCA3
:1034D000002002F0ABFC362002F0A8FC002002F035
:1034E000A5FC322002F0A2FC002002F09FFC2F205D
:1034F00002F09CFC002002F099FC2C2002F096FCCB
:10350000002002F093FC292002F090FC002002F041
:103510008DFC262002F08AFC002002F087FC24208B
:1035200002F084FC002002F081FC242002F07EFCEA
:10353000002002F07BFC232002F078FC002002F047
:1035400075FCC42002F07EFC622002F06FFC0020BB
:1035500002F06CFC052002F069FC002002F066FC21
:10356000842002F063FC002002F060FCF02002F0F6
:103570005DFC002002F05AFC182002F057FC0020ED
:1035800002F054FCA42002F051FC002002F04EFC9A
:10359000182002F04BFC002002F048FC502002F002
:1035A00045FC002002F042FC0C2002F03FFC002011
:1035B00002F03CFC172002F039FC002002F036FC3F
:1035C000952002F033FC002002F030FCF32002F0E2
:1035D0002DFC002002F02AFCE62002F027FC00204F
:1035E00002F024FCC52002F02DFC322002F01EFC6B
:1035F000002002F01BFC442002F018FC002002F026
:1036000015FC652002F012FC002002F00FFC762071
:1036100002F00CFC002002F009FC882002F006FCFD
:10362000002002F003FCC62002F00CFC202002F077
:10363000FDFB002002F0FAFB172002F0F7FB002050
:1036400002F0F4FB012002F0F1FB002002F0EEFB9F
:10365000C72002F0F7FB002002F0E8FB002002F098
:10366000E5FB002002F0E2FB002002F0DFFBC820B7
:1036700002F0E8FB002002F0D9FB002002F0D6FBAC
:10368000002002F0D3FB002002F0D0FBC92002F0A2
:10369000D9FB002002F0CAFB002002F0C7FB00208B
:1036A00002F0C4FB002002F0C1FB002002F0BEFBD0
:1036B000002002F0BBFB002002F0B8FB002002F06B
:1036C000B5FB002002F0B2FB002002F0AFFB0020AF
:1036D00002F0ACFB002002F0A9FB002002F0A6FBE8
:1036E000002002F0A3FB002002F0A0FB002002F06B
:1036F0009DFBE02002F0A6FB162002F097FB0020C5
:1037000002F094FB1C2002F091FB002002F08EFBE3
:10371000212002F08BFB002002F088FB362002F013
:1037200085FB002002F082FB462002F07FFB002098
:1037300002F07CFB522002F079FB002002F076FBC5
:10374000642002F073FB002002F070FB7A2002F08C
:103750006DFB002002F06AFB8B2002F067FB00206B
:1037600002F064FB992002F061FB002002F05EFB96
:10377000A82002F05BFB002002F058FBB92002F009
:1037800055FB002002F052FBC42002F04FFB00204A
:1037900002F04CFBCA2002F049FB002002F046FB7D
:1037A000D22002F043FB002002F040FBD92002F0BF
:1037B0003DFB002002F03AFBE02002F037FB002046
:1037C00002F034FBF32002F031FB002002F02EFB6C
:1037D000E12002F037FB162002F028FB002002F067
:1037E00025FB1C2002F022FB002002F01FFB222000
:1037F00002F01CFB002002F019FB362002F016FB41
:10380000002002F013FB452002F010FB002002F024
:103810000DFB522002F00AFB002002F007FB64209F
:1038200002F004FB002002F001FB7A2002F0FEFA15
:10383000002002F0FBFA8B2002F0F8FA002002F0E0
:10384000F5FA992002F0F2FA002002F0EFFAA8202F
:1038500002F0ECFA002002F0E9FAB92002F0E6FAF0
:10386000002002F0E3FAC42002F0E0FA002002F0A7
:10387000DDFACA2002F0DAFA002002F0D7FAD220EC
:1038800002F0D4FA002002F0D1FAD82002F0CEFAE9
:10389000002002F0CBFAE02002F0C8FA002002F08B
:1038A000C5FAF32002F0C2FA002002F0BFFAE220CB
:1038B00002F0C8FA052002F0B9FA002002F0B6FAC8
:1038C0000B2002F0B3FA002002F0B0FA1B2002F045
:1038D000ADFA002002F0AAFA342002F0A7FA002084
:1038E00002F0A4FA442002F0A1FA002002F09EFAAD
:1038F0004F2002F09BFA002002F098FA612002F0BB
:1039000095FA002002F092FA792002F08FFA002056
:1039100002F08CFA882002F089FA002002F086FA80
:10392000972002F083FA002002F080FAA62002F02D
:103930007DFA002002F07AFAB72002F077FA002030
:1039400002F074FAC22002F071FA002002F06EFA5E
:10395000C72002F06BFA002002F068FAD12002F0D2
:1039600065FA002002F062FAD62002F05FFA002029
:1039700002F05CFADD2002F059FA002002F056FA5B
:10398000F32002F053FA002002F050FAE32002F094
:1039900059FA052002F04AFA002002F047FA0A20FC
:1039A00002F044FA002002F041FA1C2002F03EFA34
:1039B000002002F03BFA332002F038FA002002F037
:1039C00035FA442002F032FA002002F02FFA50209B
:1039D00002F02CFA002002F029FA622002F026FA06
:1039E000002002F023FA782002F020FA002002F0F2
:1039F0001DFA882002F01AFA002002F017FA972028
:103A000002F014FA002002F011FAA62002F00EFAD9
:103A1000002002F00BFAB72002F008FA002002F0B2
:103A200005FAC22002F002FA002002F0FFF9C720D6
:103A300002F0FCF9002002F0F9F9D12002F0F6F9C9
:103A4000002002F0F3F9D52002F0F0F9002002F096
:103A5000EDF9DD2002F0EAF9002002F0E7F9F320A9
:103A600002F0E4F9002002F0E1F9E42002F0EAF9C2
:103A7000012002F0DBF9002002F0D8F9012002F069
:103A8000D5F9002002F0D2F9022002F0CFF900208F
:103A900002F0CCF92A2002F0C9F9002002F0C6F9A0
:103AA0003C2002F0C3F9002002F0C0F94B2002F0E4
:103AB000BDF9002002F0BAF95D2002F0B7F900204C
:103AC00002F0B4F9742002F0B1F9002002F0AEF96E
:103AD000842002F0ABF9002002F0A8F9932002F054
:103AE000A5F9002002F0A2F9A22002F09FF900201F
:103AF00002F09CF9B32002F099F9002002F096F947
:103B0000BE2002F093F9002002F090F9C42002F0E8
:103B10008DF9002002F08AF9CD2002F087F900200B
:103B200002F084F9D32002F081F9002002F07EF93E
:103B3000DD2002F07BF9002002F078F9F32002F09A
:103B400075F9002002F072F9E52002F07BF90020FF
:103B500002F06CF9002002F069F9002002F066F929
:103B6000002002F063F9022002F060F9002002F068
:103B70005DF9292002F05AF9002002F057F93C20A3
:103B800002F054F9002002F051F94B2002F04EF9F6
:103B9000002002F04BF95D2002F048F9002002F00D
:103BA00045F9742002F042F9002002F03FF9842028
:103BB00002F03CF9002002F039F9932002F036F9C6
:103BC000002002F033F9A22002F030F9002002F0C8
:103BD0002DF9B32002F02AF9002002F027F9BE20C7
:103BE00002F024F9002002F021F9C42002F01EF9AD
:103BF000002002F01BF9CD2002F018F9002002F09D
:103C000015F9D32002F012F9002002F00FF9DC20A0
:103C100002F00CF9002002F009F9F32002F006F995
:103C2000002002F003F9E62002F00CF9112002F066
:103C3000FDF8002002F0FAF8342002F0F7F8002036
:103C400002F0F4F8562002F0F1F8002002F0EEF84D
:103C5000762002F0EBF8002002F0E8F8772002F07E
:103C6000E5F8002002F0E2F8662002F0DFF800201C
:103C700002F0DCF8882002F0D9F8002002F0D6F833
:103C8000992002F0D3F8002002F0D0F8BB2002F017
:103C9000CDF8002002F0CAF8992002F0C7F8002001
:103CA00002F0C4F8662002F0C1F8002002F0BEF86D
:103CB000552002F0BBF8002002F0B8F8552002F0C1
:103CC000B5F8002002F0B2F8452002F0AFF800206D
:103CD00002F0ACF8432002F0A9F8002002F0A6F8A8
:103CE000442002F0A3F8002002F0A0F8E72002F040
:103CF000A9F8322002F09AF8002002F097F8552037
:103D000002F094F8002002F091F8762002F08EF88C
:103D1000002002F08BF8662002F088F8002002F004
:103D200085F8672002F082F8002002F07FF8672013
:103D300002F07CF8002002F079F8872002F076F893
:103D4000002002F073F8992002F070F8002002F0D1
:103D50006DF8BB2002F06AF8002002F067F89920A5
:103D600002F064F8002002F061F8772002F05EF8BB
:103D7000002002F05BF8442002F058F8002002F026
:103D800055F8562002F052F8002002F04FF8232098
:103D900002F04CF8002002F049F8332002F046F817
:103DA000002002F043F8452002F040F8002002F025
:103DB0003DF8E82002F046F8002002F037F8002035
:103DC00002F034F8992002F031F8002002F02EF8C9
:103DD000872002F02BF8002002F028F8882002F05B
:103DE00025F8002002F022F8772002F01FF80020CA
:103DF00002F01CF8662002F019F8002002F016F814
:103E0000882002F013F8002002F010F8AA2002F037
:103E10000DF8002002F00AF8BB2002F007F800209D
:103E200002F004F8992002F001F8002001F0FEFFF2
:103E3000662001F0FBFF002001F0F8FF552001F0A3
:103E4000F5FF002001F0F2FF552001F0EFFF002008
:103E500001F0ECFF442001F0E9FF002001F0E6FF53
:103E6000442001F0E3FF002001F0E0FF552001F0C5
:103E7000DDFF002001F0DAFFE92001F0E3FFAA20D6
:103E800001F0D4FF002001F0D1FF002001F0CEFFAF
:103E9000002001F0CBFF002001F0D4FFAA2001F0A8
:103EA000C5FFCF2001F0CEFF002001F0BFFF0020B2
:103EB00001F0BCFF002001F0B9FF002001F0B6FFC7
:103EC000002001F0B3FF002001F0B0FF002001F05E
:103ED000ADFF002001F0AAFF002001F0A7FF0020A5
:103EE00001F0A4FF002001F0A1FF002001F09EFFDF
:103EF000002001F09BFF002001F098FF002001F05E
:103F000095FF002001F092FF002001F08FFFF020CC
:103F100001F098FF002001F089FF502001F086FF9A
:103F2000002001F083FF002001F080FF002001F05D
:103F30007DFFF32001F086FF002001F077FFF920DC
:103F400001F080FF062001F071FF102001F06EFFEC
:103F5000292001F06BFF002001F068FF3A2001F0FA
:103F600071FF552001F062FF112001F06BFF64200A
:103F7000FEF79CFB292001F065FF352001F062FF70
:103F8000002001F053FF512001F05CFFFF2001F001
:103F90004DFF532001F056FF2C2001F047FF552024
:103FA00001F050FF822001F041FF2C2001F04AFF78
:103FB00010BD10B555214FF4704001F059FFAA21F2
:103FC0004FF2010001F054FF52214FF2020001F0C4
:103FD0004FFF08214FF2030001F04AFF01214FF289
:103FE000040001F045FF0D214FF4304001F040FF87
:103FF0000D214BF2010001F03BFF0D214BF20200BD
:1040000001F036FF34214FF4364001F031FF342106
:104010004BF2016001F02CFF34214BF2026001F001
:1040200027FF0D214FF4314001F022FF0D214BF20B
:10403000011001F01DFF0D214BF2021001F018FFDD
:1040400034214FF4374001F013FF34214BF201705B
:1040500001F00EFF34214BF2027001F009FF002144
:104060004FF4324001F004FF00214BF2012001F037
:10407000FFFE00214BF2022001F0FAFE24214FF452
:10408000384001F0F5FE24214BF6010001F0F0FE6E
:1040900024214BF6020001F0EBFE01214FF43F40DA
:1040A00001F0E6FE0F214FF4334001F0E1FE0F2155
:1040B0004BF2013001F0DCFE0F214BF2023001F037
:1040C000D7FE34214FF4394001F0D2FE34214BF6B3
:1040D000011001F0CDFE34214BF6021001F0C8FEB4
:1040E00008214FF4354001F0C3FE08214BF2015086
:1040F00001F0BEFE08214BF2025001F0B9FE03218F
:104100004FF4424001F0B4FE24214FF43A4001F054
:10411000AFFE24214BF6012001F0AAFE24214BF62C
:10412000022001F0A5FE00214FF43C4001F0A0FE6A
:1041300078214BF6014001F09BFE00214BF6024036
:1041400001F096FE00214FF43D4001F091FE7821F0
:104150004BF6015001F08CFE00214BF6025001F0AD
:1041600087FE00214FF43E4001F082FE64214BF6B1
:10417000016001F07DFE00214FF4514001F078FE16
:1041800033214DF2011001F073FE00214DF20210B7
:1041900001F06EFE34214DF2031001F069FE0021A2
:1041A0004DF2041001F064FE3A214DF2051001F0C9
:1041B0005FFE00214DF2061001F05AFE4A214DF239
:1041C000071001F055FE00214DF2081001F050FEDD
:1041D0005C214DF2091001F04BFE00214DF20A1056
:1041E00001F046FE81214DF20B1001F041FE00214D
:1041F0004DF20C1001F03CFEA6214DF20D1001F025
:1042000037FE00214DF20E1001F032FEE5214DF295
:104210000F1001F02DFE01214DF2101001F028FECB
:1042200013214DF2111001F023FE01214DF2121065
:1042300001F01EFE54214DF2131001F019FE012170
:104240004DF2141001F014FE82214DF2151001F010
:104250000FFE01214DF2161001F00AFECA214DF2A7
:10426000171001F005FE02214DF2181001F000FEBA
:1042700000214DF2191001F0FBFD02214DF21A1040
:1042800001F0F6FD01214DF21B1001F0F1FD0221BC
:104290004DF21C1001F0ECFD34214DF21D1001F027
:1042A000E7FD02214DF21E1001F0E2FD67214DF203
:1042B0001F1001F0DDFD02214DF2201001F0D8FDAC
:1042C00084214DF2211001F0D3FD02214DF2221084
:1042D00001F0CEFDA4214DF2231001F0C9FD022111
:1042E0004DF2241001F0C4FDB7214DF2251001F06C
:1042F000BFFD02214DF2261001F0BAFDCF214DF293
:10430000271001F0B5FD02214DF2281001F0B0FD9B
:10431000DE214DF2291001F0ABFD02214DF22A10F1
:1043200001F0A6FDF2214DF22B1001F0A1FD0221BA
:104330004DF22C1001F09CFDFE214DF22D1001F0EC
:1043400097FD03214DF22E1001F092FD10214DF248
:104350002F1001F08DFD03214DF2301001F088FD8A
:1043600033214DF2311001F083FD03214DF2321063
:1043700001F07EFD6D214DF2331001F079FD002139
:104380004FF4524001F074FD33214DF2012001F051
:104390006FFD00214DF2022001F06AFD34214DF243
:1043A000032001F065FD00214DF2042001F060FDC5
:1043B0003A214DF2052001F05BFD00214DF206206F
:1043C00001F056FD4A214DF2072001F051FD002178
:1043D0004DF2082001F04CFD5C214DF2092001F066
:1043E00047FD00214DF20A2001F042FD81214DF2EE
:1043F0000B2001F03DFD00214DF20C2001F038FDB5
:10440000A6214DF20D2001F033FD00214DF20E20CA
:1044100001F02EFDE5214DF20F2001F029FD0121D3
:104420004DF2102001F024FD13214DF2112001F076
:104430001FFD01214DF2122001F01AFD54214DF211
:10444000132001F015FD01214DF2142001F010FDA3
:1044500082214DF2152001F00BFD01214DF21620B5
:1044600001F006FDCA214DF2172001F001FD0221E5
:104470004DF2182001F0FCFC00214DF2192001F052
:10448000F7FC02214DF21A2001F0F2FC01214DF25D
:104490001B2001F0EDFC02214DF21C2001F0E8FC94
:1044A00034214DF21D2001F0E3FC02214DF21E20CB
:1044B00001F0DEFC67214DF21F2001F0D9FC022142
:1044C0004DF2202001F0D4FC84214DF2212001F096
:1044D000CFFC02214DF2222001F0CAFCA4214DF2B2
:1044E000232001F0C5FC02214DF2242001F0C0FC84
:1044F000B7214DF2252001F0BBFC02214DF2262010
:1045000001F0B6FCCF214DF2272001F0B1FC0221D1
:104510004DF2282001F0ACFCDE214DF2292001F003
:10452000A7FC02214DF22A2001F0A2FCF2214DF25B
:104530002B2001F09DFC02214DF22C2001F098FC73
:10454000FE214DF22D2001F093FC03214DF22E208F
:1045500001F08EFC10214DF22F2001F089FC032187
:104560004DF2302001F084FC33214DF2312001F076
:104570007FFC03214DF2322001F07AFC6D214DF2D7
:10458000332001F075FC00214FF4534001F070FC22
:1045900033214DF2013001F06BFC00214DF202306D
:1045A00001F066FC34214DF2033001F061FC002182
:1045B0004DF2043001F05CFC3A214DF2053001F07F
:1045C00057FC00214DF2063001F052FC4A214DF219
:1045D000073001F04DFC00214DF2083001F048FC9D
:1045E0005C214DF2093001F043FC00214DF20A300C
:1045F00001F03EFC81214DF20B3001F039FC00212D
:104600004DF20C3001F034FCA6214DF20D3001F0DA
:104610002FFC00214DF20E3001F02AFCE5214DF275
:104620000F3001F025FC01214DF2103001F020FC8B
:1046300013214DF2113001F01BFC01214DF212301B
:1046400001F016FC54214DF2133001F011FC012150
:104650004DF2143001F00CFC82214DF2153001F0C6
:1046600007FC01214DF2163001F002FCCA214DF287
:10467000173001F0FDFB02214DF2183001F0F8FB7C
:1046800000214DF2193001F0F3FB02214DF21A30F6
:1046900001F0EEFB01214DF21B3001F0E9FB02219C
:1046A0004DF21C3001F0E4FB34214DF21D3001F0DD
:1046B000DFFB02214DF21E3001F0DAFB67214DF2E3
:1046C0001F3001F0D5FB02214DF2203001F0D0FB6C
:1046D00084214DF2213001F0CBFB02214DF222303A
:1046E00001F0C6FBA4214DF2233001F0C1FB0221F1
:1046F0004DF2243001F0BCFBB7214DF2253001F022
:10470000B7FB02214DF2263001F0B2FBCF214DF272
:10471000273001F0ADFB02214DF2283001F0A8FB5B
:10472000DE214DF2293001F0A3FB02214DF22A30A7
:1047300001F09EFBF2214DF22B3001F099FB02219A
:104740004DF22C3001F094FBFE214DF22D3001F0A2
:104750008FFB03214DF22E3001F08AFB10214DF228
:104760002F3001F085FB03214DF2303001F080FB4A
:1047700033214DF2313001F07BFB03214DF2323019
:1047800001F076FB6D214DF2333001F071FB002119
:104790004FF4544001F06CFB33214DF2014001F025
:1047A00067FB00214DF2024001F062FB34214DF223
:1047B000034001F05DFB00214DF2044001F058FB85
:1047C0003A214DF2054001F053FB00214DF2064025
:1047D00001F04EFB4A214DF2074001F049FB002158
:1047E0004DF2084001F044FB5C214DF2094001F01C
:1047F0003FFB00214DF20A4001F03AFB81214DF2CE
:104800000B4001F035FB00214DF20C4001F030FB74
:10481000A6214DF20D4001F02BFB00214DF20E4080
:1048200001F026FBE5214DF20F4001F021FB0121B3
:104830004DF2104001F01CFB13214DF2114001F02C
:1048400017FB01214DF2124001F012FB54214DF2F1
:10485000134001F00DFB01214DF2144001F008FB63
:1048600082214DF2154001F003FB01214DF216406B
:1048700001F0FEFACA214DF2174001F0F9FA0221C7
:104880004DF2184001F0F4FA00214DF2194001F008
:10489000EFFA02214DF21A4001F0EAFA01214DF23D
:1048A0001B4001F0E5FA02214DF21C4001F0E0FA54
:1048B00034214DF21D4001F0DBFA02214DF21E4081
:1048C00001F0D6FA67214DF21F4001F0D1FA022122
:1048D0004DF2204001F0CCFA84214DF2214001F04C
:1048E000C7FA02214DF2224001F0C2FAA4214DF292
:1048F000234001F0BDFA02214DF2244001F0B8FA44
:10490000B7214DF2254001F0B3FA02214DF22640C5
:1049100001F0AEFACF214DF2274001F0A9FA0221B1
:104920004DF2284001F0A4FADE214DF2294001F0B9
:104930009FFA02214DF22A4001F09AFAF2214DF23B
:104940002B4001F095FA02214DF22C4001F090FA33
:10495000FE214DF22D4001F08BFA03214DF22E4045
:1049600001F086FA10214DF22F4001F081FA032167
:104970004DF2304001F07CFA33214DF2314001F02C
:1049800077FA03214DF2324001F072FA6D214DF2B7
:10499000334001F06DFA00214FF4554001F068FA00
:1049A00033214DF2015001F063FA00214DF2025023
:1049B00001F05EFA34214DF2035001F059FA002162
:1049C0004DF2045001F054FA3A214DF2055001F035
:1049D0004FFA00214DF2065001F04AFA4A214DF2F9
:1049E000075001F045FA00214DF2085001F040FA5D
:1049F0005C214DF2095001F03BFA00214DF20A50C2
:104A000001F036FA81214DF20B5001F031FA00210C
:104A10004DF20C5001F02CFAA6214DF20D5001F090
:104A200027FA00214DF20E5001F022FAE5214DF255
:104A30000F5001F01DFA01214DF2105001F018FA4B
:104A400013214DF2115001F013FA01214DF21250D1
:104A500001F00EFA54214DF2135001F009FA012130
:104A60004DF2145001F004FA82214DF2155001F07C
:104A7000FFF901214DF2165001F0FAF9CA214DF269
:104A8000175001F0F5F902214DF2185001F0F0F93C
:104A900000214DF2195001F0EBF902214DF21A50AC
:104AA00001F0E6F901214DF21B5001F0E1F902217C
:104AB0004DF21C5001F0DCF934214DF21D5001F093
:104AC000D7F902214DF21E5001F0D2F967214DF2C3
:104AD0001F5001F0CDF902214DF2205001F0C8F92C
:104AE00084214DF2215001F0C3F902214DF22250F0
:104AF00001F0BEF9A4214DF2235001F0B9F90221D1
:104B00004DF2245001F0B4F9B7214DF2255001F0D7
:104B1000AFF902214DF2265001F0AAF9CF214DF252
:104B2000275001F0A5F902214DF2285001F0A0F91B
:104B3000DE214DF2295001F09BF902214DF22A505D
:104B400001F096F9F2214DF22B5001F091F902217A
:104B50004DF22C5001F08CF9FE214DF22D5001F058
:104B600087F903214DF22E5001F082F910214DF208
:104B70002F5001F07DF903214DF2305001F078F90A
:104B800033214DF2315001F073F903214DF23250CF
:104B900001F06EF96D214DF2335001F069F90021F9
:104BA0004FF4564001F064F933214DF2016001F0F9
:104BB0005FF900214DF2026001F05AF934214DF203
:104BC000036001F055F900214DF2046001F050F945
:104BD0003A214DF2056001F04BF900214DF20660DB
:104BE00001F046F94A214DF2076001F041F9002138
:104BF0004DF2086001F03CF95C214DF2096001F0D2
:104C000037F900214DF20A6001F032F981214DF2AD
:104C10000B6001F02DF900214DF20C6001F028F934
:104C2000A6214DF20D6001F023F900214DF20E6036
:104C300001F01EF9E5214DF20F6001F019F9012193
:104C40004DF2106001F014F913214DF2116001F0E2
:104C50000FF901214DF2126001F00AF954214DF2D1
:104C6000136001F005F901214DF2146001F000F923
:104C700082214DF2156001F0FBF801214DF2166022
:104C800001F0F6F8CA214DF2176001F0F1F80221A7
:104C90004DF2186001F0ECF800214DF2196001F0BE
:104CA000E7F802214DF21A6001F0E2F801214DF21D
:104CB0001B6001F0DDF802214DF21C6001F0D8F814
:104CC00034214DF21D6001F0D3F802214DF21E6037
:104CD00001F0CEF867214DF21F6001F0C9F8022102
:104CE0004DF2206001F0C4F884214DF2216001F002
:104CF000BFF802214DF2226001F0BAF8A4214DF272
:104D0000236001F0B5F802214DF2246001F0B0F803
:104D1000B7214DF2256001F0ABF802214DF226607B
:104D200001F0A6F8CF214DF2276001F0A1F8022191
:104D30004DF2286001F09CF8DE214DF2296001F06F
:104D400097F802214DF22A6001F092F8F2214DF21B
:104D50002B6001F08DF802214DF22C6001F088F8F3
:104D6000FE214DF22D6001F083F803214DF22E60FB
:104D700001F07EF810214DF22F6001F079F8032147
:104D80004DF2306001F074F833214DF2316001F0E2
:104D90006FF803214DF2326001F06AF86D214DF297
:104DA000336001F065F855214FF4704001F060F870
:104DB000AA214FF2010001F05BF852214FF20200EC
:104DC00001F056F808214FF2030001F051F80021DC
:104DD0004FF2040001F04CF8CC214FF4314001F0C7
:104DE00047F800214BF2011001F042F805214FF481
:104DF000364001F03DF870214FF4374001F038F8AB
:104E000070214BF2017001F033F801214FF438406A
:104E100001F02EF803214BF6010001F029F80321DF
:104E20004BF6020001F024F803214BF6030001F0D9
:104E30001FF802214FF43C4001F01AF800214BF614
:104E4000014001F015F800214BF6024001F010F886
:104E5000D0214FF4494001F00BF802214CF601102B
:104E600001F006F850214CF6021001F001F8502133
:104E70004CF6031000F0FCFF50214CF6041000F03B
:104E8000F7FF00214FF4545000F0F2FF55214FF48A
:104E9000685000F0EDFF4FF4885000F0D3FF782009
:104EA000FDF710FC4FF4245000F0CCFF10BD10B5FE
:104EB000E22000F0C7FF1D2000F0B8FF022000F044
:104EC000B5FF042000F0B2FF6420FDF7FBFBE020FB
:104ED00000F0B8FF012000F0A9FF0A20FDF7E6FB73
:104EE000E02000F0AFFF032000F0A0FF0C20FDF752
:104EF000DDFB012000F0A6FF0A20FDF7D7FBE6202E
:104F000000F0A0FF2F2000F091FFFF2000F08EFFA7
:104F1000FF2000F08BFFB02000F094FF202000F075
:104F200085FF002000F082FF032000F07FFF40F2A9
:104F30001F3000F07BFF012000F078FF40F2DF100F
:104F400000F074FF002000F071FFB42000F07AFF41
:104F5000042000F06BFF40F21F4000F067FF0020CC
:104F600000F064FF2E2000F061FF002000F05EFFE3
:104F7000002000F05BFF002000F058FF002000F050
:104F800055FFB62000F05EFF022000F04FFF4FF407
:104F9000037000F04BFF002000F048FF172000F0E6
:104FA00045FF152000F042FF002000F03FFF0020E9
:104FB00000F03CFFF02000F045FF032000F036FF3A
:104FC000292000F03FFFD02000F03CFF002000F03F
:104FD0002DFFBE2000F036FF052000F027FFFE2049
:104FE00000F024FF012000F021FF002000F01EFF50
:104FF000002000F01BFF002000F018FFB82000F098
:1050000021FF032000F012FF012000F00FFFBA2063
:1050100000F018FF012000F009FF10BD10B51120AD
:1050200000F010FF7820FDF741FB362000F00AFF6A
:10503000002000F0FBFE3A2000F004FF052000F005
:10504000F5FEB22000F0FEFE0C2000F0EFFE0C207A
:1050500000F0ECFE002000F0E9FE332000F0E6FE58
:10506000332000F0E3FEB72000F0ECFE352000F026
:10507000DDFEBB2000F0E6FE322000F0D7FEC020AF
:1050800000F0E0FE0C2000F0D1FEC22000F0DAFEBD
:10509000012000F0CBFEC32000F0D4FE102000F071
:1050A000C5FEC42000F0CEFE202000F0BFFEC620CA
:1050B00000F0C8FE0F2000F0B9FED02000F0C2FEC4
:1050C000A42000F0B3FEA12000F0B0FEE02000F02C
:1050D000B9FED02000F0AAFE002000F0A7FE0220BA
:1050E00000F0A4FE072000F0A1FE0A2000F09EFEC2
:1050F000282000F09BFE322000F098FE442000F0B3
:1051000095FE422000F092FE062000F08FFE0E2059
:1051100000F08CFE122000F089FE142000F086FEC4
:10512000172000F083FEE12000F08CFED02000F07C
:105130007DFE002000F07AFE022000F077FE0720BE
:1051400000F074FE0A2000F071FE282000F06EFED0
:10515000312000F06BFE542000F068FE472000F084
:1051600065FE0E2000F062FE1C2000F05FFE17209E
:1051700000F05CFE1B2000F059FE1E2000F056FEE1
:105180002A2000F05FFE002000F050FE002000F01A
:105190004DFE002000F04AFEEF2000F047FE2B20DD
:1051A00000F050FE002000F041FE002000F03EFE26
:1051B000012000F03BFE3F2000F038FE292000F0E7
:1051C00041FE10BD10B5112000F03CFE7820FDF727
:1051D0006DFA362000F036FE482000F027FE3A2017
:1051E00000F030FE552000F021FEF02000F02AFEF5
:1051F000C32000F01BFEF02000F024FE962000F0FB
:1052000015FEB42000F01EFE012000F00FFEB620B7
:1052100000F018FE0A2000F009FEA22000F006FEB1
:10522000B72000F00FFEC62000F000FEB92000F00D
:1052300009FE022000F0FAFDE02000F0F7FDC0209A
:1052400000F000FE802000F0F1FD162000F0EEFDE1
:10525000C12000F0F7FD192000F0E8FDC22000F0A9
:10526000F1FDA72000F0E2FDC52000F0EBFD1620C7
:1052700000F0DCFDE82000F0E5FD402000F0D6FD68
:105280008A2000F0D3FD002000F0D0FD002000F0C7
:10529000CDFD292000F0CAFD192000F0C7FDA52092
:1052A00000F0C4FD332000F0C1FDE02000F0CAFD95
:1052B000F02000F0BBFD072000F0B8FD0D2000F04D
:1052C000B5FD042000F0B2FD052000F0AFFD142074
:1052D00000F0ACFD362000F0A9FD542000F0A6FD42
:1052E0004C2000F0A3FD382000F0A0FD132000F0BA
:1052F0009DFD142000F09AFD2E2000F097FD342033
:1053000000F094FDE12000F09DFDF02000F08EFD06
:10531000102000F08BFD142000F088FD0E2000F01E
:1053200085FD0C2000F082FD082000F07FFD352077
:1053300000F07CFD442000F079FD4C2000F076FD6B
:10534000262000F073FD102000F070FD122000F008
:105350006DFD2C2000F06AFD322000F067FDF0208A
:1053600000F070FD3C2000F061FDF02000F06AFDCF
:10537000692000F05BFD7820FDF798F9212000F00E
:1053800061FD292000F05EFD10BD000000B595B064
:1053900000BF00BF00200190F848006840F04000C6
:1053A000F64908600846006800F04000019000BF20
:1053B00000BF00BF00BF00BF00200190084600688A
:1053C00040F0080008600846006800F008000190FE
:1053D00000BF00BF00BF00BF00BF00200190084613
:1053E000006840F0080008600846006800F0080007
:1053F000019000BF00BF00BF00BF00BF00200190B0
:105400000846006840F0400008600846006800F068
:105410004000019000BF00BF00BF00BF00BF0020E0
:1054200001900846006840F00200086008460068E5
:1054300000F00200019000BF00BF00BF8814109070
:105440000220119001201290022013900C20149041
:1054500010A9CB48FBF74CFB2020109010A9C9489D
:10546000FBF746FB1020109010A9C648FBF740FB45
:105470004FF48050109010A9C348FBF739FB4FF44C
:10548000004010900120119010A9C048FBF730FB9C
:105490004FF02040BE490860BE4848600620886042
:1054A0000021BB48C1601021416100218161C161BF
:1054B00041624FF4805181620021C1624FF480410A
:1054C00001630021416381630F20099000200A904D
:1054D0003C200B9000200F900920029000200390A8
:1054E000092004900020089002AA09A9A848FCF706
:1054F00057F83220FDF7DAF8D32000F0A3FC00F0D3
:10550000D5F9A549888000F0D1F9A349888000F039
:10551000CDF9A1498880084680884FF6FF7101EADD
:1055200000209D49888000F0C1F99B498988084383
:10553000994988800846808849F2413188427CD068
:10554000042000F07FFC00F0B1F99349888000F05E
:10555000ADF99149888000F0A9F98F498880084603
:1055600080884FF6FF7101EA00208B49888000F0A7
:105570009DF9894989880843874988800846808839
:1055800048F25251884203D147F28970824988809B
:105590008148808847F289718842D0D0D42000F0B9
:1055A00051FC00F083F97C49888000F07FF97A494A
:1055B000888000F07BF978498880084680884FF61B
:1055C000FF7101EA00207449888000F06FF9724988
:1055D00089880843704988800846808845F21031E0
:1055E0008842ACD0D32000F02DFC00F05FF96A496E
:1055F000888000F05BF96849888000F057F96649B7
:105600008880084680884FF6FF7101EA00206249D1
:10561000888000F04BF96049898808435E4988809A
:105620000846808847F29671884288D055214FF409
:10563000704000F01DFCAA2100E07EE04FF2010066
:1056400000F016FC52214FF2020000F011FC08217C
:105650004FF2030000F00CFC01214FF2040000F0B7
:1056600007FC4FF4454000F0EDFB00F01FF94A49FC
:105670008880084680884FF6FF7101EA002046497D
:1056800088804CF2015000F0DDFB00F00FF9424938
:1056900089880843404988800520FDF707F83E487F
:1056A000808845F21051884247D0D32000F0CAFBD1
:1056B00000F0FCF83849888000F0F8F83649888016
:1056C00000F0F4F834498880084680884FF6FF716E
:1056D00001EA00203049888000F0E8F82E498988E6
:1056E00008432D4988800846808849F6060188428B
:1056F00023D0A12000F0A6FB00F0D8F8264988802E
:1057000000F0D4F824498880084680884FF6FF715D
:1057100001EA00202049888000F0C8F81E498988E5
:1057200008431D4988800846808845F26171884297
:1057300003D141F66310184988801748818817A063
:10574000FAF77AFE1448808847F28971884202D1BC
:10575000FFF764FC4EE01048808849F241318842EE
:1057600002D1FDF7F7F945E00B48808845F210318A
:10577000884219D1FDF7A4FC3CE00000303802401B
:1057800000180240000C02400014024000040240D5
:1057900020020020040100A0700200204C4344209D
:1057A00049443A25780D0A003A48808847F29671B4
:1057B000884202D1FFF706FD1CE03648808845F29A
:1057C0001051884202D1FEF7F4FB13E03148808883
:1057D00049F60601884202D1FDF7D2FA0AE02D48C7
:1057E000808841F66311884204D1FFF760FB642092
:1057F00000F0ECFA2748808847F2897188420BD084
:105800002448808849F24131884205D02148808867
:1058100041F6631188420AD10320029004901E4988
:105820000B6B8A68486802A9FBF784F821E01948E5
:10583000808845F21031884211D01648808847F29E
:10584000967188420BD01348808845F210518842E7
:1058500005D01048808849F60601884209D1022007
:10586000029004900C490B6B8A68486802A9FBF708
:1058700061F80020FDF7A8F800BF0122D103074816
:10588000FBF740FA00BF4FF6FF70FDF783F815B045
:1058900000BD000070020020200200200004024031
:1058A00000BF011EA0F10100FBD1704708B5022026
:1058B000FFF7F6FF024800880090BDF8000008BD21
:1058C0008000006CF0B50546002400278B488079E5
:1058D000012805D18948808841F66311884208D1A2
:1058E00086488079F0B98548808841F663118842FE
:1058F00018D1082D15D2DFE805F00406080A0C0EB1
:10590000101206250DE007250BE0042509E005250A
:1059100007E0012505E0002503E0032501E002255D
:1059200000BF00BF082D1CD2DFE805F00406090CFB
:105930000F12151800BF14E044F0800411E044F089
:1059400040040EE044F0C0040BE044F0200408E002
:1059500044F0600405E044F0A00402E044F0E004F8
:1059600000BF00BF36276548808845F21051884245
:1059700000D13F026148808849F2413188420BD012
:105980005E48808847F28971884205D05B488088EC
:1059900047F29671884201D144F008042146384606
:1059A00000F066FA5548808841F6631188421DD0A0
:1059B00004F0200068B15148008850494988884265
:1059C00014DA4E48068840884C49088008464680CC
:1059D0000CE04A48008849494988884206DD474822
:1059E00006884088454908800846468043488088A4
:1059F00045F21051884252D14049488900F022FABC
:105A0000002000F013FA3D494989491C88B200F092
:105A100019FA002000F00AFA38494989891C88B22D
:105A200000F010FA35490988491EC1F30F2000F033
:105A3000FDF932494989C91C88B200F003FA2F499F
:105A40000978491EC8B200F0F1F92C49888900F0A4
:105A5000F9F9002000F0EAF928498989491C88B23F
:105A600000F0F0F9002000F0E1F924498989891C4F
:105A700088B200F0E7F921494988491EC1F30F2097
:105A800000F0D4F91D498989C91C88B200F0DAF9FF
:105A90001A498978491EC8B200F0C8F92DE01749A3
:105AA000488900F0CFF9002000F0C0F9002000F094
:105AB000BDF912490988491EC1F30F2000F0B6F95B
:105AC0000E490978491EC8B200F0B0F90B4988891F
:105AD00000F0B8F9002000F0A9F9002000F0A6F9C4
:105AE00006494988491EC1F30F2000F09FF9034978
:105AF0008978491EC8B200F099F9F0BD7002002003
:105B000010B502460C464548808841F6631188422C
:105B100047D142488079A8B940480088401E801A81
:105B200082B23E49488900F08DF9002000F07EF9EC
:105B3000002000F07BF9101200F078F9D0B200F0EC
:105B400075F916E03549488900F07CF9101200F02B
:105B50006DF9D0B200F06AF930490988491EC1F3E5
:105B60000F2000F063F92D490978491EC8B200F0F2
:105B70005DF92A49888900F065F9201200F056F98C
:105B8000E0B200F053F925494988491EC1F30F20BE
:105B900000F04CF921498978491EC8B200F046F955
:105BA0003AE01E48808845F21051884220D11B49B6
:105BB000488900F047F9101200F038F9174949896F
:105BC000491C88B200F03EF9D0B200F02FF9134919
:105BD000888900F037F9201200F028F90F498989E7
:105BE000491C88B200F02EF9E0B200F01FF913E072
:105BF0000A49488900F026F9101200F017F9D0B2CE
:105C000000F014F90549888900F01CF9201200F011
:105C10000DF9E0B200F00AF910BD0000700200209A
:105C20002DE9FC4F80460E4615461C46B346002023
:105C3000019000902046E31704EB5373DB102146DC
:105C40004FEAE47C04EB5C7C4FEAEC0CA4EBCC0C5C
:105C5000BCF1000F02D04FF0010C01E04FF0000C3E
:105C60006344224604EBD27C4FEA6C0C03FB0CF33A
:105C7000DBB20193A5F12000C5B20C2C06D0102C8C
:105C80000BD0182C0ED0202C18D112E005EB4500BB
:105C90002D4901EB8000009012E02C4800EB05102C
:105CA00000900DE005EBC500294901EB8000009054
:105CB00006E0284800EB8510009001E0BDE8FC8F6D
:105CC00000BF00273AE0009810F807904FF0000A54
:105CD0002EE009F0800028B1314640460C9AFCF7CE
:105CE00029FF07E00B9828B91B4831460268404657
:105CF000FCF720FF4FEA49604FEA1069701C86B23A
:105D000016484088B04200DCD8E7A6EB0B00A04262
:105D10000AD15E4608F101001FFA80F80F4800889A
:105D2000404500DCCAE706E00AF1010000F0FF0A86
:105D3000BAF1080FCDDB00BF781CC7B201988742CB
:105D4000C1DB00BFBAE70000AE930008229800084C
:105D5000129E00086EAB0008500000207002002068
:105D60002DE9FC4F04460D4690469946DDE90C7A34
:105D70000B9E04F0FF0B08EB04001FFA80F809EB00
:105D800005001FFA80F917E0444502DB5C46A819BC
:105D900085B24D4500DB15E00020CDE9000A3A78D8
:105DA000334629462046FFF73BFF304606EBD071CD
:105DB00004EB61018CB27F1C38787E2802DC3878D5
:105DC0002028E1DA00BFBDE8FC8F000070B52DEDA2
:105DD000048B0446BE2000F035F8052000F026F8BC
:105DE000204603F0C2F941EC190B9FED0E0B53EC6A
:105DF000102B03F0CDF941EC180B03F089F985B2B3
:105E0000284600F013F8012000F010F8FF2000F001
:105E10000DF8002000F00AF8002000F007F8BDECB3
:105E2000048B70BD666666666666044001B5BDF8A3
:105E300000000090BDF800000149088008BD000086
:105E40008000006C01B5BDF800000090BDF80000B6
:105E50000149088008BD00007E00006C02480089EE
:105E60000249088070470000700200207E00006C2C
:105E7000034A10804FF0D842A2F88010704700000B
:105E80007E00006C00B587B000BF00BF002001900D
:105E90002048006840F020001E490860084600685D
:105EA00000F02000019000BF00BF00BF00BF00BF96
:105EB000002001900846006840F020000860084675
:105EC000006800F02000019000BF00BF00BF48152F
:105ED00002900120039004900220059002A90E4830
:105EE000FAF706FE4FF48060029002A90A48FAF71A
:105EF000FFFD00BF012251020748FAF703FF00BF70
:105F000000BF012291020448FAF7FCFE00BF07B06F
:105F100000BD0000303802400014024010B50320DC
:105F2000FAF79CFFFAF70CFF0723022208214FF42F
:105F3000A87001F04DFAA820FCF79CFB4FF4E1306B
:105F400001F056FBFFF79EFFFFF720FAFCF742FC3B
:105F500000F004FF002000F00BF8022000F008F829
:105F6000012000F005F8FCF7DFFB002010BD000069
:105F700010B504460C4951F824104A000B4951F859
:105F80002400002100F036F8094951F8242007497F
:105F90000C3951F82400002100F02CF801210348AD
:105FA0000C30015510BD000030C300087000002007
:105FB00048C3000810B501460023002207E00B4843
:105FC00050F8210030F8120000B15B1C521C084848
:105FD00050F821009042F2D84FF47A705843044CA4
:105FE00054F82140B0FBF4F080B210BD70000020E6
:105FF00030C3000830B5034601E003F8011B141E4E
:10600000A2F10102F9D130BD2DE9F04105460E465D
:106010002948076800202949096881F85D00274858
:106020000068001D01F000FB50B92448006890F89A
:106030002C100120884022490968814320480160D2
:10604000681CD8B9D6B11F4948681C4909688860DE
:106050001A4982680968CA6018490968091D826876
:10606000516016490968091D8160164A134909687B
:106070004A6111460968491C11601AE07C190F48F1
:1060800000684460BC4207D20C480168091D0E48F4
:10609000006801F0EDFA0CE008480168091D0B48A2
:1060A000006801F0E5FA0A480068844201D2084815
:1060B0000460BDE8F0810000940000208000002012
:1060C00098000020F0840120880000208400002037
:1060D000B000002010B5044601F0F0FA3148006825
:1060E000401C304908603048006840B92E480460C0
:1060F0000846006801280DD100F022FA0AE02B487A
:10610000006838B928480068C06AE16A884201D846
:106110002548046026480068401C25490860084658
:106120000068606494F82C100120884021490968B7
:10613000084320490860E16A01EB81011E4A02EB35
:1061400081014868A0608268E260211D8268516018
:106150008160E16A01EB8101174A02EB8102626111
:10616000E16A01EB8101144A52F82110491CE26AEC
:1061700002EB8202104B43F8221001F0EBFA0B48BD
:10618000006868B108480068C06AE16A884207D2BE
:106190004FF0805009490860BFF34F8FBFF36F8FF6
:1061A00010BD000090000020800000209C00002016
:1061B000AC000020980000202082012004ED00E0C7
:1061C00010B501F07BFA10480068D0B90F4801F013
:1061D0003FFA0F4801F03CFA0C480E4908600C48A1
:1061E0000D49086000221021052001F0CFFF06496B
:1061F00008600846006820B108A10348006801F063
:1062000069FB01F0A7FA10BDD00000200485012031
:1062100018850120C8000020CC000020546D725168
:106220000000000010B516E001F048FA0C48C06804
:10623000C468201D01F0F8F90A480068401E0949A9
:10624000086009480068401E0749086001F082FAAA
:10625000204600F05FF8044800680028E4D110BD33
:10626000DC840120900000208C00002070B50446E2
:106270000D46206C70B1216CE0680144E160D4E906
:106280000210884201D32168E1602846226CE1684F
:10629000FAF7A4F970BD2DE9F04104460F46154602
:1062A0004FF00008A66B206C48B9206800282CD15C
:1062B000A06802F071FC80460020A06025E07DB956
:1062C0003946226C6068FAF789F9216C60680844E5
:1062D0006060D4E90101884217D32068606014E04F
:1062E0003946226CE068FAF779F9216CE068411AC6
:1062F000E1602168E068884203D2216CA068411AFD
:10630000E160022D01D106B1761E701CA0634046EB
:10631000BDE8F08110B50446206B01F05BFA204621
:1063200001F058FA10BD01464A6A22B10A6B1268A0
:10633000C2F1200000E00020704700000146084A3A
:10634000126812680AB9012200E000220A600A6895
:1063500022B9034A1268D268106800E00020704732
:10636000C800002030B54FF42053174800F0070450
:106370002CB1C01D20F00700134C041B1B1B024650
:10638000124C22600024114D6C60D018083820F0A7
:1063900007000F4C206000240D4D2D686C600C4DE3
:1063A0002D682C601146441A4C60094C24680C601E
:1063B000084D4C682C60084D4C682C604FF0004430
:1063C000064D2C6030BD00002C850120DC00002033
:1063D000E4000020EC000020E8000020F80000208D
:1063E00000BFFFF71FFF064800680128F9D94FF0EA
:1063F000805004490860BFF34F8FBFF36F8FF0E701
:106400002082012004ED00E02DE9F04106460D4612
:1064100017469846069C0DB9246000E02760E663A5
:1064200025640121204601F0F9FE84F85080002007
:10643000A064BDE8F08100002DE9F05F82460F46C0
:1064400090469B460A9E0C9C4FEA8801A522206B31
:10645000FAF709F9A8F10100216B01EB800929F095
:10646000070909F0070008B9012000E0002028B959
:106470004FF4587225A12EA0F9F7DEFF87B1002551
:1064800007E0795D04F134004155785D00B902E020
:106490006D1C102DF5D300BF00214320015502E0F3
:1064A000002084F83400202E01D2012000E00020DA
:1064B00028B940F2973215A11DA0F9F7BDFF202E93
:1064C00000D31F26E662E66400202065201D01F04F
:1064D000CCF804F1180001F0C8F82461C6F12000DE
:1064E000A061646200206065A06584F85C0084F8A7
:1064F0005D005A465146484600F01AFC20600B9851
:1065000008B10B980460BDE8F09F00002E2E5C2EB1
:106510002E5C4D6964646C6577617265735C46726C
:10652000656552544F535C7461736B732E63000046
:106530004572726F723A2025732C2025640D0A0073
:1065400010B5002407E004EB84010F4A02EB810040
:1065500001F07EF8641C202CF5D30C4801F078F88B
:106560000B4801F075F80B4801F072F80A4801F089
:106570006FF80A4801F06CF80448094908600448BB
:106580000849086010BD000020820120A08401207D
:10659000B4840120C8840120DC840120F08401201F
:1065A000840000208800002010B50146164800E055
:1065B000006803688B42FBD30246436813448B4256
:1065C00004D143684C682344436001460A464B6843
:1065D00013440468A34211D10C4C03682468A342FD
:1065E00008D04B680468646823444B6003681B68E8
:1065F0000B6005E0054B1B680B6001E003680B6056
:10660000884200D0016010BDDC000020E4000020C2
:106610002DE9F04104460D4616461F464FF000088E
:1066200065602461B5420CD8F01BA169884202D391
:106630004FF0010811E0211D0948006801F018F829
:106640000BE0BE4204D2BD4202D34FF0010804E089
:10665000211D0448006801F00BF84046BDE8F081B8
:10666000CC000020C800002070B5054601F026F8D7
:10667000A86B08B9012400E0002401F06BF8204663
:1066800070BD70B5054601F019F8A86BE96B88423A
:1066900001D1012400E0002401F05CF8204670BD27
:1066A000F1B50098846C00262CB940F6D53220A1B3
:1066B00028A0F9F7C1FEA06BE16B884201D201204E
:1066C00000E0002028B940F6D63219A121A0F9F740
:1066D000B3FEA06BE16B884227D294F945500022AB
:1066E00069462046FFF7D7FD0646681C60B9606A18
:1066F00008B9012000E00020B0B904F1240002F044
:1067000049FB88B101260FE07F2D01D0012000E078
:10671000002028B940F6F63205A10EA0F9F78CFE4C
:10672000681C40B284F8450000BF3046F8BD000048
:106730002E2E5C2E2E5C4D6964646C6577617265EB
:10674000735C4672656552544F535C71756575652F
:106750002E6300004572726F723A2025732C20253B
:10676000640D0A0070B505460E460E480068C06804
:10677000C468201D00F058FF94F8280000F00400C1
:1067800028B132462946204600F0FEF805E094F88C
:10679000280000F0FE0084F828002046216A88477F
:1067A00070BD0000C800002070B586B08AE0029875
:1067B00000280CDA03AE2EB940F2063247A150A0F1
:1067C000F9F73AFED6E90020B168904700BF029879
:1067D000002877DB049C606908B9012000E00020F4
:1067E00010B9201D00F020FF01A800F0F9F80546BF
:1067F00002980A2864D2DFE800F06305072E3653BA
:1068000006082F3700BF00BF00BF94F8280040F0F3
:10681000010084F828000398A269811803462A46DB
:106820002046FFF7F5FEA8B194F8280000F0040018
:1068300038B10398A26981182A46204600F0A4F8CE
:1068400005E094F8280000F0FE0084F828002046B7
:10685000216A884735E000BF94F8280000F0FE0068
:1068600084F828002DE000BF94F8280040F00100D3
:1068700084F828000398A061A06908B1012000E015
:10688000002028B940F2593214A11DA0F9F7D4FD17
:10689000A06941192B462A462046FFF7B9FE10E0B1
:1068A00094F8280000F0020018B9204600F092FF8A
:1068B00005E094F8280000F0FE0084F8280000E0CD
:1068C00000BF00BF002202A91148006801F016FEB7
:1068D00000287FF46CAF06B070BD00002E2E5C2E39
:1068E0002E5C4D6964646C6577617265735C467299
:1068F000656552544F535C74696D6572732E630005
:106900004572726F723A2025732C2025640D0A009F
:10691000D0000020F8B505460C4601F0A5FA6846FF
:1069200000F05EF80646009820BB44B9B54206D890
:1069300002F0D6FA31462846FFF714FF1CE03CB1BE
:106940000E480068006808B9012000E000200446F5
:10695000A91B22460A48006801F002F802F0C0FABA
:1069600050B94FF0805007490860BFF34F8FBFF315
:106970006F8F01E002F0B4FAF8BD0000CC000020F7
:10698000D000002004ED00E070B504460D46164628
:1069900004E0A06905442046216A8847A06941199E
:1069A0002B4632462046FFF733FE0028F1D170BD5A
:1069B00009480068006808B9012000E0002020B103
:1069C0004FF0FF300549086005E003480068C068E3
:1069D000006802490860704784000020B000002071
:1069E00070B5044601F0DEFF0546074800688542A1
:1069F00004D200F00BF80120206001E000202060AC
:106A000001480560284670BDD800002070B508E038
:106A10000D480068C06804684FF0FF312046FFF75A
:106A2000A1FE09480068006808B9012000E00020C4
:106A30000028EDD004480568044800680249086051
:106A40000248056070BD0000C8000020CC00002096
:106A50000B480068401C08B9012000E0002020B964
:106A6000E92208A116A0F9F7E7FC00BF502080F347
:106A70001188BFF34F8FBFF36F8F00BF00BFFEE7DA
:106A8000FC0000202E2E5C2E2E5C4D6964646C652B
:106A900077617265735C4672656552544F535C70E2
:106AA0006F727461626C655C525644535C41524D26
:106AB0005F434D34465C706F72742E6300000000BB
:106AC0004572726F723A2025732C2025640D0A00DE
:106AD00008B500BF6846FFF731FC04462046009920
:106AE000FFF718FFFFF760FEF4E770B5044600F00B
:106AF000E5FD94F9455019E0A06C30B12046FFF750
:106B0000CFFD88B101F032F80EE0606A08B90120CB
:106B100000E0002038B904F1240002F03BF918B17C
:106B200001F024F800E003E0681E45B2002DE3DC2C
:106B300000BFFF2084F8450000F00CFE00F0BEFD11
:106B400094F9445010E0206908B9012000E00020C9
:106B500048B904F1100002F01DF908B101F006F87F
:106B6000681E45B200E001E0002DECDC00BFFF2014
:106B700084F8440000F0EEFD70BD00002DE9F04106
:106B800004464FF0000801F06FF94948006808B961
:106B9000FFF7E8FB474800682040002875D1002C2B
:106BA00023D004F10800A0421FD9083404F00700E4
:106BB00000281BD004F00700C0F108002044A042C8
:106BC00011D904F00700C0F10800044404F00700E4
:106BD00008B9012000E0002040B99C2236A144A061
:106BE000F9F72AFC02E0002400E00024002C4CD03D
:106BF00043480068844248D8424E3046056801E068
:106C00002E462D686868A04202D228680028F7D175
:106C100027480068854238D0306800F108082868A5
:106C200030606868001B102813D92F1907F007007F
:106C300008B9012000E0002020B9CF221EA12CA01D
:106C4000F9F7FAFB6868001B78606C603846FFF75C
:106C5000ABFC2B4968680968081A2949086008468E
:106C6000006829490968884203D2254800682649F6
:106C70000860104968680968084368600020286057
:106C800022480068401C2149086002F029F908F0F8
:106C9000070008B9012000E0002028B94FF48872ED
:106CA00005A113A0F9F7C8FB4046BDE8F08100003C
:106CB000E4000020F80000202E2E5C2E2E5C4D6992
:106CC00064646C6577617265735C46726565525485
:106CD0004F535C706F727461626C655C4D656D4D95
:106CE000616E675C686561705F342E630000000050
:106CF0004572726F723A2025732C2025640D0A00AC
:106D0000E8000020DC000020EC000020F000002063
:106D10000648006830B10549096801F15000096D65
:106D2000491C016001480068704700008000002095
:106D3000001F4FF080730360001F21F00103036008
:106D4000001F054B036014380260001F6FF0020340
:106D50000360203870470000516A000800B58DB00C
:106D6000FBF7D4FB00BF00BF002000907148006813
:106D700040F040006F4908600846006800F040009D
:106D8000009000BF00BF00BF00BF00BF0020009008
:106D90000846006840F0080008600846006800F0F7
:106DA0000800009000BF00BF00BF00BF00BF002070
:106DB00000900846006840F0080008600846006837
:106DC00000F00800009000BF00BF00BF00BF00201F
:106DD000009058480830006840F0010055490831DB
:106DE00008600846006800F00100009000BF00BF86
:106DF00000BF002000904F48006840F008004D4957
:106E000008600846006800F00800009000BF00BF5E
:106E100000BF002000900846006840F010000860A5
:106E20000846006800F01000009000BF00BF00BFDF
:106E3000002000900846006840F0200008600846E6
:106E4000006800F02000009000BF00BF00BF0020DD
:106E500000900846006840F040000860084600685E
:106E600000F04000009000BF00BF0815089002200D
:106E7000099001200A9002200B900C200C9008A988
:106E80002D48F9F735FE2020089008A92B48F9F77E
:106E90002FFE1020089008A92848F9F729FE4FF680
:106EA000037008900220099001200A9002200B90A4
:106EB00008A92248F9F71CFE4FF68370089008A92C
:106EC0001F48F9F715FE4FF23F00089008A91D482A
:106ED000F9F70EFE3F20089008A91748F9F708FEB9
:106EE0004FF0204018490860184848600420886026
:106EF00000211548C16001611021416100218161BB
:106F0000C16141624FF4805181620021C16201631D
:106F100041638163002001900290062003900020CD
:106F20000490079001AA01A90748FAF739FB0DB0B0
:106F300000BD00003038024000180240000C024042
:106F4000001002400014024080020020040100A052
:106F50001CB52048006840F078001E4908600120F8
:106F6000032100230246CDE900104EF233011A48F6
:106F7000FAF7C4FF0120032100230246CDE90010E7
:106F80004EF22F011548FAF7B9FF01200321002323
:106F90000246CDE9001040F233411148FAF7AEFF46
:106FA0000120032100230246CDE900104FF4F061D7
:106FB0000C48FAF7A3FF01200B4908600B49C1F800
:106FC000A8020949091F086000200849C1F8800289
:106FD0001CBD000030380240000C0240001402408A
:106FE00000180240001002409482414200004342D7
:106FF0002DE9FC410446002500260027FFF7A8FFE5
:1070000000206B49086002F07BF800BF10E0002010
:1070100067490860674931F81500FBF7ADFA02F0DF
:107020006FF801206449C1F8940202F069F86D1C00
:10703000052DECDB01206149086000205E49C1F8A4
:107040009402200AFBF7EAFA02F05AF801205849A4
:10705000086002F055F800205749C1F89402E0B2E8
:10706000FBF7DCFA02F04CF801205149086002F00D
:1070700047F800205049C1F894025148006840F098
:1070800078004F4908600120032103460022CDE922
:1070900000104FF4F0614B48FAF730FF0120032154
:1070A00003460022CDE900104CF203014648FAF7EE
:1070B00025FF00203E49091F0860091D086002F0F5
:1070C0001FF801203C49C1F8940202F019F8384831
:1070D0005C3800683849D1F83C1240EA4100364932
:1070E000D1F8001240EA81003349D1F8041240EA95
:1070F000C1003649D1F81C1240EA01103349D1F8D9
:10710000201240EA41103149D1F8241240EA81109E
:107110002E49D1F8281240EAC110C6B201F0F0FFA2
:1071200000202349086001F0EBFF01202249C1F84B
:10713000940201F0E5FF1E485C3800681E49D1F852
:107140003C1240EA41001C49D1F8001240EA81009B
:107150001949D1F8041240EAC1001C49D1F81C12A7
:1071600040EA01101949D1F8201240EA41101749AC
:10717000D1F8241240EA81101449D1F8281240EACB
:10718000C110C7B201F0BCFF00200C4928310860D3
:10719000012007490860091F086001F0B1FF0120C4
:1071A00006492831086047EA0620BDE8FC81000056
:1071B0009482414208010020008041428002434203
:1071C0003038024000100240000C024000004242F1
:1071D00070B504460D460026FFF7BAFE01F090FF99
:1071E00000BF10E000202F4908602F4931F8160039
:1071F000FBF7C2F901F084FF01202C49C1F8940289
:1072000001F07EFF761C052EECDB0120284908608A
:1072100000202649C1F89402802141EA1420FBF79E
:10722000FDF901F06DFF01201E49086001F068FFC3
:1072300000201E49C1F89402E0B2FBF7EFF901F01B
:107240005FFF01201749086001F05AFF002017492D
:10725000C1F89402280AFBF7E1F901F051FF01207F
:107260001049086001F04CFF00201049C1F8940259
:10727000E8B2FBF7D3F901F043FF012009490860A8
:1072800001F03EFF00200A4928310860012005492D
:107290000860091F086001F033FF0120044928310C
:1072A000086070BD94824142080100200080414284
:1072B000800243421CB5044600F000FA022000F0B0
:1072C0005AFF234908600846006810B121A0F9F769
:1072D000B3F800220121084600F058FF2349086056
:1072E0000846006818B122A0F9F7A6F802E027A026
:1072F000F9F7A2F803220021012000F047FF2A49F4
:107300000860134801681948006800F021FF104820
:1073100001682548006800F01BFF24480221002373
:107320008022CDE9001022A1234801F0FBFA234876
:10733000032100238022CDE9001021A1224801F081
:10734000F1FA2248006800F073FB00F003FA1CBD5C
:1073500010000020B6D3C1D0BCAFB4B4BDA8B3C92F
:10736000B9A6A3A1A3A1A3A10D0A000014000020A7
:107370006B65795F7175657565B6D3C1D0B4B4BD01
:10738000A8B3C9B9A6A3A1A3A10D0A006B65795F33
:107390007175657565B6D3C1D0B4B4BDA8CAA7B0C0
:1073A000DCA3A1A3A10D0A00180000200800002002
:1073B0007461736B310000009D7400080C000020A4
:1073C0007461736B320000004575000804000020F2
:1073D0002DE9F04192B080460C4615461E46002726
:1073E00000BF002000902A48006840F080502849E3
:1073F00008600846006800F08050009000BF00BFA1
:1074000000BF002000902348006840F480402149DC
:1074100008600846006800F48040009000BF00BF8C
:10742000012001900004029002200790410508917C
:10743000CDF8288009940B950C9601A8F9F762FE07
:1074400007461FB1012012B0BDE8F0810F200D905A
:1074500002200E9000200F904FF4A05010904FF497
:107460008050119004210DA8F9F70CFD07460FB1CB
:107470000120E8E7F9F74CFC41F20101884205D10F
:107480000548006840F48070034908600020DAE78E
:107490004038024000700040003C024008B5002027
:1074A0000090002429E00020FBF712FA00909DF8DC
:1074B000000001280DD10023821E69460F48006894
:1074C00000F02AFF0446012C14D10DA0F8F7B4FFF8
:1074D00010E09DF8000002280CD100231A4619463E
:1074E0001148006800F018FF0446012C02D10FA0DB
:1074F000F8F7A2FF0A2000F059FAD4E714000020A0
:10750000CDF9B6D3C1D071756575655F68616E647C
:107510006C65D0B4C8EBCAFDBEDDB3C9B9A6A3A1E2
:10752000A3A10D0A0000000018000020CACDB7C5B5
:10753000D0C5BAC5C1BFB3C9B9A6A3A1A3A10D0A3D
:107540000000000008B5002000902AE04FF0FF3155
:107550001448006801F092F8044613480068844219
:107560000FD14FF0FF3269460F48006800F0C6FFA8
:107570000546012D15D19DF800100CA0F8F75CFF11
:107580000FE01348006884420BD14FF0FF311048E0
:10759000006801F07FF80546012D02D10DA0F8F733
:1075A0004BFFD3E71000002014000020B6D3C1D059
:1075B000D0C5BAC5BBF1C8A1B3C9B9A6A3ACCAFDB1
:1075C000BEDDA3BA2564A3A1A3A10D0A000000009B
:1075D00018000020B6FED6B5D0C5BAC5C1BFBBF1F4
:1075E000C8A1B3C9B9A6A3A1A3A10D0A00000000B8
:1075F00010B5044609480A4908600846446000215D
:107600008160C160016181610C214161FAF760FB19
:10761000012204490248FAF7FBFB10BD00100140AB
:10762000DC0100203E00002001460A69D1E901305A
:107630009860D1E9010358605068884201D1886898
:107640005060002008611068401E1060106870478C
:1076500000F1080141604FF0FF31816000F1080145
:10766000C160016100210160704700210161704724
:1076700010B502460B685C1C0CB9106907E002F1FA
:10768000080000E04068446824689C42FAD94468D5
:107690004C604C68A160886041600A611468641C99
:1076A000146010BD42684A6093688B6093685960AB
:1076B0009160086103685B1C0360704710B500BFF0
:1076C000502080F31188BFF34F8FBFF36F8F00BF3F
:1076D0000B480068401C0A490860084600680128F9
:1076E0000DD108480068C0B208B9012000E00020B0
:1076F00028B94FF4DB7204A112A0F8F79DFE10BD6B
:10770000FC00002004ED00E02E2E5C2E2E5C4D6966
:1077100064646C6577617265735C4672656552542A
:107720004F535C706F727461626C655C5256445367
:107730005C41524D5F434D34465C706F72742E63F2
:10774000000000004572726F723A2025732C2025CC
:10775000640D0A0010B50B48006828B940F2BD124C
:1077600009A118A0F8F768FE06480068401E054900
:1077700008600846006820B9002080F3118800BF27
:1077800000BF10BDFC0000202E2E5C2E2E5C4D692B
:1077900064646C6577617265735C467265655254AA
:1077A0004F535C706F727461626C655C52564453E7
:1077B0005C41524D5F434D34465C706F72742E6372
:1077C000000000004572726F723A2025732C20254C
:1077D000640D0A0070B506463546002E3AD0083DC5
:1077E0002C461D4960680968084008B1012000E086
:1077F000002028B94FF4927218A126A0F8F71CFEB9
:10780000206808B9012000E0002028B940F22512C4
:1078100012A120A0F8F710FE0F496068096808401F
:10782000C0B12068B0B90C496068096888436060DD
:1078300000F01AFB1B496068096808441949086090
:107840002046FEF7B1FE18480068401C1649086043
:1078500001F046FB70BD0000F80000202E2E5C2ECB
:107860002E5C4D6964646C6577617265735C467209
:10787000656552544F535C706F727461626C655CE5
:107880004D656D4D616E675C686561705F342E6338
:10789000000000004572726F723A2025732C20257B
:1078A000640D0A00E8000020F400002000204FF0E2
:1078B000E02108618861064800684FF47A71B0FBE6
:1078C000F1F0401E4FF0E021486107200861704749
:1078D000000000202DE9F04106460F462EB940F683
:1078E000C82211A119A0F8F7A7FD0025BFB10024F7
:1078F00012E01A4800EBC4004068B04203D11748B8
:1079000000EBC4050AE035B9144850F8340010B94A
:10791000124800EBC405641C082CEAD300BF0DB16B
:107920002F606E60BDE8F0812E2E5C2E2E5C4D69BE
:1079300064646C6577617265735C46726565525408
:107940004F535C71756575652E6300004572726FEB
:10795000723A2025732C2025640D0A00E081012055
:107960002DE9F04105460E4617462C46FFF7A6FEC8
:1079700094F94400401C10B9002084F8440094F9A4
:107980004500401C10B9002084F84500FFF7E2FED6
:10799000A06B28B93A46314604F1240000F01EF9E4
:1079A0002046FFF7A2F8BDE8F081000070B504465C
:1079B0000025ACB10F48006808B9012000E00020A4
:1079C00028B940F249520CA114A0F8F735FD00F097
:1079D0004BFA00212046FEF717FB01F081FA05461D
:1079E0003DB94FF0805011490860BFF34F8FBFF38E
:1079F0006F8F70BDBC0000202E2E5C2E2E5C4D695A
:107A000064646C6577617265735C46726565525437
:107A10004F535C7461736B732E6300004572726F19
:107A2000723A2025732C2025640D0A0004ED00E035
:107A300070B50546FFF742FE15B92F48006800E013
:107A400028460446201DFFF7EFFD78B9E06A00EBF9
:107A500080002A4951F8200040B994F82C100120E8
:107A6000884027490968814325480160A06A18B108
:107A700004F11800FFF7D8FD22480068401C214996
:107A800008601D480068844209D1211D1E48FFF787
:107A900009FE1E480068401C1C49086006E01C489E
:107AA0000068401E1A490860FEF782FFFFF752FE89
:107AB00011480068844202D02046FEF72BFC15488E
:107AC0000068C0B10C480068844214D112480068B4
:107AD00008B9012000E0002028B940F2DC420FA1E3
:107AE00017A0F8F7A9FC4FF0805019490860BFF3C0
:107AF0004F8FBFF36F8F70BD800000202082012068
:107B000098000020AC000020DC8401208C000020C4
:107B1000900000209C000020BC0000202E2E5C2E37
:107B20002E5C4D6964646C6577617265735C467246
:107B3000656552544F535C7461736B732E63000020
:107B40004572726F723A2025732C2025640D0A004D
:107B500004ED00E0034909680160034909684160D8
:107B600070470000A8000020940000200120014977
:107B700008607047A400002070B504460D462CB97B
:107B800040F61C4207A110A0F8F756FC1248016805
:107B900018312046FFF76CFD01212846FEF734FA24
:107BA00070BD00002E2E5C2E2E5C4D6964646C65E9
:107BB00077617265735C4672656552544F535C74AD
:107BC00061736B732E6300004572726F723A2025E9
:107BD000732C2025640D0A008000002070B5044637
:107BE0000E4615462CB940F6524211A119A0F8F7DD
:107BF00023FC60681B490968C8611A4982680968E2
:107C00000A62184909681831826851601549096883
:107C100018318160134909688C622168491C216010
:107C20000DB14FF0FF3629463046FEF7EDF970BD35
:107C30002E2E5C2E2E5C4D6964646C6577617265D6
:107C4000735C4672656552544F535C7461736B7319
:107C50002E6300004572726F723A2025732C202526
:107C6000640D0A00800000202DE9F04706460F460B
:107C700034464FF00109002E70D0206D28B941F232
:107C80009F0237A13FA0F8F7D7FBE06CB84201D2C2
:107C90003D4600E0E56CE06AA8425FD0206D012817
:107CA0005CD13C480068844201D0012000E0002003
:107CB00028B941F2BA022AA132A0F8F7BDFBD4F8E4
:107CC0002C80E562A06900F0004010B9C5F12000E9
:107CD000A06108EB8801304A02EB810160698842AB
:107CE00001D1012000E00020C0B3201DFFF79CFC63
:107CF00040B994F82C100120884028490968814334
:107D00002648016094F82C10012088402349096816
:107D1000084322490860E16A01EB81011E4A02EB37
:107D200081014868A0608268E260211D826851601C
:107D30008160E16A01EB8101174A02EB8102626115
:107D4000E16A01EB8101144A52F82110491CE26AF0
:107D500002EB8202104B43F8221000BFBDE8F0870F
:107D60002E2E5C2E2E5C4D6964646C6577617265A5
:107D7000735C4672656552544F535C7461736B73E8
:107D80002E6300004572726F723A2025732C2025F5
:107D9000640D0A008000002020820120980000204D
:107DA0001CB51C4800210B468022CDE900101AA109
:107DB0001B4800F0B7FD0446012C02D101F060F928
:107DC0000446012C17D100BF502080F31188BFF367
:107DD0004F8FBFF36F8F00BF4FF0FF301149086026
:107DE000012011490860002010490860F8F794FD4F
:107DF00000F0BEF80BE0601C08B1012000E000209C
:107E000028B94FF404620AA112A0F8F715FB15482F
:107E100000681CBDB400002049444C45000000002F
:107E2000E1630008B00000209C00002094000020C6
:107E30002E2E5C2E2E5C4D6964646C6577617265D4
:107E4000735C4672656552544F535C7461736B7317
:107E50002E6300004572726F723A2025732C202524
:107E6000640D0A00B800002002480068401C014967
:107E700008607047BC00002010B52848006818B1A1
:107E800001202749086047E000202549086025486F
:107E90000068254908600846006824490968884246
:107EA0000BD92349096801F15400496D1E4A126833
:107EB0001E4B1B68D21A114401601B4800681B4905
:107EC00008601C480068B0FA80F0C0F11F0404EBA1
:107ED0008400194951F8200008B1012000E0002079
:107EE00028B940F6024215A11DA0F8F7A5FA04EB47
:107EF0008401114A02EB810041684968416000F148
:107F0000080142688A4202D141684968416041687B
:107F1000C968074A116000BF10BD0000BC00002006
:107F2000A400002058000020C4000020C000002051
:107F30008000002098000020208201202E2E5C2E40
:107F40002E5C4D6964646C6577617265735C467222
:107F5000656552544F535C7461736B732E630000FC
:107F60004572726F723A2025732C2025640D0A0029
:107F70001CB5504800685049884201D0012000E0FB
:107F8000002028B940F243124CA15BA0F8F754FA44
:107F9000484800684849491E884201D0012000E055
:107FA000002028B94FF4A27244A153A0F8F744FA74
:107FB000554C204600780190FF2021460870084665
:107FC000007800909DF8000000F0F0009DF800108F
:107FD000884201D1012000E0002028B940F25D1262
:107FE00036A145A0F8F728FA9DF8000000F05000EF
:107FF0004649087007204649086009E0444800687F
:10800000401E434908609DF800004006000E0090A5
:108010009DF8000000F080008028EFD03C48006808
:10802000C0F10700042801D1012000E0002028B998
:1080300040F2711221A130A0F8F7FEF9344800682F
:10804000C0F10700042801D1012000E0002028B978
:108050004FF4BD7219A128A0F8F7EEF92C4800687A
:1080600000022B4908600846008800F4E0600860C0
:108070002549019808700F482030006840F47000CE
:108080000C49203108600846006840F070400860E4
:10809000FFF70CFC00201F490860F8F7F3F81E48B2
:1080A000006840F040401C490860F8F7D7F800200D
:1080B0001CBD000000ED00E071C20F412E2E5C2EB1
:1080C0002E5C4D6964646C6577617265735C4672A1
:1080D000656552544F535C706F727461626C655C7D
:1080E000525644535C41524D5F434D34465C706F71
:1080F00072742E63000000004572726F723A202580
:10810000732C2025640D0A0000E400E0000100202B
:1081100004010020FC00002034EF00E010B500BF97
:10812000502080F31188BFF34F8FBFF36F8F00BFD4
:1081300000F03EFC18B14FF080500449086000BFC9
:10814000002080F3118800BF10BD000004ED00E0A6
:1081500070B504460E46FFF7B1FAA06C08B10025D1
:1081600005E0A06B08B1002501E0A6640125FFF73A
:10817000F1FA284670BD70B504460022042120465D
:1081800000F004F80546284670BD00002DE9F843CC
:1081900005460E4617460024E5B1601EB0FBF5F01B
:1081A000B04217D305FB06F010F1550F12D805FBAE
:1081B00006F909F15400FEF7E1FC04468CB1A04633
:1081C00008F154083B464246314628460094FEF7E3
:1081D0001BF906E02CB94FF4E37203A10BA0F8F7EA
:1081E0002BF92046BDE8F8832E2E5C2E2E5C4D69BF
:1081F00064646C6577617265735C46726565525440
:108200004F535C71756575652E6300004572726F22
:10821000723A2025732C2025640D0A002DE9F041C7
:1082200005460E4601272C462CB94FF488722CA126
:1082300034A0F8F701F9002C42D0E06B00283FD0C1
:108240004FF0FF31E06BB1FBF0F0216C884237D387
:10825000FFF734FAD4E90F12206801FB0200A06096
:108260000020A06320686060E06B401E226C2168E3
:1082700000FB0211E160FF2084F8440084F845000F
:108280009EB9206908B9012000E00020A8B904F1D6
:10829000100000F07FFD80B14FF080501D49086054
:1082A000BFF34F8FBFF36F8F07E004F11000FFF7AC
:1082B000CFF904F12400FFF7CBF9FFF74BFA00E008
:1082C00000270FB1012000E0002028B940F245123C
:1082D00003A10CA0F8F7B0F83846BDE8F081000023
:1082E0002E2E5C2E2E5C4D6964646C657761726520
:1082F000735C4672656552544F535C717565756564
:108300002E6300004572726F723A2025732C20256F
:10831000640D0A0004ED00E02DE9FF4782B0064637
:1083200088461D464FF0000934462CB940F22E32E3
:1083300064A16DA0F8F780F8B8F1000F01D1206CAE
:1083400008B9012000E0002028B940F22F325DA1D9
:1083500065A0F8F771F8022D02D1E06B012801D178
:10836000012000E0002028B94FF44C7255A15EA016
:10837000F8F762F800F006FB08B9049808B9012084
:1083800000E0002028B940F233324EA156A0F8F7A1
:1083900053F800BFFFF792F9A06BE16B884201D35D
:1083A000022D3ED1D4F838A02A4641462046FDF79A
:1083B00072FF0746A06C88B1022D02D1BAF1000FFE
:1083C00029D12046FEF76CF928B34FF080504A4976
:1083D0000860BFF34F8FBFF36F8F1CE0606A08B96E
:1083E000012000E0002068B904F1240000F0D2FC74
:1083F00088B14FF0805040490860BFF34F8FBFF302
:108400006F8F08E03FB14FF080503B490860BFF3E9
:108410004F8FBFF36F8FFFF79DF9012006B0BDE8C6
:10842000F087049818B9FFF795F90020F6E7B9F13D
:10843000000F04D16846FFF78DFB4FF00109FFF7ED
:1084400089F9FFF711FDFFF739F994F94400401C51
:1084500010B9002084F8440094F94500401C10B97C
:10846000002084F84500FFF775F904A9684600F07C
:10847000F3F9F8B92046FEF704F9A8B104F11000A9
:108480000499FFF779FB2046FEF72FFB00F028FD4B
:1084900000287FF47FAF4FF0805017490860BFF38A
:1084A0004F8FBFF36F8F75E72046FEF71EFB00F07E
:1084B00017FD6FE72046FEF718FB00F011FD0020C6
:1084C000ACE700002E2E5C2E2E5C4D6964646C655A
:1084D00077617265735C4672656552544F535C7187
:1084E000756575652E6300004572726F723A2025BE
:1084F000732C2025640D0A0004ED00E02DE9F741FE
:1085000083B005460E464FF000082C462CB940F2C9
:1085100051524CA154A0F7F78FFF0EB9206C08B947
:10852000012000E0002028B940F2555245A14EA09C
:10853000F7F782FF00F026FA08B9059808B901207C
:1085400000E0002028B940F25A523EA146A0F7F7B9
:1085500073FF00BFFFF7B2F8A76BF7B131462046B3
:10856000FDF784FE781EA063206908B9012000E0B1
:10857000002060B904F1100000F00CFC38B14FF09D
:1085800080503D490860BFF34F8FBFF36F8FFFF7F7
:10859000E1F8012006B0BDE8F081059818B9FFF7B1
:1085A000D9F80020F6E7B8F1000F04D101A8FFF7D1
:1085B000D1FA4FF00108FFF7CDF8FFF755FCFFF7B0
:1085C0007DF894F94400401C10B9002084F8440060
:1085D00094F94500401C10B9002084F84500FFF7CD
:1085E000B9F805A901A800F037F9F0B92046FEF75F
:1085F0003BF8A0B104F124000599FFF7BDFA20462D
:10860000FEF773FA00F06CFC0028A3D14FF0805005
:1086100019490860BFF34F8FBFF36F8F9AE7204669
:10862000FEF763FA00F05CFC94E72046FEF75DFA83
:1086300000F056FC2046FEF717F800288AD00020EC
:10864000A8E700002E2E5C2E2E5C4D6964646C65DC
:1086500077617265735C4672656552544F535C7105
:10866000756575652E6300004572726F723A20253C
:10867000732C2025640D0A0004ED00E038B5054692
:108680000C4600200090224669462846FFF736FF38
:10869000009838BD2DE9F34182B005464FF000083F
:1086A0002C4600262CB940F2E3525DA165A0F7F7F5
:1086B000C3FE206C08B9012000E0002028B940F278
:1086C000E75257A15FA0F7F7B7FE00F05BF908B9D2
:1086D000039808B9012000E0002028B940F2EC52CC
:1086E0004FA158A0F7F7A8FE00BFFEF7E7FFA76B62
:1086F000FFB1781EA063206810B9FEF709FBA060E7
:10870000206908B9012000E0002060B904F11000E0
:1087100000F040FB38B14FF080504E490860BFF385
:108720004F8FBFF36F8FFFF715F8012004B0BDE83E
:10873000F081039870B90EB9012000E0002028B93B
:1087400040F2326236A13FA0F7F776FEFFF702F85B
:108750000020EBE7B8F1000F04D16846FFF7FAF903
:108760004FF00108FEF7F6FFFFF77EFBFEF7A6FFCE
:1087700094F94400401C10B9002084F8440094F996
:108780004500401C10B9002084F84500FEF7E2FFC8
:1087900003A9684600F060F840BB2046FDF764FF7F
:1087A000F0B1206838B9FEF789FFA06800F07CFAC4
:1087B0000646FEF7CFFF04F124000399FFF7DCF92A
:1087C0002046FEF792F900F08BFB00288DD14FF088
:1087D000805020490860BFF34F8FBFF36F8F84E74D
:1087E0002046FEF782F900F07BFB7EE72046FEF78D
:1087F0007CF900F075FB2046FDF736FF0028EED02F
:108800005EB1FEF75BFF2046FDF78DFD074639465A
:10881000A068FFF729FAFEF79DFF002086E7000019
:108820002E2E5C2E2E5C4D6964646C6577617265DA
:10883000735C4672656552544F535C71756575651E
:108840002E6300004572726F723A2025732C20252A
:10885000640D0A0004ED00E070B506460C462EB922
:1088600040F6FD421FA128A0F7F7E6FD2CB940F61F
:10887000FE421CA124A0F7F7DFFDFEF71FFF2648EC
:1088800002687068131A2548006890F85D0030B1DE
:1088900000202249096881F85D0001251EE020685A
:1088A000401C08B9002519E01D4930680968884254
:1088B00006D07068904203D80125002020600DE0AA
:1088C0002068984207D92068C01A20603046FFF718
:1088D00041F9002502E0002020600125FEF73AFF63
:1088E000284670BD2E2E5C2E2E5C4D6964646C652E
:1088F00077617265735C4672656552544F535C7460
:1089000061736B732E6300004572726F723A20259B
:10891000732C2025640D0A009400002080000020A4
:10892000A80000202DE9FF4F85B0804689461746F4
:10893000DDE912ABB800FEF721F9064656B160201A
:10894000FEF71CF904460CB1266304E03046FEF73E
:1089500041FF00E000247CB10020CDE900ABCDE96F
:1089600002403A4649464046089BFDF765FD2046D1
:10897000FDF7B0FB012501E04FF0FF35284609B0B7
:10898000BDE8F08F0549096809B9012005E00449EF
:10899000096809B9022000E0002070479C0000200F
:1089A000BC000020014908687047000094000020C6
:1089B0002DE9F0414FF000085F48006800287DD1A4
:1089C0005E480068451C5D480560002D1DD15C486F
:1089D0000068006808B9012000E0002028B940F6CE
:1089E000C72258A160A0F7F727FD554807686248DD
:1089F0000068534908606048076060480068401C90
:108A00005E490860FDF7D4FF00BF5D4800688542FD
:108A100077D300BF4A480068006808B9012000E029
:108A2000002020B14FF0FF305549086068E044480D
:108A30000068C068C4686668B54202D250480660E3
:108A40005EE06069D4E902128A60D4E902214A60DA
:108A5000211D42688A4201D1E168416000226261C1
:108A60000168491E0160A06A98B1A06AD4E90712A2
:108A70008A60D4E907214A6004F1180142688A42F9
:108A800001D1216A41600022A2620168491E016091
:108A900000BF94F82C10012088403A490968084327
:108AA00038490860E16A01EB8101374A02EB810134
:108AB0004868A0608268E260211D00E033E08268BF
:108AC00051608160E16A01EB81012F4A02EB810272
:108AD0006261E16A01EB81012B4A52F82110491CC5
:108AE000E26A02EB8202284B43F822102749E06A2F
:108AF0000968C96A88428DD34FF001088AE700E00F
:108B000000BF22480068C06A00EB80001E4951F88F
:108B10002000012801D94FF001081D48006808B164
:108B20004FF0010804E01B480068401C1949086028
:108B30004046BDE8F0810000BC0000209400002009
:108B4000840000202E2E5C2E2E5C4D6964646C65C2
:108B500077617265735C4672656552544F535C74FD
:108B600061736B732E6300004572726F723A202539
:108B7000732C2025640D0A0088000020A800002026
:108B8000B0000020980000202082012080000020FA
:108B9000A4000020A000002070B505462C46002649
:108BA000002D5ED030480068844201D1012000E0F1
:108BB000002028B941F24F022CA135A0F7F73CFC68
:108BC000206D28B941F2500228A131A0F7F734FCFA
:108BD000206D401E2065E16CE06A884241D0206D26
:108BE00000283ED1201DFEF71FFD40B994F82C103F
:108BF000012088402A490968814329480160E06CC6
:108C0000E062E06AC0F12000A06194F82C1001201D
:108C1000884023490968084321490860E16A01EB5B
:108C20008101204A02EB81014868A0608268E2600D
:108C3000211D826851608160E16A01EB8101194A5E
:108C400002EB81026261E16A01EB8101154A52F88F
:108C50002110491CE26A02EB8202124B43F82210F7
:108C60000126304670BD0000800000202E2E5C2EB4
:108C70002E5C4D6964646C6577617265735C4672E5
:108C8000656552544F535C7461736B732E630000BF
:108C90004572726F723A2025732C2025640D0A00EC
:108CA000980000202082012070B505462C46002641
:108CB000002D67D03449E06A0968C96A88425AD2EF
:108CC000A06900F0004028B92F480068C06AC0F1D0
:108CD0002000A061E16A01EB81012C4A02EB8101D5
:108CE0006069884201D1012000E00020E0B3201D2E
:108CF000FEF79AFC40B994F82C10012088402449D2
:108D000009688143224801601F480068C06AE06228
:108D100094F82C10012088401D49096808431C491B
:108D20000860E16A01EB8101184A02EB81014868A1
:108D3000A0608268E260211D826851608160E16A02
:108D400001EB8101114A02EB81026261E16A01EBF0
:108D500081010E4A52F82110491CE26A02EB82029C
:108D60000A4B43F8221004E0FFE707480068C06A96
:108D7000E062012606E00449E06C0968C96A88429D
:108D800000D20126304670BD8000002020820120E4
:108D90009800002070B50646F068C4682CB940F60B
:108DA00082423CA144A0F7F747FBA06AD4E907122E
:108DB0008A60D4E907214A6004F1180142688A42B6
:108DC00001D1216A41600022A2620168491E01604E
:108DD0003D48006800283DD16069D4E902128A60EC
:108DE000D4E902214A60211D42688A4201D1E1682A
:108DF0004160002262610168491E016094F82C10F4
:108E00000120884031490968084330490860E16A17
:108E100001EB81012E4A02EB81014868A060826863
:108E2000E260211D826851608160E16A01EB81018D
:108E3000274A02EB81026261E16A01EB8101244A67
:108E400052F82110491CE26A02EB8202204B43F8DF
:108E5000221010E01F494868E0618268226204F134
:108E600018018268516081601A4AA262114609683D
:108E7000491C116000BF1849E06A0968C96A884244
:108E800004D9012501201549086000E00025284685
:108E900070BD00002E2E5C2E2E5C4D6964646C65E6
:108EA00077617265735C4672656552544F535C74AA
:108EB00061736B732E6300004572726F723A2025E6
:108EC000732C2025640D0A00BC00002098000020AF
:108ED00020820120C884012080000020A4000020FE
:108EE00070B5002400265048006828B940F6B30247
:108EF0004EA157A0F7F7A0FAFEF7E0FB4A4800683A
:108F0000401E494908600846006800287ED1544840
:108F1000006800287AD05BE05248C068C468A06A44
:108F2000D4E907128A60D4E907214A6004F11801E4
:108F300042688A4201D1216A41600022A26201682E
:108F4000491E01606069D4E902128A60D4E90221F5
:108F50004A60211D42688A4201D1E16841600022D5
:108F600062610168491E016094F82C10012088405C
:108F70003D49096808433C490860E16A01EB810109
:108F80003A4A02EB81014868A0608268E260211DD4
:108F9000826851608160E16A01EB8101334A02EB32
:108FA00081026261E16A01EB8101304A52F82110CD
:108FB000491CE26A02EB82022C4B43F822102C4936
:108FC000E06A0968C96A884202D301202949086019
:108FD0002448006808B9012000E0002000289BD048
:108FE0000CB1FDF7E5FC2448056865B100BFFFF74B
:108FF000DFFC10B101201F4908606D1E002DF6D165
:1090000000201D4908601B48006800E008E038B1F6
:109010000126300719490860BFF34F8FBFF36F8FE8
:10902000FEF798FB304670BDBC0000202E2E5C2E53
:109030002E5C4D6964646C6577617265735C467221
:10904000656552544F535C7461736B732E630000FB
:109050004572726F723A2025732C2025640D0A0028
:1090600090000020C8840120980000202082012068
:1090700080000020A4000020A000002004ED00E0FB
:109080001CB50024FDF79CF80B48006858B10B484C
:109090001F2100234FF48072CDE9001008A10A4877
:1090A000FFF740FC04462CB940F2191207A110A0AA
:1090B000F7F7C2F920461CBDD0000020D4000020E4
:1090C000546D722053766300D16A00082E2E5C2EF8
:1090D0002E5C4D6964646C6577617265735C467281
:1090E000656552544F535C74696D6572732E6300ED
:1090F0004572726F723A2025732C2025640D0A0088
:1091000044F2A01001E000BF401E0028FBD17047D0
:109110004FEA1153A3F58063D3F11E03A8BFD3F127
:10912000200C08DB4FF0004242EAC12252EA5052C2
:1091300032FA03F0704709420BD4102BC4BF002051
:10914000704703F5787CBCF1FF3F05D04FF0FF304E
:1091500070474FF00000704770B500F0C3F800BFD3
:109160004992248000207047F0E7B0FA80F310FAAB
:1091700003F10AD0C3F11D0303F580634FEA4150A8
:109180004FEA035202EBD12170474FF000007047C5
:10919000DFF848C170B51CEA111E1EBF1CEA13158A
:1091A0009EEA0C0F95EA0C0F00F06F8081EA030431
:1091B00023EA4C134EEAD47E21EA4C1141F480118B
:1091C00043F48013AE44A1FB024CA0FB0365AEF157
:1091D0007F7E361955EB0C05A1FB034C4CF10003C7
:1091E000A0FB021C16EB0C06654153F1000309427B
:1091F00018BF46F0010613F4007F0BD14FEA03318C
:109200004FEA0530340341EA155140EA16506FF039
:1092100003020AE04FEAC3214FEAC520F40241EA03
:10922000555140EA56506FF0020202EB2E4201EB1C
:10923000025585EACE710AD05FEA440C18BF24F0CB
:10924000004450F1000041F1000120EAD47040F2E6
:10925000FE7C624500D270BDA84214BF4FF080442E
:109260004FF04044002E08BF0024BEF1806FA8BF1D
:10927000A1F1C041BDE8704080F282804FF0000053
:1092800001F1C04101F0004170479EEA0C0F0CEA69
:10929000131518BF95EA0C0F06D04FF0000081EAB5
:1092A000030E0EF0004170BD00F01CF88900013E75
:1092B00000F007B800F009B84FEA430C5FEA5C5CC5
:1092C00008D081EA030100F05BB84FEA410C5FEA85
:1092D0005C5CF6D14FF00000014970470000FF07C9
:1092E0000000F87F0EF1020E2EF0030E5EF8046B04
:1092F000364205D4012A43EB030515F5001F12D8A9
:10930000012841EB010C1CF5001F0CD80ED14FEACF
:10931000D17C15F5001F0CEB4C0C0CF1020C08BFB6
:109320004CEBD37C04E04FF0080C01E04FEAD37C17
:109330000CEB4C0526FA05F606F00706B6F1040C10
:1093400006D20EEB860CBDE870404CF0010C604775
:10935000DFE80CF0090B02024FF000414FF0000073
:10936000A1F5002170BD19461046012851EB0104FA
:1093700018BFD4F5001484BF002001F0004170BD77
:109380000808A0F500114FEA310170474FF0407016
:10939000E1EE100A7047000000000000000001022A
:1093A000030406070809000000000102030400008E
:1093B00000000000000000000000000000003F402E
:1093C00000000000000000003000400030004000BD
:1093D000000009000BC03D000BC03D00090018C093
:1093E00024407FE0224031800000180024C01B0090
:1093F0000D803240018003801C4027401C800740C4
:1094000000401000600000000000000000000000AC
:10941000000000001F80204040200000402020402D
:109420001F8000000000090006001F8006000900E0
:109430000000040004003F8004000400000000104D
:1094400000600000000000000000040004000400B0
:1094500004000400000000000040000000000000C4
:109460000000002001C006003800400000001F80FE
:109470002040204020401F800000000010403FC0DE
:1094800000400000000018C0214022402440184045
:10949000000010802040244024401B800000020077
:1094A0000D0011003FC0014000003C8024402440DA
:1094B0002440238000001F80244024403440038047
:1094C00000003000200027C03800200000001B8072
:1094D0002440244024401B8000001C0022C0224065
:1094E00022401F8000000000000008400000000033
:1094F0000000000000000460000000000000000008
:1095000004000A0011002080404009000900090001
:1095100009000900000000004040208011000A00FE
:1095200004001800200023402400180000001F80C1
:109530002040274029401F400000004007C039005C
:109540000F0001C0004020403FC0244024401B8049
:1095500000001F802040204020403080000020403C
:109560003FC0204020401F80000020403FC02440DA
:109570002E4030C0000020403FC024402E0030006C
:1095800000000F0010802040224033800200204065
:109590003FC0040004003FC02040204020403FC0A6
:1095A0002040204000000060202020203FC02000FC
:1095B000200020403FC024400B0030C0204020400D
:1095C0003FC020400040004000C03FC03C0003C0FE
:1095D0003C003FC0000020403FC00C4023003FC083
:1095E00020001F802040204020401F80000020409D
:1095F0003FC024402400180000001F80214021406B
:1096000020E01FA0000020403FC02440260019C0D9
:10961000004018C024402440224031800000300027
:1096200020403FC020403000000020003F8000402C
:1096300000403F80200020003E0001C007003800AD
:109640002000380007C03C0007C038000000204060
:1096500039C0060039C0204000002000384007C053
:10966000384020000000304021C02640384020C053
:109670000000000000007FE04020402000000000CB
:1096800070000C00038000400000000040204020DB
:109690007FE00000000000002000400020000000EB
:1096A000000000100010001000100010001000005A
:1096B00000004000000000000000000002800540A3
:1096C000054003C0004020003FC004400440038028
:1096D0000000000003800440044006400000000039
:1096E0000380044024403FC0004000000380054048
:1096F000054003400000000004401FC024402440F7
:109700002000000002E005500550065004202040D3
:109710003FC00440040003C000400000044027C0D4
:1097200000400000000000100010041027E00000BE
:10973000000020403FC00140070004C0044020401A
:1097400020403FC000400040000007C0040007C0A8
:10975000040003C00000044007C00440040003C02C
:109760000040000003800440044003800000041017
:1097700007F0045004400380000000000380044010
:10978000045007F00010044007C002400400040029
:109790000000000006400540054004C00000000035
:1097A00004001F80044000400000040007800040C7
:1097B000044007C000400400070004C00180060008
:1097C0000400060001C0070001C0060000000440BC
:1097D00006C0010006C0044000000410071004E0A9
:1097E0000180060004000000044005C0064004405B
:1097F00000000000000004007BE0402000000000AA
:1098000000000000FFF000000000000040207BE0AE
:109810000400000000004000800040002000200004
:1098200040000000000000000000000000000000F8
:1098300000000000000000001FCC000C0000000031
:1098400000000000080030006000080030006000E8
:109850000000022003FC1E20022003FC1E20022028
:10986000000000000E1811043FFF10840C78000067
:1098700000000F0010840F3800C0077818840078AB
:10988000000000780F8410C411240E9800E40084B6
:1098900000080800680070000000000000000000E0
:1098A000000000000000000007E01818200440023B
:1098B0000000000040022004181807E0000000002B
:1098C00000000240024001800FF00180024002408F
:1098D00000000080008000800FF800800080008081
:1098E00000000001000D000E00000000000000005C
:1098F0000000000000800080008000800080008068
:1099000000800000000C000C0000000000000000BF
:10991000000000000006001800600180060018002A
:109920002000000007F0080810041004080807F0E1
:1099300000000000080408041FFC000400040000EC
:10994000000000000E0C10141024104411840E0CA2
:10995000000000000C1810041104110412880C708F
:109960000000000000E00320042408241FFC002461
:10997000000000001F98108411041104108810705A
:109980000000000007F00888110411041888007016
:10999000000000001C00100010FC13001C00100050
:1099A000000000000E3811441084108411440E3859
:1099B000000000000700088C10441044088807F0DD
:1099C0000000000000000000030C030C0000000079
:1099D000000000000000000101060000000000007F
:1099E000000000000080014002200410080810045C
:1099F0000000022002200220022002200220022079
:109A0000000000001004080804100220014000803B
:109A1000000000000E001200100C106C10800F00EF
:109A2000000003E00C1813E4142417C4082807D01E
:109A300000000004003C03C41C40074000E4001C7C
:109A4000000410041FFC1104110411040E8800709E
:109A5000000003E00C1810041004100410081C107F
:109A6000000010041FFC100410041004080807F084
:109A7000000010041FFC1104110417C4100408187E
:109A8000000010041FFC1104110017C01000080092
:109A9000000003E00C181004100410441C7800406F
:109AA000000010041FFC10840080008010841FFC44
:109AB00010040000100410041FFC10041004000027
:109AC000000000030001100110011FFE1000100033
:109AD000000010041FFC110403801464181C1004FF
:109AE000000010041FFC1004000400040004000C1B
:109AF000000010041FFC1F0000FC1F001FFC1004CE
:109B0000000010041FFC0C04030000E010181FFCF0
:109B1000100007F00808100410041004080807F0EB
:109B2000000010041FFC10841080108010800F00B3
:109B3000000007F0081810241024101C080A07F26F
:109B4000000010041FFC1104110011C011300E0C94
:109B5000000400000E1C11041084108410441C38F2
:109B600000001800100010041FFC10041000180062
:109B7000000010001FF810040004000410041FF877
:109B8000100010001E0011E0001C007013801C006B
:109B900010001FC0103C00E01F0000E0103C1FC080
:109BA00000001004180C163401C001C01634180C43
:109BB000100410001C00130400FC13041C0010000F
:109BC00000000804101C1064108413041C041018F6
:109BD00000000000000000007FFE40024002400242
:109BE0000000000030000C0003800060001C000337
:109BF000000000004002400240027FFE0000000022
:109C00000000000000002000400040004000200054
:109C1000000000010001000100010001000100013D
:109C20000001000040004000200000000000000093
:109C3000000000000098012401440144014400FC9C
:109C4000000410001FFC008801040104008800705B
:109C50000000000000700088010401040104008875
:109C600000000000007000880104010411081FFCBE
:109C70000004000000F8014401440144014400C80C
:109C800000000000010401040FFC11041104110084
:109C90001800000000D601290129012901C9010687
:109CA000000010041FFC008401000100010400FCFE
:109CB000000400000104190419FC00040004000061
:109CC00000000000000300010101190119FE00005D
:109CD000000010041FFC0024004001B4010C01042A
:109CE00000000000100410041FFC00040004000029
:109CF0000000010401FC0104010001FC0104010059
:109D000000FC010401FC008401000100010400FCCE
:109D10000004000000F8010401040104010400F83B
:109D20000000010101FF00850104010400880070AA
:109D3000000000000070008801040104010501FF1B
:109D400000010104010401FC008401040100018000
:109D50000000000000CC012401240124012401980A
:109D6000000000000100010007F8010401040000E8
:109D70000000010001F8000400040004010801FCD7
:109D80000004010001800170000C001001600180DE
:109D9000010001F0010C003001C00030010C01F0A5
:109DA000010000000104018C00740170018C0104A9
:109DB0000000010101810171000E001801600180A5
:109DC000010000000184010C013401440184010CF4
:109DD0000000000000000000000001003EFC400206
:109DE00040020000000000000000FFFF0000000033
:109DF00000000000400240023EFC010000000000A4
:109E00000000000060008000800040004000200052
:109E10002000000000000000000000000000000022
:109E20000000000000000000000000000000000032
:109E30000000000000000000000000000000000022
:109E400000000000000F80380FFE380F803800003F
:109E50000000000000000000000000000000000002
:109E60000100000600000C00003800003100000670
:109E700000000C000038000030000000000000006E
:109E8000000061800067F807F98000618000618050
:109E90000061800061800067F807F9800061800040
:109EA000000000000000000001C0E003E0F0063008
:109EB000080418081FFFFE040E080787F00381E05E
:109EC00000000000000001F000060C000404080679
:109ED0000C7001F9C0000E00003BE000EC18070810
:109EE00008040C180003E00000000001E00007F087
:109EF00003F818041C0804170807E1D003C0E000A9
:109F000023B0003C08002008000010000000000002
:109F1000000100003100003200001C0000000000C1
:109F20000000000000000000000000000000000031
:109F30000000000000000000000000000000000021
:109F400000007F0001FFC00780F00C001810000423
:109F50002000020000000000002000021000040C9D
:109F600000180780F001FFC0007F00000000000023
:109F7000000000000000000000000000000042009F
:109F8000006600006600003C0000180003FFC000EF
:109F90001800003C0000660000660000420000005F
:109FA0000000080000080000080000080000080089
:109FB00001FFC000080000080000080000080000C1
:109FC0000800000000000001000031000032000025
:109FD0001C00000000000000000000000000000065
:109FE0000000000000000000000008000008000061
:109FF0000800000800000800000800000800000831
:10A000000000080000080000000000000000000040
:10A010000000380000380000380000000000000098
:10A020000000000000000000000000000000000030
:10A030000000000600001C000070000180000E00FF
:10A0400000380000C0000700001C000030000000C5
:10A050000000000000007F8001FFE0038070060028
:10A060001804000804000806001803807001FFE0CF
:10A07000007F8000000000000000000001000801D7
:10A08000000801000803FFF807FFF80000080000BF
:10A090000800000800000000000000000001C038B7
:10A0A00002C0580400980401180402180404180699
:10A0B0001C1803F81801E0F8000000000000000080
:10A0C0000001C0E003C0F004000804080804080808
:10A0D00006180803F41801E7F00001E00000000092
:10A0E0000000000000000300000D000011000061EE
:10A0F0000000810803010807FFF80FFFF8000108BE
:10A100000001080000000000000000E007FCD0068D
:10A110000808061008061008061008061838060F6A
:10A12000F00607C0000000000000000000003F80B3
:10A1300001FFE0038430020818041008041008042A
:10A140001008071810030FF00007C00000000000FF
:10A150000000000003C0000700000600000600F831
:10A160000607F806180006E00007000006000000D9
:10A17000000000000001E1E003F7F00634100418CD
:10A1800008041808040C08040C0806161803F3F059
:10A1900001C1E000000000000000F80003FC3003F3
:10A1A0000638040208040208040208040410030824
:10A1B000F001FFC0007F0000000000000000000070
:10A1C000000000000000000000007038007038003F
:10A1D00070380000000000000000000000000000D7
:10A1E0000000000000000000000000000000301A25
:10A1F00000301C0000000000000000000000000013
:10A200000000000000000000000800001400002210
:10A210000000410000808001004002002004001086
:10A2200008000800000000000000210000210000DC
:10A230002100002100002100002100002100002158
:10A2400000002100002100000000000000000000CC
:10A250000800080400100200200100400080800077
:10A26000410000220000140000080000000000006F
:10A270000003C00004C000040000080038080F38C4
:10A280000808380810000C300007E00003C0000088
:10A290000000000000003F8000FFE0038070020F1C
:10A2A0001006708804C088048308047F8802C09068
:10A2B00003012000FE400000080000180001F80023
:10A2C0003E0801C20007020007E20000FE00001F76
:10A2D000C80001F800003800000804000807FFF873
:10A2E00007FFF8040808040808040808040808061A
:10A2F000180803F41801E7F00001E0000000000076
:10A3000000003F8001FFE003807002001804000895
:10A310000400080400080400100600200780C000A4
:10A32000000004000807FFF807FFF8040008040015
:10A330000804000804001802001003807001FFE008
:10A34000007F8000000004000807FFF807FFF80402
:10A350000808040808040808040808043E08040063
:10A360000806001801006000000004000807FFF85C
:10A3700007FFF804080804080004080004080004A3
:10A380003E00060000060000018000000000000002
:10A3900000003F8001FFE003807006001804000801
:10A3A0000402080402080203F00783F00002000020
:10A3B000020004000807FFF807FFF8040808000877
:10A3C0000000080000080000080004080807FFF863
:10A3D00007FFF80400080000000000000400080463
:10A3E000000804000807FFF807FFF804000804004D
:10A3F0000804000800000000000000000000000643
:10A40000000007000001040001040001040003072C
:10A41000FFFE07FFFC04000004000004000004002D
:10A420000807FFF807FFF8040C08001800003E00BA
:10A4300004C7800503C80600F804003804001800AB
:10A44000000804000807FFF807FFF80400080000F0
:10A4500008000008000008000008000008000018BC
:10A4600000006000000004000807FFF807800807EC
:10A47000FC00007FC00003F80007C00078000780E0
:10A480000807FFF807FFF804000804000807FFF8B2
:10A4900007000803C00000E000003800001E0000B4
:10A4A00007000001C00400F007FFF80400000000EE
:10A4B00000007F8001FFE0038070060018040008A0
:10A4C00004000806001803003001FFE0007F800050
:10A4D000000004000807FFF807FFF804040804045C
:10A4E00000040400040400040400060C0003F80047
:10A4F00001F000000000000000007F8001FFE00389
:10A5000080700600880400880400C806003C030030
:10A510003E01FFE6007F8400000004000807FFF80A
:10A5200007FFF8040808040800040C00040F0004E6
:10A530000BC00610F003F03801E00800000800002E
:10A540000001E0F803F03006301004180804180881
:10A55000040C08040C080206180207F00781E0004A
:10A560000000018000060000040000040000040058
:10A570000807FFF807FFF8040008040000040000C3
:10A5800006000001800004000007FFE007FFF00460
:10A590000018000008000008000008000008000083
:10A5A0000804001007FFE00400000400000600009B
:10A5B00007E00007FE00041FE00001F8000038007B
:10A5C00001E0043E0007C000060000040000040093
:10A5D0000007E00007FFC0041FF80007C007F800ED
:10A5E00007FF80043FF80007C004F80007000004DC
:10A5F000000000000004000806001807C07805F1FC
:10A60000C8003E00001F800463E80780F8060018B9
:10A610000400080000000400000600000780000796
:10A62000E008047C08001FF80007F800180804E0A0
:10A6300008070000060000040000000000010008F8
:10A640000600380400F80403E8040F08047C080539
:10A65000F00807C0080700180400600000000000B0
:10A66000000000000000000000000000003FFFFEAE
:10A670002000022000022000022000022000020030
:10A68000000000000000000008000007000000C0FB
:10A69000000038000006000001C000003000000E7D
:10A6A0000000010000000000000000002000022067
:10A6B00000022000022000022000023FFFFE0000F6
:10A6C000000000000000000000000000000000008A
:10A6D00000000008000010000030000020000030E2
:10A6E0000000100000080000000000000000000052
:10A6F0000100000100000100000100000100000154
:10A700000000010000010000010000010000010044
:10A7100000010000000000000000002000002000F8
:10A720000010000010000000000000000000000009
:10A730000000000000000000000000F00019F80018
:10A740001B18002208002608002408002410003FDF
:10A75000F8001FF8000008000018000000040000C6
:10A7600007FFF80FFFF0001818001008002008007D
:10A770002008003018001FF0000FC000000000008B
:10A78000000007C0001FF00018300020080020085B
:10A79000002008003C08001C1000006000000000C1
:10A7A00000000000000007C0001FF0003818002063
:10A7B0000800200800200804101007FFF80FFFF021
:10A7C0000000100000000000000000000007C000B2
:10A7D0001FF0001230002218002208002208003268
:10A7E00008001E10000E20000000000000002000E5
:10A7F00000200800200801FFF803FFF806200804E5
:10A8000020080420080720000300000000000000CA
:10A810000000000E000E6E001FF30031B10020B1E9
:10A820000020B1003191001F13002E1E00200E00E9
:10A83000300000000004000807FFF80FFFF80010C8
:10A8400008002000002000002008003FF8001FF84A
:10A8500000000800000000000000000000200800C8
:10A860002008002008063FF8063FF8000008000016
:10A8700008000008000000000000000000000000C8
:10A880000000030000030020010020010020030657
:10A890003FFE063FFC00000000000000000000003A
:10A8A0000004000807FFF80FFFF80001880003000C
:10A8B000002FC00038F800203800200800000800F1
:10A8C000000000000000000004000804000804006C
:10A8D0000807FFF80FFFF800000800000800000854
:10A8E000000000000000002008003FF8003FF800D2
:10A8F0001008002000003FF8003FF800100800207A
:10A9000000003FF8003FF8000008000000002008A9
:10A91000003FF8003FF80010080010000020000081
:10A920002008003FF8001FF80000080000000000A9
:10A93000000007C0000FF0001830003008002008A9
:10A94000002008003008001830000FF00007C00099
:10A950000000000000002001003FFF003FFF00104A
:10A9600011002009002008002008003038001FF0E6
:10A97000000FC00000000000000007C0001FF00032
:10A980003818002008002008002009001011001FBE
:10A99000FF003FFF00000100000000200800200829
:10A9A000002008003FF8003FF800080800100800E9
:10A9B00020080020000030000030000000000000EF
:10A9C00000000000000C78001E1800330800230867
:10A9D0000021080021880021980030F00038600034
:10A9E000000000000000200000200000200000FF08
:10A9F000F003FFF8002008002008002008000030C5
:10AA0000000000000000000000002000003FF000F7
:10AA10007FF8000018000008000008002010003F28
:10AA2000F8007FF00000100000000000000020008F
:10AA3000003000003C00003F800023F00000780060
:10AA40000070002380003C00003000002000002047
:10AA500000003C00003FE00023F80000E000270079
:10AA6000003E00003FE00021F80001E0003E000051
:10AA70002000000000002008002008003838003EB8
:10AA8000680027800003C8002CF800383800201820
:10AA9000002008000000000000002000003003003B
:10AAA0003C01003F830023EC000070002380003C49
:10AAB0000000200000200000000000000000000056
:10AAC0000038080020380020F80023E8002F880014
:10AAD0003E08003808002018000070000000000048
:10AAE000000000000000000000000000000008005E
:10AAF0000014001FF7FC30000620000200000000D8
:10AB00000000000000000000000000000000000045
:10AB100000000000FFFFFF00000000000000000038
:10AB200000000000000000000000000020000230D3
:10AB300000061FF7FC0014000008000000000000E1
:10AB400000000000000000000000000000180000ED
:10AB500060000040000040000020000010000008DD
:10AB600000000400000400000C00001000000000C1
:10AB700000000000000000000000000000000000D5
:10AB800000000000000000000000000000000000C5
:10AB900000000000000000000000000000000000B5
:10ABA00000000000000000000000000000000000A5
:10ABB0000000000000000000000000000000000095
:10ABC00000000000000007F000C007FFE1E007F010
:10ABD00001E0000000C000000000000000000000D4
:10ABE0000000000000000000000000000000000065
:10ABF0000000000000000020000001C000000780ED
:10AC000000001F0000001E0000001C20000001C00A
:10AC10000000078000001F0000001E0000001C0054
:10AC20000000000000000000000000000000000024
:10AC3000000000180C0000180C0000180FE0001FA6
:10AC4000FC0003F80C0000180C0000180C000018A1
:10AC50000C0000180C0000180FE0001FFC0003F8A7
:10AC60000C0000180C0000180C0000000000000090
:10AC700000000000000000000780007807C000FC12
:10AC80000640010E002003070020020380200FFF72
:10AC9000FFFC0201C0200200E0600130704001F0C2
:10ACA0003F8000F01F00000000000000000000FED8
:10ACB000000001FF0000030180000200806003012A
:10ACC00081C001FF070000FE18000000E000000343
:10ACD000BF00000CFFC00071806001C100200301B3
:10ACE00080600000FFC000003F0000000000000086
:10ACF0001F0000007FC000FCC0C001FF8060030394
:10AD0000E0200202782002061E2003FC074001F02A
:10AD10000380000103C000011C600001E02000016D
:10AD20000020000100400000018000000000000041
:10AD30000000002000001C6000001C4000001F807C
:10AD400000000F00000000000000000000000000F4
:10AD500000000000000000000000000000000000F3
:10AD600000000000000000000000000000000000E3
:10AD700000000000000000000000000000000000D3
:10AD8000000000000000000000000007F800003F85
:10AD9000FF00007807C001C000E00300003004009D
:10ADA000000808000004100000020000000000007D
:10ADB0000000100000020800000404000008030066
:10ADC000003001C000E0007807C0003FFF0000072E
:10ADD000F80000000000000000000000000000007B
:10ADE0000000000000000000000000000000000063
:10ADF000000000000000000C1800000E3800000EDB
:10AE0000380000063000000360000061438000FF4E
:10AE1000FF80006143000003600000063000000E68
:10AE20003800000E3800000C180000000000000080
:10AE30000000000000000000800000008000000012
:10AE40008000000080000000800000008000007F83
:10AE5000FF00000080000000800000008000000073
:10AE60008000000080000000800000000000000062
:10AE7000000000000001000000E3000000E200000C
:10AE800000FC00000078000000000000000000004E
:10AE900000000000000000000000000000000000B2
:10AEA00000000000000000000000000000000000A2
:10AEB0000000000080000000800000008000000012
:10AEC0008000000080000000800000008000000082
:10AED0008000000080000000800000008000000072
:10AEE00080000000800000008000000000000000E2
:10AEF000000000000000000000C0000001E00000B1
:10AF000001E0000000C000000000000000000000A0
:10AF10000000000000000000000000000000000031
:10AF20000000000000000000000000000000000021
:10AF300000000000000C00000038000000E00000ED
:10AF4000038000000E00000038000000E000000355
:10AF50008000000E00000038000000E000000380C8
:10AF600000000E00000018000000000000000000BB
:10AF7000000000000000000FF800007FFF0000F05C
:10AF80000780018000C00300006002000020020072
:10AF900000200200002003000060018000C000E0EB
:10AFA0000380007FFF00000FF80000000000000099
:10AFB0000000000000000000000000800020008071
:10AFC0000020008000200080006001FFFFE003FF00
:10AFD000FFE00000006000000020000000200000F2
:10AFE0000020000000000000000000000000000041
:10AFF000000000000000007800E0009801600100FF
:10B00000026002000460020008600200106002009A
:10B01000206002004060030080600183006001FE48
:10B0200000E0007C0780000000000000000000003D
:10B0300000000000000000F0078001F007C00100E0
:10B040000040020000200201002002010020020155
:10B050000020030380200186804001FCC0C00078EE
:10B060007F8000001E0000000000000000000000C3
:10B070000000000008000000380000004800000147
:10B08000880000060800000C08100030081000407E
:10B09000081001FFFFF003FFFFF003FFFFF00000C7
:10B0A0000810000008100000081000000000000058
:10B0B00000000000000000000780001F864003E140
:10B0C00000200302002003040020030400200304E6
:10B0D00000200304002003060040030301C0030115
:10B0E000FF8003007E000000000000000000000060
:10B0F0000000000000000007FC00003FFF0000709F
:10B10000C380008180C001010060030200200202B0
:10B11000002002020020020200200203004001C1C0
:10B1200080C000C0FF8000007E0000000000000022
:10B1300000000000000000F0000003C000000380D9
:10B14000000003000000030007E003003FE00301EC
:10B15000C000030600000318000003600000038025
:10B1600000000300000000000000000000000000DC
:10B17000000000001F0000783F8000FC60C0018ECE
:10B18000C04003078020020300200201802002014A
:10B1900080200201C0200301E040018670C000FC55
:10B1A0003F8000781F000000000000000000000049
:10B1B0000000003F000000FF81C001C0C1C00100CD
:10B1C0006020020020200200202002002020020037
:10B1D0002060020040C00100C18000C18F00007FDC
:10B1E000FE00001FF0000000000000000000000052
:10B1F000000000000000000000000000000000004F
:10B20000000000000000000300C0000781E000070C
:10B2100081E0000300C0000000000000000000000A
:10B22000000000000000000000000000000000001E
:10B23000000000000000000000000000000000000E
:10B240000000000000000006006600060078000014
:10B2500000000000000000000000000000000000EE
:10B2600000000000000000000000000000000000DE
:10B27000000000000000000080000001C00000038A
:10B28000600000063000000C180000180C000030B0
:10B2900006000060030000C00180010000400200C1
:10B2A000002004000010000000000000000000006A
:10B2B000000000041000000410000004100000044E
:10B2C000100000041000000410000004100000042E
:10B2D000100000041000000410000004100000041E
:10B2E0001000000410000004100000000000000026
:10B2F0000000000000000400001002000020010017
:10B30000004000C00180006003000030060000180B
:10B310000C00000C18000006300000036000000163
:10B32000C0000000800000000000000000000000DD
:10B330000000000000000078000001F80000023862
:10B34000000002000000040000C0040079E00400D6
:10B3500081E0040100C004030000020200000306B3
:10B36000000001FC000000F80000000000000000E8
:10B370000000000FF800003FFE000070078000C0D2
:10B3800000C00101F8400307FC20021E0420023027
:10B39000082002203020023FFC20013F04400180B1
:10B3A0000CC000E03180001FC2000000000000005F
:10B3B000002000000060000003E000003E200003C9
:10B3C000E020003E200003E020000380200007FC76
:10B3D0002000003FE0000003FE2000003FE00000EE
:10B3E00001E000000020000000200000000000003C
:10B3F0000000020000200200002003FFFFE003FF26
:10B40000FFE00201002002010020020100200201F1
:10B41000002002010020030300200186806001FC5F
:10B42000C0C000F87F8000001F0000000000000086
:10B4300000000007F800003FFF000070078000C018
:10B4400000C00100004003000020020000200200B4
:10B4500000200200002002000020010000400180C6
:10B4600000C003C0018000300600000000000000A2
:10B470000000020000200200002003FFFFE003FFA5
:10B48000FFE0020000200200002002000020020075
:10B4900000200300006001000040018000C000F0B7
:10B4A0000780007FFE00000FF80000000000000091
:10B4B0000000020000200200002003FFFFE003FF65
:10B4C000FFE0020100200201002002010020020131
:10B4D00000200201002002038020020FE020030070
:10B4E000006003C000E000600300000000000000F6
:10B4F0000000020000200200002003FFFFE003FF25
:10B50000FFE0020100200201002002010000020110
:10B510000000020100000201000002038000030F8E
:10B52000E0000300000003C0000000600000000015
:10B5300000000007F800003FFE000070078001C017
:10B5400001C00100004003000020020000200200B2
:10B55000002002000020010020200100204003C044
:10B560003F8000303F8000002000000020000200EB
:10B5700000200200002003FFFFE003FFFFE00200C5
:10B580008020020080200000800000008000000079
:10B590008000020080200200802003FFFFE003FF04
:10B5A000FFE0020000200200002000000000000078
:10B5B0000000000000000000000002000020020067
:10B5C0000020020000200200002003FFFFE003FF34
:10B5D000FFE0020000200200002002000020020024
:10B5E000002000000000000000000000000000003B
:10B5F00000000000000E0000000F0000000F00001F
:10B60000000102000001020000010200000302002C
:10B61000000603FFFFFC03FFFFF80200000002002A
:10B620000000020000000200000000000000000016
:10B630000000020000200200002003FFFFE003FFE3
:10B64000FFE00200C0200201002000078000000F80
:10B65000E0000030F80002603E2003800F2003006D
:10B6600003E0020000E002000020000000200000D3
:10B670000000020000200200002003FFFFE003FFA3
:10B68000FFE0020000200200002000000020000077
:10B69000002000000020000000200000002000002A
:10B6A0000060000000E00000030000000000020055
:10B6B00000200200002003FFFFE003E0002003FF62
:10B6C0000020001FF0000001FF8000000FE00000DC
:10B6D0001E000003E000003E002003E0002003FF06
:10B6E000FFE003FFFFE00200002002000020020054
:10B6F00000200200002003FFFFE00380002003F091
:10B70000002000FC0000001F00000007C000000136
:10B71000F00000007C0002001F80020007E003FF31
:10B72000FFE0020000000200000000000000000036
:10B730000000000FF800003FFE0000F007800180CD
:10B7400000C00100004002000020020000200200B2
:10B7500000200200002001000040018000C000F035
:10B760000380003FFE00000FF80000000000000012
:10B770000000020000200200002003FFFFE003FFA2
:10B78000FFE0020080200200802002008000020012
:10B79000800002008000020080000301800001831D
:10B7A000000000FE0000007C00000000000000001F
:10B7B0000000000FF800007FFF0000F00380018010
:10B7C00001C0010006400200042002000420020023
:10B7D0000620020003E0010000F80180005C00E0A8
:10B7E000038C003FFF0C000FFC180000000000005D
:10B7F0000000020000200200002003FFFFE003FF22
:10B80000FFE002010020020100200201800002018D
:10B81000E0000201FC0003033F80018607E001FC19
:10B8200000E000F800200000002000000000000000
:10B830000000000000000078060000FE01E0018624
:10B8400000C0030300400203002002018020020127
:10B8500080200201C0200200C0200100E0600180C1
:10B8600070C003E03F8000001F00000000000000E7
:10B8700000000060000003800000030000000200E0
:10B880000000020000200200002003FFFFE003FF91
:10B89000FFE0020000200200002002000000020081
:10B8A00000000380000000E0000000000000020033
:10B8B00000000200000003FFFF0003FFFFC00200C2
:10B8C0000040020000600000002000000020000096
:10B8D000002000000020020000400200008003FF62
:10B8E000FF00020000000200000000000000000055
:10B8F0000000020000000200000003C0000003FC82
:10B900000000023FC0000003F80000007F8000003C
:10B9100007E000000780000078000203C000023C3E
:10B92000000003C00000020000000200000002004E
:10B93000000003C0000003FF8000023FFE00020081
:10B940007FE000000F000200F00003EF000003FFA3
:10B950008000020FFE0000003FE000001F00020711
:10B96000E00003F8000003000000020000000000F7
:10B9700000000200002002000020038000E003F02D
:10B98000032002FC0C20021F30000007C00000074B
:10B99000F00002187C0002601F20038003E0020018
:10B9A00000E0020000200000002000000000000075
:10B9B0000000020000000300000003C0000003F8C4
:10B9C0000000023E0020020FC0200001FFE0000046
:10B9D0007FE000038020021C002002700000038032
:10B9E0000000020000000200000000000000000053
:10B9F000000000000020006000E0038003E003007E
:10BA00000FA002003E200200F8200203E020020FF7
:10BA10008020023E00200278002003E000600380C6
:10BA200000E0020003000000000000000000000031
:10BA30000000000000000000000000000000000006
:10BA40000000000000001FFFFFFC100000041000B9
:10BA50000004100000041000000410000004100096
:10BA600000041000000400000000000000000000BE
:10BA7000000000000000000000000700000003C0FC
:10BA8000000000780000001E00000003C00000005D
:10BA9000F00000001E0000000780000000F0000021
:10BAA000003C000000060000000000000000000054
:10BAB000000000000000100000041000000410004E
:10BAC0000004100000041000000410000004100026
:10BAD00000041FFFFFFC0000000000000000000049
:10BAE0000000000000000000000000000000000056
:10BAF0000000000000000000000000000000020044
:10BB00000000040000000800000018000000100001
:10BB100000001800000018000000040000000200EF
:10BB20000000000000000000000000000000000015
:10BB30000001000000010000000100000001000001
:10BB400000010000000100000001000000010000F1
:10BB500000010000000100000001000000010000E1
:10BB600000010000000100000001000000010000D1
:10BB700000000000000000000000100000001000A5
:10BB80000000100000001800000008000000040081
:10BB900000000000000000000000000000000000A5
:10BBA0000000000000000000000000000000000095
:10BBB00000000000038000018FC000038C600006BD
:10BBC000182000041020000410200004202000048D
:10BBD0002040000620400003FFC00001FFE00000FD
:10BBE000002000000020000000C000000000000055
:10BBF0000000020000000200000003FFFFE007FF5A
:10BC0000FFC0000180C000020060000200200004AC
:10BC10000020000400200004002000060040000373
:10BC200000C00001FF800000FE00000000000000D6
:10BC300000000000000000007E000001FF80000303
:10BC400081C0000200400006002000040020000423
:10BC5000002000040020000600200003C040000176
:10BC6000C080000003000000000000000000000091
:10BC700000000000000000007E000001FF800003C3
:10BC800080C00006006000040020000400200004C2
:10BC90000020020400400202008003FFFFE007FFD3
:10BCA000FFC0000000400000004000000000000055
:10BCB00000000000000000007E000001FF80000383
:10BCC00011C00002104000041060000410200004A5
:10BCD0001020000410200006102000031040000176
:10BCE000F0C0000071000000000000000000000033
:10BCF0000000000000000004000000040020000418
:10BD0000002000040020007FFFE001FFFFE00104AD
:10BD1000002003040020020400200204002002048A
:10BD200000000200000001C0000001C0000000008F
:10BD30000000000000000000001C0000E33E0003C3
:10BD4000FFC200020CC3000404C1000404C10004CB
:10BD500004C1000404C100060CC10003F8C30005BF
:10BD6000F0620006007E0006003C000000000000BB
:10BD70000000020000200200002003FFFFE007FF98
:10BD8000FFE0000100200002002000060000000487
:10BD90000000000400000004002000060020000352
:10BDA000FFE00001FFE00000002000000020000094
:10BDB000000000000000000000000004002000045B
:10BDC000002000040020000400200387FFE0038F10
:10BDD000FFE00380002000000020000000200000A1
:10BDE0000020000000000000000000000000000033
:10BDF000000000000000000000000000000600003D
:10BE00000007000000010000000100040001000420
:10BE1000000100040003000400060387FFFC038FF9
:10BE2000FFF8038000000000000000000000000098
:10BE30000000020000200200002003FFFFE007FFD7
:10BE4000FFE000000820000010200000300000008B
:10BE5000FC0000058E00000707A0000601E00004BA
:10BE600000E00004002000000020000000000000AE
:10BE7000000000000000000000000200002002009E
:10BE80000020020000200200002003FFFFE007FF67
:10BE9000FFE0000000200000002000000020000063
:10BEA0000020000000000000000000000000000072
:10BEB0000000000400200007FFE0000FFFE0000288
:10BEC000002000040000000400200007FFE0000341
:10BED000FFE0000200200004000000040020000732
:10BEE000FFE00003FFE00000002000000000000071
:10BEF000000000040020000400200007FFE0000F05
:10BF0000FFE0000100200002002000020000000409
:10BF100000000004000000040020000600200003D0
:10BF2000FFE00001FFE00000002000000020000012
:10BF300000000000000000007E000000FF80000301
:10BF400081C0000200400006002000040020000420
:10BF50000020000400200006002000020040000332
:10BF600081C00001FF8000007E0000000000000092
:10BF7000000000040001000400010007FFFF000FA3
:10BF8000FFFF000100C10002004100040020000486
:10BF900000200004002000040020000600400003F0
:10BFA00001C00001FF8000007E00000000000000D2
:10BFB00000000000000000007E000001FF80000380
:10BFC00080C0000200600004002000040020000483
:10BFD00000200004002000020041000300C1000313
:10BFE000FFFF0007FFFF000000010000000100004C
:10BFF00000000004002000040020000400200004D1
:10C000000020000FFFE0000FFFE00000C020000153
:10C0100000200002002000060020000400000004B0
:10C020000000000700000003000000000000000006
:10C03000000000000000000003E00001C0E0000379
:10C04000E0400006302000043020000418200004E6
:10C0500018200004182000040C2000020C600003CB
:10C0600007C00007838000000000000000000000FF
:10C0700000000000000000040000000400000004B4
:10C080000000000C0000001FFF8000FFFFC0000444
:10C0900000600004002000040020000400200004D0
:10C0A00000400000018000000000000000000000CF
:10C0B000000000040000000400000007FF80000FE3
:10C0C000FFC0000000600000002000000020000011
:10C0D0000020000000200004004000040080000751
:10C0E000FFE0000FFFC00000004000000040000023
:10C0F00000000004000000040000000780000007AA
:10C10000F0000004FE0000041FC0000003E0000077
:10C11000038000001C00000460000007800000068F
:10C120000000000400000000000000000000000407
:10C130000000000600000007C0000007FC0000042B
:10C140003F80000003E000040F800006F0000007BD
:10C15000F0000007FF8000040FE0000003800004EF
:10C160003C000007C00000060000000400000000C2
:10C170000000000000200004002000040060000710
:10C1800000E0000783200007E6000004F80000003C
:10C190003C0000045E20000587A0000601E00004CA
:10C1A00000600004002000000020000000000000EB
:10C1B0000000000400000004000300070003000763
:10C1C000E0010004F80100041F02000007FC000069
:10C1D00000E000000700000438000007C00000066F
:10C1E0000000000400000004000000000000000047
:10C1F00000000000000000078060000600E000046E
:10C2000003E0000407A000040E2000043C2000040A
:10C2100070200005E0200007802000070060000477
:10C2200000E00000038000000000000000000000AB
:10C2300000000000000000000000000000000000FE
:10C24000000000000000000000000000800000006E
:10C2500080000001400007FE3FF8080000041000C5
:10C2600000021000000200000000000000000000BA
:10C2700000000000000000000000000000000000BE
:10C280000000000000000000000000000000FFFFB0
:10C29000FFFF0000000000000000000000000000A0
:10C2A000000000000000000000000000000000008E
:10C2B0000000000000001000000210000002080052
:10C2C000000407FE3FF8000140000000800000006D
:10C2D00080000000000000000000000000000000DE
:10C2E000000000000000000000000000000000004E
:10C2F0000000180000003000000040000000400076
:10C300000000400000002000000030000000080095
:10C310000000040000000200000002000000020013
:10C3200000000C00000018000000000000000000E9
:10C33000400B000080070000607800002000000033
:10C3400020000000200000000068010000F0000054
:10C35000000C0F0030313233343536373839414232
:10C360004344454640305800303132333435363757
:10C370003839616263646566403078009CC30008A8
:10C380000000002014010000C4010008B0C400082F
:10C39000140100207CB00100E00100080024F4003A
:10C3A000000000000000000000000000000000008D
:10C3B0000000000000000000FFFF00001F0000F868
:10C3C0001FF8E007FF07E0FF40BC07FC30840000D7
:10C3D000000000000000000000000000000000005D
:10C3E000100000000100000000F80000FFFF000046
:10C3F0000100000000000000715F0008B55F000848
:10C40000600300200000001000000068606B012045
:10C4100000F00010000C0F68000000000000000099
:10C42000000000000000000000000000000000000C
:10C4300000000000000000000000000000000000FC
:10C4400000000000000000000000000000000000EC
:10C45000000000001F0000000000000000000000BD
:10C4600000000000000000000000000000000000CC
:10C4700000000000000000000000000000000000BC
:10C4800000000000000000000000000000000000AC
:10C490000000000000000000AAAAAAAA00000000F4
:10C4A0000000000030059007D008400AC0060000D8
:040000050800018965
:00000001FF
